,Hour_1,Hour_2,Hour_3,Hour_4,Hour_5,Hour_6,Hour_7,Hour_8,Hour_9,Hour_10,Hour_11,Hour_12,Hour_13,Hour_14,Hour_15,Hour_16,Hour_17,Hour_18,Hour_19,Hour_20,Hour_21,Hour_22,Hour_23,Hour_24
0,117.89039490412424,144.10135212458516,118.75021985380305,111.1847225462683,121.5050651400924,192.22288777336468,105.35032121310334,111.32743473850108,106.82888991285607,35.860206545761415,62.40604558753283,13.467349688056338,53.62584268469068,87.5779385320694,69.09703750638958,127.36019737384109,103.16287820906629,140.77646186914566,114.64069928519405,92.6250532415229,78.69418485254275,100.54339723700753,65.34667033655224,85.5141712712657
1,128.1968298764727,143.53299779464538,161.82253109461837,129.65958027723178,134.95352392097254,245.1865797964463,187.33629753935688,164.9285792969572,53.75852998128943,30.089732296075724,17.883634733197482,26.464685838265346,23.584950574652346,54.495948920675495,71.79133992646422,126.60748682470368,145.87860866557995,156.28479430692835,156.56831315449833,96.49692851998937,100.1355130563561,97.02493566208736,36.819875118557775,68.98332864019838
2,57.978215701724295,82.16159437651265,70.9824935400739,38.936050426024714,109.83351239548642,181.00184830186623,130.0740955349638,149.2987891255725,127.21652239901985,82.72106262700459,65.72674448217028,49.19864298339783,68.04119225790878,96.97834360099259,79.08844844260982,95.09113406546832,111.3761882120842,119.85658161855613,148.38182004029625,98.86478126060656,116.30902744340747,285.56666632927863,200.09279507716417,168.7444672089735
3,77.90797850079738,145.4794119612088,156.33601135904433,102.84705287763384,69.85159562968352,133.50287800133293,70.65741269067297,112.65909772861113,111.02917797367358,73.35536026493679,60.36824262308362,86.71310041682436,141.5486270971258,140.16116650233667,149.44234048155442,169.81622520378522,157.4920281339011,201.63276841276675,220.49015459386175,189.06765278763228,225.56504647545876,189.1654976486598,185.80262552360495,212.8173432268201
4,142.5468212794708,116.61483663756474,117.24688730481294,163.2679130207244,161.51456650091683,199.71845224008732,162.22469669486912,137.94538338689475,127.81867065514462,105.59901956234063,82.99321068999608,17.15765340108313,35.24511620792963,56.05740256240792,47.23698803396348,94.16003692680371,135.02778552033163,148.4662497492365,123.61013765673425,113.79216567403012,100.08209160723817,131.94054621246823,40.31643115177451,49.78103167225362
5,62.37398588460612,79.45004413485503,90.82495747466008,135.8456680512337,114.67922165046484,172.98858256517363,125.07812518915846,118.25406563785762,114.38585917085432,45.329854864662494,37.87560751822584,45.47434186157852,68.63647267878973,104.99355803912096,147.52852195667694,157.64509027481284,129.0821616859085,94.12778629938637,99.64621880338602,80.66907083229658,127.6584453425173,101.53394214754698,118.86061321482728,108.57772478133643
6,78.8081448903499,98.74637138712855,113.73418401065004,97.03501822159286,133.53698966520557,198.21084105518963,116.78082450657479,39.0117739471372,98.78477514322543,93.84701801793919,75.98251842178449,56.23306667691769,18.88003040329459,52.268135253311755,66.59017983929992,133.37476467785012,195.72715949967412,174.36944132324194,200.22891001396437,160.01797012972023,145.75605656581638,134.8368994291946,92.85430703009888,82.8076299471307
7,86.15427318069744,72.06242782530023,104.34160578808296,107.33309359546102,128.72653797223617,166.89098660979073,119.50034778746507,95.66427197275564,110.22812507997624,32.99924287098214,48.92849499725392,45.83243721968988,78.219204849758,97.56773503688423,140.3696442113296,130.05130145337387,149.0300177039268,162.32742226003916,113.00769813728539,101.36636187282099,106.91171308685557,92.45430914077693,114.55770994248599,102.98510517614358
8,106.5912895910098,124.13298124791007,107.9072332141108,58.24619749112481,69.40255378435748,171.5621761663496,101.464243652254,112.66925056555019,72.79829004612765,54.11074721064385,71.58556486173511,57.111711673832126,54.664475555381664,82.40715442907143,65.36468520071848,125.21238736313077,107.98830117609555,161.006345552525,188.97296860851543,128.62313705438586,153.3393391990858,175.88250159640796,124.74986317179416,139.37727688891212
9,89.97788202636495,116.64762651283824,120.24695936923209,93.34505300196682,104.90202112276896,140.62802181571365,87.70244286102339,57.017692446272854,50.39699672498036,28.506039260811285,20.566366032134297,-1.8304087848646233,7.537334040599561,15.023890993478545,67.36806176030564,134.00478841841058,152.78690165611476,176.50401035606782,193.78299103651793,168.29394993146502,146.28757990162535,95.16442756933115,126.51841448947259,81.3463490078104
10,58.04187504466026,113.55388123641374,105.05570372775016,66.2474824951451,87.0166751336807,136.0397141735554,110.00237523897493,134.3383599312818,182.63180621996747,131.15639576712303,74.29328259823194,35.019855334575226,61.06522539503784,100.2830688923018,149.1105056248811,187.65783881126796,200.75401740251095,197.92029835503547,161.59729953086307,123.63686354145605,149.15856917209877,124.15859519421413,92.7821750270535,123.51967055374854
11,111.27185715319331,122.291056219139,124.7920635164645,51.186773891995685,79.48707114100287,140.3792562502661,95.61524683639436,80.427933762702,91.3261049055397,53.784435231647905,25.51923906092179,40.348772824400584,62.95647740589686,66.4965317273397,96.67811768404138,153.47636703177363,112.8326268702629,175.27619844707326,217.4336173262116,168.24165993091606,167.6657715969567,131.08237153468153,125.00372671930818,126.16426587026773
12,138.79605894474815,126.24516214341273,131.57162247876676,92.93834013001515,88.91896466922591,109.79504845889137,57.633224855722446,83.21025201423382,85.46614981887694,82.98764842905322,25.99714713460186,25.73811979798967,24.782461867858018,44.23933643005396,18.667393603401948,101.6624732536961,135.24762944809714,139.34417700975374,142.76189598745233,84.40245477187557,60.40436524401761,86.51843936931138,97.12066430040308,89.65582413844466
13,85.53738351953594,60.68109776446792,107.13049799807061,101.52224818162765,112.04121269512989,144.5964686126369,91.52271724010727,133.93808385221837,60.0080033155657,62.879914898049435,60.568842931729485,10.298997353646612,5.862837266650892,27.509289824453063,76.90754057768004,158.89202153382925,157.98227766979667,155.11466096669085,166.83789481352304,156.98510772557242,183.57438534005183,170.6169444835924,141.86776818705692,136.32177894970656
14,113.69594070144113,141.08576657728713,108.8957504272127,108.46688022518573,109.06244846870996,186.07402683270635,149.88808917627676,104.57668806910885,86.1847024794765,90.12908353150755,99.51211625906348,78.10925849162206,115.02438048092003,112.8471599571278,103.41010455523903,178.3770884863652,196.47525748398095,200.0895287072974,215.45888426325612,155.1978370364572,150.77757571248043,131.26488282824653,127.70897844929694,136.77886293113403
15,156.73219496173334,155.6621444738287,179.79173082474463,100.1571248050694,147.9863404438729,161.17947870659225,129.23183841171692,145.42314057056652,139.67568378784708,114.59338462949879,103.50048907992357,136.35440638438766,104.74711222741395,93.57620771410069,99.05043937001847,144.37509007167782,1.5755775463981365,67.00403579690996,131.97942792717748,128.87148418346268,146.8145997963042,167.383757051346,127.06569669612358,106.17253636636478
16,60.375093392188944,81.3549483482357,112.39940534101747,101.69659668384182,89.42052206729046,197.9839325292859,173.51435850597431,113.9229644213288,70.92430063726096,84.364650360276,51.38980471744517,62.741091347583,51.42870195968962,114.66068133441779,108.25768395246887,157.01936695149573,166.65142818257624,236.8305297431155,246.8505738235412,174.7785293188009,181.33878877271366,176.71320351483195,166.08637796367483,125.0306659825277
17,122.95188452310968,105.98281081044087,136.36868645847187,115.4756886469465,99.88398919226859,144.06675750394123,107.65626734680842,145.01351254726376,107.40073412358377,94.29932966721888,99.89150954842334,54.480051288572646,50.84429708501867,100.95632127987756,121.30426868195138,192.62170638214027,171.26510376671612,199.7502625793992,147.86913178440378,124.98658340753997,145.8053202832971,128.10642534154428,97.90634743638441,93.29516512961294
18,91.31990830904405,104.27469961618898,117.30181957279504,61.13476099430705,73.2299634384741,180.15088535669395,109.37770063666926,146.796908302339,134.17481670132182,81.69721365328813,31.714194934349983,31.49517121290194,63.031078986470135,118.11279663210115,130.74499197404563,130.87243228559862,157.17921915108516,165.2398295152798,195.5523999443037,147.19835483246067,111.38502736458804,103.29390815288738,134.7503489691507,110.51178978282758
19,51.719747764806876,67.9792501054826,98.28609249434162,67.15049399344909,52.361540769379005,129.50594115844632,136.12753158780794,103.12247495450653,103.54734603337842,101.33327699389183,68.50583628216336,107.54904771209183,74.21393571080765,125.83599866438351,109.48252558231559,174.4393830774913,166.79445897095076,141.70018712727688,199.97705863268274,150.1193479539878,144.38712121043872,164.67724043192177,140.19717557110954,101.92353043901933
20,37.60930113098945,55.717504090665315,97.6263980323575,98.41273884483628,91.57188289442462,167.82482635121264,162.32457179601505,148.7819453818344,109.12798124720075,159.86616453342415,120.54608618187837,117.96438725477284,86.64457759566173,131.55214498828565,113.21252607199375,156.64158706799475,142.2461105677538,219.08760622672727,236.89847602962828,209.99763417394465,170.0426122135749,173.1426232502037,191.21331159082715,151.00922952827858
21,130.38949367347828,163.91245166812666,169.15303169056813,116.1271839040186,140.39346000040297,178.10634245298814,140.5944912510233,82.75532294669827,113.56174667770807,108.09945587501566,120.1825167786689,91.2160624954517,94.966513652651,105.31232649038657,86.14817336493635,107.22172253097867,100.84490095620296,99.10335380790545,121.46407376217755,157.35764663557634,153.31805966411645,136.69111638916493,136.11711348057267,132.83054391400313
22,103.1234814305113,130.255870343782,139.87574740212096,150.59981563223107,121.2400619764098,136.0768491894933,111.56410438752344,83.50822739567784,94.6120210286251,104.51000225562832,72.30011952336741,50.775750142910354,45.771615763577344,71.00245937830488,148.55817663352298,143.67095503793968,178.00456169891368,161.1183402616353,225.1184437800492,134.37722824565867,144.1848894491825,98.9780940662736,100.02676435048473,125.8098101908895
23,106.34414281665863,161.2190521966117,126.48383587238023,68.39128616010245,77.96958629704463,90.67232919502267,60.66776111649366,57.69750325968349,48.152350732791746,60.38620724034681,25.130399151260008,38.49613297855063,88.19463183218731,88.50512284070398,109.96739088490926,146.85597944004488,138.4962896257411,123.43900204819896,175.64561641509417,136.93664344696978,121.43007814214415,118.50354952485051,90.92479986469532,74.27399713073288
24,107.66129525703136,112.82319094886384,150.51100661909823,112.48732170306434,94.74129561386692,118.7287365424487,106.82544520517088,59.398504111244684,88.17225184407297,60.665714427507794,80.37241187998545,28.73529049282534,26.782375555834115,83.58574986530552,113.9874022585978,139.1689635078225,200.41069099716157,156.84525116685546,171.62811122854842,115.88423936295467,125.69808874110348,164.46371718716432,137.66746334332493,148.1052361386687
25,85.68689330800058,85.14646745281854,91.46100102843681,83.29465210388317,96.879523487395,154.4059890185173,149.68771683237293,124.88782266120133,143.32010215115383,149.6851188780377,69.88506479931894,35.24546597565319,31.75409572217081,19.276783715239688,75.72444172380999,158.28934261716432,170.16933775675957,161.81602472670602,199.29748111727602,185.53647581529208,138.91073505768688,171.3219574488107,161.8112900929186,122.29360455549208
26,90.035385885595,82.51041579839526,54.172905444719845,4.080934363637752,-9.309230922743211,101.2288139308788,65.34004416650494,70.37489819876009,105.39435638066229,65.44117074969442,56.35629162058762,55.63582112314449,73.80628396673134,65.31562979915616,113.14174192995581,182.3232030980288,173.3168628681383,195.34726941090335,219.8065852743478,148.23936171674225,107.51010092150968,72.3915295189385,76.38066863631711,84.04511855703191
27,98.93545376411343,97.21933112403309,106.71501223511733,78.86854775259643,72.14062381157945,167.14055408824294,63.56425967996063,76.60142750095434,105.8873754183375,131.9169777567646,91.03125906902076,28.724452714927907,27.42181756599185,56.31420657213637,92.9289768180084,145.80008901075408,195.0608757361467,159.7474982052087,202.9489179572903,134.66796478220226,147.41176745752625,165.9694657367221,135.5004178501627,107.06611236796765
28,199.20186022249564,193.26214801648578,163.75452006793358,129.73178621435963,130.4133233091003,205.17074001340242,161.56013916899627,141.99451340178175,166.83466522616553,120.20797589480983,108.87155224836073,106.54412932591103,93.4311378252059,159.20049867199162,115.04329099264646,153.25829221798708,174.70810456475863,154.15945547628309,152.6565993118079,118.22435411677532,151.6516916230911,140.00506804433755,145.93742938216536,113.8149436594614
29,141.26551085039262,155.18580113057786,139.51720733324487,136.04254359054187,154.2017737136925,165.19298865146436,125.11074263777925,165.4983214423571,148.94134278688043,134.64248883798433,69.42054414327815,53.836140008376304,79.51725301780492,89.71982456666542,23.45274886811947,111.21358250932393,97.56137971172873,142.2725391257274,227.3092446931952,177.37492217775275,165.5397764754631,187.42017229534682,122.42720436000246,138.2023711817487
30,128.80263306222207,72.46400490083222,93.02335254966891,113.36204894376112,115.33522412986036,144.4125731087466,175.0947984252868,134.45924631801824,122.10368405055776,83.45723327695116,57.749590454930086,86.52228100477288,74.97247348466712,64.19712979824241,94.50229102351213,128.90571974241743,156.0726486323666,195.73362415591728,171.49904635528236,134.6974916451667,130.47843116995278,107.49272623161792,50.769113963041036,39.06728326075884
31,91.41072643808394,101.1542591220281,139.39145330749082,96.47014954292378,81.07964372446028,132.43830704549728,128.1495081243164,115.78936879335451,72.46309151695007,60.330790130136705,63.662398269080775,93.69684706649463,103.70801795137523,67.07153064366838,65.89062836097919,15.342094963543616,66.23510197330955,142.42200703397947,160.0255247072647,125.7459808648589,118.2803677038982,78.75121818622551,87.28592784648255,144.6417315880365
32,117.14121176419297,100.65383620377472,140.1337301946676,41.10128160152618,59.349339629126675,152.24187980212548,130.31366800054084,96.89289508708737,125.1807309520317,120.36112777895022,110.51700488775836,70.07700340758791,2.4377041916093347,-5.776897538841425,31.08506789740477,72.92502158486536,123.86524298218893,148.71054272613947,132.12922232051739,100.88314159628626,99.02195261275425,74.15371443017602,49.54474590556703,77.85484009885293
33,146.88199050972213,111.2281762182942,112.77507572494987,94.21161959513135,123.51094582138464,184.6850348677214,122.3993859068338,126.32699219262979,98.35498257919747,80.94555015567046,72.29588855380182,60.06383201980513,43.66332773422633,92.35198255702983,82.10353684163937,137.51377137223912,211.3538413436766,195.15453499867883,189.33680166645948,129.6649148612204,152.5827598052659,164.55718921485638,195.78525203803474,131.16956572984648
34,73.10665518408418,65.77231338468172,97.64081259911559,71.82262981317214,81.9695233110505,146.0758873274743,90.68945131947699,38.04707303507314,18.660580771452757,53.26678794244246,20.49868536488988,39.814317319012005,45.46035723558844,16.810365590045464,110.03309650405814,149.44987519052077,190.66499825205221,172.8035388100352,185.57861147928483,141.91313671132627,147.94800627572994,127.26721544202645,128.46461620871844,131.03786523855632
35,56.16249363561934,79.58718967754754,60.013740790095355,9.645954088834884,41.78867541733749,125.85986349851225,57.808983634987165,104.66046148838466,111.14033430637139,75.0141287416609,46.28909831574869,60.595711357322244,53.430432480227545,60.412956771255985,123.6448005159945,181.96807905813537,149.91047897459882,186.76830146557802,202.0901082454231,196.20628742706973,108.3577306360233,91.6679976525331,65.6053740836097,47.0466579434178
36,68.41584365327887,31.372621633549983,36.666013141799866,26.16354877845596,25.23988311365045,71.49201649325123,68.32254816648253,86.10213320997369,103.50069358623553,46.2865827818651,34.64210799690441,0.06852866296401317,-18.56099431878156,-21.896706558852443,32.30511336603388,68.11578587784379,72.57017142145067,90.5543314864842,154.76692933305048,144.56741603772778,119.58841778514356,120.03656465161728,93.31945271098667,56.16344315306509
37,205.457017618314,185.06623530847605,197.52907665103638,105.27032242057764,117.23172222798743,219.66760823610758,140.30911031347904,83.50863105591525,100.65590513731615,82.98436739408912,36.47052016716094,45.52084504419467,20.766225963808658,46.99531558131633,70.79176769240364,115.41185420930964,150.95297340697667,172.3882561889041,185.24619906542623,114.0143197745486,88.89024240061124,95.88201584390245,78.50495722781588,45.67022194675662
38,63.22615851704635,124.94107969411476,76.28694951661944,50.60455226121752,76.7520417477617,158.98159121142655,143.24945080192472,171.02699360260334,133.8118671465802,91.76890769084896,57.72680304979569,95.76430483330554,83.97415486840453,95.88712229202731,111.89091285447661,157.5196003737569,163.3068783416002,170.0411358742683,184.38752833928018,152.51561634935268,180.8838424148042,131.8596000563152,98.22725501464043,90.71522782841139
39,88.33979417811642,77.82520172396346,93.33823450017289,113.97175807786483,105.4420092986377,214.8292405078704,190.03140620066114,188.20857111162388,141.5201173241747,97.14391521369245,48.53665125541598,21.051044691868462,66.52617267316732,51.135244941948386,64.1250474965386,107.19030107096538,124.26582427655117,135.4151542795253,140.69922723447715,99.34722825287317,96.74282438307176,147.67749917662007,125.37500597317042,118.19560554298259
40,125.02077021616495,111.36807284651451,142.7194344851951,52.584948721649,82.92284282083256,171.63369654453567,138.47829727942997,166.59274397059775,147.73102983559116,71.93182272388225,32.10222906284214,68.15795227080147,53.472959674872165,56.972147718857,77.33974841415294,131.0208908038828,155.7762971514136,140.40134773729355,179.04728773823493,167.75990162146073,173.22053200139234,151.83783343930543,163.65889801709608,160.7269961248229
41,165.66551022390297,136.8365972154178,102.43030002270798,78.72965093190413,112.53617495093373,166.43246073025514,105.7184566916646,80.7431480330421,107.93327721494556,87.09169059357636,109.54053598430868,114.39622177496713,107.1892879458141,127.07279618151664,156.32912357672143,187.83970371171534,206.3801173143267,207.45715385808285,190.8852408578166,144.89034742067727,168.49094089171396,146.54225431695957,139.89945976704004,149.07148369400872
42,137.1973417525566,94.05068491522938,78.97116699002427,71.0081915635583,76.32265399631726,114.99634165865908,69.8106948821586,82.89002933029775,68.07728359915697,47.48615513002443,15.929571178087343,57.41513345867982,75.05504058266605,73.19103232750324,38.60500458935896,146.2275049898696,126.15616003653048,175.15120974510947,165.6580048048486,157.52879361519496,121.38479918849008,134.1067472153978,89.80228556302654,64.01252615555396
43,75.36525422851935,97.90515913899047,98.65526412414542,122.30568033683663,112.0545307146418,157.44196370690182,121.21299880952743,172.68354239823407,158.89741050709904,79.85762744264255,63.71904004261445,66.68012491614449,57.562660317628485,83.62321094728622,134.40776378249984,204.49373416410188,158.50895660306483,179.93885570709733,150.2393976754135,124.61818821935653,80.347657575757,69.56319774572586,81.30338159130284,94.65942538471579
44,105.01535795318159,68.78513292762355,71.88631767202155,103.08733862481236,128.71514217688616,203.06678950580658,102.18212480855154,124.0660937072386,111.37069626298963,99.19332832557404,73.39855548069177,49.17309887173913,22.963527699265676,47.43437559217815,87.59889991306251,146.6293966274945,154.09276257164885,179.8237384891205,198.9640302626522,191.0787663298408,190.20624011306776,153.91874939985664,71.36866305864082,88.9455639800228
45,122.9546779179554,164.03264529798332,168.21158077129678,119.15226901805856,93.94304630504644,170.3605797470685,134.98908332632206,122.85382434202216,104.67274078419965,90.6707446880952,82.47414579597731,62.784617883744275,73.88015638401637,128.07541355232297,89.0959542543543,167.49609027383357,168.78533852776278,148.90540274825227,210.08025946765898,138.68100855304004,172.29372728839928,168.39375981521408,147.4769617013365,131.70484618336988
46,88.02884279008767,108.52897339114278,59.580538950207135,77.51989628304344,101.78085277060774,172.0131471642418,100.14381902519632,89.79051688731137,87.27396092420364,17.279966448245347,14.401461911145034,14.113082627591908,12.41837466786587,42.4552899617972,41.842336712989486,62.61450965083179,105.36742654351451,124.12955047831096,149.7730189379612,126.96177294102336,133.61902441809045,132.16770740251812,70.04161642011059,18.04976643732826
47,161.4550505046534,138.64646161761937,142.51607176059872,166.93670726552958,172.83110189723305,246.159846723129,128.1357736954578,151.28107547945731,106.75361277366746,43.82397398555979,65.53951238141596,22.485809821588703,46.18758263147021,70.956027483074,113.12603196606122,140.6864080794046,142.43244558229722,171.8121935568556,138.91321622012566,94.2819875727111,89.47693606075353,149.8258797216995,135.37547386170968,73.1703354495595
48,93.42445308392563,89.99885465097503,20.980119206557916,37.16148428908515,91.09653902832264,133.74408607029562,111.30765231317778,129.98931118751042,134.19606632113764,109.06777287041774,106.78218402476332,82.69743023178712,14.10842859366494,43.70357158857746,73.09501771569012,140.86624492985032,163.24517158096768,230.09872816782814,192.27270225973658,141.5734694285801,163.62325095038395,143.53274186335852,137.53669644363202,130.36128540571355
49,117.39882166837708,141.82810683974003,133.69883538024249,111.28945979101815,127.99963050855129,209.11536181234433,154.43206894961796,118.96729843857119,95.86484830641959,97.6910071559317,32.70028203553583,70.6166357795058,70.91809905979585,102.4114365327458,89.13314891311958,145.82840512669333,183.10425859157402,154.68185236860543,125.15309769458617,130.83886166182955,118.64664848828392,140.84646301020527,73.21405056166317,87.25311748239031
50,96.89152775711506,124.9104244533059,126.45062466233875,153.43771555166325,129.824523113319,178.4392002391516,131.52141573712277,102.98397965419409,98.23237256326098,41.51115598380109,25.788243774550438,17.122558775404443,46.61595849380492,110.86083115646352,135.40367277043643,110.98626402383493,123.13638765760365,103.73982298993212,139.9011144472215,108.640418124234,129.48154872863662,172.98829793215396,155.26438722998674,139.26671544839303
51,128.7841935985732,118.49276072195245,70.94800118189212,50.54889460765425,64.05050992695786,189.43802023302808,162.54054922568403,182.38434807306666,118.4600244002495,93.49912310201786,85.47782320702272,87.39099142826825,-28.932717343059174,28.64728314601266,46.72034399384363,130.92106334354858,144.78806520482914,132.3939097424541,161.87757772660336,137.67918825185077,148.01014521360315,155.42129297221334,165.97512017546885,164.0731303861297
52,101.11941021603069,122.64075552916458,122.73086951113577,92.24536442396814,107.78902929577113,187.6482135523888,145.17105593214552,150.0901866554793,124.29045054997331,61.42939938578215,70.64805284862925,62.036017508286676,88.1677665335055,101.69810681190475,112.62201316316063,144.12443263618528,236.43554424035102,203.16752125458575,228.2418528406339,147.76769769264683,163.17541050527228,118.88547404493266,138.53912934461906,119.29460893620967
53,131.03489267915643,133.74541324764743,82.4988253789283,66.22514818951763,83.85850766728119,196.09324437985242,138.96896428623728,111.88840594778492,87.40966326335183,8.1187786355095,19.709849557369523,57.93375429988718,75.12806032069047,48.51441649484407,59.48781802676303,103.25931296938653,134.0134009047027,143.88298443199886,121.60109234911849,146.39287387525053,115.27916230643288,67.79408650445708,21.5268460571842,35.702404156973614
54,143.41752668163997,133.87580482130093,127.54944335692718,107.48205912849382,78.40942903701696,144.913043688112,121.27440909675549,127.21109558188654,110.2353002458075,62.95540178143251,49.90503336072731,31.463665876619167,40.91133958369372,77.86456641280192,52.295011868221884,132.4061727255983,131.4600464871098,129.66532446229746,130.56568442696405,108.20805431523564,118.10939910633684,129.56726978278903,116.57074793366814,101.81040337093104
55,109.86924707272662,95.95767135459454,60.203690639101666,74.37786800265184,85.92076525645118,190.58996185546303,111.69756820600753,114.86395365209991,52.87351737096982,17.741949856042538,13.729542840630828,-8.287870719213664,-4.768609654595586,31.373107023034713,76.20574478242087,163.98753784115186,173.01576986929126,146.26053404351507,180.91266323079546,126.07979074554675,238.6392994674738,206.32856645477915,175.15555250693438,149.29797588266337
56,99.32413375711342,87.08787313102098,181.78521080449423,146.8651350175008,158.3843912215243,181.39079321641654,112.65135349488851,167.2398269428099,126.44429580824354,87.30786261152471,29.343427753139302,40.81212136971365,36.14169003326168,95.45242101951405,118.43718287287328,136.77266198394994,131.44202222447404,138.36829987199954,162.73932553636442,161.49952562126467,149.95080798087815,170.85789241073346,169.4517131883627,110.94228185763237
57,125.69270246722142,123.54105971638845,128.3639459688423,83.35491042729439,82.48847765303688,152.16453377490666,89.60157872227614,102.00850092807957,92.95428076522869,82.5056551306958,81.93333972850131,75.90126638071686,59.26592191793058,94.15238336779184,114.41637088671055,167.51277551599628,192.80264570063923,202.3727444465834,202.35870974447943,161.33235386738113,141.96213757589456,153.4173413352656,144.3116148479417,125.29437996170114
58,82.21277926667638,97.6576847753018,134.00836772035626,127.46647380485442,145.08798853448945,189.76160820742464,120.32140927774326,133.46759469778314,107.14500808000597,70.39524213589581,34.02801427343471,27.834651121756984,33.53512005043643,17.194062319803606,55.33757523450163,105.60122583003582,106.2955462788109,111.73147156444134,114.18263543856757,104.88617350007152,49.172698910516374,119.51909879823313,61.66766661454977,86.52862233270037
59,72.2362797114501,54.70481199065249,85.55890102910347,64.89606601503115,83.3773975175385,147.39861663669376,123.31038096306864,168.24653717339282,156.15017243364687,122.76127520081904,43.64600302059991,13.531844066843753,54.35151343245445,62.98487040565716,81.28026811996152,134.448860645123,156.9206775493989,179.51584636736143,188.44306011235,159.26658043104737,178.12536293554172,126.86211127653023,144.69590803244736,133.33854624830138
60,127.16005452141354,111.17417879871219,82.19612873345865,54.14042809991587,82.66856892950857,156.5489700442247,123.8313162141894,132.30598531633973,82.39772557623147,48.50228894193935,80.9027598783585,68.23825315993798,54.78154276104189,91.33315472487025,111.62325293927302,197.54017296284235,170.94577207381363,151.68549127531696,197.0586713523303,173.85911476801067,156.19462461549406,140.41669667866745,154.2287893709184,101.8336592755206
61,138.2776915561667,119.78380683282123,69.57630601945408,45.276125815864255,81.1016215189448,153.38013816847283,158.27170712329462,161.29412339692834,83.80241557416292,111.00240186923526,120.50469182239175,105.79600264588872,84.60190289407058,112.69526172158615,113.28140572001215,155.996338345111,198.23170550089137,160.93101181726513,176.48640066122582,147.8371941853066,136.59253440704495,143.75737136920304,122.56218276874239,77.22790828144566
62,147.74557139861957,128.83983897335168,116.40757959049499,89.4341353496062,112.0098847086372,156.08363736597104,125.33590075303827,198.14551931639662,161.26765778896652,112.75663880238015,58.73671783389965,79.05884448569263,84.516341155062,103.75835598695092,108.215331488245,173.14411312244673,218.92932658614865,209.36865590710542,248.38406974494845,201.06290452316244,192.75212604099568,209.82172269960589,181.77166531906002,155.54216397613646
63,115.27520342739967,126.2068701461636,163.1445131552995,119.42592932472071,129.61801389110667,197.63190032100408,154.30742118950775,156.16672883541096,134.83799787631602,89.89252646337317,70.38137205470099,30.6665878945511,12.960527921403063,59.11422716255211,48.86655827568242,121.65611416657441,163.10555881137944,165.70808095554486,133.83866551784146,140.49276781584106,158.0182830779328,127.87623698026309,144.75974152965028,120.1058776690026
64,90.51579543678679,55.29372560826215,83.00248133018538,34.51543729071478,16.420157228369305,86.72685407891204,69.40275327388431,83.5655653166172,34.15407060877028,14.755208550227778,3.9731865677531815,-17.11508363455608,6.84492301414538,73.90775292530844,96.00841854760337,156.5487847787178,129.5330107828158,120.58097548077451,120.44892008103649,92.88833660457101,140.5588352460883,121.00817236396483,72.60967192613253,72.42699385847745
65,117.0249892801612,111.1229173880828,104.22463233823078,72.28049492831903,75.57895027226034,154.06616664009044,128.3703734268457,138.20659209042392,110.04633686302466,43.30062744419224,27.512395090951713,69.77483740295966,101.22426022730424,108.65181496082076,86.06059762195677,189.0194127676095,218.15645196559896,184.68618764760305,199.48562227076698,148.1586607229987,147.15602807522754,170.6329530508517,120.16135629639949,48.39652391324417
66,110.84008375044384,98.20394137820495,67.84665565156897,56.249799533827,138.40152085242786,178.54017394541935,120.0796037105193,123.85364049365808,99.82414885216433,98.98097571771,130.3405887128664,104.28038629174713,114.58764885696351,138.71517130549987,122.10337023140697,190.68935080385322,162.99903090011492,126.23541922764458,131.18361826787867,89.26827054858019,97.12785598347673,98.56255491940527,92.7266508895708,85.16326034917147
67,172.48629326440124,124.35030748268994,146.97945733245137,170.01061026170154,191.3743220471447,236.3369415059562,138.2905514063421,153.72189600696595,154.74424602613496,92.46871507222302,85.55963351035297,42.57860748911825,37.74256332927543,55.210796115495626,40.60711747616091,96.25102698323099,94.9278429688803,125.49625924112027,117.27681602127316,108.86898385577625,120.28227388159777,141.42132609253431,136.3696762614714,134.67567494796248
68,184.54003090646847,166.55636630776002,142.51666507102436,136.08751711339937,114.07763409067417,149.50703148317933,137.5512590832915,163.06929500521602,126.81649069823072,88.27652248517138,48.49233789731369,69.29895089121464,35.36567964914425,64.60734219158859,90.4466096641633,96.74743970839921,123.05296528911356,172.55898775146318,204.2045823418065,146.4345383561651,148.0247543872052,89.945745478654,98.5015403886604,122.9346101219387
69,103.21754099778568,100.00594527998399,161.75755688774356,96.79520877132896,170.29802768255428,195.50833997392834,131.3827189653325,132.93768731086882,84.77525268271351,14.871681030493804,10.685556178042418,22.560488579904572,5.827482353067282,60.96047348620381,51.92727535111963,86.63347086967163,124.64003210177358,142.5456871216023,142.5710080569873,152.98799128084866,168.14008143091996,160.59294469932036,122.83281879464371,88.35915415538815
70,75.18755866586466,86.62945259833285,93.8606610439313,103.58291940134728,110.10785405558106,154.54673248005892,127.38483369612331,102.5336662646034,141.0325462701415,79.21355927539813,100.67936220156352,37.372889714504026,43.23159146222025,51.44420829332341,60.166081717649305,104.29029055346885,135.281236959008,157.337516456364,174.4003461958595,115.28019321927347,85.5409640772742,85.98673784785692,107.32156894884734,94.04668843687938
71,122.54143659643313,146.7020931619125,125.8360661636886,71.74838721254616,82.56800062404513,154.43504218113674,95.87075489078535,149.28856886809766,106.19441885663622,89.14396170958923,71.09645619190647,90.57949860226687,112.0108525475033,73.5613412562859,117.82460034706487,188.24071479210502,182.19140435361828,192.37789558322908,166.94396693146888,157.99061130825922,134.5964068236282,137.44058403402286,139.6879228501662,158.96504442765624
72,108.7309807688818,138.0213577750602,171.66623226917375,140.34473249362935,155.28456958498188,212.51396001904354,150.21017855551756,162.35836532118884,119.12466879406192,123.03196694870772,85.78612444966937,83.2444589032706,110.84316797543823,158.19691683202382,171.0896582894481,160.12972365092872,174.68489765218064,167.59047207110342,160.86706982046516,122.07939199186936,153.4926289919453,169.13883694309894,140.54533427940143,151.46570223638463
73,98.6154825390217,111.26195218074281,116.61409408515078,94.37368869450648,84.75707001163956,156.576744454953,99.6505684343929,120.37729476991892,120.3319682608984,88.54087803119523,69.44111587404288,58.048995526004084,36.752241622008725,50.039396277110576,42.854441578956525,116.38292614221426,152.8426583277168,140.98062170616794,71.17676269887939,21.417439369483745,20.26622121289502,58.33884418785722,53.600143810017705,61.10798609293515
74,114.08890525309073,112.08854955820509,89.4702139377807,166.9340071432141,130.8780660557817,204.77539507816562,165.08202441567323,165.8566187037754,185.2639816923758,141.46719864485868,78.55451062270959,64.0083756588695,43.10920952753354,84.0078065086843,86.00749479235326,98.38432245727763,92.33659200177874,165.76166485651902,144.81436033663604,123.89328418371022,108.37787027438932,87.56284185980016,199.77374076414134,178.51209251862522
75,106.54675147557262,132.87308263903313,134.14156728005946,135.5305166501978,109.4281938177777,204.9247713459053,117.29878545883048,118.3904296809575,119.73124219096056,120.450378243773,67.07744244284862,51.37884916159593,61.82717990122409,93.4365500434454,55.72808240460472,81.65910189620185,145.4881771424079,139.9317991175922,178.31105525029233,140.36928122815937,109.08606485578252,123.1535481217262,123.5191418129593,60.40552205461137
76,185.32297497248402,170.9606634036836,179.4925767745499,173.8502355459849,110.40634132223418,196.37910461466345,134.71437725435229,194.38248306422736,127.12621490957243,134.52304082627703,115.46931243093788,37.108501753130874,68.0973586602871,60.22582424117587,82.82576375643471,157.380146427363,141.15157097698273,206.37118601754028,201.44528255549042,173.65596024877493,168.53754939685575,124.22377072035037,104.172337636646,42.69035947322389
77,92.67934817269187,148.99646439032279,126.40891426761726,96.24454279826088,122.81799191847159,191.20454937318354,167.73355994735456,147.8185275442546,154.1612174193558,126.39267666658564,114.8099432093756,77.66766906793471,72.78828023909313,145.06297392020107,145.93644460952052,165.8157304835164,127.6257788141303,190.6977762135361,178.38757144464853,95.81112389133301,60.03215152430255,67.66104823781595,37.445694907888424,57.442875511372335
78,89.01883923804883,104.71206690614056,115.06637071260667,58.14645756624124,56.53162932063904,167.56434158110795,90.10183541803119,98.1417178213607,99.3892556779578,150.61519859574537,130.49085241641876,164.32692569632445,131.24205470092542,138.93740325051908,152.65258272831238,160.54887949013929,196.28877164982654,210.86623602334606,231.65567236796787,192.0344900983862,175.69712778000513,177.49936979567946,189.02623426763438,166.56111084047987
79,72.95651569683386,58.55085784488611,51.63835105462557,95.8851553695579,87.67129365885022,122.33944241832884,91.29651712085837,84.70908762157345,67.69829622647009,108.10862561828105,81.0470895808727,52.894874918274816,88.78944374698678,101.71530084148972,133.03071003841075,185.9283680926167,210.53969470999058,234.08182541137415,239.7283620584345,195.141643482715,158.8125692160434,142.86624257943694,130.4328421501419,114.39730237854256
80,147.56392295291505,87.40395997778407,121.32776386738546,62.93671619829,100.72801306588495,201.11464836089587,101.62945915034264,160.95992691755225,177.61402538644543,140.91059422205058,133.75587864432515,128.9949677294597,89.67616363510896,99.41189445760104,116.1050556662166,160.86828366469942,172.47232768181362,201.236912633711,239.2783653512875,214.19455005800842,113.8107519031565,132.24153786793465,63.817133810974326,91.61384673633967
81,48.07314279230453,37.55960566732887,44.92465690891872,26.47493932848571,74.20105289957168,163.88129688377887,156.67440158485186,125.72752705131708,113.57403547528826,76.92629308709719,100.68715468902226,60.1688392390261,44.59538361710624,73.11914449711658,89.4059368386896,145.6880388327592,145.95359500274722,115.27009909004478,137.2359126541446,117.93117450597396,147.1739891336416,128.57920207825043,146.22119763855315,162.8527777530968
82,168.67839412159753,143.65153457458212,175.6008561062956,159.01945810290874,172.40815145615247,193.3808136848034,173.82132881657867,161.05857647481992,167.03465435634806,145.50991571672398,104.39468815150403,120.27801665539249,100.23106327528481,148.14082701390694,87.19200049673158,94.86674659874093,109.98536568003088,144.62166688327267,172.51482309576477,110.37273996203567,97.02127719902026,137.3865761883591,157.4096216033916,153.05934050300465
83,131.15318221934427,123.53950449817253,166.2653465163809,151.91688133052457,106.97116600059648,180.3160503449088,112.33903050167228,119.86534465655545,116.44174975742698,70.71222362047847,47.292623858146925,30.521227976786612,120.03429935490028,126.96890697868861,149.1590698791142,164.47367427386774,180.0708237412503,174.80766942104503,188.4827199850171,142.4982658881922,100.32557331948917,107.86625083028957,96.80780218739775,82.63039638786415
84,154.2185961552163,128.20058839241133,114.60441480737005,83.38410414212011,93.89769985603486,136.48647406409023,85.67465289228025,126.46971128527915,93.52649719623756,92.99238901950159,87.17972711259748,107.86208409456529,110.64381925490335,148.19557243087874,154.54583118841288,163.3483508039602,148.24061273444508,150.06562162127196,169.34269425911066,135.62924959356621,91.45978267610744,113.17238165468758,78.50432021872878,138.44596747894568
85,56.128525654122384,87.85045954275472,90.73373749279816,82.19359714622225,99.04832472495676,137.65259536977374,126.90542421651331,104.50755685989132,97.62201024905357,45.79535085510434,5.3699735397297275,25.221123747639496,18.11044462200212,100.14954759995024,100.94105828489779,113.96284634919894,107.33304339838932,157.94616995845413,204.12009011591962,160.38634078052232,177.78109236153404,102.14905687293782,117.70265369941409,105.51698183770262
86,135.88329261074716,139.71445769920794,127.10659053736174,96.34014391681626,70.73055133629734,139.7759871207876,64.88601396466701,78.10107741654399,53.45417293588654,56.53232332613022,63.430103527931394,118.85190955129653,108.61668630654265,101.12316870162638,123.79133168122308,176.64503521302603,174.45165363978657,186.17961257986255,178.15449790659636,161.4134698577401,137.29481559692022,62.98463734555085,57.125896390847515,111.97223670114015
87,152.4574507222047,154.52464638266608,143.83292360168787,105.52413254690914,52.20564354234496,139.3579647831285,94.90317698878943,149.18875581796297,124.42469570238805,81.82685411432578,50.47106203087682,46.560658619995195,78.59362187676115,86.81546772474232,87.636294302655,128.97017072754923,135.21900113297184,206.95126222313354,202.23823290567245,138.16292091037678,160.69489596706265,172.24030110913358,166.47985933924485,177.21603893316131
88,53.93210023617491,79.49768564566953,127.14662816586782,76.40843523015204,98.49963084198656,143.86099552423045,106.3355847510546,81.35038403891673,93.01194771012939,68.41249682109911,80.51386555719564,103.53617264734606,103.74238620857338,117.59261937238558,123.12100327986019,211.36884108147382,234.07115285107773,265.59136050881324,255.6720065094928,185.36742992143724,180.74638425351355,172.33381680283924,128.26974902584595,106.59407620804816
89,68.09747959057876,96.79276131086027,129.92577158230594,110.2909209341579,109.21325510262578,147.1880120740489,99.99713249066306,127.34892424881423,84.59953124846693,54.980231579755994,80.28628248352595,88.43662831955753,97.94197525695316,96.66266073704821,83.26289532358155,127.84855087707777,185.39777226641428,175.82155028687728,181.33732198916712,121.50387551723227,156.2658778851385,184.2223387615972,202.24555703323523,163.87596661486623
90,156.01040472583608,117.34876165355519,144.0550973992469,111.2448399977573,146.55583987024005,202.20208716117438,176.0967080287778,155.0801216094366,98.24369466864236,24.135791668572445,36.9980297824013,-5.8537620107658555,22.005844187750277,58.636532191944816,59.21635610404188,89.13346463094736,109.30159825715793,116.2275356263512,110.58258799682002,90.4647027629466,92.8521272266685,130.5455636118361,132.32202976079046,117.20514352552719
91,127.72057847148162,102.49677261151759,116.07981151549087,80.1826658017477,112.32055821644511,161.5148795984877,145.96158755102527,137.66708670388667,106.0899709718199,112.63215757313851,107.91033634989404,83.94052825539308,73.41835470758144,132.6464189967778,137.4554315426887,154.98397187938966,166.39176713227803,173.0309974017023,173.8075042154305,139.4200278621412,129.67081474816982,104.27899367048828,126.25334792583057,173.98828346318263
92,100.5083498543578,111.06519551070642,120.87065876679658,69.6555118760729,93.34900502832134,141.6705204346904,136.3917758148695,83.69740938073777,106.31317357701448,65.2950501796864,41.16154577248959,61.445123171208806,42.6728723508759,46.35264105166367,59.4087404125219,112.53566719900849,132.95801994099023,138.36721913757458,152.41551383647533,106.91204142834151,167.7832692378735,108.84719623586066,99.95992813143233,120.22276205826539
93,135.20976266730392,112.26513115689637,126.0053534210347,83.51174038609247,104.57050674369209,88.64565633714784,80.12239621301208,96.88917256077272,107.29108305799659,56.92822013170367,79.75172764175196,43.59369792897621,53.190423514327186,104.40040316608975,82.52640168273635,95.89244261233709,137.4161603596989,123.15299772816937,145.79634616002568,133.235187335545,92.99687333871873,71.27239068169483,106.32761581472396,65.42736381954984
94,82.81347529869177,100.43280041018743,77.80292913391757,17.53935702336142,100.85462877803491,128.24302274970617,119.58872251248663,109.66737770142046,76.60226750548647,61.314815143603624,69.85606750742612,54.04477192062564,69.93702265138728,109.02153482963179,120.34032591034645,156.68392028914587,141.02040734834932,137.89482439409784,192.62863305578054,118.77051909864153,134.61033481799018,109.87483240931962,115.10905721132269,89.76270281891405
95,107.64243171933039,101.41658342341931,112.96153752415215,111.05939171538745,104.49327305624513,209.50640103831623,191.25017158386026,131.2520645069705,66.95719036504119,42.16629864554454,9.251801775364974,58.7110996772037,31.08715154474528,65.25775165203228,101.68575272506456,139.9292860926243,153.4866395111702,212.99761720577578,194.34264629753613,108.41897142181737,145.46817003526084,165.31445430544795,119.03347211243351,131.32510775513785
96,132.21436304392864,67.69158155392411,103.78079704246397,105.49450489913818,141.0638323882227,182.78177647456047,137.92708110461658,117.90402030639505,64.3769191797197,39.427027994560014,59.09416895245025,48.33837159846792,17.444771158194662,38.88485783926366,70.84376747847561,91.16903764847459,100.99387365848017,7.1125621761453885,73.86838342617658,78.06557223326479,81.1421397926394,118.04650815263298,118.69778917038424,99.95581383977932
97,110.77422496048824,109.97458688497511,104.70209761973476,91.88193650070184,119.43847414553258,138.13137733978937,66.69603113937833,62.362659205797286,50.25253552339553,10.791365922174705,2.4513639747247566,22.357210048613645,58.297701189947276,90.62725462537132,101.69306425830013,124.20854883228348,143.35159426752602,169.6255463808654,165.32546665473885,113.04841701028309,107.67206867832451,105.24367644182574,92.2785564722888,164.62731726829458
98,132.05664687259872,119.47925267615538,112.13683596103697,46.37253319897641,64.86902233189505,172.72625313074312,106.16579542113676,78.09637660612066,71.29577554229743,32.00660123213753,32.78051443497098,42.037259802350775,54.77914957981837,130.35626214813504,118.1246099996288,111.7295907679347,134.42204224692992,144.77151139345708,145.28924331086796,136.9886273865567,148.3125942133846,112.59570371376088,98.17484097250077,87.75054538451111
99,113.80474464703809,154.6317260513278,136.91091666943268,95.2124590464482,124.23625334017814,204.3633187116119,182.05844414653092,174.65024163248862,196.5963980727142,170.36696842904124,94.3026798971916,55.96331739073787,80.84971135714514,167.01003739190713,177.47276762548552,158.50542856503688,153.8430708882482,170.26902623674968,193.38747213618947,205.527483452246,156.17316277331005,127.08795780719814,121.39423270783784,113.10964980273924
100,103.56453754850443,85.4880056245694,90.76105500366185,74.70859703297067,103.75040894780409,96.84195995805825,93.66227723245018,111.67299385780716,100.7867105950251,55.533919637121116,36.624871728503116,47.28077623731565,66.49236630418855,68.52833123797829,102.73082440441767,109.97052182177607,146.85830638737522,168.1933033865416,166.9193576846269,145.2613517175782,126.14511456295166,138.46826768221115,107.4893651484251,118.01845097920153
101,149.24247318089624,95.27944467411734,68.37233598285371,17.91098319978603,54.70368624651992,159.89502581537278,134.81444610249892,126.21228670324525,68.4896317400118,80.39140741570868,79.5128270391553,60.20694689125691,42.35879103046422,48.517006377544774,108.18999087060986,134.03980029571315,128.5899802847556,179.74889825847114,160.39796937580317,120.83139351514149,138.6178291958898,172.27488331860212,160.86236989360177,117.89748238574298
102,106.63970900142165,121.46749320675912,149.79945645620893,124.05014435767303,134.02729721354896,168.14468859230774,155.45073544076985,181.41558167157697,115.88861384774526,69.11252844733625,73.37694593740397,49.49562860763194,53.862858300846256,42.439281332956774,92.74659725521065,137.8131722745794,146.82343783119148,167.06476040666544,176.2607946981592,165.8843687641834,127.16866302505045,110.59856630678041,108.50026317607856,99.11972949105255
103,156.88587128428418,272.4074210329962,233.88154948041836,157.48138172498437,128.09046640776663,176.5295381160208,142.7231293744444,167.65825506349722,186.4124260322319,91.37263564472711,67.8368604175037,38.58578573242862,41.34604110920765,114.89331754689701,100.43977175587516,131.7666699250982,176.5079805789112,172.4841268320453,158.17290353608416,120.04529240495006,150.62240381168868,141.38180801436891,132.20343410913966,110.48195305898486
104,109.29325495872718,176.27835428541113,166.2152627028531,168.2647848605053,134.06950408514584,213.16978226374073,120.48819974341546,115.01955407555053,136.74555464383198,105.21006776269442,83.52265002867064,125.93280800985573,118.5132720562564,100.68739159147538,102.65003257286244,142.96699119868106,163.81729153965847,171.0002347643455,162.92767213080504,176.54786969050906,191.7996291867064,224.97915522552543,192.24877924151815,126.3654200491226
105,120.58539144689752,127.43082993079368,89.80983270041095,75.90986944223373,59.00227839181174,122.66452325241889,49.428003895086334,80.18955232710398,70.50292972944509,65.26170447914902,32.11427273071472,34.759766950300104,32.33952217647075,58.74331979755011,91.703384668843,137.15365655976777,145.82259986200822,151.28889929043157,145.03889313665172,126.12096187193549,227.25893327771803,168.3175866838447,191.25072543352607,115.49245904065967
106,96.33935589244085,116.77961273075505,121.00911233302885,93.93552626793246,111.43352184042323,192.89260368897604,174.46935879839012,189.92603894493848,139.14394919870503,95.04679933772906,130.76359271229518,77.41295560733525,63.51957707771001,68.1625422599719,68.49313093441774,113.66318997523881,121.47663935772303,110.67468009362578,116.01993461453567,99.42739964981817,87.79859096428021,106.51725821607303,102.73119907182333,94.15046657884852
107,72.32845618918327,99.25783132510202,134.44261792206456,100.38852543057679,109.7225012348267,196.85431328561225,150.33937068188138,175.26850621549195,189.02964408666634,133.94958851704175,120.12508843383351,89.24317176294186,95.03901744781805,88.3112795318351,84.23661668204447,170.39556109987495,164.8185310266293,182.89568197880803,178.74876141368978,163.15097541863315,144.08755483318777,135.2366846899088,136.6232763928799,114.73075706887056
108,97.00040226305299,111.29332774669112,91.40071302703493,65.18357614168815,105.02935467763425,125.35695852772662,-33.60082681822733,21.549695215189402,62.74589186837529,86.67201330082663,67.29509288123565,85.9523057541422,86.21155306009717,67.26899784399222,64.90748525691407,98.32361706869378,150.30131241728952,166.45197962254875,169.47012530417268,94.36698478861562,94.44553481071372,93.58616064390863,87.67206543543935,93.46007268474061
109,50.56866332983964,104.74667904799787,67.05912895982198,57.91525451484583,121.76218832584523,156.09879720284601,82.30042077151514,141.87547154225825,136.72359275407052,80.90275910183948,33.92355845954019,12.950274507075981,70.7215363970097,87.08479098356534,103.7152701628785,161.28503051625734,177.1683277672616,160.57999592008983,192.64729835941404,145.29340774023822,153.89425983837947,133.57627318599182,148.04486264025348,166.43894316643033
110,98.0437489153788,97.09530426934012,128.36800805833516,145.8593518244012,134.1604793006628,184.99456013061612,119.93530194448577,84.71187008443607,116.16976996485536,94.90586362392325,94.24773374420592,42.4066985365714,58.36951280884354,79.94334704563965,73.37651796510049,83.63001728670439,94.86974672022751,189.29341635548508,233.57559935384538,204.68092980698282,194.12980575754943,171.9835806441407,165.21626478795204,318.4644761588066
111,102.24073776705706,126.53159563551957,83.87849557173564,73.61267519927145,83.84397113711665,123.74989680094033,114.13719683998431,122.24928124127838,141.9336071377268,101.95317925079382,104.51380871441131,97.77197415138122,64.420717135937,88.78338287292642,104.32614303930836,155.00971129568802,169.13975783826305,180.05002553710239,162.69858460215417,253.7468604491993,193.36723488140257,189.88856729803618,137.3829684232338,138.38344904348764
112,65.79366494883936,60.67770195417254,86.60516513881275,61.98192668088548,70.2498756347016,194.9093563779864,149.50284682063477,126.12323428179195,129.66054029125013,98.33211355277595,110.15065106482976,86.74229529720108,47.043955851428294,95.63547544405907,82.21413661387058,174.51563486932145,168.73176692459936,151.49799045019844,173.18933724967553,155.2934362357539,179.05040049463003,194.88459113801656,152.4600489782811,130.91343378206918
113,145.48103236206165,165.58999125457962,166.38221358643568,135.20118624954443,151.1034709273024,170.988143802152,136.4082297888981,94.42659795940433,91.80981180434537,60.4862367933618,34.29160136356824,45.295624737284946,18.04360970521708,100.96487811842452,81.23363191733563,83.05293128890564,137.28643764845924,165.31850976541202,174.09971459725145,132.60447548332058,155.55722257626599,141.0870649894627,149.26657199876678,93.01344856398057
114,129.0132070752178,144.67053897179554,155.98076312197944,91.87545763008623,59.64441588420163,139.26143906734242,151.78214388128916,110.14317274665741,141.10741931396507,154.02717759781854,114.51457464527837,46.385148450280575,49.21584403780513,33.95584265616584,99.97198482988574,119.09765666190049,119.3527614541552,121.89374304429536,168.31421565918149,140.59941503369436,119.97754128158157,91.93162060119414,126.12681094187786,116.8337767379414
115,99.92405234564644,122.60023673826068,120.13841580756747,126.91609235482254,143.70737959445867,227.1758431482127,166.76567976410809,158.44565986735356,157.69838205394112,123.28395559337582,109.04859126638962,51.34698425553472,35.48401070966389,62.85940690614837,104.7825220107724,130.06448377590343,160.74161344498856,208.97683400294414,237.27350224539998,193.03917366665775,159.4631240907615,102.78205710883354,93.39980610420417,90.47642864345504
116,60.2239859001384,74.69135615440587,50.11083843786677,64.77179967536719,64.20661389944017,111.63378035924691,112.42640315194797,154.91037309556998,143.18051950989232,130.3171135806393,91.67037671584319,73.53794719005538,128.24093379943923,120.721248773408,117.57492392165778,134.5142976947522,175.0492645772991,186.21253446092572,193.5067864876869,170.43202426836,119.26118741894335,138.31923029167243,130.3699858370025,127.40429347795909
117,56.77590375966198,122.87293563741349,103.89574655577673,69.4607634250571,63.8522651258617,127.51632954830403,98.89581397591867,110.95616042976214,68.86871825951455,62.58933658345455,99.05781027618873,74.28977168536451,56.909870890194,108.0232639416697,136.41988648948768,178.4747626016989,124.77602966055784,157.0650035699799,159.89890878755594,136.82154598480597,164.77339890469335,167.33623332587686,122.812121974012,131.8496355942216
118,69.58070839289542,88.72235763304671,79.21614832516568,36.282056943609746,66.07760281209536,157.66196201345173,92.58260768091807,105.97607064129554,66.09946743556897,45.69550261867005,13.676655534465695,48.519819227216075,50.77217631801265,69.74732666670468,56.68811558514708,122.20974615984315,171.41170450218434,173.1873047642096,205.2291816430034,118.5667779896872,118.57703076673486,86.19359239996689,114.94927080690394,143.58856894419657
119,156.30269241103622,140.22081303835333,98.67806934146697,102.33407074126853,170.28959853133756,192.6680132561347,167.36466135411985,239.1545916253767,182.81586014509165,128.5733794874005,52.33821906558472,53.309914365419644,71.53325619359032,58.651010785349854,79.17467482863316,141.46200269477333,148.01701463271257,140.69333247447474,145.7314740493066,163.06737512149363,139.77104152838265,91.30367216442991,82.08546509698405,76.24383661803063
120,88.9278517453423,106.44942480729821,40.33185411965957,8.864636349766442,51.244619796386374,126.96314803696055,82.72284622304785,80.18623739977365,64.70082418650212,54.81090069666314,64.42736934666746,64.32718726479527,41.564566873891025,35.88717760997693,98.61822318110947,152.10717263300273,140.19923365872953,199.42959443447123,182.57618249737737,145.54244437361186,176.6906331717804,182.72183527228074,165.80760927636422,138.3231890876013
121,109.28306353501016,100.26569922527135,84.26663530561922,63.27807417958637,75.54217335625836,182.04038939268176,98.89327773134042,146.62529613852203,121.66011404802119,80.30912229988985,96.62337292897877,63.30908786400903,76.29042024110443,86.03352175826066,131.19720020959448,150.7948587881558,183.90283233130305,170.54936630438007,154.04542331576747,99.53263487621214,131.42229755575903,125.86816753360263,79.5058244198053,114.18473335206635
122,65.50378490145391,111.36904741563195,126.10689021036916,82.2833836098485,84.9802207116395,144.66156305257496,144.4612027216105,138.26506928256956,111.50715900081723,57.431081063280956,66.76331455278276,48.80082377551623,38.95896771070744,69.34503740234949,79.14352559255386,151.03501313663708,119.2663021511336,172.8835333418318,152.37284754140077,125.50362660438515,137.61545909725243,179.96520655743433,136.06319065677053,107.68847533664804
123,-29.74539873965867,25.260030427531078,96.90050724670897,65.12485881664801,75.40518258002382,167.8408587766278,121.83993366105064,93.34372039734822,149.11323668552183,94.26946707984791,81.79983969491774,51.501851597007246,82.7040529544364,115.01874813941279,73.5747358124108,135.60311915860228,162.44522267188603,141.16449847279688,179.58694043231012,130.68781203902716,135.2364305221529,120.80234949428161,117.30963570445321,120.57308546566773
124,109.2823495145679,96.4109927353972,83.40801137459749,105.00710490499762,82.46775650979214,234.2817761503658,151.7795699281167,157.69477506365385,107.18005312341433,16.3891422629047,19.924201689524878,27.96903304485842,69.62801079677303,87.81569070670238,58.52279588084131,133.18669337733647,144.91528268428152,137.5941272715406,110.6122724524821,74.70759193109875,73.61609109622923,75.32404747185487,56.05018231760544,112.93172302303141
125,81.06627057320526,102.02827795526278,107.25833063279215,111.62579363110402,78.59285020216731,140.8138196401942,90.16220141469164,71.83138799745399,54.61481242718463,39.88348101214602,96.7957087645357,97.89971074605853,110.88472633308965,103.94005773915327,106.55126301152815,129.12605287984942,157.41147341645583,184.71392362242864,185.26269102290772,128.45875039652165,181.78731981378476,162.36994538973386,160.54174129411297,125.0528929995155
126,115.2601494301302,122.26039787744911,135.2648929494245,91.84542844567683,117.0129254781576,124.6924336470504,102.09143040556103,91.7237841600215,77.42992454962916,88.2694481117516,39.306968126314686,35.178331447043846,35.73563137289234,82.92521527603958,94.55982672673687,147.58087454364008,206.02527021661447,228.95461343656655,216.3913565458227,176.6375020690862,168.85814857445018,169.04364620943295,98.43900956513235,101.24455986954476
127,170.41195472004358,137.36958265605645,130.36475599703425,124.23826526927351,90.39279456214146,139.11574112278126,52.78690569114765,101.55028452530067,113.99570495552962,93.28847750800016,91.20395849062021,79.48289815917215,183.91805472617938,196.45068800671726,150.0960625518955,214.10701932767117,236.2312448001672,228.87142606817156,196.06542023400146,155.90235915468656,145.0494370515925,165.0090927400938,168.1369726506063,147.4604784426773
128,108.5167490655502,107.61645068516722,192.9658078124802,125.88628745480064,129.21020905239413,168.77043474024282,98.46825688531229,75.40439590600309,11.82633880226689,19.42379198063125,6.101931411702097,18.52645767064984,56.80567496394426,119.01577879476305,115.1724892829183,161.51997588743131,183.7609122895853,178.72564740547486,191.43524233124833,173.66637417395057,119.65913806161251,123.23603326430893,65.81905962320026,41.07241478744319
129,107.94612016892434,90.46206352160922,30.481591137115544,35.61621300056834,89.01948395490774,169.81225276553315,142.60084502806447,170.21745870240773,106.23934641667464,80.90069613702413,70.78721223557653,41.21325575350227,72.48112439670476,37.97126715783457,56.186210990381674,125.09970681789025,128.70646632673677,178.7232751860669,153.5406245846172,170.99175818536523,120.81487584733146,76.49817297222256,64.00668258482796,88.56438350263525
130,92.80686889757553,94.07462165889149,84.45913275586045,68.43137301229896,53.14575857947962,117.68091195920115,105.14582851166654,142.16631588522915,154.9247218213394,127.36538019870333,89.13444490320755,76.20431361723581,77.3279494443042,77.50676304206694,83.54442926792792,181.27153350214218,207.6739903180876,258.7663397310272,197.50951987334736,139.319908341184,196.64845206248702,196.27457562095802,244.9001562241666,202.6544981016749
131,84.0311829127923,101.46053392150151,115.58081308111161,130.05480698704827,179.13375534678124,252.203010530764,131.39618152556568,152.55971734733728,128.7319766270268,83.73904294673567,94.07920456470379,99.0664733910354,79.79292727813407,106.12191912736566,95.95639749528154,166.10859668324605,160.06929720348035,183.57466116319748,185.04615203708263,220.81991703739018,220.62693370358005,203.19276098634037,134.62865043785524,104.0706822605352
132,83.18897352417639,79.55114288404356,99.79098149470181,69.10033743450111,-2.368567397211592,129.75429079283833,72.19118910565737,67.03932130061057,52.70074777015087,64.19619256614484,23.971266373786293,2.1480146459251444,-2.510733840251625,45.47515429906626,109.64887259335059,184.52459916577087,198.55236205219995,190.39143943995253,174.12231377303993,100.20512488086025,105.22067076709408,88.1078919727911,69.99508029904301,76.4324607957879
133,121.55224569805708,142.1249107631598,131.17993416558576,103.46105624453625,93.29400447906603,210.2361959153467,168.77246542072868,175.69560399577728,189.6667467878341,146.8398164469401,110.03399633619975,77.39144806143221,30.992530817215503,78.92814320875044,147.52514631729684,198.91314110575252,204.0829557511038,174.30836188988712,169.2559026250645,172.09704925615037,185.96125200174197,198.96871245282875,119.15546690219284,107.66661513159498
134,104.81638989513237,91.86719639730497,98.87002471381373,57.89906910373554,118.79049075072717,197.08948604290686,168.008120405511,178.79730588102365,132.24391856430566,70.41391965604262,18.03172006079714,46.57637563976584,60.19486680707621,55.52339081350738,101.4689877383932,147.15397203728577,190.45401110915014,230.83368019594852,228.9915558903944,150.72907439321054,133.870494345629,97.63904686493649,101.7892775316753,99.21560909913576
135,113.43125076449206,108.62920262766781,91.81931889424922,54.1670773692733,52.87379631163144,125.56248192222117,140.3147727563321,126.60048821439197,115.80069678079532,67.18112085821342,23.561731820590737,-12.162312395841745,14.40682695387978,24.103912266388065,72.57544511514371,194.1785689620141,216.76916247439502,177.39951042184674,217.85321427650612,175.2738448106181,159.95267003443632,150.50011782455496,124.04755263067118,91.9466013397196
136,132.21930683578967,141.02111576172334,140.89385303565925,61.201090748549035,85.4094558222657,135.6255643062759,70.26574416449832,55.430479832228684,43.23995577471011,46.899638022561106,24.283045272266094,26.109209571071315,17.063944546543667,44.12092734417178,72.42909467380504,98.57295703291344,118.53519736801093,170.32165972193667,208.4915193184535,152.56661649813546,117.6891500188231,122.79618107417782,108.23567845674307,104.071325143561
137,94.30400765341052,119.52024047174658,94.80755820175148,99.87660894474139,118.38112706357185,183.42800635694996,121.05660575358564,120.52948685844977,128.28501573560402,78.7991296379937,81.9529539398778,70.23328502311627,83.31720671611644,110.72203214363833,123.95808010790086,161.26862997051032,167.94248107427856,150.4904399072823,139.56112152747147,102.50351603684749,165.8226539449747,178.98692349939896,96.2575452042519,97.99215721917622
138,126.54073629499746,147.5696717490194,138.37982634709454,74.7800122617092,99.18844624232082,200.98619014813178,135.2186763074231,182.26705308919372,129.6507172857839,33.97003425540284,45.737555655484975,51.29582694447625,58.75873688769684,43.34271149318282,74.74942645774773,100.65164378386889,131.76172072130706,161.40532846359233,170.85827244583675,164.13588355645555,183.97041534043097,158.0569155743902,115.75821064020901,148.797138436969
139,154.52554701564577,114.00067639917813,94.8413275105295,86.86357542004991,69.43829744373728,136.38383549185258,143.93744495227926,130.60733838675225,102.07797833732984,85.83401403836923,50.86972554147927,18.950319677122756,36.21998811868936,65.28907533816857,32.44279357938076,77.75133993058141,156.8118608051392,135.69614280423275,164.27143800036544,199.83827230687226,178.082358133627,169.30468984841517,132.24098453035742,95.20821964309093
140,143.59635736484435,123.00632812322968,115.76058730629697,81.89977263588256,76.62037347602073,164.5703812999889,67.24238215803842,85.8854652093234,68.48050441620825,37.37659102769475,68.87182328628364,52.929013627736985,28.483996442446355,32.74185847073225,65.2796534913529,85.58500672112089,89.33327569576394,109.10418079187382,139.39711426300155,111.13772389155338,146.18398836761847,115.24145416788699,124.64682805111914,149.35277440099054
141,105.96628081355253,126.88757312972047,137.12119857118915,118.37179486984326,132.90542305065136,160.08442205988098,136.52197966606616,112.4365417406371,76.24539826912861,50.16527181323967,-3.135273448842497,28.098025736152003,-6.6006669430314915,-12.408701037568648,69.27863539800632,80.36819510999479,146.4838923990326,145.21296612441475,137.86433789945343,122.161624018748,147.33867423183023,106.48960901711479,87.33901080211932,103.19137980222514
142,131.21457032189508,140.8866823406814,132.41288829585335,79.70023409722606,118.68507990346815,188.3161096586703,151.07759358891678,139.56365193358656,116.78758415733304,124.32828029225311,97.3276291553768,92.49191730175485,102.54385227809382,95.72904401309879,139.0542185700303,156.1584481450186,147.8813196306039,177.73079303927187,201.64195633863446,170.94123517741858,154.94035685795208,144.27854193119956,131.1255081510637,75.00385305540688
143,116.52239722337353,124.5846342767184,108.67023561858163,124.88164742613333,124.04017128625027,158.86217948498876,155.29916177620274,106.80332421550017,131.82484517200817,115.19755737283529,110.32541749833999,89.58952993214109,84.51709326240484,87.65977112929815,96.13107354525921,115.66534525163345,159.01550777056732,145.5211241461842,133.86611690428862,184.40856727001204,195.46616277261575,158.10095512396717,125.12302489838069,110.28311537907864
144,87.37780597905109,93.083077976205,55.737801821609736,95.45407011868092,91.9069253438739,168.33719534891065,99.27276930359687,161.59642988214392,104.62181313104837,41.23903330594037,30.423196600828263,23.30799537203707,39.82610261211867,74.02241600451715,57.98387786909395,131.71667867126502,160.56068972782148,208.32155893567108,211.37910585967165,182.25976149897858,174.00156426314075,208.06774656126026,153.03347626230763,111.92870162521452
145,124.03988167540308,71.06264792826191,112.38173084260022,97.24633853524196,96.75797610882911,159.3087493232137,91.03046427990068,83.58395762008944,16.48776275235626,51.389977840193936,-54.83603361064317,-48.03193678165824,-25.304317455553566,51.69962534774301,95.14230341186921,115.14901389138379,129.95398279816985,136.99134952626557,155.22613335868425,112.54661243522271,109.58414001225972,110.34627984973234,168.70804731518842,113.64534494096239
146,95.94945598767377,132.53144937188287,129.55634812997144,101.59872512856398,96.2897851922725,161.58480195967581,105.71922675056993,129.0377693885044,124.21118910315872,65.59227980063623,67.92235325987053,88.58738065295051,115.40253485190567,83.11797262711124,124.00025776923997,155.63659741334453,180.67188326656012,172.51536948755117,163.01929849832757,105.9952290843373,122.26894955126346,139.53511087348417,132.2052304453457,106.92629256508799
147,91.02616057852764,88.49331965727045,121.64941336817374,52.533410656865826,61.85582824986154,184.5885129458818,126.9370233543209,120.83844977106111,133.19530774040743,82.54082543975187,32.256547460196614,49.189296241580266,59.976084632402,96.55543552361773,111.67075806412655,141.3866632736563,169.68927658330853,147.1418169201708,197.94745597939408,150.9982360122053,136.00603748873107,129.24245283426086,116.63207976083328,139.62691442163765
148,97.83629508849296,133.76487067282346,101.73264425697981,101.00099312534111,112.22934824152303,179.2739646136247,143.31600660438357,118.90292285594352,112.01766004030685,64.11215595600086,58.36298194923586,59.683882208272,40.50615574959267,58.16292868170545,76.76597111983897,127.12531787752523,171.20059797569093,194.38019850726738,223.60186265505348,240.12630558079314,203.92055097265384,189.68568916739667,178.05546299323566,150.02859656891135
149,154.32073460043108,120.7996925226453,142.28554928713743,111.28815919901588,73.94185134820819,110.7272512334992,38.377775534174816,49.10106821107145,27.263785697997662,2.448938293156587,23.963821526245113,29.517328209301883,37.75056693602292,73.21392674523806,100.67716289985813,140.2208172612146,145.65931997876638,195.12270869891267,171.00047865598623,156.98572437396783,132.25526333253532,126.43728688530467,86.41577038420893,114.66083683412691
150,138.4058546945124,151.2753304440417,161.65974209215625,123.16225117791515,142.66922135402768,184.43177870608477,152.04201478160002,179.08164274232212,250.0082911232039,138.96475878517134,93.14774979418888,120.17097570828336,62.396575688739325,78.08394361433423,51.136236231871294,98.31797906734332,133.86474401991592,201.59109803265164,204.09932954619313,194.61743944836797,155.84281405288232,152.82050420973556,132.77610870906724,113.10342531885301
151,120.82963851500905,158.5714400798214,119.59116569671475,118.55630695572941,129.69660537283974,213.27047516467763,148.410959334827,137.87627900141695,91.27789134166063,107.17031142302346,63.82375556689705,131.18666185624335,119.57216838317675,120.58657725224266,150.58509040343938,191.29820412793524,197.86429036934356,175.97760803795614,221.42704464563022,195.7334717073011,161.20204514121176,136.64303007873553,107.84079358759631,69.90261294437872
152,53.052876682162825,72.9837803909263,105.5375522089313,93.12206281517702,134.35745220117252,179.15782605161823,159.63636632326143,140.68924937419206,112.60038775084392,105.94937525726509,60.883220315770316,89.56322399163717,91.62586226885072,124.20495217246103,164.66713359043507,162.12411315574315,169.73881293982538,137.19947313144166,134.74274692839302,111.69168646913944,96.50500227688241,116.72218683871688,134.0879006517328,96.68112382925412
153,115.90169222482973,142.49960525101244,141.55780348744912,128.7785473689259,123.26797859270556,153.37957918162715,136.91337297434583,104.01806733171021,123.95048704048374,109.53150263521003,68.9401967943827,109.6513479174277,127.23895152175359,107.16104667054678,117.8503081169369,182.42610451518792,161.1355854606093,177.5900596514374,170.14467769396674,114.62470787749392,107.8131580550801,127.97767156354352,95.02492012264308,107.60811170157962
154,119.81722308143543,129.87957289909917,128.1572675095253,129.00395626968867,112.29740978181465,156.97581717886368,148.10439739521306,117.41212549587978,100.95515228855999,61.903262838937025,53.41424744816195,50.68360789283857,24.363364521371473,-2.9705374928915234,79.05654371890304,76.11545719767891,143.90564513021897,166.1006631323773,184.1107478945348,161.39602796462495,171.65507098146276,173.6695426772592,141.30157983690617,122.1214162968137
155,115.60755807170929,87.77063938936342,68.66179096473451,99.1672124867433,65.48181879695767,147.49834780822624,86.21098381434196,96.09997012161836,98.21302058587949,26.200055198033162,45.28506000333395,19.163748907810252,-2.1578313573493872,52.800102108944316,72.18736358458793,93.59493252766207,134.96555546800568,148.38363241468377,142.11206851535775,121.38405062096379,122.68747953402267,87.46641789112282,57.95774889412458,41.377482278531545
156,114.99528229959671,84.47991995693377,79.11689885888748,54.28130576009919,106.8701445541111,191.59938391247073,107.63270819158865,90.38014668314423,81.95274114843768,85.05129339755032,113.62486650494816,103.20157371245928,67.47762028793447,78.64842769844537,104.49327649110347,139.74639910803498,144.24048217603786,191.30619818197363,165.74276074741258,144.8668075997826,173.00052124248117,125.19566116847754,136.876280491013,104.40319291553118
157,52.20172319794746,63.63730378242279,111.50811405688836,70.49016800641562,58.776184849487564,121.37510246021054,143.01757606590147,120.50861668547716,112.58786755158047,46.153503387357276,31.78506706525671,79.70943431826487,111.76469716065867,103.71649241627121,122.64133645191836,164.0823492428716,182.54756186335527,197.06285374410268,229.5166611866157,193.71576650576358,159.97117144833672,129.5989615661617,84.16162461985596,106.96008358825206
158,92.94408945475448,112.97351711468391,117.67079097895186,53.053566347560604,72.96927048485084,168.89384480707113,104.6923627272748,144.0540147835402,157.72803557506722,144.4892637472423,106.81114961355428,100.10523368767895,120.10309011955096,154.59619441843813,176.34367357137592,189.17049939751607,161.33185681036318,196.847229094814,223.62562291882688,203.02908316060703,182.13108165107226,163.24882392078328,137.33006235944148,152.6356877532824
159,139.61234493545777,107.50668652230448,73.1962391874891,92.30047514395726,100.16015166247725,163.64912698922166,105.05352071230712,113.17400987852298,95.59245708501736,87.2381342963541,21.586777284527827,44.71278993171941,40.10488236100857,149.41654820076417,160.1089306542006,194.87752168221732,187.7369374491257,184.9571261014579,137.138201552221,151.7297550450943,102.98769627762243,110.74362298221858,72.72442890662487,80.1929716069848
160,95.04694350236342,108.29213904073109,110.53165782678583,118.8355802018187,77.383764222119,188.66938330649367,143.15266306769317,135.1063574592799,141.33425396360235,79.37902494537369,44.05428371263376,50.466625587108076,67.02001799980894,58.042008881278846,55.501143057998995,162.21375476415648,167.10541561955475,169.54635482696003,194.4396203844285,168.67623740888192,159.05344402368024,155.9988690401913,179.7663930317633,155.54373612137545
161,97.01404023175125,97.60609598324993,106.64287377102295,86.33173380901944,64.3534227336043,133.7989961172105,98.00399932683644,121.06267530770965,117.28190519482769,57.56502537963697,39.442325931997615,18.45834335682938,29.622434443308826,41.79799436205461,64.3402697338792,117.30099521687092,169.85141652992138,163.667321100817,240.88511016213928,210.98811462685765,184.76176385202967,151.20898983610914,146.1207360056161,154.35051928574936
162,120.10083686012763,77.83486970076049,94.34382803577402,110.96056365110957,120.65751100039816,176.43557642081734,144.55246530833955,116.99812986555938,81.13682089969048,95.03190456553475,66.96241758817916,23.165156533063943,47.60129224275346,51.89838244202251,72.91831686449159,145.86105532805837,171.05458372858288,127.86365151004492,152.5882519065362,143.7590144495931,131.34678515533074,153.67521763821668,147.34597023388056,142.66611553227375
163,105.92066863121134,86.41699501616291,76.9993239572265,104.92739512520376,126.32905570367555,199.8354552508851,165.51372853541017,138.72546650638597,87.85319836730375,56.43447764283789,34.462366527774336,53.29761344034626,97.12701992462792,136.93769839135692,124.7752161940118,168.51381997423857,156.49271791700832,175.87111436566363,217.42497111257458,149.78500832115552,117.40720969266746,167.84437209404103,121.67784013259711,130.94976188283238
164,96.80213927657837,72.65959715777382,53.81450122493857,44.413510211585645,44.4525474201841,107.31546264066637,99.99999090154668,39.25847071862054,89.77164202330204,55.66803157912439,16.802848921624474,1.861090883814775,-27.311767388677715,25.517601874208168,21.860193992804838,110.0363518809025,124.368017505665,186.21336786211364,167.1969239685929,126.2967141015427,148.3198319246673,138.1834880248336,117.86972571277357,100.12631300264891
165,104.9978566297834,124.4261753633666,126.67795372713643,67.00400729567436,109.12365923047842,180.71075264754904,153.81511385018933,143.2145940356583,65.23613616044662,59.929842790015364,72.29014308199802,81.77640311101413,90.40984398352583,348.27665062076494,280.9761924998587,241.77716508513367,201.73814222448692,193.24437680617424,193.78633048892868,126.328055840811,169.01709263635067,167.90574136434378,162.18092772699887,161.3671382716028
166,118.21635832507006,256.0711337653444,220.13692804166175,134.79643607828297,76.66054858775803,151.49048971485092,114.42709164918288,143.15374414919734,111.51919682478731,139.8212625019878,98.6032103137388,93.18193153006095,112.38025539427181,123.40050960270042,120.73795315447477,140.72455610405456,151.58398301848422,189.41905813980918,183.83066454822387,186.15984574151747,190.34503542542717,158.62191321521846,135.1066191736053,102.9919249550683
167,159.26880460392096,128.85741977112673,132.71812232728615,100.99411903170252,115.40799699487981,161.8159071052738,110.44245685786093,154.38524080334557,175.4498533346118,139.88907547726654,108.830961586187,121.6640470566825,88.73537925626621,97.16136692210749,78.86004574079311,106.19013146352155,89.45640966286744,86.83326013625947,134.3463265669064,62.25376361716354,97.08292824144308,128.78555734873038,102.36317877633702,96.93855825644623
168,39.71948577858681,71.40870377686534,81.19223486971684,107.90334468153557,119.06125860737035,44.72752911293847,50.23600693808059,47.82527652393763,57.47509262957061,72.26984750219296,55.72580681999401,55.044102193788525,43.59079617505526,61.861586982445885,77.91215687591975,94.10881928252543,47.550953496464444,79.34034722785003,133.0936368104255,303.646250563275,273.8156322756106,177.9966353422515,185.2625648319011,130.0746242607645
169,110.86102018767937,124.39917688461908,119.03308715920882,62.27662592961605,81.47050129099516,136.61262006643616,117.00405765018252,100.3557100383419,118.12686681104601,79.38241974217576,29.823240178467152,8.983668509980703,32.80906685404794,51.09797112270621,125.72267622893497,177.79204462552994,154.1292867851066,138.5039468828205,131.06663939539789,85.61945267931229,66.48260704950388,47.95462509154642,49.52824916750045,59.784347522686836
170,91.6087151190642,118.76914407658523,92.86460899443418,84.39144588097945,102.86989055619344,197.9634463169696,148.3091171826201,149.70847069285995,117.87398024591468,90.67467827569273,86.61625158464048,125.68882215435698,138.54584699420093,133.5847234720078,156.9651668635966,191.5840617217886,192.60274207713866,176.8986739894779,181.45331198437228,166.36849960250842,144.61348003420392,121.12949806381093,134.6045146365917,145.10897481038216
171,92.85860010697289,102.33480468139959,93.01769611572422,47.99710193334541,86.65720749611091,171.18014218941016,168.14929692061642,138.08640033903004,110.1197812837615,79.40799169502849,25.140472366951265,-32.208992748882416,-13.64046261391021,13.569846438900797,62.45565935944504,121.14639612102066,152.44302716658385,187.36247068668115,200.3745427815362,170.5250750176864,129.4538875460368,110.9841626496885,47.44301744926442,67.54643438390153
172,111.7431542046098,99.06843459989852,112.73599001873325,73.57164333487887,82.91225054909567,149.92083030360666,108.7091459684953,104.64217550725608,116.57117076487854,105.74873046894038,58.486394864464465,-9.648478277386879,-25.09133646117821,32.47585429155605,52.11743006817858,140.74729900950365,101.08838467982113,158.65924827318838,132.66697631304916,135.58176881561138,179.98796639516752,146.49161006105712,122.23847828646895,172.33049628508672
173,64.4841797259517,46.13436757601201,23.059750899284552,37.78020236204118,73.38311659476358,142.13562398581172,120.88238657269102,124.8702182102588,106.83776850531109,103.92149683256716,80.92836011550335,82.7671623129269,90.76990292119498,114.0899767421769,110.3207878760536,154.0423157606229,206.91874469661485,197.25770028003353,178.03209181042843,164.9381053323347,148.51267569481874,161.68756656647307,121.24536032133204,157.99156995211672
174,87.09214098201116,73.65555352798401,104.59983914992942,108.51535654129518,118.22245835957821,190.5890710025471,154.0417415176007,168.40123399884237,147.4844781209314,110.83788051714441,71.46999914581433,35.90292880006128,62.34255471990086,62.641033456740686,13.262989701346712,100.60250045913813,112.34848868589098,162.99260946655107,168.03712811421337,108.97805066056844,123.89053594423112,140.07092841662651,133.2250091820734,128.03953193989696
175,111.1592317876134,114.62062109455144,134.68091415195806,130.64992703455147,136.2219326218929,200.3626438519201,145.1970296910197,112.01705023563397,70.90007540069757,73.49472666969106,44.22447525171852,35.48382493639296,71.4698971250946,70.56263792448556,48.745875557304885,105.03228946558183,141.95281472389686,216.033891089739,267.19477478716374,169.04054453134077,145.33065718080303,146.92915067010344,159.35349236534302,134.17690047357218
176,80.51304406744399,85.6676365885381,86.9231387176194,91.4541548439439,115.29439412868086,162.8600931929254,136.28414919963313,121.06226134969023,127.30427148971822,114.66260557527497,135.45221768874225,157.46605874592015,89.66200509566869,97.85399188452791,107.13925815666936,181.99780900013073,137.4352944556348,177.17630621908557,133.95567142267117,102.65741281875358,80.11336310797358,101.28985583906783,93.22240968296403,84.16703432950594
177,91.17582071115599,71.00549783266865,96.17462698865307,80.88662734628274,145.02163461427563,234.86964123234128,223.50397194086173,134.1990374443002,129.4902694977618,103.40405224748754,98.69402427787111,82.17863221228043,63.01524954294046,79.37215962408625,94.73683405634935,97.67441561098416,137.32392865373617,145.03874902056523,155.12199944913237,119.12549777208763,123.37322908176333,116.37253899124087,59.10416574855508,108.07834692750964
178,91.40687025358932,107.46117612020566,54.73408240471939,90.35480815753762,110.34713187280448,141.86127875995044,87.32893225333537,109.57705964178712,81.5084086929183,58.46423755947559,69.30972584667612,89.81208508262452,102.04684227499524,159.06653111295267,137.17632881903663,163.92764969957307,159.13269837469528,166.16534159030743,176.80741637057127,173.20946549708066,151.96755363150163,157.12802613052753,170.93197708782614,142.67610792746757
179,80.09205648264997,101.63502259275529,98.07523962381092,108.39696220409422,111.65446640127644,138.87384007990553,97.962702514032,84.1498262161296,119.62127958164183,78.42156851235393,96.31083407668042,41.07832712241161,3.020332220674213,32.69431296426518,47.32525359051965,119.13953409131886,194.18904949732143,151.1287913017562,169.8451995193124,179.21027967520774,179.56512963644488,138.56290388456765,155.29949491109815,151.56794788042617
180,85.97084238574502,85.53048347494473,121.78333358254649,89.19226284161623,102.56500693062442,177.6387825577604,92.59897183135082,84.27754516767412,115.77847004566081,50.360541012935926,-3.569746595079593,-38.622927570490525,1.02571731914869,74.69433372813634,106.07973783060689,161.0965416642158,180.0661435942449,211.8306216456426,191.32221116002964,190.44626909559543,162.67980450462582,127.95568602784789,106.12085093098051,123.35924495408726
181,86.06053980057048,120.06947222268586,142.00046814173092,102.25291753736958,103.02296221531408,187.83213077555877,201.51061619766995,152.12976791330144,113.74941227427688,79.3971141772273,48.491258587171565,70.35569747837799,69.30870314069614,61.87509018287406,106.2194878919232,131.4161233908809,118.68994079336974,155.1461233076795,163.78540361394062,94.66338564402247,92.23638823620067,126.52820497575136,110.00355183847267,136.645134415284
182,148.42142916567076,122.50000003509327,114.77917005602288,114.23741439779037,83.40261361609153,134.8318380581812,84.78542384870957,92.41056788702306,125.18459580363043,140.1258057640719,84.38593812041941,67.4741836009409,49.902720180410626,24.547220377224377,34.13870066772945,66.1819846702731,121.17944329194185,148.90350130545636,170.82832967713438,147.14213389820648,169.39134698752434,126.39083814405473,79.52327276765874,55.75713225172797
183,115.21368776668973,129.3874702924715,103.39271414977519,28.49369121131057,221.89470541187558,214.51583665181693,142.36148695326943,196.53472226885623,147.67673324019108,68.08093713896281,51.11672446717042,44.56036009332033,58.96571185260681,83.99021719382371,94.82799639827597,118.59966276231211,138.78144556816272,172.12905073549234,204.8154704717748,132.88348263669204,148.3525230965026,134.06126989014467,100.56674833330877,100.53600456896332
184,118.5868640762226,91.16219175086513,105.15594611239756,102.90936387738026,113.90474308914703,182.93892762173186,140.7939050853459,67.61857997072144,52.53606769985224,31.697452327990582,-0.07615037360818633,-44.748157213885186,-12.859144375456928,19.00116780626699,12.246509138695146,77.02895499722979,125.78064874679586,160.87796396462758,174.60200995643112,135.4937865165399,94.48542099486585,85.46227816843873,107.10480827546591,140.19770650199087
185,85.93492739933988,106.23662222422762,126.92629528087485,80.84191851477739,67.7592602113274,135.4393665397756,93.74218570647923,144.6322077635638,114.62216508454145,85.5478405315224,59.80186601080022,70.63175234305598,84.87846241268628,39.073214027460196,74.52053030377363,146.96418171658775,142.95459326214768,181.73643531829322,200.78950397077173,159.20947776206063,116.34561690257866,85.9088782593845,97.84901752110159,85.562249602413
186,21.458923467831085,41.18009469846385,95.13571265018722,136.03361409119327,128.63088891593685,127.42313916621504,175.32274629573476,178.93180240059255,138.53996339231654,85.39287294297466,73.3792801935889,50.023863943870396,54.03668172541903,84.39817249209847,98.0096199322126,151.73250252963496,173.57326443593075,170.44438526810535,196.06124888762795,164.06737491968988,161.7620838601311,169.14055033924478,176.59491339859989,118.78664094553108
187,35.01666736886882,49.50869288155912,25.522297051986385,48.197456856767545,57.313351297550874,76.6927764411131,42.42517606792761,98.15772922274807,115.3437219268439,80.84851917239018,65.84118444640359,80.42084634363498,75.5229297252847,100.15839003062622,109.42422566839332,139.7729085961904,152.10084112560648,131.27591229083185,96.2081303516105,120.81284277855639,180.93913401949624,146.2716600725672,134.47725892694717,113.73561654120343
188,57.00740721143693,75.14759027725295,104.81098876888925,28.865862985140424,45.63249474829246,169.08795843019965,125.47051134153045,106.72057522608733,91.57672420488012,48.62047526317291,43.76269377674765,56.90587964902286,53.65490456303649,60.655329658104435,40.26246483766685,99.58064954326703,178.36694199608152,171.0852098478517,121.45563542398645,103.85604882392812,122.07562649683368,79.22403649630266,89.13874189378404,105.37022067177458
189,161.39541120253324,155.25638269156306,142.1708321494015,68.1979671233461,74.07881825816838,167.719467252533,150.41579879173503,142.52366776413893,110.00446173684008,54.88214963534191,39.15915112986171,79.70844521966808,77.37025162940989,104.08048687066858,144.43943630409407,190.334556510793,164.33454445179817,154.27888255868467,206.53993370043258,157.28619442810316,109.20222400660896,85.65286455635791,81.49678950029882,97.83213477209675
190,158.79122298008153,211.2985771084645,159.55114728395205,138.218779808278,195.00197333784112,235.63141017084013,210.6122260828265,161.9268190765909,111.8761819504281,71.50449597077234,38.859527312690425,20.241134322798608,102.8680460305118,122.04912902714241,157.53561804524446,225.73569479608193,199.69080447914385,196.0177883294928,254.18757380537238,211.3363237970519,175.38487209921567,166.6362150495786,189.83223448238078,168.92819470494797
191,90.10166284527772,111.59399546083428,60.43599827229126,67.39845651743751,119.02308549858262,199.31934993273632,131.9732518911303,128.4734329944429,145.27644706251903,100.67469717413351,76.91673729027113,46.77058438345142,-2.40983061347945,65.50381549637572,66.84257224943919,123.83948857995154,142.06269386283105,126.74956756976776,142.97299511144445,167.84864907515333,164.56325554579593,126.834219533327,59.482646210387784,81.3877308782441
192,89.90072146902907,54.95761453677121,89.94088330979585,41.05370335770717,69.66866252438882,135.8053494616483,139.89386897705526,131.2857455480801,133.69922829039115,147.01098563971226,161.45878346966185,86.87168561247881,86.06030407291874,101.21706294822613,132.88727184489804,221.41965158865455,206.50052629271556,239.05792716850735,209.14178577532553,235.561861919784,183.5360321446938,204.10670297605742,136.59414480013362,119.184694153974
193,114.68237169521552,122.25595492287381,88.35053143218629,69.06891806037642,98.66573265034617,167.04369005758718,122.75568561669272,89.38331075332074,116.67121260918455,89.61918037160939,118.05278519414327,86.33714290502294,98.0726460523455,98.6737478922782,138.86340257391447,138.8092830157961,151.5987380821149,177.16851386301963,204.72395588034908,116.20892990226432,154.01483194472183,138.77992868244664,137.70197339773074,104.80141255465549
194,118.96279702047009,124.74943310124411,194.75959521827852,159.26459980331288,131.02327497467712,197.89349294809546,165.95204288847663,115.35462617294957,121.68234548440388,86.03163967378153,78.67069166840136,36.39165304019593,37.834914176841934,88.27423308912702,126.68214046033,143.3238524757756,156.8443624305521,140.61900474469255,166.63103335154568,249.54446672299719,235.65230116004471,232.48506756013882,206.28488104740143,142.1791305946163
195,78.95133479679463,103.46956424054838,143.9436293718336,165.1382664311429,108.18000251999038,177.10077742911932,104.83789387786629,145.5988661615308,128.7082549268555,70.97615801153707,48.79921209718983,49.390827997454096,98.43293534491406,122.29798330200794,100.8048075343412,160.53070987485674,156.14207144881757,231.28584060139497,170.8722086317472,116.01908944851378,140.23309634538438,112.16214569805952,105.29731036990519,124.90228041180636
196,107.13058754916449,62.94712057426156,93.22939868706125,111.45900592549157,92.12603833314817,171.99273408931518,126.59878122854869,97.2431355829334,83.52928471088741,25.229395096638306,10.5797869375237,28.589214481315558,51.47729597956976,99.57800222739222,105.2315309070911,136.74208639861854,211.4918974353482,184.8863754563823,202.14660232820435,166.69521576572106,176.73383014375688,139.70615897512155,128.2499264064726,134.01264868124548
197,111.3752709934235,139.4897245758947,166.0404942027002,146.97873590503752,134.80680989135766,212.57065326165906,166.42805008535365,169.8004622364479,126.75733770391682,88.5232580024897,81.06511689986787,63.64527722918247,64.215328927364,71.15769144457227,113.37544556664834,161.54227170285796,180.8872772286098,178.7768191884047,162.1144740598772,183.0718812856358,162.37539463078545,123.01342315151307,115.59699776286752,86.71721133421994
198,91.6132339014807,72.00352923854223,86.68165604896414,112.86584717475044,66.5667695398144,157.2846540706774,104.5857831921677,127.31980689992643,105.50800885152957,203.970473011435,141.7992601079575,103.63960943136152,32.13279513121552,56.66886568978809,62.45859604083559,171.69018273112727,214.93899412264545,223.03535086022762,203.97887870474142,144.35901219105892,153.22771628219198,120.20205272353084,98.43302225111769,100.51028444647561
199,100.56599440611768,128.57056281911915,141.3344206012715,117.23794558044428,64.75950560464842,119.05527065979354,71.96669086741096,61.81387529835966,95.35347356121542,87.73653919799885,77.71718734768046,119.9040255302788,75.98770843564478,133.95357668356937,120.86778035832874,197.30226186087853,192.5025539972681,214.07943887006425,158.6632317600085,146.50325363336373,117.87095156466467,133.96582109520233,156.78076952279696,145.00537411292476
200,49.62512170935919,105.41479444318428,92.31178491598746,114.37395417367881,97.47990289868996,141.01398861118588,95.04236283662705,134.24879233277505,101.37771232724643,114.90852268659732,158.90669124626052,144.2431057412996,133.8725029067744,113.15917843453784,142.93080398205507,213.52572392731827,196.92952722618105,233.49010715900167,221.48575993354166,173.30893532098048,195.4581214823688,152.29149155997553,136.9859844315317,138.14555614685588
201,81.46428466676363,73.59077163045913,137.8077651066345,85.52912116422846,92.43060940451265,149.284080916502,124.8666504573128,102.02952523087251,125.11310549016987,119.05138607821729,97.96232443315604,70.80686158167443,47.33211495739273,81.12815508453535,117.91870981778501,107.6028186191288,126.54748151264214,288.4761718926246,222.13698232901288,196.80585479254736,158.59520089355127,163.446960468861,112.15854840384986,85.67186912890553
202,54.57587051054944,93.6657181018591,57.100163960912084,38.754702948995416,83.22146556479983,104.44045852544174,98.9865361651659,107.80247518342149,48.420660049153966,52.17168983775987,40.31922569635049,30.032592004806233,52.66348702068322,26.264538850711872,44.10402103953572,107.91134447738885,119.65181043022666,131.8437482269817,175.8859370802455,159.33153338907957,140.5352502452911,122.10202089137213,139.50053615661332,135.18493138448395
203,115.13051452424926,147.56497157114757,130.23928616810574,115.35607858795012,118.8521749067338,182.92003638364932,126.84368604079513,97.44199210106726,81.45189842909278,52.3323550105349,38.73626953196869,44.30293568176772,47.265152785915745,96.25297372983786,96.77705434847937,116.54721651301189,148.06148538769014,114.98614074064223,108.65336401483229,94.89400766116131,116.81411667893863,145.47231102325796,134.38190503351288,160.69693189039504
204,145.27052246798092,145.20810056108166,138.7011277716394,69.05409657217506,68.4028380426684,131.11070348700622,135.68114960371622,106.22547271597756,89.65957989351742,85.47997019495043,44.50611102760615,36.88577300995005,42.177999668979616,66.97652027940642,130.19791706270507,261.1445309431656,230.82315317224763,218.88678572827416,158.45500786475316,166.02070973382183,153.0493608158729,106.32591425007158,160.33367663336185,115.36058662854478
205,42.06468786500136,65.70735482539065,67.21329039362931,55.83801635570982,55.68737325007009,101.51728503730503,98.00794232700491,97.19364554037261,77.57928637025101,108.1058273544212,99.65006010743163,90.27512077285317,76.18589669505256,128.98040804176858,134.92299815908774,157.82830640255096,127.71154642447087,182.48800044300933,139.65023614627475,92.0033255121848,122.47227265892998,132.50043812078871,93.67623723985413,134.49749349597522
206,92.76055656637185,91.98557844541932,95.34011766963881,67.69461879245348,60.74207839861017,169.6562005665487,127.17576746744616,156.64940694879286,109.37221712633416,77.74779951566542,76.92213188098437,69.54294890927846,49.40641131437788,51.27005770042848,80.18035842401324,181.3496482001563,160.71825179183907,164.42816751384157,170.10069669160694,152.2375691649303,137.01711784191443,85.39510104295434,98.63703168708449,59.03385761759047
207,109.36834319751046,130.92333804970315,146.58514476381953,102.92309380641997,115.15757715197593,219.3514399120103,156.24866181423585,167.32159360563605,158.76001319696599,139.99237731260246,79.54077248871548,61.66931488811663,41.74479901523728,81.88454012552246,116.95148566735149,174.61731304698506,164.19405614393108,195.95728651626914,227.00209587710742,170.9013598972521,121.0572782417597,110.53898165823394,135.48737289266927,79.61974833155352
208,85.1119821716298,89.91317345319635,88.68059070858237,65.6937727737345,71.21037263398611,175.64813403002893,114.69116269996438,109.94500339694756,71.44144436886111,66.36832889301618,95.3156302157169,81.66596705735212,89.01882251535419,142.64719057186522,136.52911812888186,167.95222993236695,159.51513549103993,182.3534389926695,160.73379639644443,119.52069614040057,124.51994223769805,118.93041967558248,52.32613671694007,22.492053806237024
209,104.32192057477354,111.05786605727688,108.62597379391487,121.3475557879915,190.96888833985042,229.1727932895023,182.39211223313583,157.014264837964,151.36323355933143,101.3752862329248,98.438575340293,69.63393190930654,74.88651262006798,103.38393700128483,135.0118017771852,195.84060711911485,218.50962989208534,201.08017960930775,221.18976707779527,183.50709287791443,163.8321727718241,100.62760646230703,152.678797271834,130.28273715121736
210,161.89848151461598,142.13788826891738,106.93484830328472,69.3589013707544,74.9247640329628,141.16493074153055,134.62109556164842,102.93175178698382,140.829039340274,111.00534453763737,53.98620494319508,36.50499570498058,93.27404376131025,115.08372172659054,140.65826129981912,157.11892056177183,176.4207720833682,165.47162048873042,170.08249397894699,163.79410457298002,127.65868193410415,118.20317893290235,106.95465423009357,116.55983807574233
211,155.46533518146978,202.1174801154197,210.3194511163508,163.59593256569121,191.94475691705344,271.16125264679914,216.94574539820658,203.75945026631067,175.55878004157756,131.37310839686603,72.19950319101386,54.90893175122008,1.4293561421160845,48.22640617569377,87.14468400405858,175.33817768009618,227.58690818600672,250.39997893744857,219.41292148151848,167.64161222990867,171.3693967325021,135.213490534333,98.2738877886309,95.02444618601416
212,94.27402751799515,111.9159054112991,50.83354378410416,59.89040986039226,113.8486776269508,166.6843873907699,127.03022750218598,145.18565634517373,124.58726682515405,72.73672382388581,51.68653623393104,17.32386894178925,-18.628619089630682,7.616777432547906,20.3574008115055,87.72513189921048,119.95724722390709,155.35882255462096,184.716478854708,122.6925039018892,106.07287669084255,118.19433946865816,83.77496977589146,94.01594727314219
213,102.64659709772371,83.57620320521846,80.30531851876529,87.44537470454013,125.90529651502875,160.40281868074345,93.53312478192844,165.72427510714897,122.80283416256154,102.40091820297843,94.3288551577078,70.06450136178992,64.90210340881511,83.83322658568659,120.4204374726962,166.0993510586208,144.64492808695613,210.40617341809116,200.65005058785292,153.86842665444655,136.33043404937166,162.19934923271845,107.67342838423195,91.37978709502333
214,77.40527769227697,83.0105550195292,90.74707198960968,59.61061222088979,65.78268946358045,86.72223815839655,79.9550708226777,98.266216810067,101.13140046111519,92.56227902780657,60.76314415422503,43.21356082481148,87.19550935171115,140.08029537416718,87.65103510145484,153.7217692302819,143.31584152970294,178.2533182901801,154.07711775410934,144.78109005104284,152.34679123450582,106.63274754557592,81.22107437016302,67.68144130785168
215,91.92714427901781,93.89191001120048,81.86693300645192,102.83006343851,80.41080792521069,137.4111140990015,98.22423097682075,89.77300795377715,48.89406184210897,68.61815592207734,36.25547283587279,23.33167903909674,56.076883231981675,48.1908226205237,85.44282740646696,137.50094032842458,164.1709012314088,174.43513923012503,189.77970499703866,155.3847985494914,125.21454217644758,82.10550593781662,93.35338692702489,130.48371816134278
216,95.16526065673388,89.31236464271439,70.35397998014608,68.22563585748111,48.343060517401604,132.88349882386385,104.7925930282321,111.67353391621734,104.27583616551168,117.74026496240668,79.86618855455816,44.07844430652478,63.53418517616776,103.47735462033498,96.84822014547296,148.3865885435943,176.9812834969393,180.87989026791655,241.24401598348499,142.28499208844613,115.75277056101874,92.85189447583895,75.70134885942177,71.06686214589611
217,108.46177041342416,134.77845337665727,107.51511843354199,80.48890480873409,88.99999535309638,152.749936547001,150.20523183242597,120.62332205331458,109.49067583127932,115.16512814407196,111.50803290669103,44.8565021853349,85.93935462466418,105.90153029863302,124.3656132779678,156.28312557352712,196.15803079286107,169.17533882151605,194.79310573436524,143.65790762269526,107.16259565552582,100.52192072140397,135.13750646561476,102.07835237675106
218,128.25862254384754,109.79927169208665,130.85593791187637,104.4764234841101,90.93837012700267,158.60863973125936,152.31277811548344,116.36754990666434,115.77925670667419,76.35995252921502,62.32010403793348,64.54503828815507,71.31458219572312,52.40948469852117,111.37548754801556,191.59958327607995,200.12095094922273,202.03618348144104,206.49212786390214,180.45463361760793,202.09928529532934,149.43312748048862,181.58550013146342,113.26505649370273
219,95.79649411778942,82.64300142204179,47.339637153156396,-5.935120767094304,30.322092140451886,115.97914565728325,72.77661721572727,35.337933021039575,14.745692861730006,9.562630989696743,4.8741961533519245,39.17289681094603,68.67993470917182,94.11593829917004,82.77232695448537,95.24770689348469,146.7476078847071,163.9230762126048,181.45908949496305,124.68377937954146,158.0177524006105,128.7640573773961,140.7859977132632,68.26971751609199
220,56.240674044850984,112.31615678349743,124.17943107803404,80.41521146607589,50.094637783048434,129.9987839194918,94.47763384912847,79.60976647596438,36.71270141126051,42.91831731046126,-27.65944668624627,14.532243784201647,44.56947577441661,93.09888603345323,150.13130632205232,177.80554718236849,185.5938991358045,192.37567860794613,173.2020658306545,110.74726062279969,75.70911043414014,54.84601780593606,40.83442063587859,65.49609299583469
221,103.83433783308193,144.89181624471755,121.10267872468135,96.4985639113404,130.32280504643603,199.93826091236195,365.9047771502088,253.6586307654644,246.51040558005445,202.9312403722006,139.0886647947404,113.70484173525054,124.25542956402506,76.16550525232952,59.391884945988686,108.90636226596916,144.42186036375776,128.2766601985474,200.7743170053817,152.0167766356902,149.0332461635008,160.3159044350521,108.18485893775939,114.64695910475332
222,30.693222088047875,19.61426161067729,113.96600505929814,79.10079809422348,49.55473521829259,113.51575756492721,99.3641851161687,139.9786994668026,100.90469057406546,50.044085436400934,60.937500639747256,87.7654454706985,122.34464925778082,129.08518659960515,124.91737340723114,161.10898752964354,120.22819594319125,123.0635350797721,184.85368165778803,156.64749852669033,132.48838161036497,119.30506379304543,201.8604079797741,190.34254792933035
223,113.22493772105221,110.41946243776461,120.16002420084192,55.55586702582126,101.01811772145308,196.9560222013332,119.34111728699118,127.67654004291073,87.84613273843402,111.60612744027148,43.59992807973667,70.66117536593936,76.08934060474726,124.10916451188814,149.4664620146757,181.86243822653387,149.79650622404247,146.92891034766978,199.86884721351777,148.86909486955224,118.85842329378717,114.51423552756866,91.86751946901882,113.55250766604051
224,110.98052229239542,154.49438525078935,113.63200018938713,67.96548289128296,88.27613988247113,146.2426008321348,227.07525518006628,184.15456334012902,133.17105473381957,78.2272793126091,16.622211493030733,15.623959035992684,90.17763358920303,120.56741904102263,132.91597694744974,172.32797450940936,165.90340116890113,158.38823390364817,110.09307537094375,141.23163486450065,160.90220505401783,145.16654855133422,165.49963231774962,123.34400140350118
225,52.796449370113955,115.95468550711936,125.57377400023468,84.4280103493198,80.83036244067874,133.90158765326737,111.61153073340314,100.81212262661082,44.087880908977475,41.637049236224584,8.889526157224772,-11.458894138856444,41.058052108405406,71.3551897716536,85.90429486375808,126.30325572327227,174.4861393058476,185.0348963776549,101.66066359702586,102.21623068817951,98.59402308763225,109.14670269576607,126.75669955771511,114.40682034469974
226,61.600491346745564,56.57715930355119,101.31195499498607,79.92506044686127,89.93854829762135,151.24677632878635,99.03284557412923,88.97016100711409,100.63251543062081,88.85134509435771,67.26479107625197,72.11235391962902,43.86295120061619,66.59204545078022,42.33191368143158,113.94424707941462,146.5968588206007,187.32874859959927,179.49023141832038,175.29057514056893,157.0985274213687,100.95263209980082,114.16875338062964,68.29215625213871
227,92.5678612578943,138.0870470064737,121.87467736423059,95.0116575967207,101.96968400331953,145.61640159148288,125.57974326844447,91.63037078525151,60.320940639078174,62.135582546837384,7.013345924514688,23.006090915864945,42.840152304229065,75.80804172119593,130.5788965860284,165.81005386806672,132.04901221027032,132.24044925989622,152.43807251978484,162.81450079537615,109.63894522687212,112.6245254486787,113.33124542624965,75.8173533661131
228,77.38379017708482,69.6402571346856,126.81365855727842,114.57323746585661,116.89255767758173,111.86039436927115,87.61118381817099,112.59238603620277,121.28563500434112,133.73347261957576,126.46995538355542,121.50009374773109,48.98241707263006,92.41405040134525,122.68452394733835,138.05196113807384,251.12101853170026,206.35910317848732,203.6870374060272,154.17889411954314,143.77295121884615,123.9684985437085,102.8073442976789,142.23545443279707
229,66.94256614057502,103.63159137103342,97.30634083212612,45.77755631819775,52.18356939850335,66.31453803698535,32.36303366911753,31.158948679479195,37.18666912604057,24.96045025581236,23.476002737760574,-18.144091478225157,40.83518468137447,61.863518422562656,67.52211843520294,165.31888289116017,223.66280471477097,203.46508815756044,160.93035572140593,120.83580618319601,134.19692798779127,110.93274748781586,108.96134498584503,68.93783985245493
230,117.81069213549517,142.5284031718349,126.57776991314257,124.31633992978695,142.490168800675,205.68120305383388,127.27495766475073,150.4770602771274,152.4470625524142,105.57315359720748,86.53252569571748,52.35070808237283,78.98438393259927,62.78664326470614,93.26099287673655,130.41913683485072,153.40950673032842,180.9030080538519,205.1223645778839,133.5914856147217,108.94472802660988,173.51099419933422,127.08007935863421,116.72115694943106
231,94.53687872152429,83.87811034078265,70.5943969143874,75.92069059880413,74.27448992728722,122.85107758330868,65.145257052002,71.5115404881856,70.4925964621192,89.83171081008436,64.30077043718188,69.02738950136741,89.09399728419771,92.0718751331212,112.00755150969853,172.76903980643834,146.14766632577073,208.73631218488777,193.11745610606587,160.2913824614473,159.47605544325035,139.52094220160146,124.77040721341056,133.73331316595932
232,103.56416312290371,129.94191360992482,129.39757836177523,61.92604215623488,37.5719824979937,88.50142767853325,54.83198051473647,38.11405665951307,40.02456160410938,23.17325575530097,-8.586140116082305,-21.650386278368153,-16.549555115654563,3.4902299334238904,61.388759764831654,143.44998305182213,154.48847525128912,207.33322258512888,206.87112844338452,158.79206468493328,135.9625355999633,95.74211229928453,35.470337048872096,27.91471182916169
233,65.69699950848096,68.93820255585234,88.07572856221205,105.71722599328282,99.34672002999471,152.39945412541113,102.01566912952129,131.9652410037965,135.54277377397187,132.05088308471838,91.47627776061563,78.40135462935163,60.85267227961411,88.75622797503837,131.58492160062508,182.18599867485764,196.3833622469282,209.17368640244788,151.23851312354972,101.88039567760829,140.37425430872239,158.94188017612913,164.14929710683316,109.05852678892366
234,113.05445637141784,88.76637076325218,106.21622360296301,95.09104516793268,94.89626584143514,190.78574424212073,108.55046086428334,114.9847233568654,102.83387127378144,94.66426726543756,67.35296955474439,76.51710665362029,55.52240380466559,31.373138850152067,64.41995420630113,131.73653315586577,162.97064388050688,150.84283108896886,138.36073623758085,150.43527916661742,135.1643580338734,117.0377767329661,104.94291201046988,129.63340551719114
235,102.49461464306319,121.78850979016886,135.08032938885452,92.34499041621949,50.984480360320006,146.90957732998282,99.65206757301232,110.58911056443128,79.23922088628424,47.12858263426669,41.770019774183766,35.53375890090655,62.22164627337288,65.28705591619466,93.67111042681,111.4629864311753,131.01397936083285,162.93051717321202,153.95206054460087,145.53808133932006,113.42112195319743,109.41729301417585,85.04784470476872,65.68229246463532
236,101.60723208416748,81.90552455013062,137.6822491495395,94.44234398636047,135.47029529213935,168.78006343302093,160.1239996038163,135.87558086868407,119.50650575872758,126.67781968360497,77.44343904508864,83.41885315763906,78.54936812263055,42.763639224399796,95.23887586056986,139.45773802912134,163.14143969920343,187.54451168580167,181.66515935459327,125.60497685053457,137.4647379230033,155.6717253979397,99.90913304323571,101.08628366183972
237,83.3049424430981,130.7528057087313,105.03468884206336,88.22667521584593,92.02128822160586,168.99130024882592,93.5416040175202,134.35962034969364,93.99367422802452,47.12405681987344,30.11410667806806,72.65893882157995,95.19566365846732,110.16670418851433,164.0976222063515,233.77089300262332,214.1214918884447,180.25641501117732,187.50310310873763,149.3132671674698,125.74762045753994,101.08772731088624,72.29765005897349,96.90189911446788
238,146.8679252283084,169.18924930390656,170.83987947529323,127.27904174662928,141.0731387735613,184.56045533795805,174.16825174165234,163.40348521462954,136.2128229061147,78.7635831031455,68.12965107194097,65.95745483400036,63.988943644302346,108.09504175194847,93.18659517190505,136.10599395059967,133.78694539629643,149.63782560565426,177.55004501705733,130.41596117395036,141.6751574426544,126.32324812009463,112.9730554640484,92.07483007890357
239,83.37800096663157,128.56722539859362,130.87581638479998,102.44370618839983,92.07167328833917,225.0032313291739,151.95390903756822,138.00951260774212,115.96440152236893,92.22099521594214,54.72667944836147,38.43907495065297,100.12220041041542,113.2363920542274,99.84218729810698,176.33872185323918,163.3410666307149,164.60702732322764,145.78617872353652,105.96560386869282,103.81149422599383,64.44557464186444,97.07862277637327,85.72591944114677
240,88.34455443280027,133.20045934137144,175.348011378149,213.87671865122303,189.1950024434829,235.10163011950635,185.8992089879618,152.58154458177057,142.78150526783963,140.97434241467673,71.84597741875984,79.33175924524961,68.80306390806008,115.17758627653767,136.68145252342765,175.89458452115377,159.31885712237047,170.18369781744377,152.66056921678415,85.3221173868424,76.47192361091794,108.06864895870724,84.32285059743838,109.2230118595048
241,71.93906251531956,75.55495622658232,100.38443200530547,107.5537836548951,109.31595424584307,134.07721426198125,237.2830457018634,190.36814227769878,160.96254785450142,92.17115658416841,54.44171810090746,49.13097324052367,79.0526966854416,54.33391184566939,62.34911094619646,143.01243513209891,156.91217663806694,131.72137379279292,148.19739928696447,144.0324997624297,150.59346414353914,150.32728302152387,151.43740362094474,156.9122340706944
242,138.9351746721409,140.02402676242738,119.219486464972,102.8040986532515,127.07189952826246,149.47247077184164,134.49674092827573,127.19422321584601,117.54305252802986,98.2886286508234,83.27202254672478,73.91343746412363,56.76724889949165,52.63538608854958,98.7726853933986,167.94446494270525,212.7181258296141,187.26174961297284,142.9377993739333,93.08627844093546,104.23906790932955,87.69062255270812,74.07855565860706,80.9836156145297
243,72.69559581580847,60.25177373720844,26.471112573600223,71.88711371025336,125.59301275943389,206.62088254681942,117.41141966757549,118.70645142119078,137.5991412744397,109.64391906785892,101.81470679051372,110.0325971071345,53.005395912480424,55.114730985369086,57.30312102972492,118.6994476731164,177.91490421168336,160.8072775348441,165.8879101670519,130.71988562472083,162.4825516233498,142.85547224128965,176.19177590039504,170.6105289450468
244,292.23054494336924,185.41696157392417,138.58632927566026,146.1474580091874,163.74293010053657,220.39859678903005,159.39298241175956,165.25025246102115,107.84801631575739,97.94234711903623,114.24002543205698,93.2642064082318,114.14806297713943,177.0173911377766,160.66878056354338,165.57434059479166,173.73092248109845,179.5533288615875,226.5637803235091,193.53057559707293,166.35479123805288,162.6863373441904,136.44165279749765,153.12600005928596
245,119.31033935439467,111.23230793490019,101.36812308222704,60.8347273672887,77.80761507772672,128.3489515478683,136.49499762113703,137.51648269684122,114.21232085105127,84.04637515398261,72.08131660235935,87.13014258913321,83.15972068529248,92.11346452094695,45.70245726325246,93.99825721109539,107.85851341804812,126.96872460115239,191.499889100606,164.79822141063443,154.60659020101042,176.62574330267847,153.1932418303095,152.76016873181862
246,155.41638194334064,127.63426118991623,82.73620528188547,51.55205929023232,78.66277318247892,147.44645451399384,144.05222971247724,137.42513933003795,114.33747114206356,91.4640882071984,29.538141303608327,25.58518196723088,35.33300697642236,4.430229717862559,63.76965558818597,72.5776832408443,147.1391020652232,137.73098265351848,118.87424532396025,84.07016722695123,76.22339854353838,59.51189574911152,57.26872927614949,55.66320596439628
247,95.3901995498257,134.02499036775555,118.26117878270702,91.28357585084787,72.08039849806877,175.01470620343952,110.96547517729918,118.98715050652629,84.4679947848486,74.66154167595892,45.36182348376375,50.14524665846098,60.4477181076751,90.48547860432399,58.987003060774285,112.76383414229417,92.26846816965673,89.36977647310454,97.54816791424125,74.35457967653767,76.24327168763558,110.07688671512574,119.18285970809177,78.55350323804754
248,118.8880863165854,103.06120851669446,37.11204020949103,79.22211471164447,84.0003194275717,175.65923072108637,141.15579781866242,148.24454400485425,90.43823260457853,54.40462225502637,-1.871201400044498,-4.21381965048721,-21.34064325361492,23.2817773573759,75.8616799774469,104.2060710589756,125.22032652121165,98.6920491119125,186.1613940907527,163.2162289375861,143.7521343476754,182.4542146096316,146.9494635536402,63.73035905370886
249,137.58267978012782,100.89168878771775,112.19059135803495,103.90215231213595,131.15045681163843,157.91102975933728,149.132452124703,232.7960829098883,173.84277471374875,125.85643313757399,101.72359255862146,69.79890174184196,212.30375514565316,174.50226755941537,137.44525790824375,175.58023038930827,186.9410041380642,174.71068292736447,206.92178659860608,169.19243307883207,175.7569814485513,156.71921350701638,171.50051515664063,193.83002142234125
250,126.68418753865922,160.60013529590114,119.2104746078974,109.7491876285449,103.58357656434964,177.37905623165395,152.98695992688164,186.80462859213912,162.1848723765113,97.88419654153371,79.482037306563,10.765851460267697,30.230658214303745,67.00937989634302,98.1869659132895,138.15196150166545,121.39364729104742,118.36230184984878,155.02924917854665,151.52313616546323,120.91989665097654,118.23693396166748,116.05036070687096,80.49966994456658
251,99.14304032175428,68.62557468418133,82.85938297888089,82.83897519568255,43.32489089881999,119.62067136116036,76.01213459650359,84.16393499068151,68.93912857318196,89.02008212493558,113.40834456087637,84.3835551342574,84.20025651556745,111.91813546342796,143.97317242691935,158.17147267766944,169.07382516816335,169.58983503976768,152.59294563339944,130.14123329294776,167.33578133980433,208.47779420809678,167.78845120843226,152.3649554922289
252,77.29235647804165,76.38845621445044,68.82482345959008,60.04937941610159,54.80330972624074,113.56463692688656,111.80433293829967,90.49073028233917,85.23759732588354,45.01946174266918,50.60461811649242,32.738073253508986,28.974625842574362,65.90265090956332,87.41196548426183,175.19635107163032,177.47212155366591,160.25126645750908,399.7786654026769,313.98681971422394,231.75724275688555,191.94725525874097,185.2235498870623,164.88835803548253
253,63.84567118219257,45.09733680599764,100.39333784676677,99.03732711325159,116.83070465596057,186.6138452416541,98.62124367705286,105.80937362498895,104.75664301651143,65.24810514424517,51.51174071874206,68.59678182508014,33.73258055973861,50.87727325450062,70.0741908655805,73.01285702710467,118.26913048328046,192.74229654437514,183.8085499407527,183.53727640798635,165.21323020124123,145.03672316307612,155.89071568087695,116.2486148280775
254,52.26158396385572,103.16438583113114,134.35583117011305,74.5996062351587,84.27268192170257,120.06984529396495,58.3828629489021,84.92880765467396,58.38961105130424,47.08921165266208,54.41262393211943,40.8550073624523,68.08015057366975,107.47317527980323,72.00204912451505,125.09196681365201,109.90824895085613,124.27249100506154,173.97606964222047,156.2230401098503,127.61175855816967,57.52270623745268,57.43964262069824,47.18420569025648
255,145.03069761310792,128.37273611580787,112.37588501519218,88.239986585926,87.09214225331617,124.88422711895184,78.9341275149971,89.90384266384535,156.43287996585013,129.64561889698615,101.31812400877993,83.14969354314552,43.87602697290407,69.80457702119206,99.53774477519048,158.70223911227234,144.20295102974757,129.28683636924325,163.90234015707128,156.02658403076762,170.54970049588277,143.073664444247,99.89662462572701,92.22585833082283
256,158.5315354718858,161.8504544974727,160.7090483012881,96.61728237324442,126.71477988084453,203.82511651772492,161.5727687084516,136.9830645123724,177.0490322517487,117.6265261578607,54.821855284498255,77.14033794212595,51.253477495807715,31.3442131943319,115.47914784292239,169.55420826104918,193.6171407574532,157.99687271764262,212.1645625528812,172.93867886648232,108.81470971664616,60.78010120428712,62.16070541800486,38.48334143254601
257,22.35101231063527,7.335681525714065,11.833027659045129,39.17250886654965,47.09433578976542,128.71835858696494,88.24922913186631,93.03214706822055,79.05770064763419,44.40533940067917,17.086989934119643,8.584833459447516,62.04980976179556,112.42465798934063,100.60276791363196,124.55603739782399,147.48569859724407,172.9356732486396,179.79297293719202,171.38651007821696,130.81700077817558,133.36019053904155,63.630400941990615,89.38997009678432
258,161.4343139518019,135.25740815464184,111.28803231834353,93.80098710176037,84.2674586044933,116.37917327687718,94.44357894803821,81.0826634553745,61.91238873382921,69.82046735568652,54.06385785507369,25.376216786109268,53.99284822320967,95.63383078643004,95.55159211449414,127.09650509898147,109.94192075241806,139.8114551464175,142.94912881725583,109.06507901016133,131.33451936645207,91.1529890828329,98.47311650886536,67.14912810113057
259,52.90039371030206,49.03108106311079,132.87880989008244,81.82026124740045,74.75313096493218,144.62604522532527,158.81236884020137,169.04980593991215,119.44649678100794,101.58910126961607,85.5206275536529,85.39550233236275,43.453214051662414,62.68702254503992,73.17480360613901,86.67193876625801,93.88033308320561,116.06605330537367,170.35335949262003,124.125048792031,97.21103802608602,132.9336926983633,136.5235676366136,115.08222155547513
260,64.50466916189347,92.66249500193852,90.92128829684827,95.45475427637221,93.37460868280981,152.74905355652513,103.44192760919623,61.24894425639221,55.715422254749136,72.98312494461332,75.79629418507461,60.08607384168923,42.96648994978322,140.65705267709285,141.0976155379142,209.1103570864233,158.40043351161145,144.71109092602768,164.42411429818785,129.50367889683073,151.82523307788878,154.10458697600674,160.58709857720817,127.93755576706832
261,87.93797675590818,91.27882232579387,94.15437967965752,42.479666358491556,49.72847531476483,138.66743881505545,112.66546906276642,95.13880266851825,70.22864079558506,119.1113837808871,89.7950872265982,83.04806393798069,58.118639781280514,81.79519490094002,108.503276312017,154.54802701018633,166.3174690369404,187.24514141975763,185.30254441665485,161.76926172715545,144.82429038690583,138.12854547952873,94.1340862055969,71.29534186397063
262,110.82704354285926,125.37465757237409,120.00762101036582,102.56266871978339,109.3495851451286,208.8685819574996,164.7956186822539,144.08116639729346,151.79048506011546,97.11287664984921,87.4005610511676,36.40107072675572,46.3246143835258,53.30622494654908,140.74658212539185,164.9078497375084,176.4111059396825,161.01479638084675,154.15651758886685,132.08051089275347,102.92666879629687,104.43011248427406,121.66083608024691,125.06935958440062
263,136.7522772193406,118.87208415846034,99.41968782032963,90.42343584944211,69.91186983734144,152.84141827312482,132.00833217155068,138.42402695279037,68.01773851914183,75.96975764901187,52.1596613998676,20.560837459613552,47.73161595833854,68.13912998606331,82.6995975588617,114.41993369039177,95.42720379003634,138.04875855909256,162.47359963922693,158.3429099081808,177.13426804929304,145.20652601988974,84.9189580667271,110.49042699959514
264,32.532529794159444,81.18320019448325,89.68195315481462,73.96591663067765,111.61937819368117,136.00299981669218,57.2676621915233,89.24925434040968,99.7139283416644,104.0526533326147,69.98106990969313,68.16979935223995,57.127523114359406,87.3722413568208,102.13072534191899,139.7425068928494,122.22897658057381,149.58710891774479,188.3517680351323,171.78026353695822,163.9990286687982,160.56462619853,149.51397375943702,138.3100616771823
265,35.79815825291382,54.4160096783966,85.15963995162495,70.72277707449717,91.62062181034467,153.83211237737726,123.17746784129764,93.11744786198652,96.36096637638322,73.23092618031434,40.99920991590937,-6.532358482258303,10.842333912620894,84.58213189868357,96.8655735565637,138.3688718526818,174.26739567684132,162.65390473739618,190.95860693887278,171.2021198379351,190.80017426724993,164.5696699149378,123.34587296588438,113.64531264007965
266,120.73286720720938,124.62461243845189,115.95331440567688,57.69610274955575,34.96914575164813,123.03660154280018,132.87678164624285,172.07429247964825,99.81537161558376,54.47670638743733,61.29623110895756,32.798450348653965,85.32892088429874,96.12940209214935,98.46932841629031,166.26605397270805,165.98897197662356,186.62134715293354,195.69371619538344,150.33274170697734,195.99482766353395,122.62354492983344,71.8564546758387,105.12282761107147
267,141.50710131421317,131.01298490995262,162.14849131125652,151.34935467874925,88.51077489501154,143.54152720115002,85.47848820969384,82.87349527806711,77.47490218539728,69.50951092500208,39.71394312359064,24.94318149199807,-3.434904573323614,23.361029330643802,42.99553383846787,154.38370535847372,181.726223195866,219.49913207579286,206.31878259039806,142.5476725063529,153.37934656831723,149.78982217368588,168.39329452324665,122.01513477297387
268,151.57570559244851,142.37606016277326,105.22026057155979,110.40222460719207,98.95532500055687,164.59707272243244,112.98778752668794,139.89691989794784,109.33954203769945,49.36476826627953,0.2503649412092841,10.466129159017548,6.13727283765563,76.62164479699055,155.2217352875787,137.46933172946729,143.64855378295056,171.47281717961815,206.46142241330563,111.07543525343445,125.74535196911171,132.12475832813243,112.17341243033363,111.63776928632785
269,111.94927981087598,119.82417798641845,84.01297644471668,80.62531745120705,89.55963023503992,142.48305172009225,136.3645004681402,96.73771643910389,75.7553116290099,132.5787677473353,119.9016040192046,77.38039244175825,87.43580375244687,79.14860190501872,101.12134555922543,120.65446573781473,165.1311770319035,161.76679507963772,128.60174620260506,135.3484250727045,185.17932559307366,182.01032228327142,177.27771656601715,139.56241745614372
270,85.61754571305494,76.42031854479511,66.92085467448887,71.27135693543732,123.87612117545802,195.70346439301872,163.14765193765908,136.75485816441935,94.91946784608793,63.98295550319217,7.821050742335771,73.2573075875196,83.58224792008755,77.61193409272906,77.47913825479276,141.79302260555878,101.28874219205623,126.31711916774138,106.71449397846106,74.8584237540266,128.34956595821902,111.49723756474937,127.05780987042581,91.26085554791499
271,114.05239070749256,111.19013228368327,90.20641774496708,102.25143805668839,144.1819083536256,192.37728576964017,148.93010855327788,126.65170183739691,111.8889307990948,131.3626761110619,63.45159545992379,47.18287201092308,21.869487518814452,13.004322477750932,56.1540307047299,118.00362243607667,129.78048944904828,130.7702790873159,155.3012454670827,168.93149943463968,102.24575083007866,132.3159397564587,109.18038789044644,115.69092709710573
272,73.52412460226398,90.41215260409044,89.42574223460717,91.77426324125518,76.71998426815726,142.35609386654465,134.48973741895378,176.6283365107595,118.75470965720761,124.58496181782317,-41.21290490767055,-11.732320676064923,73.17412033581549,75.61499997143056,70.84427341836428,122.90372712553321,132.6421752697368,144.9549429462941,167.47030590292215,134.34521127651485,134.09371273259518,134.98660600569875,134.0691061862,106.02809220989373
273,58.010789407023225,108.2324401383893,98.58394333858453,102.64876926906828,108.81239945441521,163.6737724279085,105.40503136744694,134.81344240005373,124.26925426384243,102.76351441427872,81.33012423339493,-7.822066904015166,44.08307440670448,55.082459154720304,44.71559507907219,103.70192927808847,113.35117033682586,200.413064571846,198.21281850070983,163.11388172549803,172.91941975939983,131.34712406736816,93.44972348876067,80.43063852916558
274,151.3259954522349,135.44717492455027,120.43179667212489,134.17178986763895,139.5748661906031,131.59133592786367,83.92434895486275,107.30981049213167,92.4983800661183,97.88248565968122,91.11324475868531,77.9071838561133,66.18417044636833,100.7274584400077,77.83939264527486,126.31645128762445,97.12239676154307,80.54480094679386,133.0202881057632,126.05838803754676,134.94626560912903,120.44572677716432,135.52403781356546,137.67887069008387
275,133.6464556463912,124.51095065624688,134.73823503501063,88.13481996576968,116.30698031877026,175.77019757007065,167.3033289306215,139.4253618604463,84.3337380624294,32.917210408631846,-5.114664525543873,7.325916215451343,36.44315201603278,44.13262014550871,77.54878563361001,142.59365563807398,142.4763820610323,156.27037033255036,162.18952431941727,153.31074593333335,146.35953202919862,130.0365546214184,126.94057147097952,39.51452463554864
276,101.98123272558614,132.2159067534975,118.1175040974947,95.02181548712771,129.010118183796,210.62482590317958,140.23688206157723,189.7919525719822,100.08186059043751,77.71955717033313,73.91226579670085,85.29237426209163,77.08832143018472,77.42848784933207,96.66029820812423,140.99108172215492,100.4584147427167,136.55116671576246,147.14666396068276,123.31314183775068,150.65882916294598,118.68043803775495,109.5044226636065,108.30669855328048
277,83.18202346959832,93.06067404368359,84.63978058337229,60.95801148418121,81.17370463628755,162.2783235053871,108.42532524487345,109.28811780352014,141.69090005634186,83.9023274057896,16.105667487782306,80.23461889606554,50.33697379871374,73.14408275198655,33.341363509048236,102.26461476335513,110.48090034867448,223.23785407357497,226.16886248866254,182.66023823940475,171.89691931356998,146.31380379508911,130.33991193058662,142.43617983486462
278,98.79375069442176,68.902021614809,144.4444196449637,109.80695240195271,112.4981228877022,155.05213153143816,57.63200568849888,26.598956652993152,79.25714177331008,74.21841987477288,136.84646633179833,98.38143244664334,92.55532038387837,74.64111001341354,61.35818735064355,149.471068974051,158.649682215319,138.96064821151268,132.40619749832007,124.67654290478819,142.320433926884,132.36458023401084,85.1584815250499,98.93786162378937
279,106.59889149188268,131.32168497210998,58.3692573511615,65.47809989831984,114.99175313623564,158.59976770944743,95.02669110402152,106.35736862124993,115.82299316001308,92.28306245536568,70.6483988134706,35.78376010305787,46.42686233666091,85.22546055264588,115.37010475818603,150.0732377725147,177.98660408898402,204.8022977194271,198.0954202221381,159.17180848791506,154.62808099578396,177.3878684808551,110.2880626588113,83.14706510003815
280,74.99922718613958,137.382982150388,120.28762723772495,96.28267843370594,130.56066297080258,174.14801255533072,90.14196094008005,42.06627368230619,43.14206587094843,148.3302938369395,87.13714563913031,38.70076515273341,65.74176020760403,19.35042549042737,80.9829159954266,111.75387758460747,138.50987012101317,136.38452165681522,175.33134846097096,131.86560330848124,128.38986827143188,119.10346869845776,106.98175264216103,60.39008751334858
281,139.08792362305104,114.92213024169362,72.07465147542867,55.446523549462896,93.0622396650027,150.05691797168757,92.86468459389404,88.13640577244546,95.95482321882677,56.84250362345651,7.317900144907767,39.95179620685199,79.43837338159479,98.04583865050162,146.15635249252892,222.18897045897674,237.5918869650773,240.22608979087386,221.57877501884303,206.87441563746546,243.7125149875224,183.6193544690922,149.54041446354105,145.42633018540178
282,133.722375468466,122.47292064176956,150.43978423105153,130.07492207512504,99.31719064593419,141.57620873256562,124.24884488476289,77.84504699009007,43.85678727673968,37.770709318979755,21.89734139732043,36.919495353097325,19.88387675642644,11.004895775335982,79.47765688891951,136.02190937910623,158.14479778203633,184.77436444265498,198.1069182043102,183.62576550768952,150.21009365845364,197.75682641052262,176.00536600764121,141.42448451171379
283,133.77046838485452,124.91609311638523,144.57097711874994,97.02953805333871,141.7896102623335,201.60997889711496,172.83400640299106,101.66319554559547,124.06767249908395,100.75020664329425,77.82960251970673,63.27168689621431,79.86601812137235,95.2231564725327,120.19406561848234,134.48574733454632,147.22445688812545,167.5830699960644,110.53998692544039,97.87519907314395,98.83864828815294,130.0586787392977,98.35338707350691,104.57764133162644
284,111.50264431853228,106.05169987480505,134.1998004820577,47.51746777677709,64.450352255715,136.28247149536335,52.25102399095505,35.15829443834289,27.977037600706865,60.52335822465344,27.05268232923281,60.317809620155955,28.331758032732708,59.13514174212256,52.22755716218083,103.86194652909552,105.57355258608467,117.6289106520875,144.1485389060896,119.20360419212813,111.22364685749935,109.86623385364743,89.7107411896541,119.88812261475908
285,106.80323327146436,117.62617364471485,135.97426863053698,88.79690763427814,59.63682451270606,182.92122319594833,108.49059790664994,121.27802789781103,129.8974445178914,111.77279965652937,82.07938481628489,86.94232211881064,96.45361126833119,115.59868470549279,98.1569111487184,102.02808916008873,144.95729284871334,144.38251627913064,144.76553844286195,92.65097108532315,91.58033004268157,124.01120561361888,117.63617969544134,93.41689666421804
286,116.62910529564309,67.09116865071981,52.39008105103103,48.16718850994082,51.23590290978983,166.3391346519171,153.38595375081073,144.89028522794973,111.9130151585845,129.11491773958966,154.45605368775318,112.72397474356603,140.6627079910386,185.62028284128468,158.83757595055113,150.5786461004514,137.57807954361726,176.43189294401336,182.40979946717212,124.66924841905563,104.00206254891799,116.16180767533183,129.19625800213882,110.0313225339084
287,111.90856875738343,165.28735984838983,175.10072693241597,166.60424527508127,155.6321624821769,183.5345186758877,131.05122765483884,147.4564077351331,133.524514723629,62.611631488785214,24.685166891648066,18.92369664282954,36.92733198586889,44.693810105332076,46.47633421095235,91.10985398322515,82.25667652739611,119.89493962658948,112.27074360106451,107.5316108165078,119.86430038418442,109.41861400336705,72.76630164248307,91.57565176067936
288,105.02051373110439,131.3423524280002,127.63437631929361,99.98866364230742,87.80167639779097,147.8213545022705,90.18191577463874,52.24705196414938,94.96604261915789,51.36525812972225,16.559658421889168,51.011924631352784,29.87215536843152,89.4430159804563,79.1861791733868,185.78660237014861,118.41818289639045,152.9462265012127,124.41528503643606,90.61844119070216,98.78172928158702,118.09262829797164,85.44130072046293,52.53413460995347
289,124.90436290980756,105.60493733159622,108.52578036570549,86.6282873143133,114.30061915548264,185.9387685760982,176.11613839810602,113.12237938027837,98.39700796027051,60.951305919748485,28.69710073239881,27.827668442068777,64.45539946220825,76.01116427025372,50.02356467079521,102.20514963770825,95.64410789208769,102.61254011439019,149.92941162110532,133.31298429022473,185.23689880498898,162.50273041319312,169.95909237916158,146.80814654830314
290,62.71195426646495,106.51007761556,83.95781228803286,60.68409715597857,54.92024687115932,122.27086709865227,76.486662888893,76.67939806163517,87.33529271923183,71.37413599307615,25.637305431342703,13.864861448357637,22.899055473222106,60.07852247303697,123.22050506785939,152.04189483240302,171.4602964214655,221.80149901320442,193.29090594409263,173.03260431318725,152.74711529223234,147.61693228391712,119.22696440824667,64.15510548386104
291,105.75122421952,132.7195928060575,143.52938811769377,134.25604113791545,169.8941041883142,237.83524254273732,163.97121093580387,178.04777520151882,201.19777992914993,101.89146980954376,107.7013698694535,74.58095267523512,100.43177511689447,109.36966250942744,110.43637502539245,96.97481956115206,132.12956519403411,148.06888160460628,136.94970636122713,130.86841755878032,122.63921375016648,172.73166073074734,145.35289563209983,163.61047254329077
292,102.9133245776056,101.98978669799523,86.84877125295951,60.43475306839208,89.48680051864889,172.75874090365426,60.66954419289295,86.47892708725217,110.61584086515799,50.57949301624971,40.75664635282365,26.007662371866623,19.866479969075094,8.915778952785885,85.0109690158537,148.94386582962565,159.51844324720082,398.1523111041943,356.62380691343657,250.0876744826873,213.91971443287127,143.0220223321092,152.0454037176973,128.8007909544907
293,92.01124316460958,69.30457032708483,71.27918854537702,78.37624435893473,122.4627289929222,206.06435030467426,147.0174944712057,133.67560337438508,99.05812039812777,33.04155848652247,62.66059222975128,21.51081469070703,-1.7013473294360963,65.71371213275361,137.87808795071467,172.71830254668427,151.43468506606203,162.4089495258696,207.03400186259432,164.5602549372333,102.44209330881756,110.89086894252961,106.87254404597877,151.69299186860866
294,83.73600741570081,78.54717762560597,107.6113300460241,109.61395894266107,110.3461381298938,218.27076680681063,176.15402591618056,119.56373770550826,112.55111412631106,93.40421394883668,89.15300750100805,60.025691736312496,83.09929471862263,133.44951291022932,135.06599609790894,155.99281336761402,155.62577789526057,166.97033266967523,180.05526974970738,164.77615060201447,115.98382069574731,70.0033401431097,76.06317580972541,45.67256559129792
295,78.36555134820789,79.81358300602807,100.35290030483137,83.30135004849724,114.84883748811606,150.2789458430226,138.6291314687279,131.1462955487339,108.74776959300375,105.65831066909399,63.210095244648215,-25.277373760870525,-3.1072391099251107,32.666345509106684,37.788996509719915,142.13924959554868,127.84220608803041,164.94581121087174,179.51188075670248,141.00017912142036,164.25025702222615,158.53347617568903,107.68553072138242,93.1419248547334
296,105.11724567882949,144.7770187729958,148.087111191811,103.38978650174701,133.14406460771517,179.13107479347997,92.12181719547104,92.47857643862432,113.28805486299353,94.9033854813847,89.60526651767734,49.90299251641413,65.21511722915311,80.72152069894146,88.82105791992075,104.08742111067846,140.58507911168522,131.30336558241572,156.8640781836769,166.833907067332,136.42563814070837,108.19292025475758,69.07900377524857,95.41434689833183
297,147.31633741213903,180.23163791156935,151.71463091202264,168.17333690674036,139.44259927499303,219.35103565391728,108.84241085726381,123.97476956155717,113.06999074918905,97.0521176021588,39.883477581500635,37.153191837808144,0.8928387682311225,57.09104176179618,143.89464479955683,181.47443000235364,172.78135649163545,145.959197706282,201.3703678026951,131.3108776349008,149.4804953580001,161.30026309693332,136.3163103471502,153.49238798229936
298,118.8933010908293,108.24239697394728,94.66273400206515,93.27051931419034,107.71350204536452,148.0142699216457,120.202957527365,162.66095439136183,99.00737009389974,77.70440361939124,74.65469776557522,58.366751788090646,108.99152504587244,124.24831303236536,144.31907990000786,153.05013372641102,149.452533315621,196.80049671017028,161.47401030029835,158.23216904900153,126.3956951554526,133.05294950012882,139.18373337749236,131.06998268611443
299,111.77495735387967,84.80924722450739,87.42162950422096,39.496992067954324,59.29870524785053,137.31307599787527,35.0009102924996,75.23505743499896,59.33442176211389,31.59479571060738,25.84994735244181,19.745513670772503,37.717894423051746,75.57804512809375,108.67727908598549,156.06876888333198,164.8448828970128,168.91708200364795,212.56547301720008,134.13656893831504,138.94339658891073,110.77278599854324,135.23963030295582,129.09437154594497
300,148.31203807035934,141.42663005396886,181.16159088700556,138.48049312557364,71.54832159990399,154.03514901043152,90.84878592253463,75.44562566325995,99.00851803867411,72.90681005876118,63.36791477515505,98.57155071293252,57.999111797913486,108.48057354479474,141.99514970943767,191.90478913062879,157.51188481079595,201.97325258339922,165.44566469502487,108.18159359832327,91.5602155268877,68.42383839901242,60.63650016055664,103.41263996112158
301,98.97840711444961,100.23430381295478,129.1651618278862,131.50885424794384,123.62528057823036,206.9379328041625,174.50188942448884,192.65756253353462,187.4184397419158,123.22323116223731,90.58018878354967,56.36142695966538,57.27762529674903,107.36491661518403,104.64933275200445,149.2497434280836,122.39619168639267,126.93960393949799,121.86291270055,126.11815902495593,100.61530817052459,107.88834073956752,105.00752242053218,131.80047486006367
302,87.17962690561468,110.40215436275172,86.4421231821303,27.077043994276707,59.68549553203385,117.57360272086824,99.17045007790645,100.85510425838115,66.80694682968215,60.683261054206184,17.542350961285777,59.55798088615688,56.546694977964115,101.22116730949223,110.05224890588022,122.32728523560337,193.43407782366967,183.0532843754284,211.93506340978954,196.09143754210479,198.47429636753662,162.33708944453156,160.118418220303,108.23768984286536
303,137.38500281571828,133.0961639302245,127.74603172852645,105.83477300278352,140.49415681726933,199.95994337775153,178.10909720269638,124.30317766273507,42.95250047317434,-16.101314071283042,-0.05193470887704166,33.913669661612175,45.83692767441279,34.51367750627001,48.23137918791018,102.34359258888522,118.43203963841316,135.0069697045903,130.18571172975015,186.0637193074723,154.92662251992965,137.84117288289116,107.5722306039182,114.53349893243731
304,102.56454965723238,78.25536151762492,80.29174569399403,43.388554538809245,27.53719720745633,111.03648995085445,73.95134085105906,52.29370601308662,8.153447039249045,50.86266351756345,39.82231297937213,20.11500632896928,15.307792182332996,29.63564243407206,60.975146706871946,100.97857137518666,123.06924483848343,174.5374136325575,124.25332622363264,100.388937065471,78.45413017845756,82.39417614566582,82.06071803520993,106.46540455744092
305,85.81747810178052,61.62497748520378,69.47148923340214,63.859114178600336,94.72107372383866,146.9582991753946,222.7570907167028,155.87866069261335,131.63148223141832,130.70563584459944,95.29076456779813,48.61721067563448,42.54567059466437,60.85593359953556,89.47040134315621,87.38465118284424,68.2910247645959,119.38433052835902,161.62032920478455,126.54004077259545,101.04133456615011,139.1231327422427,94.78631178725968,141.13120304284888
306,125.70052298488287,94.62394632390269,124.88047567902598,78.32222326293103,63.22479106252719,161.81698004841422,145.38331813565637,163.11646763637214,144.3687013754108,101.57847423342174,76.70894150362643,19.181799350741862,13.50024177856126,72.23560231615853,154.28945288558268,231.07453755427576,200.44045171742854,180.69000970488207,168.49711856903795,154.87593551485958,147.48194860124565,181.39858268780938,158.69031020251632,118.70802589192307
307,105.07198910419714,123.84920581272483,131.33681908639278,94.26765354354292,89.55886601854613,163.75217554713166,118.71516840789236,106.17630002034737,112.27965596339494,75.38780557829509,116.62788741932769,87.01559585534338,79.36926229967065,84.1913302505377,94.37976981494307,139.86042999505406,77.89777378838193,134.5241865237837,132.10016688656563,100.1374550298017,84.94500035631047,80.4868152629117,62.580036709079955,50.67976709190522
308,118.36071679815022,117.31882985930024,91.66484438937617,121.1148619127667,141.53910185935484,177.09052403322124,158.87191267273138,188.56108157696235,142.53556109631174,134.29947314794538,102.3334755240094,103.33636298295602,117.17719066825352,70.61389476657754,66.88264825201767,102.59979775509328,118.8073498956287,144.35593559095597,156.8313209842698,124.35794043242882,139.8711974961578,71.78283498236698,58.82311256820486,47.92093339201482
309,107.04711918002923,104.21409603882181,79.81829515356802,53.099829813548425,65.01699387974017,151.97277312745067,112.27863644182676,147.14893638891522,100.53733657800373,109.64769391821022,57.373342611263894,73.35206806196203,102.45546478352733,106.31412242207743,95.56916366999363,177.82915032342245,211.43557951906237,205.973780177974,233.20057526124643,248.8579765934598,189.2652406256405,169.18871258419532,122.7901213676772,74.32653794739858
310,102.5788373795944,103.76167281566009,97.94801890333879,81.13165985951393,107.30447972674816,139.20394335090182,118.70938175188755,133.44635946770057,169.84663951361205,147.51567198761484,108.26509215554438,98.72805229092135,68.06259456690535,132.42358357143812,145.60180502722412,196.95415257432876,191.50027003020153,212.2177774261408,199.31698194908552,164.94688118041748,139.34075852844092,125.39748296026713,120.36070786671988,107.3624679845122
311,82.56170327487004,97.60267572309203,116.86458633030796,104.32537837662457,140.68936745860822,182.35691282393145,160.04111125664477,140.52475083224348,130.63321957273592,64.18961054884767,28.533816420412123,9.806077844132709,53.14394906990862,53.27344858644651,43.47494692604813,107.60871952824778,102.5577624366372,161.85640535995134,189.84953367142072,135.00512073130432,167.2520707971235,132.69044309401642,148.47896580716468,96.05672020701077
312,139.39968137760468,161.00737978436837,90.79115966827322,39.99300954986944,60.62317526414643,165.96053139856312,134.84446258860228,93.8150472197056,134.6879141925486,115.39330482629542,124.38011199772677,87.42933926131211,62.202861290336216,86.18951899853181,54.17991122189953,96.1067791041293,145.95323802040548,160.77350904653454,192.55312443044932,151.8717074623201,152.13823272538338,233.2078332668383,191.37791740967066,182.04031199726705
313,78.80985125856341,88.06051052848679,115.88952840597469,92.66311730440373,104.52571741367252,152.97637018448816,131.94429575963287,119.28559376209274,117.44382049785243,102.62198532975273,127.51207606913006,102.05537128983327,92.64420284705614,104.7050846286285,142.25742565618438,206.32895303481288,218.5412690368906,218.17847132017883,213.16521020402882,207.5713308066826,227.1913620824969,229.37575891787327,125.96032987067365,73.11442491697571
314,56.95398898924222,37.9837636232798,47.3455823876179,46.65940562658246,71.66411801359516,139.13095672666967,125.89121167311637,119.01691032402474,79.41439710825998,14.556847095037284,33.42808139164311,38.3508318322597,53.45212534170855,79.77384351099158,109.17151650801962,150.97459853145,160.31943012860685,136.71933167563972,173.76401906502403,127.86008493644245,91.22997448114234,80.01087515565087,76.30404593907386,68.34278058111587
315,115.12420158841744,127.23701077116189,132.3072552338352,81.45377436044114,137.40409186664607,180.27814500683493,126.68863073572491,144.47167680160254,128.00011508196798,88.48818955919884,47.41702469581638,84.30607421116648,84.00932374287494,90.45396207683578,136.07070420288716,191.1301518996907,172.4676779343738,141.25140153225908,139.4243158794116,148.23914285617542,173.383304970412,176.2432470803402,126.60350072734192,104.26416815328088
316,110.73414122990158,94.15868679953789,116.95660276246407,74.79561062831196,77.60396370917472,173.63827532721683,81.14512448541055,95.69361638834279,68.2279310212222,26.359017703933866,0.6973932130185432,17.087899980110947,36.04248909835532,57.28585861696202,24.777247850340117,131.1999223352793,134.99293153794702,172.83086364383135,191.91637899721056,161.6938568258726,173.26448043871187,123.33184053155006,93.16321087892126,114.62880436443095
317,103.5106516209725,117.83288484628042,132.73380047365822,127.8151457298952,118.87951852358903,155.07580499911657,147.69811701234238,114.15595174020756,124.65657398016737,116.1488941550854,86.48365567171876,87.31704256922592,30.652954182891257,82.94828933661331,73.81723351268155,143.9384577245245,190.04217424234372,181.2767551986522,192.71947893854042,148.99079092846935,149.50171557681355,158.7413996081803,120.6194922139516,95.225938269675
318,54.841215575286725,79.58375868158619,124.89142418796122,58.00919548777162,63.8829173885475,144.7537354290114,130.5581335200826,129.23648812652914,131.53230558710789,100.13827351241738,78.31200914908533,49.9160157626786,64.1451118228733,49.10029289476614,57.22480084224976,145.96221022318906,162.3852111400065,163.47027040143675,163.77381976383492,87.97941169411614,95.8583452906162,115.24455071595847,115.56068809849512,116.53905848150897
319,72.2296784836074,68.0597581577965,80.67813516502437,87.77686006837358,91.18243143550507,189.13276773806282,156.4167695619287,165.78347615525172,174.18943016825705,189.40297085829286,182.42843091885175,126.927097490921,98.52921229192341,102.60217674059237,77.4468717048416,171.2929691355995,156.4146207759571,162.75439465731694,165.6632327683457,137.45958498756727,101.05339314992938,123.37929658690975,128.05084208002603,86.38825401002684
320,74.91424829101668,88.24227760031488,76.49522195662638,21.793930537242872,63.28708141292519,124.856839901116,83.75981085967071,81.60518551582395,65.33248098947283,28.302210997600007,13.919043084495456,-11.765055085442846,47.3718332063841,59.20663679571794,67.48419859083428,63.051409310431765,69.97820892442559,96.16937393664661,146.009151850072,130.97433227261752,122.32133437378717,169.24839404003373,177.9348071347823,179.9236465101592
321,62.29329803137646,75.0690735250614,127.5305258546364,106.60653503429937,116.67376349197082,192.30063727994886,139.28896608082525,109.08808221265092,95.9392470420283,60.084689278979184,40.14209095082713,43.29853528866881,86.21883133359411,116.93979491938032,148.61781811028902,154.29917776716368,167.71121358240848,153.3650633429257,137.39799951519078,92.31434564692745,129.9951641127605,121.956027994944,105.05965013932365,116.3445119369555
322,102.43343060547771,118.96143145695915,92.70102048031296,66.5828156655878,97.09059016360156,145.8445262169389,126.5221241174529,89.58167193620339,97.15631113706574,63.10025261211594,33.71675457611534,40.876658255850685,51.37743538091492,46.052290519087016,67.76277708299703,101.50786541698847,142.3704041249792,154.70081036175355,203.64222275857915,129.19237887545586,140.46149677583307,123.61551985653053,124.51884233290171,78.45272808329372
323,92.80639054049215,96.76878701140548,80.87733280588215,14.569938424912095,48.15144243065167,165.14742648562338,148.61936792527135,140.68866220563237,114.12898886271745,81.85834572976209,90.747021583237,74.7795036488746,32.98004540666484,33.73848036802478,97.7960296261949,124.51179647388734,139.10497776908096,156.97268666144893,170.70537691915186,120.58421266528106,108.16743854546752,81.08433789738712,48.112936860744185,45.63241138067024
324,110.2756193545749,130.9887784350708,140.8855990878388,152.19145414118182,39.76763606049428,163.4189813825897,114.98133457166387,108.07631566015168,61.85077955929415,16.39415195497989,-3.911108121496113,24.64437562151717,72.74531682914392,76.41591965192046,115.9075300931022,153.54856933433103,171.02835138063728,159.950155117769,164.6679581353701,160.51189216895193,176.4779696458979,167.1148732940273,198.35375631972227,166.36655007778714
325,146.9113231302582,164.01198207236496,164.04799816231824,104.16785531926374,76.7373648422042,136.6482787803013,116.48849034102084,108.86535667041787,90.90113271795296,75.74527048210419,89.62494707381366,73.60120924711322,63.1257059538515,82.97211652271484,122.17114670900409,174.44075473923502,187.06149199361175,169.50377565465905,164.45903797605314,171.42285874097445,136.29948834218965,142.8770400344157,141.37100461131627,114.29863239607452
326,106.62415511182341,106.69140740127766,106.67120486982145,87.08390457898871,101.58585275394212,204.44611618579808,163.24301449012873,126.74528500155711,142.0122020837623,86.05260295288863,144.13625129161005,103.52819344771126,38.399283321028705,56.43619741047233,112.46132008010713,164.18187107496232,201.49756639809453,201.7460291456132,192.85374305513656,174.3044874527166,126.20814376164073,132.5720954142669,136.61774622439196,128.48703755189985
327,79.74998175456291,95.3129768405813,174.2153468165855,137.09808455326794,137.17513579928192,201.4844896663109,167.87507203934493,157.8994886979188,145.58173700760653,124.0059658969974,119.10266237248518,92.42006189704817,74.23251137208806,48.48324479438483,37.087922260817116,164.7564665123699,172.46163572809348,191.29144201912837,171.02799593496587,157.8546161511982,175.55479890551658,162.31925020029712,123.60428192798562,131.02757339447874
328,150.40139289201312,124.65766985287891,154.97153389373102,124.41600739043051,158.64838554450517,203.30865932729884,169.27507772100165,113.29351014843112,134.691728613821,134.91708195326902,125.66619778792108,116.01041848211159,93.26304194721942,111.17950801414756,131.2070711304979,149.62472951622087,165.44459725639922,199.13875593994783,158.61779123976265,114.14787749080439,142.9990089542916,123.24046020494379,107.03210604712837,92.04291067821389
329,45.09440893534331,98.07035409665903,145.3339287208911,94.92759345724428,128.9777437250089,207.80644270890338,138.6576250329358,157.23313382005605,130.51665918008692,107.11867414027783,77.02937060613239,62.502927281852244,60.621133218753464,115.71340260975552,-10.377705694098196,66.8693304680049,104.22530537367493,139.58072401422598,168.57869607603368,213.0222707226347,169.84655354747935,158.0184987667986,160.51035113817744,145.05503727939524
330,124.09038357271709,132.68652127290426,85.00562413070391,71.2376199757079,76.12166011991252,161.73982838802436,99.77462450378704,120.39318135076124,104.5803541286684,41.985487037723395,5.248487796439811,4.397887603436089,5.775543275213735,11.843602364096554,49.86845298944067,105.42890412490908,124.93407419107443,161.2686564391629,178.38630716105072,123.32668970794666,185.3239635672674,146.31334805013796,128.68130101952966,116.74364970922069
331,109.00439347397673,122.04820280088234,121.20350617916384,82.53204350165757,93.72643166679357,158.1165678499301,87.33821426003459,65.50655262213243,75.01427445958805,43.06759878371013,61.21165654065891,52.142694164332376,71.1792974867113,42.88459815889911,65.61915441325397,63.395600976832355,108.73877557671753,83.71669050878458,85.31023882897821,85.53440460103333,87.00952376277618,77.87285513257257,143.26202655704483,113.48478513401764
332,166.29114707268008,150.72451686136773,181.20916335740372,183.37359531195006,152.93445727760542,217.66321936037377,194.945566881407,210.75078912012503,178.62987716191884,166.88770270324818,181.10945189565487,84.60704962797683,59.562293117920184,101.59763352468741,148.25976736888975,175.34495973377787,202.10992759039425,148.13223522542464,172.4855818773659,136.61528081741466,142.2044564379559,138.4930231151612,93.28245322569101,93.54192179691012
333,134.1973179770152,89.27795770803449,91.92238527371404,123.20179920367735,108.4081299211944,106.71065089118582,82.00823356098324,63.28126524866063,34.33588509526241,19.389712691338005,-3.4372199627269424,13.935121268034898,14.510067047972704,46.916141815940826,93.45690382606897,155.7236980911058,150.30471304546052,142.66542884173822,113.45846824434227,124.53421145965316,165.03556312844722,133.00497290686687,120.96026370368614,91.62111684603043
334,66.55018742588253,113.37786786476107,65.94771493230644,99.21544418273649,76.08206526777312,171.32876833931599,123.41563151996912,117.23430263197325,125.29717245024794,58.136677122164414,27.170914742763827,18.338028331277656,62.10354397146773,93.8217246366174,132.70978489271778,172.00132988850552,149.5949753653563,127.68998811975354,147.85606402850155,117.38243558575167,118.81606532504944,88.58674997272874,101.05887222208037,102.67884316435583
335,88.53448113112505,82.39661147249102,89.01862678078048,42.35181981356326,42.041295786500676,121.27361265756272,139.24910697448385,193.6254372652474,114.79756504671138,45.08776955816839,44.56980794130799,22.48489424821536,53.27427558972618,109.24637785171342,87.35601728990969,116.39213901907127,99.19846579139305,96.06539729356182,122.61661097301214,157.33139259244703,138.2129301155796,163.9679191363703,142.76240023673404,171.1192059430501
336,6.2601702537994015,55.532320930290844,72.17786384922789,64.29880009285486,81.72793620523996,138.18031710056874,111.63625795361546,139.0003822580618,161.8872307762,162.002577598496,135.56257026919354,93.70256641123966,98.18617899110077,100.19725464174515,119.32408443002733,170.68608521229103,157.6403106006101,160.15445147785232,137.11768340126523,142.4043806550235,129.04249039380622,147.54870475624082,157.56726912871284,170.26408548868469
337,110.36933917613524,116.73223589831667,108.53072806951153,46.10123728650504,41.405312512692376,139.80727242441026,141.9778801025248,143.6426399693197,155.92285556793016,123.6577804753822,64.12151891254436,82.35420692254371,83.05954422827608,74.19386976046539,115.26309994970788,146.4859606343128,142.97414524788007,148.70843198204608,167.01883557788693,128.41648588004577,140.09200824887515,157.5189973325909,159.64133137830424,162.59029223839207
338,54.27737464327374,45.791320285837735,43.03680636407097,78.03128712076025,108.02171729817093,177.8095416597024,142.41516441606453,124.30666922814868,104.49609550708901,74.46974953727312,66.21750871612798,39.90707774636469,61.66344265174222,71.05496733918852,117.2555110671788,132.70844902490407,145.9566480962405,127.60874572213962,190.96067233008088,121.48891577200419,159.85841214047898,154.84469872898774,129.76468046068914,125.20932984360508
339,68.24965102702488,98.75585454755623,92.42489869922557,123.92581563714734,73.1442852977683,153.31619687814782,122.92708651316725,116.55635551294864,95.5752941993126,73.57635471231825,63.42983987260005,46.05953328630191,71.72256490691849,132.08256818042454,138.11707260977485,191.8592258826332,196.89847856336937,206.4680728895467,226.28518900097347,167.20398732397342,146.99999762022654,130.08543227293845,162.185444274076,155.91500704077362
340,162.99281390046946,143.58751265134254,101.37886891983315,83.75523809080639,88.49143517319743,131.63112634921288,110.68221476931178,95.49454911286875,76.81091610087117,81.15902687986747,63.80690475103397,71.09432495730273,68.9806642547847,36.16572558600006,74.68862995187045,156.8569194311527,155.24544782368895,146.13783648370807,129.08389275417542,138.70907191571024,86.86735510548438,124.63492666339347,131.46029272572372,151.2046269886337
341,110.58681627762797,101.07146089351382,74.08380913983342,38.62552530987964,51.54665425087339,113.33325002251668,78.66892389151846,79.38230938928649,92.45086573049595,80.60031598087579,63.26597535192039,83.99093805931692,112.73162824459155,86.49423215222397,144.47295296549623,140.69113947296188,139.88100265620514,210.26154925541002,184.3349298394927,110.22453792824831,160.41675109540233,160.9459565797682,159.66578704213887,136.93806866823482
342,51.786518238711295,75.24804076635067,146.88820420652564,93.10511346651643,95.77477869593089,155.13476926218084,150.77725769065108,160.06056017983184,165.61726120837517,123.73011438080835,101.4708364301664,63.7627485332963,93.95451924229098,111.94221062318013,126.1070259887384,183.57188175808238,173.88193726701144,168.3156758390653,159.62197024936367,136.19790093249892,148.2854973001164,158.8573518564997,156.9012170630116,152.33830051740063
343,48.14475117674104,108.77312106093264,157.41535912036062,113.44248602971464,148.189889404982,206.04134285981905,219.74262021412562,105.45383216177339,107.82725015962474,112.54812060940772,77.79254640809341,63.99584909705663,118.97852441077151,78.59795169889857,98.6664485416815,173.003292030022,155.95749560373403,246.67743850712165,254.25066933100527,189.85261621910865,150.87749343250277,197.8759579237231,227.14428897924446,186.34532645032547
344,64.6661693813636,81.91609708962284,70.04760623752614,28.86627893060715,53.86793566146279,141.7637516243882,94.86805839054259,86.09431514854771,90.98396811423967,80.01176321452913,10.565409252840766,24.164316658400686,79.3056109471546,79.17792930402497,92.35381067885878,132.7940422838728,168.66719416920606,156.3451676642026,152.8070095283009,125.34098525649333,81.87445193347779,57.518557412743206,93.62227938329015,113.77331110892389
345,80.4857550597821,26.41150123167725,55.244330227826275,32.995195071636694,18.58712286760445,25.662018954892147,41.241697138984776,71.66529017779857,115.2526414864301,91.37597822846303,66.0952722132114,74.90268904940827,44.39748052841888,74.10546737303257,77.9975929943297,145.97607545584052,184.869980533636,169.26355769141432,196.60585802034564,200.24140993796382,143.3749259896304,152.89966332507655,72.77010868066884,109.88134571646044
346,125.26307602631358,80.09796365333843,163.07387235994827,141.477992909085,140.3412375724941,169.13610207897105,143.8816739119727,155.61800683433069,149.4755611281815,70.64557079237024,38.78811371331717,42.544813186221674,50.74638514401124,20.045312174483584,69.35000763857147,138.64172858281503,154.9959289489739,136.4904829305988,154.72405546616903,115.93225776391053,120.87274538730736,121.50535715213084,146.65150679304801,130.80239662464655
347,117.08705448666507,108.52475037850901,104.01311949111214,75.84816909248148,122.89987232087938,152.69951445799356,120.35200723473909,130.62745949544322,76.95084121399414,38.74552497220695,24.98991579355507,3.967050447116222,52.333652428542905,113.26696448914498,111.7531738005228,183.1762573047686,182.41245193661524,192.8212043524893,216.6219706369941,120.65889324649433,117.38732035191583,84.62744695420518,83.40382668805901,128.67613552873883
348,130.85437794605298,140.35181698864355,160.11256145578318,99.00226417250815,78.16847659513544,131.07476946201305,123.84319285578837,129.65767062606025,123.04663780598953,79.82536208310039,88.59786340261763,87.18674248737008,67.64073647411696,64.28279270422152,91.69845466462431,190.70428692200514,213.6808993142408,213.6391273250552,225.6376223076819,204.16376179157294,208.2008981681087,155.4345811169461,176.0981892471585,129.7561465282624
349,137.2466416396907,157.22149333093637,166.717987655797,110.02726918065311,94.84587218416566,141.90162451028834,138.03395713387255,162.7900655680258,146.33580485901606,138.87202924594072,106.56991921917667,109.64887791033684,122.59228393708855,77.38556545856511,77.38033943113706,118.58900035383613,141.55850853910994,179.24416727841364,189.51700262497002,216.50370486729324,162.82977887535986,127.32782767379896,83.39034498536964,27.140872261664526
350,117.71823641337392,111.2576960285432,153.08855786697046,118.24713250740182,150.85634086941673,179.28803480961696,146.1974935444942,158.48011826040997,144.720194807894,49.7125583089909,66.30161910946015,76.79088190571996,100.32785799304688,140.92218200397463,124.65049691781041,171.1440383604754,171.19769273396767,179.06186781814537,181.6314047780067,145.47508098481364,91.94770460746467,80.65254929389467,68.33034758949579,107.08140359614366
351,104.39206627067178,137.26154667182496,108.3074254354535,114.05285511172632,131.1257666985087,189.37352746501762,129.41411341958977,100.91146581810465,88.60359630875192,103.22695949466173,111.08128886767756,118.94768154060904,106.18380489953802,112.96712002544595,157.88381991205534,224.05373330726553,152.60661669272037,128.40794464360448,144.98389776899427,153.48649509444684,130.1185215522439,132.39972690557508,169.17162389001402,138.2495177748747
352,41.11725090706705,77.13553181796027,121.12647567315429,113.04282582931414,135.67340604485798,158.69014898397464,139.52169779484257,161.8299700026144,168.3581479875727,97.00900480127147,46.409009831390165,1.090754767637641,54.95716904893607,-0.3629513087942371,106.3765209475489,113.03078941543112,134.951235037875,160.33978264089046,182.28502834035714,252.16694686706373,217.97654307357942,139.65332146661277,81.82691650397447,112.14030462905126
353,103.09630217090586,60.21308393503474,124.11821336625113,117.78515167654542,102.42478546210843,151.09330185401382,124.1181099436096,127.8704668980597,125.73857018304281,91.40500408905784,106.16460681918493,87.89425975011456,88.51520996337126,141.47837725440542,110.64944599564063,167.3745155545646,143.83850656654377,170.9885456662599,159.4304074540689,118.72961084490996,118.4192305823131,160.93958221584097,156.55737352827555,132.626359415406
354,115.08296291094163,118.04027767911838,95.3173792454672,51.33542484852283,80.30027088424849,103.51628328579862,77.37010284034122,124.33508308714453,129.27239362221326,113.87650354342028,108.81300331024218,86.31098023394215,111.36041125845446,127.72955092408105,109.24295473393987,176.57144874357877,139.0486813320532,170.09114864491661,174.5891714089889,109.96747726962005,34.33423319560569,75.8762718436732,77.24608780353228,151.86421253430285
355,116.49141950940349,192.3424511272267,145.73422238112002,133.45319248933427,171.79085411270134,229.94007939120945,204.96113187589867,184.89624698040222,135.21322752156533,80.65626296237835,88.73347896388853,30.50401759635552,71.33170706163415,117.66356378737187,100.36155820759353,187.30766622790844,209.15560964309105,203.84150533309804,184.3126474028844,165.28629627784605,162.69100692044776,127.02927906307941,183.27217496687263,122.2785503173447
356,134.50858693827365,160.89410057206942,179.80736290073972,168.65853159693722,156.79901464768147,203.99565846419026,107.98851802415896,139.49008056467397,134.64744630141584,93.39142739210651,89.91893418498596,22.70216686251576,19.043283681672186,22.9917981868073,77.69862655394712,116.76039839069017,62.51641283581843,71.99709549062942,74.0788522269863,72.89437789395284,102.7078109842183,113.2967402172942,98.27786094030367,122.0066939808924
357,76.33031122360082,112.3861845775053,111.52452410645283,125.68099998776644,98.22337127078964,138.57044617853114,120.72577362295566,91.19156206443874,95.46243160973395,60.2368948252084,38.13337825066313,33.584960872915275,46.708833535324665,68.86308117053336,77.58151549964657,122.41523565658625,163.29388153148045,155.09575244357399,147.14280739955998,121.89126593659017,146.38791568387495,133.68494621974688,137.26013496127806,117.40299571051881
358,115.14940301737514,102.55023098806457,98.98307549315703,112.06416107019353,115.50532968795267,199.9781902300358,146.80089380336784,132.99216853415953,71.70633169825771,57.66471000031467,32.040246111773186,59.207575458684516,9.98277954552232,82.22609335575427,82.45796912302785,167.57660990345386,158.5857778014352,185.58470401233188,172.58645690781208,138.89035581531826,128.76498020429935,76.15252723115937,76.36769282783706,60.258329774106045
359,264.4295365318044,222.71072209828785,163.5934912943555,131.67025676516397,142.358676112243,205.18854889296608,137.11590724934527,124.38551367076819,82.65922812220153,92.39959985144408,16.812170986067116,52.06088564445753,78.36545359716202,88.68004901188696,99.47662378070709,170.32252605267448,200.17312613836407,215.78799771453362,193.17383209046645,152.38041591460544,108.50195997585521,105.01924062840267,79.94302018120166,90.63477429867503
360,79.42045713519266,106.24342625947945,132.2220251357398,77.07799468579186,77.7608497203702,125.39248263170427,82.51382276330585,103.95849513933733,68.34302101142632,72.03761367446306,62.999825873900775,44.867724032064885,42.08416674971475,48.09137940891172,37.583975143830564,93.6352021413108,137.54664121880236,184.76914113255884,206.46927964235812,164.74196851992477,184.87037283024316,107.70651606307491,82.98442511158473,97.16500764196337
361,95.71253818435736,84.72819291029259,83.37704601921556,44.27400046182042,51.622433370282494,118.35148464287812,56.001511227366436,80.76779331300747,83.46371890632719,77.64760610971659,88.7505570672445,80.5825164513083,80.55912900902388,78.40749182235618,92.81768677986099,114.87544486984336,116.27933129346955,147.3509244049621,149.30861355435457,155.23329232190198,179.4048669429614,133.4491970858325,150.41523670250905,160.49279066513049
362,128.18267267278725,107.809405533424,108.46467111588434,86.88670009306482,58.27798280269679,136.56868546688622,79.21094065310112,86.59888969159837,88.56853236584253,33.27663615960831,-38.26896775372407,-24.132181132462826,18.021365234010382,8.245020413556205,57.49148250027033,105.54953682900498,123.1935589766394,103.04761963307479,126.17164793074224,136.37910001581545,173.36437731552664,186.9181578998377,155.20957588142144,153.93105710992856
363,140.03974509604976,96.17514762992803,134.4765234624404,71.81713457891301,70.712318697984,156.1094652727991,68.60932527363963,87.2266380514599,60.85352919305528,11.073617849045036,-27.909352871321232,2.2356650821331883,-16.930208712438635,11.919502806678992,38.39643709276324,95.43970968473656,85.21390769224145,70.27363452966006,94.45270548381035,111.57458928458851,113.91094530662706,100.02285526796612,140.7464492069642,151.99748976342553
364,68.57178024659085,144.3998531795267,82.55284116988398,93.9255550467631,113.1806116605184,144.30889763796094,114.00052294686435,114.19490008095286,94.82484018723063,84.72632843937862,-5.118804328558255,28.70534453398808,32.212575081612144,54.75710512406526,111.85919943019213,160.55394919249568,214.9590575006847,190.27748788499167,156.0121743633395,117.85921540129823,81.24550655770699,82.03616156168576,95.91595402927446,91.00802322006265
365,122.52083729085557,125.19427765444249,150.30035964981315,108.7186926739223,106.4803316005073,202.79951948876408,133.42969774198198,129.01684710128342,61.137139502944024,57.32074164067585,38.22596030801121,18.795692034089306,14.552609494845726,34.86222803585579,8.844820904931566,85.64552911483142,167.65606606296143,215.91544270716963,190.02489555009535,137.15100443314049,126.50717159973586,96.77337918278185,117.43634271888473,89.03976390420331
366,116.4340339180626,102.3786347614574,66.02573702397001,55.436614503291956,49.933658145806575,175.7879584414402,89.66465217131824,125.90151599622425,100.0582144656312,101.24838371270752,75.44842946173993,27.270534269848454,-4.112207933262049,37.41400438313289,47.63067744270127,116.08222692564695,175.77688736092034,193.32720560050004,205.39126631552946,182.22969287979927,157.8469717013716,108.52727257876604,126.84735903503852,103.37288818706797
367,103.21304233353263,125.66883416883611,120.93174711568616,130.35309511891782,148.32383632016803,214.00410709658578,202.18359524236737,182.9031339663283,130.5237892690136,80.43601336155673,65.19542323417636,19.36655560785031,25.89432441678278,57.915259849768304,107.10939899624765,109.06991408747176,149.92438046660783,167.01960467641308,199.94751458547043,158.10001358077741,133.27462649360092,133.65705843041076,101.70672788685523,142.5145382652415
368,72.13688014974106,101.5763691754558,81.08207648102433,74.0733404492572,111.6992249395385,175.43114874257176,160.60596939726284,140.2949607217559,133.954334439614,127.18770427210103,101.11390248854654,151.34924829619516,107.70828131759917,78.65426245074035,99.17745349737588,134.2834543360372,149.96981012480893,166.3736910592409,182.83410986852397,161.6233085349953,141.80902532939854,128.8998265233167,149.12628621809984,122.93695149876079
369,126.71631033613376,152.50801545527872,148.60385653430063,101.80239140821831,113.55924064745633,130.69825591720735,82.68862807879589,70.91713030134274,109.98061942028278,92.55822692626455,171.16921021991067,125.2431588397726,71.66841238656697,77.08855316455825,108.6114361429185,118.4505832293019,132.23394665891956,166.4315290086493,215.8028036955186,127.5232461476341,93.17570002001287,102.83734367705884,66.6493863618676,83.02054818096707
370,108.70730872148013,83.33190817620455,101.31961627918949,107.23913443939037,147.2425437254538,167.54638788191812,102.58976189057084,107.41093415550048,62.48297674083757,63.60032388324169,21.92860276403485,-7.547285306033167,-1.2674609269537243,61.91312349751145,59.9896600438701,118.04922470639454,138.5060106076482,183.0856332424725,178.63832818350502,142.35828263798092,145.88525193216668,145.74800639704577,148.07199344398782,140.57522386077312
371,132.5816231133484,171.96731235190595,185.83816199434634,132.34518731304996,99.52310518222131,159.98810066674963,105.24641429954838,88.68276878186003,67.14028846376087,35.63808179331389,-14.837372610642703,-16.38022134685435,11.748904108504313,44.46387987704664,74.97591403953034,95.11267504878045,122.82581674933104,183.55304861217695,210.6059159563692,180.52168398173856,141.35970573133318,109.0243762757114,105.01052645496614,102.28529317149574
372,68.75948851272933,76.68644716169473,80.00320706769446,85.52850358564147,61.253185777580434,114.4575539832934,-54.48660723417315,-33.29488718126254,-2.010362798373535,26.331806563541846,28.59516479824447,9.576651034176543,-4.839776851018549,71.7847576970688,75.36880034156047,133.47572286651325,153.080457297437,106.91685503574877,142.17007594814885,156.93505972826668,193.9142098738268,194.186763602543,119.92073019574453,85.05031120601288
373,163.55324905005813,146.63582323372276,157.4784267991269,143.8388293033239,115.21656226785721,173.31033804852393,169.98752616155474,155.52237441690062,160.87476123371246,112.4821857018697,89.49982716807092,45.508901538498996,72.37984253036615,96.60031459807087,107.716333965158,183.42521363044864,132.58718081613853,137.6657446725038,138.35164396169503,146.95178511805315,162.99399142105187,133.1626661844295,122.16470903670327,82.68111575823681
374,159.43767632157125,118.39364324352923,105.37343773404996,82.82829080129177,62.65617932213191,149.46388140928292,113.50851192089408,122.17508821595735,101.69849755067114,64.33728994445627,35.38778559848743,-1.3810713783983743,26.769705635799987,64.27774326480373,96.59474825003993,140.21610349833756,165.48414825352748,139.751803239196,175.65469591001113,93.95747981555182,122.91495288011767,106.61976527693409,69.87263426697226,86.79380329285055
375,65.12254100820496,51.85136448100733,71.77768188427851,100.75448291543103,85.72395487753606,123.79386731167824,108.96410675409984,126.03690600108261,89.22241558469871,47.74503330100766,69.13459173289323,46.1972749728741,99.77675540177803,170.2880960844858,182.3804559146016,215.4424846877757,224.5012649293203,237.2466912370279,263.5335442961051,178.22430896767258,155.19080292373815,134.69250514049656,117.96529954779915,125.54243489289048
376,105.83195418416238,126.26229024101812,113.3403332933716,97.55991507074873,163.79887564609595,201.28661650922038,159.2056858558476,147.43263251078955,73.15370814730704,37.59950461871986,14.198228045855927,17.377973977373586,7.850081361343975,31.27589402774305,53.99963787857682,118.19632756751011,158.34823503021096,176.5199937570564,162.79482009658773,132.08879043254754,123.66845245803583,79.1393430486852,74.72387222598917,91.25738307440726
377,108.91405563597725,102.04136681368387,128.06782851527456,97.1372099800313,85.72867712862131,128.67561659542318,104.02563387452216,117.2091254825403,119.87662547117883,78.87191111286232,45.397840362314156,84.71709929914758,106.44407530785577,124.60339417853922,135.04476320205748,169.60883297214366,167.53925324522942,188.82410909252215,191.50981733239274,104.88101119877886,79.66188049662841,92.03842825490406,98.655812880386,63.45114300913173
378,77.89570853744479,114.98190272525918,104.36176711300192,93.79502713301176,91.18666502526608,163.58759840661517,136.77764331367953,142.97066612454063,75.77111160986206,56.95231116625319,68.96566263471921,94.24794367871775,78.54540963752453,86.9226187201422,87.32495826317427,168.08033479138393,186.50425437885377,156.62444373183178,187.48574312530576,151.73429811732754,123.88987426218243,119.90334700070642,149.53768018185048,92.41671222804166
379,140.60681439161715,120.61149853031058,76.61641394593647,67.73366830215899,63.15532151632998,168.55222665043857,114.92320902908759,170.18526225561584,135.55380878566112,105.7386642284172,54.38804566359604,13.56525720586366,6.002073171077342,3.8355936140827254,32.564833499681384,110.46569544143989,157.65798796721592,131.8964906318129,177.31728587755134,135.08647633284352,157.21584358193604,155.07733263085416,120.66541745222577,118.45945311672428
380,76.69559142961091,113.12032784495109,109.02814666467147,114.44312438580118,92.38086563148404,162.7490618164062,29.396050831207077,70.55541107615679,58.17926224121833,61.61837384779821,68.10636315811044,74.6793088496452,95.06027646339061,108.32462841498835,116.56854134325846,126.1935852459477,169.81377164426473,158.71740642951758,143.7692142690808,124.53671872143606,103.74956094875866,109.27086388530839,133.48644265858897,110.14198442285209
381,115.13083783606368,124.05433539325631,102.26733809531515,96.84991561568872,67.96283274884044,142.81329083434878,109.6772456312786,116.56453726865311,143.91510493478668,113.41224052017695,89.45988907458305,121.66071213543003,80.85865378341676,84.65350929718834,94.04779009313317,131.79570481350638,178.2698148947215,227.48871422906925,220.8468271882371,159.70920812976735,167.73005907500652,83.04856457458774,39.64801291741,53.92987231160056
382,61.850646450146726,126.05246138204029,136.3905442179351,60.33782337794675,9.882136318266532,119.93045537531357,104.52294451607399,149.9088432338018,115.09759804200431,40.653203973573326,39.55706732075582,66.5085488387532,62.48829033013323,68.55842807161683,65.4466706625454,84.11815378824095,91.35315330715385,102.18544986260949,136.78633679008266,73.77402514947651,78.74040615384902,89.74564459338369,103.44946581127556,91.39350427519493
383,130.9008143301695,112.32271318991656,132.59379573281512,135.52024773339446,142.90879168387323,215.74834665979893,161.8618033464005,136.4668255334347,85.296609994483,134.18288452161028,84.79796884860176,43.95770136514052,72.21411039786881,90.78132220052943,92.47487953004412,83.16459378432106,147.20606637852148,161.12812676580342,167.16798205521602,126.46044528009844,142.37664126191044,106.05160235258796,80.90978120733425,82.22378534717276
384,120.05513614131257,151.28430830635318,155.32610295690742,127.84211609531363,289.15005376486243,259.69400608880926,162.2494510837401,136.70613672556217,91.92026656878998,112.11490768448837,113.98516709343707,91.622095105325,98.22689693396859,89.8263866736038,95.42963816540512,90.46804466607067,176.57251261181761,151.75931127990947,159.50989472568747,107.83972970176809,97.05774424485172,51.749379396230694,94.76201081867171,76.62990709029265
385,51.15645758700367,29.111210497689413,86.89647742502403,52.70394897782928,68.84725333069234,155.20794499284227,131.04087634221924,71.2943996480572,68.06643517190423,37.76615338024659,37.725297569900825,26.252248133515685,17.340436080499664,60.23942043705702,138.08748807064433,204.41099840865178,170.73140174562795,193.5307966803451,210.84525936224276,167.84597416676908,158.22107633327818,125.67660683225019,96.45231427704968,95.56220115316174
386,64.86427687867375,94.40229625611389,88.53584691183369,73.14820275167547,100.5534061892591,196.25691599837103,192.84993182222496,183.565606708877,134.46280099704785,107.85986033894564,96.56714048041636,41.1011524757439,84.67287442893492,136.28506214064777,127.14167778385735,131.04129567906432,126.3062252219052,146.8164634233198,155.16401455998243,126.01995557067009,154.60483014748127,133.18221646801607,80.26071802449505,70.57323337069872
387,75.90537759699012,62.223794138036624,85.36231144779488,67.8025688733691,278.3130264109582,313.884636251046,285.11984062138873,194.36640159189585,136.37774924001832,96.17681576010962,53.24816143560586,78.48433928362805,76.72608774402359,146.4596343753726,118.67717644155417,172.81112322036984,177.99856139777225,174.54360074104832,156.95124376103666,166.94722064246426,164.31285758499973,170.65622150930525,127.90576216649198,65.59661023563324
388,107.5234525162334,112.6078816135874,95.27631397280933,63.21861124814345,77.74259931223337,133.91182741733087,114.7198149136062,84.14144378395898,119.5708534708613,98.14328053599964,47.63050522933265,32.31871750415522,56.90517375682042,64.65914069647391,65.98706379349336,151.73824843524505,171.7845986005362,147.33029904143478,178.06250268751467,183.03765734159774,129.5251577913069,117.20012633667262,134.38580097104284,111.2013729056713
389,99.6239267900926,121.3202125112833,94.64678120781227,48.853817548218444,82.24246517983089,189.08672083155,177.91502273799188,151.82712602272431,108.89902712874311,71.36895282016327,83.27245235318708,51.42023227538912,88.43770960713346,113.66911281392098,154.7300148104543,185.72037679941667,193.576133563497,186.82074916887828,212.4136271354588,198.383992353405,190.1946273880268,136.5099887468591,82.05435412365101,52.12179847882322
390,105.44961534285416,135.8902812953429,103.23301140036764,121.46069248770054,117.09730025094939,151.96066868940244,118.29609769687747,121.73993215458626,124.22635905560384,78.78752894170682,39.89819169740255,39.767682854040125,114.86044505294194,106.72247140785348,133.2361567281397,179.9516330207196,157.7322634546797,342.6364105852914,306.7478685901806,226.70538104429238,186.41492832793475,183.60246098080762,167.776653707313,152.35743242883666
391,47.20610234747854,46.615545520262884,90.94368725447674,70.57663823843764,107.95992472334558,134.13919080333474,76.6649886300041,65.40308835936115,83.00147877217822,116.88594381515033,91.34980077120359,58.86096789890311,44.09498530336829,72.54606291556314,49.650220849424,115.95622302794035,135.14082589968325,155.59891114868063,101.66914048676068,116.67975872600489,89.59300161784418,113.3767719808728,83.94984081291685,72.20420734440367
392,141.820537574713,154.12382325213275,138.03002660831024,73.47485921427916,84.3961694287404,143.7433997152901,110.06641738662915,122.1133510306421,110.40015703424939,133.45076790022642,154.72945410293863,162.54814061131867,117.96960576869134,175.161717939933,171.9466605259914,198.8248213260081,150.52080154776263,214.94001180232408,201.1399472459849,155.3276317330326,129.78212858016144,45.06817595036817,49.35988930618737,42.40323051624085
393,117.0040685157712,149.51240900241152,93.78901438516166,60.09915917361963,99.14939181788236,138.27426910856127,81.24218265007434,92.54078231603509,79.64144501607308,40.459946856961125,12.35505864604076,-30.436127515382346,-2.023448884076096,28.49688426571855,17.42840330121517,101.46589755664893,121.14924278315885,146.13753563811403,145.1697260553833,106.54990455497341,111.27828842152513,100.57334870973156,114.31205449769462,99.64613294468249
394,87.57650691735125,93.6800809865223,121.25514621510943,99.9728470905487,68.87710271954546,117.15861410509957,70.72520148519236,79.8365246622171,69.81472697983295,76.05289367099131,69.95356832791171,104.22631077161122,134.41006134595204,149.5758887991082,152.3595365192671,165.39613832886832,184.56168361508261,119.70247880712766,150.73600421197492,128.8909461384123,117.15079541922071,122.74647248452011,73.24506379206221,79.96792375533661
395,88.19581530909736,114.46261447040878,146.65413164678353,145.0271339654882,166.0314902458456,237.44522097093954,182.74995888970517,99.90359403924339,58.216821704585435,48.87454819469252,78.92480663186836,83.3231487700355,79.73272294854416,35.322860776484966,92.11890457625992,130.0075040986153,158.41460468433712,167.15010868512417,188.27195197531907,168.30307250909948,120.88912529062478,83.7328898864447,126.65936870284894,132.6439956013737
396,107.75695095284998,71.86218278913685,105.96147786544377,73.93602066549104,79.89738006652692,148.03470476005873,126.3189157796484,126.6198657193219,140.6710183361339,103.30385419516489,106.43994383062447,102.98164614356969,133.6089907968794,101.63751088206291,57.09574884492905,139.76839300510028,198.54005752296584,166.53564619451092,176.5274335958117,128.72043923304653,196.6757975173694,178.50203671275204,130.12538877423432,88.72654658210382
397,124.17315770695723,130.06654793014252,103.2368322626601,60.03291601836444,58.356443732865,70.34618450696018,91.24458682198362,135.371644316519,109.9617338509996,83.99441229932226,149.86949340771173,91.6156631676635,72.80116423321833,89.1120634232263,72.86729419766002,114.45891618098406,118.96020262841351,172.010161085412,188.07434223005032,183.98403144668598,172.98845062048838,187.86282887925591,193.6179862586805,170.42337854691274
398,73.05108790077696,121.36731394254647,133.2736664616457,117.29675518766817,112.20748904240078,210.64859705922504,146.23933668787924,184.52463503124977,147.78462995786788,127.45437589424749,96.6596601923979,108.96476984420936,67.37335767026657,87.96058279163003,122.35195557744781,155.82604419161305,167.41444909177716,165.04141866279235,119.28617804287774,143.43567383207647,166.10530600859656,191.7516727388993,159.47664426067422,130.04144882523002
399,26.455117808589563,70.46836341044485,42.03142086600211,-14.96912575259094,-25.589606560591122,91.8760531311877,83.86528111185713,110.16496653157002,125.93197411109446,100.80251219458502,131.51973036173553,87.0142685512929,82.09587112911237,64.69259197874243,106.93668047853464,67.77541506170772,108.92241374965178,160.65812137879612,126.04915853266644,104.1984086710753,111.15626375492658,152.19086118420964,123.84729535760287,131.49971793076838
400,117.66230311012927,155.84471030617777,164.00559264913284,122.44429631651735,144.64456082020973,178.76965155316668,140.60190025802865,87.21266848254464,71.84413056677806,56.567441353951075,11.74355048005404,-13.963109296658693,42.75765864572307,75.89004956382449,83.19401135084433,124.57351160426357,138.4449767064858,168.18066897049297,159.96770671543638,157.15406833379976,153.86747638901522,189.38853922694256,152.87841358126923,116.66786432688195
401,157.37652769749297,153.54684085545813,167.07234818479748,132.74815086384442,108.3922830680665,216.28430741551549,146.26836833767823,154.97792925975403,113.43325384159948,95.6828333072402,29.35198160382926,49.25812091362873,83.48776374982015,83.52047517292958,97.96182641842798,129.0769846893563,167.94797590424974,185.02569611019544,208.3372535887451,165.5751428906398,158.24588985234007,147.20295095091035,104.98235116691731,66.67983320698517
402,108.29866572970954,101.93402384455055,107.30945464979135,70.88791208815854,97.1544984959764,142.2954475567071,151.13943254077603,133.58846194904427,173.50730471419286,150.67726754512177,62.70114675231952,80.82059293711092,75.94326804322229,70.31555613390458,66.18906001793499,112.01883777977616,105.96202231480382,103.1116579240068,96.7868652202263,62.639566253423,79.01542712802657,86.8162133633889,84.65722509827071,48.999835801331464
403,75.92272119457893,106.15674720474935,156.36241862608316,107.75514943726897,86.04973194999292,151.70948573484003,147.20929880936674,95.83449301641484,107.64293756961433,108.73010497307786,101.54800411218413,90.29509880256103,64.47136327219631,104.64570549302701,112.5757206664101,157.69211568341993,129.36938213401754,134.8534710369787,150.82524455566715,157.82020192898358,187.44205857662783,159.9549152676851,100.38912438646955,85.95677965367477
404,101.76327674819022,112.8930928919954,127.53493044977077,137.1244022467725,198.4513148536681,170.78918577344186,153.07346310954964,120.11051920107249,130.19964807417676,71.6440585768461,62.19285241472386,34.310880192810245,12.812641732817745,51.26809136814767,90.5167694179132,177.87936730683188,186.019023090308,177.9933706530017,141.049641573782,142.11020653479514,115.50907286458711,67.91555852103559,46.526486126166546,41.22537032075684
405,135.36503617600698,130.65011597468128,162.81914335219068,104.94044497210432,152.68282268585622,213.1133437983553,170.66318820952742,153.6659112312738,156.57193343691696,118.50026130087784,139.29487850828636,86.57000632889807,113.36018001374069,86.59843812081053,108.02011688830196,155.6809686446729,157.6991068378556,178.433545600875,126.13734300963326,125.70906677409708,91.4975100626927,40.815930405042366,61.630368018036066,42.80074925389465
406,90.41972579863325,122.68352664306173,118.7039900448152,114.04782819762971,110.54438689456221,167.76984821245605,99.64520738373889,162.3834384262353,166.1271237547115,133.75952197393806,100.95736410123021,40.86898725617334,70.10281071612974,109.96834591682433,128.1630093710623,109.79000980503585,185.45747729872127,157.65260793480792,190.0074924142881,120.76914662879439,99.20352412587367,81.74406728770037,48.63372491785529,54.648646641714336
407,112.23052936024281,148.30811386400975,123.30750037865634,88.7594711864834,82.21243951382901,149.36575649736216,134.44886753441747,102.92814363394865,69.87175350996574,26.284091497167196,24.380223738223286,43.880848062363434,59.116438020648424,7.224612918088269,46.680391630162795,83.29486016457818,108.85199124978078,178.8787070162232,270.1772588328393,187.4348806068778,178.05751774606782,182.42266511478363,177.21320429519707,169.33892709921548
408,91.8331014636891,107.31528893518328,101.77685975045503,121.29677220673221,111.99975682110735,185.75922688076201,136.9208273731559,129.94511104021015,120.30089941647289,122.28844121713085,93.51891173715843,71.82930262246286,58.76268629672537,103.49752380204373,133.87505685455946,206.98866873049167,233.80146432906403,173.33516384695176,180.173697655884,146.77760556609388,182.04882520435234,132.35337172604082,112.89677918105993,105.7649613147885
409,122.83041614548608,135.7969411005634,148.7430711926595,165.35507717256257,171.87922606728281,240.33938623443976,165.819829410075,172.37098213745816,162.5080311496373,132.79749891213493,82.60916689481586,102.35388430526932,99.40377458305828,124.23648241185123,135.00509020732324,144.95759723195533,178.44754501321557,169.64087910938184,227.60912640254895,218.1251290265518,180.83134821307752,127.87560668616781,122.5224881229979,128.31488585790856
410,117.51491895642032,91.29445762476257,108.24439816815789,103.22579697320401,116.28501465339824,148.15051170735697,105.29037421214167,150.75053832815712,149.22810496540612,126.70454981050618,53.33269907735921,46.04510653351331,29.58337579296787,69.91719839012954,85.80142781913808,117.96388408591719,142.1542281728143,144.12392289877366,110.99430135183373,112.50929155188679,88.59545428045001,92.70097534406882,104.75067054947615,111.52818618123857
411,-38.46268461767056,20.708165338649536,76.01767351524192,68.66049400879444,53.13337742227891,123.03791597984616,145.47628838041888,147.11159519748784,111.2617473546743,81.62596690591069,57.33390377108045,49.83301563954433,43.487114587006204,60.725532348479334,160.92145333228507,154.37768364737434,181.88976699302773,202.79331557798324,246.3380897924612,205.24850334706736,178.6647162976024,136.71707930417435,65.03772517568885,95.87288026289482
412,129.59122699275423,-51.543250990883706,-15.771391648703428,11.011781148113911,-10.109770436462313,74.85599928729982,78.30786032684902,82.98888671559105,140.1078990227086,89.53202990752183,37.46883858787967,23.87502783850035,44.43362911739384,56.4584717879971,96.29503498372311,196.08925498271617,183.68758381960384,198.94459378732438,179.23742927941396,141.42000526327035,111.14339607439456,106.96597263214734,68.06964956157832,66.65819806955915
413,106.37428479379292,125.6816093389536,147.58671934089753,111.69463775111922,106.62863704254042,170.23823107528972,172.78257822793174,111.73238107908313,147.7169637097309,109.62794228907097,95.16153081945038,40.82346353657306,76.37611212753632,88.15474362447463,114.26477299987899,146.409212996372,181.44625754317127,185.34154130394228,130.38094074398964,134.10120274161136,121.33605351086324,115.26957034347316,105.21644778199338,119.4914207062519
414,149.70486297738685,152.4843860793846,124.04108701861321,98.1945078416715,83.50154705612441,101.64942770725482,113.46030325204096,103.87309427885538,112.83185933610739,64.20143631360105,71.72396840224272,65.28904797921726,65.09190177801382,95.28951676125732,114.81096529146137,181.93374199716902,170.87792629725143,182.46673872850604,222.1097400072164,166.87441772469273,173.44701922968815,110.25582914970796,152.07826560798122,130.7604116143001
415,109.9289981713045,101.05254001388447,113.04102511142136,121.38103237538263,105.76602458329832,190.6264242088817,130.76011511110949,94.2005800860859,115.51163898437915,90.50904031393343,87.59399774800494,60.15113110762301,76.50733278343802,117.2383636220483,110.06552905128638,176.62417632544253,156.21117327241078,161.21669404850735,198.05788277669728,154.25230286605898,133.09305047004284,118.69118811976699,105.69248378558602,85.7453933728067
416,53.93610268806775,74.07474391627133,82.63930390948977,54.57041550823446,98.9614389398373,158.06551958386888,98.87154379732543,139.7538582456211,125.06590763867258,82.55899130749279,82.7587783845529,86.39756451871372,93.29282760091907,74.12569415269398,95.8651124262402,131.53717091855552,149.32547874785703,168.3780731854178,161.84948958829943,116.31035523957185,157.26016807242348,152.3131280401522,123.71112392258311,123.12093009822154
417,28.758620577124873,29.759321072704836,32.44892449874226,19.982357265775946,26.263034181422157,127.34325316379531,90.80008307437569,81.38487374590275,68.9428020971308,74.35654244308478,78.01323903262673,70.65217197906821,133.61031098262646,171.14135270504568,118.01548785163291,161.09559972730435,155.9745396881919,196.90704274477324,203.39653403148364,157.85164589948675,138.6080802198748,106.02818560040302,114.00349685541498,80.17346027017257
418,60.54207370661079,94.22501452744696,99.9190763082709,74.21036509392951,120.47205708730792,208.0103288106371,116.00593350705591,149.9038611805704,140.41542747283052,131.78220384043823,112.29861585156492,69.92942314051169,57.25041178844721,43.039215498518374,89.34267011418201,111.94713179241954,125.3687286127967,125.57283936321426,151.8505478042604,152.21756920325197,111.54695726810866,107.67356193550418,129.10022399640076,145.28335399008455
419,132.33793524477753,139.53621254641635,103.84853691048772,84.85895211482706,48.34456621961027,102.95059087192334,30.769254277467027,62.42843900314564,77.47445401284003,52.050180997068935,102.54464443381167,84.06464268585793,93.96385488801405,63.14679387794365,82.84093042752221,101.47828221893373,133.48495913728254,146.42490787917401,134.01064876247324,164.21430572447943,149.11471211874664,179.53823730559898,179.22672480622435,193.24347527557137
420,97.79647277970929,63.37681026934884,79.23982425769015,64.39167241348933,74.01150852633216,144.70445635734512,103.11261330050806,129.1515713706001,67.0650045694079,77.15967897013472,46.04185048564345,95.66809142368362,59.223667993620346,80.33630544758229,89.69176259226971,144.7516690434613,136.96526059154982,130.88886928703715,160.71951112675214,141.84283619634587,147.13388582177674,159.8019078010462,141.77826245468174,109.49518284091694
421,131.82285595009074,191.75523289554232,140.54337874457923,123.08874787364343,113.61862934074499,194.54165915292026,152.50299492178982,192.18117715447306,109.953639942531,83.07684431710953,80.60510849517586,73.69216412167918,55.63152446729081,26.538292211927818,36.870129770904754,85.93216156179997,119.60535352599713,178.70490230202012,128.58426416092072,125.09230501890437,106.01461629627802,153.99754337225642,96.51140082254882,114.99044385309952
422,98.01414339403996,63.2381541107802,81.78361403376468,99.95742612734995,124.71158349702874,160.6610874942696,126.83449675289314,120.12473547869656,84.62676098149595,94.74648276754468,118.74539800467787,65.4130863136896,81.14170596632133,81.42343665099617,109.38216727493408,167.26912586469578,163.6748301189451,177.36680200801524,170.68383288705698,115.89482170512089,146.46448816535622,88.70567360156349,98.01081775395498,68.72401939459529
423,59.631279515631775,79.85779683524508,92.3986319813555,78.9259501872256,72.299366747888,94.73547262905903,64.2301459903759,94.60198500545766,59.58361994447144,89.47194361914146,81.49019055025772,87.47098281368689,102.00127465705685,76.59447938594832,70.66070414110996,141.583196858651,168.0799657787668,168.09561344492855,199.25383463385182,160.89544138053142,104.22584985101209,82.70504477955706,80.79182013537775,80.86697264145478
424,109.55769745064404,89.83148416057693,134.6632335003755,93.46713451236946,32.42380532742628,124.68318985974327,69.0446807975294,56.74514468353013,75.73227952788514,5.349910438444624,24.40580541925204,37.77699865653666,30.614975002590974,64.84578327613141,103.08283275369683,160.8885129227491,214.7649118776115,272.5473402684767,235.51196232477017,156.8614940441476,162.06291742497902,135.37589070050362,124.05022694070823,116.12532957785515
425,123.04655157636658,136.03643133783507,146.6571525908583,113.64438266353982,141.87088687918697,156.81416498176438,124.55905930120878,68.2616797617855,35.06379939957414,-14.235236611892773,-20.71167424147626,-10.646039135371545,51.165090659946586,82.84716288841629,93.67192773614629,188.7452269392753,195.97214340363786,187.81108821374465,145.69766653282133,110.09794913728251,156.45432232841688,135.17786020991952,100.19152681442789,63.84041168559184
426,117.80760990030058,117.62355855649432,76.93685571346049,91.39899434550702,123.19704015930705,191.18690044955457,157.05850449899947,100.61446786342603,76.93932161537239,58.216988118851916,63.49848757799895,48.1099193956254,59.49955591543814,46.77606412838107,71.96328401792871,119.88392488855658,159.2311225741741,190.89408218021998,183.157918869361,175.38315776809554,114.77647199305082,107.15297953806555,102.61513101231156,105.53361558065453
427,94.94792352417993,92.32011216549911,108.38408206210096,49.21761222180237,91.91098734255203,89.58981916316901,41.00514356121052,84.47027781952441,97.8099615225276,29.493687873512208,52.831226502910155,77.23753398969785,53.12427628847237,63.5216364517818,74.21735961297107,143.73478423672444,113.52360825901157,149.7570937423543,171.2892963381493,134.52424373659488,110.69970462484969,120.26128416810037,110.41592484827108,64.09653135121852
428,129.6924912554174,161.49935709830362,145.151000520733,148.80027604428966,132.5637298594161,152.5796065751031,104.85811603269354,116.7771961427593,122.41243626558457,92.58009444100892,113.10218232508865,76.78273912462782,43.04866920462746,57.85905224480902,48.48825085401239,124.40814779876013,151.24156457462172,167.04353096680669,159.5169938644405,133.92972728012347,115.30991668289097,110.15637883957272,64.17997539822522,64.02267872854418
429,107.68969289334532,107.57467650092192,124.2674281573393,63.87736624156968,145.26791243017675,215.32295406212808,165.57826508291785,161.0126984368007,150.73460393866083,109.18158727862105,41.548164092282825,57.82186587120937,51.442014023727936,56.25468175642098,61.80147065292597,129.6592791170395,135.51766177882715,194.46002057856555,217.21894663347695,210.55311737222348,192.97914196642927,203.34753831434222,151.86937681674158,113.68575261448632
430,63.16647734044767,62.36589847901061,114.78123251728988,100.98297293160655,92.5566842359023,196.53094463119695,113.51798175737922,102.7347499392475,112.72929814067567,89.7347748237053,88.91349761575356,108.67239522082824,91.23994362892549,107.69839207097144,99.72977016178122,121.2791804604052,142.52278326673013,160.1821124357432,168.46382234662076,122.6472338684948,107.15918650625949,102.38868727718251,36.09425241697416,47.17187585985022
431,82.56224079763979,95.2073398330691,97.25210894642818,74.55555487317653,121.276375334475,177.6116762584329,61.039857652182796,50.35370711724437,36.455674171742004,55.55284471484307,51.3657486528906,86.02505503470042,115.27397715932483,123.00915920802366,115.05849009581046,141.55396228401963,175.72638092516874,167.92585171169864,131.17791310598022,158.5101166108558,155.90941242896722,170.74499663163442,161.94034480205616,91.55764415169963
432,109.18030525112792,142.36377672904308,70.78203264674687,64.04409866822797,76.93414852561256,200.3534710072956,148.60057443850638,128.11885974583402,78.58604828869412,61.74660840746108,60.916390309752416,93.17122246798351,90.91833108311856,121.6193879500647,106.70210785477008,152.18511877537483,162.7470008884161,148.0013966298239,151.81427801633998,107.24183121802699,121.07764753642039,134.68612543323746,88.88716386783173,49.600699482258904
433,91.78177540298661,82.13973236497671,77.74984265939062,14.550899281457447,4.707479287563757,122.65852123477394,95.36177887341142,102.032898155833,89.86407784520843,72.90898637726917,9.5818917864217,6.775243508997484,72.39393743746663,112.58494818974256,123.2631352172802,206.34453741665965,153.76829532093242,353.2513878445166,264.15507130645653,174.9202580865586,161.10855518271447,147.8006677108089,116.5147663294381,153.08202645624644
434,87.12546809526208,107.35423906729662,110.34026949079558,45.86279014090605,81.74884425662268,157.33540794367767,116.65502700273,78.51281251771645,44.225123614267154,-1.6019667458405422,4.945592634300773,47.88897273889268,11.38990446666216,14.711896581612407,61.14699676596691,86.11846917828429,59.29286355729123,77.97135030648522,65.62827274635534,80.79455754957087,125.95565272338445,86.44658425890694,78.50918313070777,63.8923212318623
435,165.5321861130031,132.26008293648195,149.0336000522852,40.27508593198986,43.36160998736308,90.5541156394593,144.10837034967975,147.54317115796044,114.17276679189851,108.16333115583811,75.74277014906319,65.81041637558756,49.669230957290644,95.68563484372368,107.37655495325524,125.01503929109367,148.82913681642424,168.57849597217808,229.36521617899615,177.03458202847375,164.98941170769487,129.20632723292675,91.01061911869373,68.03834251748076
436,101.13642311629418,126.48531759407166,166.30890642450504,111.7104387931303,128.57825835581434,211.72332155208903,147.29327903314666,141.8297378690818,138.12642165235056,104.87596312154876,15.238653295545575,21.35550828202001,38.697999124560596,63.87091429841347,81.86384684871567,151.22696166004778,206.02803070200426,246.97436158278884,230.61683185789434,187.98484644328454,206.43181969138624,179.39138578695662,136.10290346300275,105.7051018589622
437,94.30739994303872,91.30405949129914,114.75664441704566,109.85474319970632,126.7788261522271,206.31808581297886,166.17998732868097,157.16294025726717,172.37287775393855,175.36015290236665,119.8656897532584,114.95181657938579,105.87231252183798,122.17895491594918,119.23442647362734,191.7934615263577,196.66635856926533,159.76236927779553,198.00097000299675,156.4586724306034,110.04939639358656,74.02182728828022,46.94555982835429,13.697626728070048
438,149.4375843409512,92.8962741019213,117.05445857498017,55.44902887380382,66.97087075019819,130.7518780036798,25.661895472374965,27.42733082914529,24.18124613711089,0.005319850990360919,9.58077949992213,52.70611068674742,24.743950370539736,45.853202728058946,70.76580052859441,139.90323490148057,170.24656945108563,162.24355667936462,190.51847758777737,169.88313462335876,152.527895832857,122.9272327637883,105.0013213988306,121.85231925274515
439,136.661430445232,131.3400222212111,125.08515157537218,121.2899124505224,112.43646704885798,184.5147782342197,105.40001417226675,87.99902770731991,87.38704884444374,118.9538032268733,90.88580855031879,92.32409315588518,81.85704240131635,70.90425375198534,103.68822680277788,115.69058293091788,144.48028254189035,147.5831798777542,159.36211579874305,122.66154887723683,121.01010035167471,99.85404809098253,112.86961474714033,87.26518117997631
440,109.71591699244576,139.83687258295697,137.307884299386,109.48305628981268,112.77700044705546,171.61904244303557,181.26299733445563,145.31145081291862,123.64116985021717,125.59830052526662,101.38636609490129,88.34196471020559,69.35915578795853,86.43243347180405,108.11630580113719,179.58889029232574,140.30916103129928,144.38782004059945,149.8262444893556,142.51185165058783,130.37666907708956,95.34044255392101,80.26950271808732,54.589481041501074
441,122.76713571258111,81.31999061711431,52.89969476941263,70.24161499615886,127.4229057258328,168.58231090163133,135.61436176190077,140.89436721737212,121.68994737487097,71.87130281898408,75.29045883055028,57.14346256117044,76.61577491672895,89.78153760461227,92.59923034002777,112.92664678263921,158.6075685916528,168.74189252352696,163.83673340214688,101.94948567365688,63.503315525777936,59.055986711673384,17.955304656917377,21.66196259833805
442,65.1309764771737,111.75491936604995,90.53800363080157,106.81707605664704,110.10998306414277,172.06661489191015,139.1543673681196,132.36907021176327,114.76171995233197,44.47689733180117,35.46058134749759,-10.588785748505565,23.312599170695847,54.661828106193994,80.77719672800538,152.46257503543316,189.27517378169065,171.37691014783144,144.65787037523884,79.2932477791782,111.22703280091544,115.04097217135859,78.10331736609643,67.57549465556113
443,189.42209384164968,139.23984272272781,101.67208028763311,81.903742463543,99.58649556645084,180.67847435650194,147.44733899412162,145.75895325553688,158.03417551258545,114.71257890613418,94.00705125837908,90.82611944264124,75.7562897694088,103.49804933799786,107.38262547186407,164.4105053577418,187.7877520375702,183.71820636157685,166.8607295095557,137.15329561923974,78.45732600342559,111.37536242789187,120.27629809697041,111.81455032877135
444,94.32163748933955,110.68354092107496,126.13587807106136,75.37753728150804,99.25657304735921,175.52181397722924,110.41590150013835,103.48171790494446,73.23610726281916,57.81610243188824,70.68048513683244,86.35932725519889,89.36665276050853,78.14292340651315,92.69013599318406,161.44362080850235,151.45320650539472,163.4161776285691,181.349520691909,141.32944645347183,80.48884770195647,92.79832885594718,97.85558988571124,116.74067868718959
445,58.781808192191946,66.35090215079595,71.77224291591091,89.6660078052088,128.40550245361175,146.26649493312183,125.23362299467448,175.8057403578954,141.1388156868291,125.35542026868941,93.9004516042479,69.14913985530828,76.40112290900954,68.7502223239394,105.86554923522398,165.69529939099326,157.09810197267288,134.47753207756753,171.35650789477498,167.05905940180372,143.43556911607382,114.18528593859578,75.65551337063873,62.21481730954072
446,116.79058984753881,125.62801055640085,109.72882244609247,81.6782747064637,93.48869326568511,177.25736538036796,138.24356299037856,198.86274227399235,170.49950977116467,156.18369391429138,128.3590776776867,108.88367187891504,99.19727329996945,106.33234039150382,135.60239760618367,146.9291088926107,138.91373239802442,146.65565526198864,170.55820142609323,153.62796751619567,173.6809914489991,188.4358241524053,151.4411124874286,129.09624885391943
447,104.09785906988799,74.84867239013994,86.37953603460424,54.073358308875804,62.25466063778909,117.5884380698632,29.302359213759544,36.88500391046709,26.76062107472943,5.6414231927614225,-0.05117093150076357,-16.648005289306717,-10.161553596213274,13.205623323705325,60.29592950413057,87.05029199708986,59.0610186264138,106.42787957874856,145.4299691240223,128.5366556623712,147.40263259118666,150.97616632117405,188.5324532090943,167.3518293633503
448,110.91353795241719,131.41659088199754,130.8554474197093,141.404607450893,99.95399750357582,188.48602744980943,164.91826051196944,156.22750808578397,157.0404119821537,93.92099558666894,74.58859342409527,90.97347378417794,100.12418114599484,89.45014105532633,139.42347256908644,140.42364148255368,194.3472878179607,161.4361411385329,155.92030239534358,60.23278694885049,103.71814706233886,154.51916962301448,123.85360641545881,106.53605745641158
449,78.75828719413386,101.26192766698655,91.31648191592475,101.48911953681628,118.16387736801883,143.94476311499574,86.22670554856647,90.14801896374314,98.94251740397385,67.73552348292434,44.918434369770424,59.79731594400887,45.171068736678635,37.70751858607415,46.910302857498365,106.35956663706287,113.25451094697341,153.40135049709866,169.66971558801743,174.98945202079508,140.37822385216367,139.57461080029694,153.33196111053041,148.81372632620665
450,156.01839237433003,120.24408047905527,150.81926457202206,95.0640950823138,104.26821600659736,172.87468488276124,113.62656148210209,111.38692618887656,107.22483189984617,74.77603670526275,53.122110492403934,60.78736308922632,57.22678681560173,70.62217225073931,65.22567518316606,140.90834728509583,161.3826047394108,162.45525307130688,229.21264156709137,175.12004119483746,162.724743018506,121.50546265782111,140.70445947202614,154.47889012710345
451,71.00874993664345,86.71398601231267,82.97221109540519,62.98044744609125,79.09117098069277,194.97312225987542,151.38968426705677,173.60391495794659,134.9730397939397,115.89793556178147,80.28902380638797,72.52665212553036,100.71845498250107,104.81718631423215,75.09712540138736,112.65611303121793,103.73249809900433,140.96281425723436,162.56773080046347,96.15164397252033,88.44358008110174,114.83480816636066,113.57311180255469,96.02423551741835
452,75.80235172342246,110.08585121699844,150.97119079051953,125.16554812541945,68.60639259643867,84.16358555314184,64.57529239195483,59.467559372974534,57.10219893995854,38.19910906885277,42.4259688822562,36.73440994213597,30.603452578003704,82.94659743240726,126.58807158508242,177.16196044993802,181.12853022438048,162.32104552111406,182.15556780114684,138.18848838432535,127.06666986747742,103.26686451855787,48.995079889683694,75.21291264294385
453,141.03805789750203,107.46376290076772,72.53534872442938,80.09112552713631,58.22512880024574,105.15376209193438,108.16668978918344,135.99683172045619,125.231583248058,120.21562430075821,49.944196014948844,1.5737123200110261,34.97766358248348,63.24639254738042,61.89143170645934,91.09384736001421,102.80548437471546,119.69988484548954,146.05999279434837,98.108459468303,99.65502271403712,91.45244241009732,92.68104359879807,90.46153582574966
454,113.05661618775166,127.20853637642341,100.26636078406871,57.00294303937586,51.66390837439118,115.53981699239472,70.0994172370419,100.10016288926707,82.87776700677901,145.89219069002698,149.75030305572798,152.35366902922198,151.24630798423306,166.834460986634,148.3740966704494,189.80705701187065,202.31073042734306,218.31887919633567,238.38394649953332,177.78964184909432,154.66604326399084,142.46391702067345,76.86864764096055,99.92897723625954
455,89.64069416354592,99.10078762577498,87.5352685999517,70.05888012684915,53.08388041785386,130.14566256112064,107.39666409550385,116.84458166925685,134.43268111548636,113.86905247324944,34.53526067865967,9.464843996884603,4.359702576067171,11.332777398752015,65.07697960119063,112.61381776577133,140.83585971249232,187.03599403242063,158.48725815656522,126.87162108968724,116.47625117566588,126.26415444745169,93.59344852989804,81.88106482329141
456,64.0581975467656,92.05614026181809,132.96116840055524,105.97120960364822,126.18050260325616,183.83990617710586,91.18075490706498,90.29190704802991,71.65400628771182,59.37284324628411,61.365653672191954,53.403887657333115,33.20996028595878,64.39043843313831,55.53512448006215,133.60136466122535,189.69071317335656,229.92193516801285,223.64912457934847,202.68836854745314,145.77371136607167,124.99408627818534,69.26230446423764,46.30228540046352
457,95.79671186811991,95.02274248594924,88.42556482138785,46.44588721149351,48.53916185001181,137.52895585742937,120.45233549297545,130.42637349648697,152.25361676783598,77.96067283271302,48.08745014188413,77.06526038229462,92.01659506447497,115.51769082361608,90.17259917950612,123.79660090081553,138.135121815623,188.62476117638903,168.9801113589146,108.63883659351949,129.32404509742958,116.73542008293,93.12056808487478,85.5578069249539
458,162.44573054640244,123.73332142840694,128.86169295093194,95.7368417703523,107.01495905430644,180.56792648931082,148.08919960827538,160.80336139576082,134.49983676637055,98.16620855734594,87.24290285925157,99.91136860155926,112.0103518191531,102.33630839512153,164.6717507972245,212.69624421261798,227.07051077532208,233.8036696400772,212.13399493895253,192.57905435467396,182.7424449490059,164.800269349786,132.5135502040851,130.46587954860377
459,98.92489641155238,167.5417106367243,160.63045905882487,136.96905763618355,96.77052376585496,137.3398962530436,101.2349118111159,90.29245027643995,109.56236106661096,54.99423518493956,84.44163107941705,87.14170862832694,86.58511452110143,58.11645073503051,55.137875856148945,117.07165909501705,138.04415180737874,133.33437097999223,111.95190452052962,55.32849520284702,81.54503753678037,134.4516230181395,101.13556731491744,267.8346133069226
460,100.82133598869922,123.25443058182697,103.74070462828324,62.893650065156045,63.303872564539354,134.4053226801457,81.12824979431238,76.96579373616967,69.5602602002603,49.443518412092004,-6.568444654242441,12.338545511760522,11.027576230729586,41.86437800524573,88.8550366616017,135.51542781532166,165.63501418259733,195.41656943612867,189.22558852717194,147.12257485811088,91.40672824834812,133.25914805765308,145.3769922989948,135.5295970095425
461,113.2091946945441,111.35255313855845,125.56518445317421,88.67823965077604,102.0667803369135,164.34780461194606,174.97868684483436,171.31030035114844,155.93694529701895,88.16186417605356,40.840109625100084,51.350311856179374,83.8805304805557,95.59945139495478,138.35327931308046,188.93014306887497,206.35686410183146,213.9976039486564,98.86535658055465,76.25965185128285,96.7575036735404,125.75840434894138,133.90150992755846,125.7649488260224
462,132.21576276435172,114.56697968209066,119.08573506636611,99.93869413813887,115.59678973619788,221.76347187062166,169.84084291573032,133.42346725035068,144.74098408428682,163.53421392393528,92.64589985377076,36.465624228840525,41.3129322309159,93.48386861397294,116.32794319442108,152.18705961272485,224.6332694879554,210.92368981523563,205.15780133803568,160.99540965515314,134.2483565554306,155.1966229740045,124.677194932264,90.3918271380521
463,26.684094987489573,61.7487109065763,67.7808784844093,53.72524591146122,30.107969890224524,109.8763969594737,81.32010224334078,88.68209389661581,87.85880132509266,53.307114402750614,35.84697211426853,52.363380502121714,63.690291780352595,88.20131740678892,97.92468736748555,116.12934386587114,122.3493021765852,167.4176569410586,197.96014143072392,129.06624513789504,75.43681352652635,120.12117006186651,103.79644354437028,116.82381338073539
464,133.46323785422544,92.97990945908631,129.961551769197,110.98263028245455,135.4698659646671,177.8228324226082,168.59927806941454,170.20191036474446,144.74785871314273,126.34902457480611,122.23473105698783,84.90874593808257,49.80849141249194,51.233750834801995,55.65616000262706,131.33825257396248,115.38084533699165,157.3508251524622,194.3301717533618,149.85145725402566,176.69109140332066,165.81073501351054,143.17710962869648,109.06443707768354
465,85.09968254681442,92.99639604461532,73.29559359532364,62.94089299670256,79.23457955388534,135.23238244870902,110.40417236522441,134.059362830521,134.0354463976168,104.55237259750916,97.43990456703857,137.25105168236192,110.57359347696328,129.76472237478342,163.86823030348535,190.00228528258805,231.62499384993475,229.93866251546117,228.28989611465238,129.48985614877088,158.22034988474445,129.1614789192514,137.92824891854997,213.11679381459902
466,135.5713911736476,130.8516946146167,131.9365272948573,149.56796283939883,152.61443186090656,206.91957050370763,168.1649384305726,187.84008131239156,195.5820517543417,109.58934899951623,91.69909415418542,39.61336041904641,6.583409828058727,64.5239430876467,113.96444979011123,153.4194675238364,203.66514020546387,214.35031040469943,169.87084005796078,136.7949098135209,123.37149494535328,134.20835294406453,131.03607053336358,102.43243019887372
467,52.45163499936308,55.798092065158585,98.94481889979528,81.99610075562254,72.84715948609414,162.7192667469058,104.96707263390489,115.1027908377061,142.2404330329675,100.20926397974621,58.56097350925579,85.66396618466726,148.57778114210993,169.34798448648314,123.5277066450392,185.45042503303108,163.5269056488159,229.1453895417617,212.43893647366366,202.7531759944456,173.18840652367396,130.59989592398279,93.22545392361775,135.8813137640221
468,124.91782049525852,151.66979436215678,98.71708433340389,94.23571094395848,74.97197470316014,167.8264048311368,118.72128166731412,173.34579084966717,147.62501876314502,157.44375759825635,98.0293073248563,63.73517183000956,83.95856793330236,84.64372655062456,117.43026913079508,196.6936197645594,183.62492660784707,232.61515594651044,251.16653585253522,167.45707878085722,168.1917704902074,164.32708345585516,120.31584646274422,148.8206573122732
469,103.90882995714433,106.11990552305427,113.99973543371796,96.90056636489498,76.24840636198417,157.60095294662068,131.49737965795833,152.47340547867512,110.09437512185706,78.94638383236028,61.83635382016549,59.32838077168778,44.35949565333728,69.59643795253464,104.1846612574846,176.96670925722975,202.0962005579236,168.36780476143093,218.2112395252629,161.965988605876,198.25853751482975,192.20483322634283,137.0391951921649,104.93784467772787
470,83.37552742700294,153.2909914016498,156.9391701410826,140.00515681038385,164.30207495447638,252.11517821232076,182.90473128736912,160.12567841718524,152.49738874621536,108.19764966399825,98.70841000042267,90.96001354755893,54.830480114692136,115.90211346953551,96.47679044214887,200.21686481637806,180.91633641371928,155.75023480376942,149.1826904047386,178.89748425092657,136.18415789399177,123.00918186293443,102.70160788057974,101.02521160192697
471,122.45123191442892,132.08225427982734,124.08162044527212,119.72685620066179,119.21147857254715,193.74970574341148,153.50523453712566,139.60792380577655,138.1508335509205,110.13293623050787,82.90151033420209,105.13627363546968,61.62712093099986,106.82382081194532,106.42345235049265,125.37615579131577,172.04069599472837,163.4129724029407,155.9934955980244,135.60910074871884,141.81281851055067,138.81826744960853,152.79008086934203,93.24986115572608
472,59.865168144930735,67.13813447040371,64.29995808927448,18.549562181879082,39.80709792600809,93.29082876351902,100.02377410052499,112.10408126109775,115.94037081388207,96.89804861144538,75.1947092232336,40.23708145619294,42.833904831051484,36.94051236131581,89.4597863292953,158.0377989166658,217.26852208116156,185.1073199407246,165.69809086593852,158.24055185265783,153.9015282075773,138.57361853713616,128.80116925866798,126.26425709066035
473,132.92676914916524,117.40309107711848,113.75483647543591,122.86252121145411,126.91485595205174,146.58481526452582,136.5049926279702,120.61402711807222,119.49448580097084,98.13879866591844,60.242815620829795,105.17064702794258,90.35956933470457,126.63373204843471,113.6479385289357,153.1345636120717,170.3115440798266,166.84398437844195,201.63952743834085,189.5579300335659,173.19322817000227,135.46873387265487,108.6883303853268,48.81393013239435
474,143.73834384215854,130.87456520788626,148.640381902775,181.36312757569763,175.78448409502363,212.62144703710106,154.50552179529686,160.90328217620421,135.8985633941786,92.13199025228931,79.16969431270631,41.45381759667296,41.10268053615065,55.037878959509875,197.03249917047003,221.61265728901128,215.12992108176556,208.026954348684,159.8675648289126,155.14225541328693,120.63775701864776,102.82258951383785,83.67653105410983,106.31727665986847
475,139.24710395506423,139.3325575598443,118.14437152882923,56.340657820221146,74.2467399943722,114.4003841699547,91.99826763657144,88.52238214648806,102.90514989230986,94.941628079565,115.45384040596585,70.58703337907816,76.41706392369315,95.26379454647983,94.58084844386491,113.87572713534001,116.59703089467499,145.67724687248312,157.1023365315477,164.5488746022468,107.97787880736816,132.94158648710703,123.64338106850511,119.30838697909394
476,110.89918207281406,117.65238820855662,116.82957547312557,68.30269609044215,81.03560241998738,150.84799216568575,81.60448774988447,113.90116817518414,87.02747903438473,112.66328760867626,128.74239967675953,92.45369286550394,78.28485732562488,120.92951760814468,106.99915507295776,169.81712556716855,159.9352724633456,139.1272008021393,157.59742307091426,128.41706163776342,136.28737460808205,130.16991949926714,141.88492194458263,93.84862280356275
477,77.50755483311947,84.10286212246638,48.27870031538616,93.05010446543491,102.6962038856837,160.48241771742286,102.57188590574637,94.98207549115475,115.03271260034145,68.01782986582802,48.29613035483646,17.6757612593452,43.40355474957298,93.00602710467975,83.23675142730744,105.1834436344037,97.92394632658349,160.6815836653294,192.30789158894135,177.7364264671605,108.39589285715172,116.98572875044799,100.83410365791313,94.50957872175218
478,60.59613025765782,96.24336329268246,98.18377221085571,52.91296230778419,49.34416840923772,138.89392660537075,111.90106883549078,138.69262373521525,78.00730059230935,84.72539903813158,122.26156838956999,105.5900726685918,113.62800530195867,109.81470313414113,147.27156458822276,157.22587177107215,177.82380288752378,164.2816756566222,170.40670665122724,162.36602731563661,167.19774356796083,174.8049501286581,137.4993627855283,124.32120370235242
479,77.487990313121,79.7940948058585,73.58167736172032,73.60378207742444,72.8800003223562,155.79687064764045,129.4365113967836,136.41359081791398,144.39484897096617,117.13692520598127,86.81464233359681,63.48398843234931,71.96446135488621,11.748624624909993,62.6020629399725,120.82329021280088,113.43091695730624,94.74924994829473,112.1131565984512,122.4545041819625,92.24679765452929,66.64077549525382,75.93285965225226,83.40163301176743
480,67.59576531888122,123.85395519552578,155.40094579786106,107.15625511849844,139.42194954083203,219.59508682930803,163.15343651374042,142.93017658767968,138.99772532575852,107.01706425551635,81.84290127663489,80.52427712922184,65.11290313101449,82.02944906843858,98.2456735960652,154.31399085823577,166.44469183042082,135.62377703530518,149.90636645991478,101.2726101145047,95.58653231471996,100.42715687388718,96.73542138164542,130.02106162948562
481,102.31496333944148,113.72169867405718,108.05179739994193,81.56244755996647,87.35877459118186,138.0979453890987,59.138113373590684,79.89703082852952,72.29828546841516,86.0545860723083,51.17934046177401,89.21120490175912,82.12037016514456,111.37679489618182,122.48482857928329,117.61462816921726,156.55929151313896,149.81062442256905,169.7757782964037,132.58289463838827,130.97253262786924,152.5406769179795,118.00957981084156,116.06935456781225
482,102.67600814823412,103.99941277731781,72.97316695754029,52.60872272787525,42.393286675867834,129.33536852093738,90.59089022651574,78.82906980881314,115.29957918869488,89.08335804731358,95.83419575208661,98.811949529067,122.66450264417102,155.37629547875093,165.55849566072965,184.46892016760097,150.4012026296848,136.39216063749865,92.83321392669424,100.35314321831862,104.1657190120631,110.60286609888996,108.88591884805533,143.09721816669392
483,112.76418091781848,119.95328438996773,96.27385746732944,90.24811046626616,80.3149373100611,191.2403632325105,172.40215996656997,148.384579787239,121.67632116158862,97.817626967196,57.3482801184687,-2.3860411924251608,45.240451030030364,46.63017372644461,77.08387510300061,132.93849529779445,192.0686905141962,219.63363977658298,201.27985660110033,96.80602551797567,105.235566633017,107.36793277109557,77.33084140500546,86.20690751777461
484,77.24341356856903,77.37763859279255,50.39315631387533,61.329306862166504,49.69848013388022,125.12911083842448,78.78394899611791,40.621801555339815,51.40393188419386,68.67793062144987,21.552020177714482,19.295364421841427,42.32502011949457,61.52352325340749,113.36581286377717,140.16368553273313,183.73289367525177,175.23766112346277,206.66952409833158,163.35964275502823,150.3722952906615,140.81357079212833,123.77168091146692,119.83911454617241
485,95.64690526501168,73.7504930664255,92.88694185110623,60.80969951838462,97.01345004975354,197.97331641933093,165.86160556456508,146.64649971186918,121.14292708726045,89.14010873627775,41.162630815162025,55.35782387565327,50.416699016089986,64.94462824776951,115.75038654802715,135.67557905528116,246.73980405136194,252.93760149109067,243.0096688568794,175.4342725146825,146.10845444803607,157.3425284156994,141.72228652303997,188.03396575283602
486,115.79845494643726,98.3678913744959,104.11809438382738,52.06218675355194,76.70510599080222,145.79215885866375,110.61519697807562,119.94372793260162,120.28415733366926,98.99469165865682,74.05895431875797,17.556427455618618,13.488778284485257,4.80811874849762,95.91005159712618,147.14571221669502,125.90393922097701,178.87182465734747,191.9954929984715,162.6372181637148,122.5461546275729,123.69402674429804,106.09408406766309,117.06979540732229
487,170.69409243035886,169.40483594854734,194.53873883646241,160.80767763474796,154.00805916090246,185.34540391017586,134.7606182380152,123.57958120117931,125.22889472720118,94.06578194784444,76.7666186250123,84.05315342394721,88.79697702810316,66.353625834539,70.80917593010179,152.44721702983685,182.20484791237718,217.06767114038476,203.3160816944974,181.74430637384847,135.6589724208882,138.76066147342667,82.65543769632315,37.145396198103725
488,6.584162750502131,63.329497111518265,85.59037326009829,67.37056466500187,104.34236049851486,167.12800587486106,145.5510885258555,165.14978714591177,150.4693123012043,91.53313408237787,109.17768514342983,65.63287531240766,74.78423266485203,98.74512346221668,87.93769616837436,160.0069578412538,192.4582220836203,207.25079125165257,192.6062380804706,109.51235649245291,149.84104045812185,145.98722410822882,95.5028284090168,131.1662044783277
489,88.60011036302454,128.69365052835906,114.76987982074552,89.48077477487003,87.21753235067146,155.08423418599003,105.03969387266292,169.60236992275395,131.10466512535794,106.42477588892908,77.40767059113448,36.55300930197218,24.586863477964826,56.16631362069957,106.07631839185255,191.7933865452942,179.8718767101827,199.14285547202994,200.3972497972999,131.97905828299406,141.7831581852139,121.32868526551788,114.2765294995701,126.34434943959306
490,136.1465885116378,102.50580611765346,130.5799405855051,110.72076305747561,73.7779387312107,122.9751341068631,112.9713345109664,142.74607666757458,148.5985588626473,94.42811001902862,73.6637802244548,80.48479524760361,25.707247758921362,27.24257734404459,49.542869090265555,77.03708487780065,111.37138753692845,89.33549549786756,140.6221463889056,96.30318814369332,91.34152835045617,70.65340627510429,82.32716090250901,58.75452066325907
491,106.77055848285669,105.33168236436573,80.89365547733698,44.5418476311157,85.42859274238785,184.13658872982182,128.61809557324352,149.0748773814791,97.38978603718529,66.72387508556243,105.11955814550888,90.29105026886899,71.92573627710613,99.76154238213374,109.45229713392257,133.98215324104518,133.5138102221411,158.07974787917163,195.48622530477243,216.2442444974805,178.42021758183446,154.72288157780724,125.28842111656792,118.83470770322553
492,169.5071833231499,166.0293940347771,147.83287277406845,112.63099701147544,123.20694711342492,159.93128349028913,92.42388571728866,102.22972510947851,97.01505074198337,83.45317631344459,72.11005872600556,89.33893227944249,104.94597719276352,127.72337926427598,135.56640670019448,179.9085000123235,153.42554387639564,187.47918264481032,207.71185476389178,169.14451173796664,180.98270410257405,140.06813864524614,146.86409242998673,81.95542416117212
493,77.66557613066036,144.75608396975213,174.0439015553615,136.98848578799914,138.22975355955728,186.224265509933,130.70087493074666,142.05124084098364,125.42426231977609,111.67754634275833,115.49079544703521,125.86463175190082,88.54377194729105,100.45929622820879,123.89352498703623,146.95278578392944,156.17864576943077,198.7992766728675,236.07826117733515,193.5934951369735,185.0168435587734,157.833560325775,90.37706456267254,103.21007472056438
494,136.89559535689807,110.46320446147936,112.99510429336011,102.9724849618927,116.75148258828767,209.19561432072842,168.44064490002245,147.63211524728268,147.223257203611,102.85882416638191,59.73246653053198,84.47957301841545,81.97538375988579,86.73291285895593,102.89415060920521,145.59730994598303,182.5002055481455,201.02768057054584,227.75875506982834,198.01868789076585,201.30980401536397,170.00518945434288,126.10943762496738,129.78521467575146
495,75.64414721771449,123.26870936193868,68.16849115833583,96.26920833633179,49.23057863091347,162.280858045724,77.83278917830495,97.21128562847241,149.42866696909869,129.85892258476366,106.74241400624015,107.40220076636953,125.2767695416528,151.717641985491,123.23612437046786,140.9613052464743,132.16629817968308,128.40727882775997,169.294074748437,149.34196648888178,113.11211240278327,112.91568644852279,71.95659224933837,75.04724073337789
496,149.3461874265341,151.4144072905566,128.48162371158074,94.46386754526438,100.72140855758633,165.85361574490213,143.22901884310448,147.04558398443444,104.59796722143741,39.52765703376356,17.47558163220154,6.573600321280914,36.00965681328812,135.67106227813593,130.96255756515163,180.86960087568335,186.54222554319966,238.70716634236732,229.3024524089842,127.00565493750878,168.24117532329015,167.76740988982036,162.16473861934145,178.83731597424074
497,164.42582208405685,133.3435907132443,143.5382402725916,104.98590238760325,102.37795472169678,161.27461371351265,99.27470357764625,104.13541089977795,42.13852472951352,54.29514724335465,18.29515136552707,35.126500475298045,70.8801015746973,83.03253104478553,76.893230754294,110.55575524012735,108.54417955645653,121.22865157848918,183.7162919195813,117.05319876857655,188.64846269900144,174.48968294748522,163.4267300974196,143.87884879100963
498,73.84348001150853,82.54631920711154,118.74922586773134,54.53692229252864,62.048599676000585,112.1531736115493,56.34513253767567,90.04226740400391,164.5852116806867,128.9811157588851,129.11337396814622,67.33648804287945,20.85508193661932,80.38230246953432,61.63850491297208,91.88609483076041,121.57144294707042,110.74216760978172,164.5549983608392,139.90045807598202,138.98073783163446,174.15663754296335,158.70095219323602,146.8514106871648
499,68.07504050413999,49.35704001483333,97.20620116733447,70.69950841739842,85.51630175708411,141.25138576722316,133.42677823191093,155.66396987103596,97.21048159272829,103.2079661207619,89.82879207487308,116.51542305214647,75.76545926061647,126.37186947876697,157.8818999141106,165.279638872155,175.78714349761398,197.8375580021202,169.91247904976845,124.69556958936045,155.13304294469825,130.89364280354783,81.18323364314568,86.16349906287434
500,76.01336196040637,63.78217841712445,57.86502703266851,38.73759159763357,60.58137867626244,138.31468267643817,85.63608392147474,71.73055061545634,99.08383047403036,109.69995467377647,73.01013785588052,44.83059395276666,50.01887644846404,71.49489582811151,64.067936542409,106.67524716481347,155.69086051954153,151.58026103985623,180.93252056027438,125.54912395333477,90.7964000667485,98.99879239790967,53.501122653290906,34.05921262293036
501,81.81670178985257,101.38498245146074,87.16113025199458,97.63685390054303,110.92227327312031,157.77052907087906,167.19214537399625,149.640595407398,90.53083230558104,81.00492838776584,69.80692193512463,96.98895244609176,105.4270444083846,136.102455624535,128.83751795149627,144.8603836266969,154.5864982383034,133.3020346356108,143.22855051543752,131.6531249041696,123.88304501232814,87.99117090069856,104.03880753780213,109.00597290218231
502,151.71271853766052,131.2480153987415,126.47588184338842,73.90777859998656,95.8115247264814,129.56013435829433,57.07507075921801,57.136875023011605,63.5287236090719,72.76515174823366,80.1695918176614,123.34043220609664,112.30537059220279,143.25450294115092,127.409383386222,166.1193353800374,157.80168574169744,141.9803867034227,201.0948780854082,186.08073053940998,169.56175172150785,131.5140042536581,110.87035515640865,117.11845033362395
503,154.4860643303047,217.6570839161822,159.98857592153928,127.90512472822267,112.03846542253751,129.75354999859502,147.09992171136383,158.02904635129514,88.23011695410042,78.5760432847372,58.178437501196555,73.49734130598881,61.034021016170925,90.97194879321162,121.46687294033191,173.1754584128489,82.0229880457655,81.34332701172718,141.62249394285286,139.24475179594862,135.28564632211618,148.88924548207387,80.92649728122316,34.77275191143309
504,77.75272291607718,72.24907168508769,92.71585732162961,63.27418512819477,71.77582212318703,122.75338025112204,103.65496106164345,84.83382201590395,77.01201742064463,39.19204540320259,14.618706914793776,160.94545418441948,155.76029602147446,134.86852159306432,147.6083674692768,431.6228376327589,362.4712774109531,266.5609115144042,233.3935171691004,207.20608052945204,177.50637456085792,138.6191191648502,83.5448996275621,86.14829691770004
505,70.45383004248902,84.28589583336831,101.22956730035646,80.05970698276916,76.63099272757435,164.0136180458784,113.67802074065276,86.4404941429781,121.32024514374773,92.10938185062378,71.08499830529487,52.83204797498941,37.75101805219359,56.99639358656888,116.79235910647282,149.9368822312594,170.70602624575687,149.79374339742947,146.64540573060285,105.02522982694678,116.05864702941984,120.22935869778439,123.495838112102,118.25234173895595
506,147.08568137582725,128.4453113677028,105.61596729856565,73.21731581970201,109.98215393668194,143.45225888339522,86.27115249405405,53.79233926842731,91.61004601267977,93.86554911694415,27.749428368465843,37.80409414709389,37.04532780851497,48.45770622690194,49.75118600657109,116.8861512366261,141.075407525117,173.29940950784584,196.95386760367163,117.54573913552834,142.31802788101763,120.93415575426856,117.79363517772975,117.00007804473813
507,69.89038126143214,34.720752600635166,58.005285809455266,-15.373562837957891,0.6817298180351941,89.958163720255,27.603959681746645,55.80407930947038,36.508043217853356,-7.8872654513517375,-8.782202221101699,12.005934435489628,36.16336234399316,124.08779961108563,410.4295531936868,343.3142003264553,320.4345432999395,268.267475104666,229.49159973537394,180.54821544236313,156.0943030485554,146.27940261894852,107.15055191151605,100.46165521048083
508,72.71579274146757,88.3141725823393,121.10556772812419,118.85351436450352,154.42599022718366,225.71208753265577,170.95365620178302,183.38844458391074,188.38341447799934,122.25544188661748,98.13146014003257,89.67458602035039,69.66775742836542,64.2491433362689,155.19518473333017,173.56854665649098,176.9450753035868,179.30049641674793,183.11561468253043,160.98226418721273,177.77710806821432,183.25589723731647,168.442642507493,135.33681107301834
509,134.60876342171784,135.14585267650008,93.09714024102283,80.59141914725299,65.34195680660223,188.3627662680202,162.27130106697706,151.52214287379098,115.2273600577403,109.36479104048524,62.178974850715434,35.3855208076566,6.742498002608777,55.36069452411074,86.3656348076978,179.8312988558142,175.50624729921796,169.63893383690313,198.29563424517931,149.77474278732166,130.39464802627387,128.82441531197824,97.12956471332699,126.2236903122303
510,90.80954584737468,91.08121963359943,93.35187234603714,39.30518536634503,86.92290397664722,134.6539106594129,114.82795923373727,162.1808051314344,135.58088480797977,141.27036189782586,93.2140359085457,64.92582143789261,91.2193297144772,104.16100680935571,123.7961457765051,107.67109894306158,133.17132701635273,133.93521330088151,137.73056700031876,106.7922752823762,120.7275540537199,154.48957086335307,123.6241321892682,96.27053875847444
511,80.55085086587928,136.7700740093179,165.62672588148052,151.60903690667473,127.54578580397525,119.91431736270661,89.58878031678414,57.529528980864775,119.48867617235462,113.53638324295648,67.10409864930244,48.29257343484992,88.41408665356386,87.71691233337567,93.95365990769103,109.74845420135767,141.97149653279487,153.2011442650611,161.20383475226137,87.70108466851764,162.9528727232613,145.2000365919185,98.38572547254513,121.4526604420017
512,109.79630591814247,112.01014574626346,84.00714246065505,117.45759343942944,123.4151224231872,163.93996103303718,144.95850125150662,130.29120574550095,126.87032609402051,127.42081336450546,69.71026322108172,50.74402857123334,106.51423130770104,127.02675582326435,104.98088383338475,121.46924504134395,166.39031813210218,145.70253058024156,125.58964861385414,128.25752187391464,150.80879487666027,163.39831502292003,131.35704575459263,99.64538388640365
513,128.3663888851141,135.0541152540151,213.61909493324785,154.69783381512036,59.66568551854114,172.58591901378736,127.21428766456829,87.83783996738777,76.90038897264591,65.1956282598046,33.152393569532606,66.10326664849825,43.81263557895737,87.49776568238798,100.66136216702559,158.64438875392315,146.49875217649156,152.20551450717863,155.6947631638327,171.55271485279428,176.35306354035896,165.13676957994085,137.02467166108175,108.97467828396582
514,99.16338904849262,111.80055092114341,125.69691158624984,92.06585134122189,132.97008248072456,203.45219359805765,174.26371502166973,135.40106368758654,157.16680648644427,103.38091480837849,68.62445605173978,61.67714926606314,108.27887419054014,101.7916150313689,136.49896796716433,158.5900300568884,162.75587366413114,143.0608394965844,142.6541952170637,145.13105786434977,122.30280439787728,104.95871589176646,98.89390826196998,103.8547845322554
515,195.5913111500335,176.8334035111651,201.63459839637775,151.29977045405428,59.634157301223254,127.87534920467428,97.81096887033934,105.61261209193572,132.40698184490677,95.93715726632539,61.1075737606738,37.73210956267999,33.96077305872196,75.84224489447476,104.32539350700415,144.72814612979096,129.84377328439163,162.58572676957914,190.89636466457455,165.6141518652177,190.1943117340296,180.49156275940712,129.26645749972687,156.7331910758237
516,74.11401991774979,69.71131981871693,86.85460562520016,53.54812752511682,94.28636655272058,199.78822300660957,145.0617140679306,168.9690957370919,128.56790615689982,209.42677776256977,177.8809936140425,56.135710422948485,29.353120354587745,38.30539834164521,36.602574681854904,108.39854514884144,78.16521615267304,106.49459912365191,72.99426587992727,79.78076506547505,62.39351774535331,54.78611345807269,119.60997097326089,99.44830287295183
517,93.6853981743182,105.4545658714127,112.35364339688222,101.96436024765144,120.23403465646207,150.9432082475461,132.14491447696497,147.45767226200127,144.146578947649,155.38797244394135,132.37022275652276,150.13565086514845,112.70438748926703,120.02224739826028,167.9694184994218,161.55300974090517,172.23695115434492,138.76266987136643,184.4552731969959,135.8996491442865,118.63566787082989,118.37782472667769,83.0138824065338,79.62066518647214
518,83.77528130252459,105.62022849440385,53.1773545072911,101.1334756302733,94.36145433544445,205.1810344463242,142.27514059585417,134.0257768682096,90.17676315864676,65.72131218193616,48.9376135694786,17.089841082327453,87.94410302835765,67.87797317647795,73.588552999044,118.86367148758995,137.23205568824292,95.71652875763219,130.43391902998127,90.99311259733389,146.7069363944521,129.2092400459512,84.0793786979998,59.5752699417658
519,103.15851164012085,97.08282214043116,47.33041782161621,14.031481671971335,34.987632768710306,89.39255855945709,38.91361266686147,81.29966137693063,61.99691578480605,12.771274660818264,7.109303219429371,-0.2148303144854964,3.7290137905695317,34.672569461356716,82.38183888750686,109.38723091992338,158.41808088849803,128.8362273389406,130.88988570428992,156.05891469579439,151.5722408882984,175.87013290708938,139.16531044319308,114.92512445816625
520,111.66891924630954,114.25257049156086,113.30765879350592,124.82764089872714,124.16599395221913,70.81960442341436,66.28071156788765,59.277611718883065,50.99703093738198,19.211193914820782,-5.195446915514381,6.54406809340648,28.861278588169817,80.29902601296008,65.6614733792674,74.19068884246482,92.66019643416465,124.03289858474844,104.48343751500009,62.53724130053806,82.86856697413779,85.09821538209243,133.13015481034438,153.73315991609448
521,80.53124689690999,115.23908521097522,108.514964237163,123.73964450380143,86.1961300453535,190.70959130561434,125.23489349732661,225.75618485512567,153.7088621124322,124.57476455854741,81.47953823379495,17.797231755117927,28.39903751770668,63.43538680699062,115.17278159463233,186.46293997026703,161.47786099639166,107.4829736735243,128.90397270379026,109.53894978012653,141.74202652269716,158.39301429553407,143.72005285616135,113.70275182583653
522,86.67318621981438,126.66829641730357,110.7943453791825,82.96817091354092,117.17411127747535,129.03953011176012,118.79702687581192,156.13425924016298,122.78652925104407,90.71724903078659,60.33635773183953,18.997115648472693,16.582512134277614,46.773463292804045,61.86475187491128,149.10280307287755,187.57270235596513,151.16229032409493,135.2832716883408,121.92458952069234,145.00703168279537,147.0008071254506,136.84387035839194,124.23028228610993
523,80.69070699159607,86.96599052939436,65.35909799137161,44.241522018324524,132.84461693452278,174.57873738393857,133.62618201893943,126.9398074879765,72.84340070337247,36.20573858090131,47.124378256339114,53.79131629668131,91.14547639835013,86.58784328604025,93.72195909157489,138.67491863086653,119.41979091039865,151.92271212206333,181.80168460265878,203.95586983793825,162.1387688343405,152.57978302608217,151.56759072456694,183.8047708468165
524,49.14710048725096,64.00077609320036,49.832972927084185,87.32272898382435,54.08888126424849,105.02690829010061,113.99360828523217,143.06359372336166,71.83828774601292,54.30872616565402,76.45860339812943,20.018243832092537,43.431851039589134,77.46685765721273,115.06019846139371,157.75588649567925,221.15922852681817,205.425809007512,195.58732413435658,137.90773759075537,150.08677241819245,114.09589579763995,81.63202877599306,85.998866442609
525,76.07121835108356,33.44254933192258,48.281074423230024,14.248056098471892,44.44925046711771,129.03428003213605,49.10495736675024,90.31435314286756,97.11026839996319,77.825839295518,61.58909077578614,35.1359847673716,54.82045397523328,56.1955860469337,69.79609462973454,151.82937487544243,154.26325774597532,198.5507490853218,200.13176766781712,176.58995874947908,125.60159741222044,90.85882947545828,17.422765221662686,11.744883546454389
526,175.05604778201723,164.15559774565412,155.03432807839857,155.50814444261454,88.89739642038376,199.40182262233955,144.71909558851917,153.650831809865,113.8739124302577,120.77188993076948,106.87848360434795,78.62043355641836,90.92882194068135,149.6360983942592,105.72040846261473,161.86402842737363,188.17784175711276,137.2517199378005,135.07257870316704,115.78577850875104,118.87699451927998,135.24772545973894,107.99857413706252,133.70241351640897
527,124.63891966807991,119.07637340579447,147.92523668681645,141.5964350802828,153.10188681652556,231.0910792753393,119.60956115504057,116.3556280549472,76.3371637006811,103.24359413364228,39.94333335485935,61.97884355721432,5.244585443268889,49.982358757500506,97.89833109124726,171.62957755753274,198.62242703118486,199.73833746612718,193.6976629850517,116.45402591379893,89.40583911066625,98.3017688501421,110.99587191910084,107.71133099818181
528,136.2079454194796,146.56357894679994,131.07865143393525,105.93411203943882,96.30022802131425,145.58794560544806,89.45169543974806,114.70861482941015,74.61523070248174,45.93935768750458,73.94842433872387,87.4973358532358,60.97233657591657,74.28435576720744,66.24084978455176,123.82510686431249,162.4525796071821,153.25239068484848,146.5663713123143,113.25481437570805,112.02319316473954,134.2925850340756,144.56259178775355,93.96901285419447
529,108.96014298702735,89.2728506190621,113.39723492323601,110.36669210699921,169.89767609882404,233.23679014512112,142.9776176129998,184.43358462669184,193.08627436370006,130.03122212716903,128.41059715998065,54.03337316839606,66.78578567974222,85.64067720211644,88.92608396180054,143.08941712384595,183.14200994498583,182.1165286945172,147.51703761874165,164.32322737569598,150.18412590133522,153.2277530841746,91.14688400066885,77.9345421850445
530,111.5755592765959,104.4600957228485,113.84907008770134,73.36202546803851,66.77660707405875,144.02688979257383,115.52224896110927,127.24146855544788,118.03907444645186,121.61631753834467,98.36860516851846,73.73117422847949,49.47945478744471,83.10277684086016,94.65691288260066,154.08681259471916,160.10958447903639,132.5703146982575,158.21642462272706,126.6066831703355,134.98220827037693,118.10670915837497,151.59148182229245,131.0587111146205
531,106.01219360964693,107.00439124252462,121.87538185190004,104.72520308166767,109.7701958291258,107.93506728466565,103.31898274636664,116.04888632656117,63.987872325053125,61.52817968194066,67.76170583727817,54.553967631792894,46.79562283365007,108.06573209715673,120.43736746114833,195.16420600670835,210.1025936465739,210.66416101541722,180.41961184861725,133.57588237793738,119.3862041464264,134.94151717757296,108.14583839169882,122.09312604926828
532,125.50927084221274,157.52545120937936,157.4246045041353,108.54963501806841,175.0385363667982,226.06590914717418,147.87403268068755,159.33201582512623,155.48181237686128,90.45169837420474,77.04960011245652,78.37910242788271,88.5143969329554,91.24064113179651,78.9355270179768,131.56638600388206,159.97389006602364,180.98443688803465,180.65633818400997,149.72381553422602,121.72305134843747,134.27375399512962,104.73004109115476,97.21710958283508
533,100.72303678750434,106.5845584354087,111.98456421648275,84.2844602496308,81.64799621413881,141.50448898295534,159.23794184398074,158.90020748993794,124.60024485135104,101.80223910728351,84.13057621912158,53.058597669738774,58.91401699744835,70.74954354068905,111.92758243735636,147.41332507465182,171.06628291718718,144.65531421082335,192.38529604790892,145.3433755949093,191.3893827499628,188.276145392816,139.33721073921257,154.48385191427752
534,102.8726433156875,79.58459665363864,61.8180005349538,62.11564715972041,107.67534602633795,168.30717926907,134.4388884782368,120.09862914059451,90.21116897564886,72.68747336205091,54.261476208579154,18.804295279364403,43.925417608661164,74.96133136890057,101.98539043985157,168.14292068262122,167.15202581819776,170.3196080897485,176.90779435192286,101.52544484816262,114.53864783121398,96.93142650062461,83.69068509336941,104.01549185611405
535,153.72183316495762,153.94401068377812,175.15469648538564,111.89626303610754,117.32205237332883,210.88804404468863,121.21909832158698,131.1555898217946,75.89810879346518,67.31188720381319,25.64994869587536,16.48774033117082,47.21261168608591,50.89359091274203,12.373764829257908,92.74827811171946,123.88244816225519,174.17118377943476,227.0225384251785,182.23279520243656,196.82510144151973,182.1474207069944,137.5720368668689,122.3904160813184
536,97.66924708111715,139.1072841525945,135.9267633860929,133.55087067363235,88.77516692312915,127.8735720386095,87.55056473321216,69.68266457909937,-11.929121419244993,7.262639059340856,-0.36879893262123176,14.283752355622049,7.338922595176804,17.546720327893425,35.612200137935176,128.47549179931949,181.34341188684496,162.01392717728885,152.43268125693396,148.47802736425217,148.74748599576927,158.23682621352035,128.666650310193,92.7280607453316
537,107.32182622549522,117.42398374731982,80.30566796776964,90.41600283818664,84.81754703155411,120.8778474902259,86.57816870182674,58.96265343595615,55.21864963252413,42.43675183710625,27.77946349028965,42.50297230230816,69.95569062243017,101.04881186808345,127.81926374108242,167.88095191474267,153.41818024568224,105.41962428641398,118.18844555949644,95.4906377841903,117.44263126969796,148.1956965939867,108.74033697487042,75.69075844200191
538,126.82156234850515,113.70331617378035,156.46803585593972,105.02051518245679,112.38863019728808,144.4285162650449,167.03974460128296,128.22671217821164,121.24041330827687,106.60643339294592,83.17487087627292,42.95115349472431,12.628551058286433,66.5715199533359,66.36547686609097,129.95908280566937,140.8793452470159,161.28862496351445,156.0507611460969,104.31221872077785,138.96620702372883,151.4645062957561,158.13800257859282,158.9495417437767
539,277.64321788325617,219.70026204138966,175.99941982588854,176.9224294966258,110.56820032149955,168.32930467483618,141.11653335003535,134.4677024643787,77.73611075164808,44.86820600853429,20.210182984219117,-4.243588186169646,-1.5517034616172722,55.88966102030353,85.9696944403041,130.76753329446495,157.2462760123426,191.3419477897146,222.6099779792168,193.08367505476429,149.6427545446466,113.07997579408624,121.8775635199234,76.61957159839606
540,103.67477004360933,140.90150808401052,157.3322423460674,114.8120227963602,108.53682263762437,204.05067705087768,136.86755218952058,136.57344824723626,103.35193103171943,46.81317554601907,62.76326403002529,49.52797000777137,83.51809597483971,117.47145477081386,84.5188464036294,127.17891992217763,157.8879675795459,124.7046427363216,132.86280581692,79.789188739331,110.32518758802651,109.2261581202979,55.43598092455126,68.03687022226259
541,73.12109641841607,87.89911698124477,86.29963062902424,79.93476018433269,94.80705217477623,155.16547179209994,119.85541505078932,127.49179901022686,142.79799392922828,116.26470300011235,44.87133253748355,24.970173735030038,47.25716614963822,66.44885290616938,82.26695881821749,159.88028280309211,171.76888108259283,180.7976641146506,197.1787324665509,169.2758755351474,142.78645437687314,143.83778617702072,68.0385017093726,77.23384843541847
542,143.1453224304175,121.52362680542687,115.02391246606166,77.49777200891592,73.33793365499557,135.154344962463,114.72800708977611,165.06261108794675,149.85196354221452,116.75695679638234,95.30076917679025,67.55389287875343,73.60376273179416,104.78290482936805,116.00859299960024,257.47412960341336,256.7978871317008,221.810826946946,236.52176549344233,167.16185052854868,149.18312333525762,144.0013787577482,124.80275128101307,98.25344170382277
543,151.342523022751,145.759603418473,97.9852286075334,-33.77067147673574,3.832579461178085,115.07758610750035,27.40497563100901,50.92874331501933,40.264480980504814,38.934132191883606,27.82177568353182,51.06387099393376,8.295257808720535,46.08787437033164,60.14935317313697,100.65385234246023,123.55080444730376,170.49251135414818,194.84873272322363,144.53741545663917,183.6159907495978,160.42145847476718,128.92381540272976,120.34455340617333
544,71.25953857413299,95.60522590640937,85.87853057639302,84.87145161462773,43.18539706910385,160.78398708873578,111.39858413926143,90.62244440005588,56.72015233424926,7.442449440741882,42.36842412988753,47.3926194304217,88.83633513415327,61.09184434366175,110.79338156791002,156.48022469576352,129.2976487918968,152.3715750319528,167.05272829222406,211.27333194792286,168.49845680466257,173.25104665628282,144.49860601615666,90.21668663081016
545,121.2744174118814,125.13228670360121,141.93279612724234,105.17842796545061,86.02775950410198,160.78814634367265,84.13226055234412,103.26907921961481,83.30294158475049,54.14738586868453,51.65501468002651,75.66994087365268,48.64906311806224,30.755603306047753,96.48003379379199,150.4337503987812,233.39365116426677,211.43592809434463,200.27754946120035,229.9401491892371,224.35183088357888,186.123825793516,146.948549596199,120.32968384258328
546,95.80447107299975,70.17362405786363,93.54847637862127,124.936002736185,141.52925703177698,173.8090232825802,148.09001033200408,124.43677182819977,89.83527124899688,56.40686401853208,73.05958462936428,46.78665180549432,35.182507107113324,57.282148992262606,89.43887441275953,88.3944595316141,112.10023346817994,96.16324633647284,111.52585964879056,65.6066980949667,118.1747316857317,96.86457651607162,65.19263194843244,89.29193942690362
547,57.28989037873309,65.11891573394475,87.69060161125495,19.94613620775057,43.21403453942928,138.35501668666313,103.5217595984092,98.51755953921713,64.93264048594072,55.21589372660794,14.70212744001391,1.0282793439821774,16.889191054159866,74.97301178964167,66.82490403978673,121.84940714523177,150.55075050601653,174.29047662938183,175.9475169555668,125.92076691141176,115.73970217701729,144.20029688892777,122.48666887050092,111.15034210854519
548,72.67043068342021,112.55513599650031,125.07954679860926,163.02158411174594,121.34177133301272,191.78950360777247,131.87670711952106,120.98283724303599,101.86190182328811,128.53773847966647,92.4638606904924,83.12451876787173,101.17198814110975,99.7169999050766,133.4461615112089,192.1842031100661,185.0601087191047,170.3252300526583,186.6680714468117,140.2190426440628,125.36578266763544,134.2955795933912,123.15237602941562,112.047783609513
549,15.955252047462523,57.40610774730364,85.21433127711714,84.7842077682972,92.16140991697854,138.83834453750742,128.38466918211196,97.07307248603864,92.54843682141826,75.20094971148228,77.24508218855155,67.0805795990905,60.51059066534251,112.73164981915247,98.8561048950728,223.35898603853434,224.5858653069663,206.90513812341294,213.3645620746721,180.02292427297368,105.09450900502125,69.11949798869075,52.22596796979721,45.3407985991671
550,169.77613288041653,183.34470279180204,137.3895766955426,71.65771927413222,84.69764837159278,185.08695348281654,121.31558077555458,45.64465113982125,77.61296644588637,31.773893406115846,41.64297372758256,1.5725825274125427,-16.74459109338853,6.3515136806716725,22.52198960166406,39.141253714239596,86.02089391911895,116.33213641702966,168.63162114946337,169.77482754001213,147.85080642001856,158.91129646364337,170.53804607343838,116.69169597799734
551,90.81839704190531,92.66189988867941,60.63330334686215,53.0264904248576,83.25865095525488,159.69134230674345,105.88669245468844,87.27592834219367,89.84568924387801,78.8643028820326,46.01978798201845,12.37737574514599,12.36776116583001,78.69383886407256,53.26576513277658,104.83373866507513,52.974155074688184,108.86154348435812,205.4531538528948,215.42926416179364,219.54933500216617,223.29854611055384,168.67244148239715,111.66190939523521
552,205.61706531155323,175.1592722392365,207.31802890394428,156.4462986997155,143.86081808258896,245.5807924204757,172.5961183227205,128.59327598671757,113.96641411641285,66.16824496408552,47.63552166294619,47.53171064455938,86.87502587842857,115.15489537536159,54.39081804694561,97.99833992309435,145.9582024803522,132.1641181266832,110.83610326405392,72.55656428905165,104.55015282428656,140.95255830111765,72.69269103650693,71.55465357061797
553,101.78151344213205,137.18498268586015,167.292477934546,136.28016379704687,132.6633640207895,192.23033099376684,137.79276133879233,135.98179101493835,93.92357047304563,98.33563310981506,51.09769981511431,39.306795581570036,54.53517878126861,85.706019132875,65.82167021742112,136.07527404634428,125.92637145847718,128.30443723946502,143.07160494996802,133.96349075205606,145.68673720631628,100.87557316227426,93.20316201871431,119.55784886391046
554,63.84995343077286,112.61501550607959,108.09368227799284,82.61677200211652,64.75040060479125,149.82167761658027,113.72640382354172,122.20296303062999,141.9976353944869,94.09519201098013,34.38347340571062,72.95590067006124,50.073683024931135,86.99194247506777,60.510904853358504,79.07119644612754,103.25416867941382,89.752282410222,170.8423216293304,124.84936650800371,143.79452976397477,155.28286157929017,103.68411424335545,102.13899319239071
555,102.2281526155388,102.59224115627542,53.4747456373636,49.33299700673341,99.32420617802754,132.28773004679167,53.71304760021414,74.34606634731057,52.00716829657277,26.129540728583372,30.335661880209372,8.935775469919385,16.317403037089193,59.01554114134217,28.77230922460285,56.49905158738565,93.72209023068432,116.03817724581792,98.28397012632499,94.43201998044515,89.6539299588917,137.87998413089343,91.31498183881477,98.42339559952335
556,145.0650981181243,106.34503430099838,114.69718227232006,101.40103435841637,148.76038081496495,205.76099980358697,145.68000217161443,112.92410695650614,127.03123253705301,99.36854350800537,94.74809406854573,59.99345061568893,64.15328997692937,38.00922146592167,72.14477801113728,107.9776411860685,155.08210244339418,217.58122035225858,199.51442890549635,185.99999175224443,157.05093819214233,123.32442278584703,135.98608661729918,119.5038866829803
557,113.53660676860373,87.88132887305022,144.19739113453764,61.501512018737486,74.85661544871817,194.78073608025477,159.82664040121398,121.06364600454151,76.40261078971719,83.1771925494719,34.45908582553362,24.467666776535843,61.297069116934,104.98153933474535,144.40293826585892,193.925629747673,212.19645185639126,186.98922540895703,159.78109970231486,121.7296191092841,164.32613302780595,139.0191491953387,111.66669321970598,95.87627589649861
558,86.23664714744355,120.33932927312954,98.34653018835351,91.09201630648205,137.16131804359335,188.65349393618249,139.00004200893645,160.95197943792078,167.79344273291713,112.89360202071973,186.70270577971186,133.62483356121834,127.64321227161832,105.57066275180398,94.95201534055471,148.97667570819382,157.8384885422477,216.16924971929103,172.7911742289095,123.60661353351229,112.93643240056983,105.45638265697892,97.5543261083466,64.82041329342753
559,50.74072080370958,67.57404338637966,112.54932497492936,92.14421334090272,100.57480205175693,147.857360755111,120.50926202930196,83.10537988591729,54.79985153039969,55.02345356219345,-0.989014095078204,11.097930071204708,14.558326881421316,61.4933693930131,66.76562389764325,87.16716011926326,97.09453064778974,132.2408977328653,135.8577827057747,113.82280011322914,141.4816801971889,143.10395076108054,96.02086931424404,100.8707455763938
560,134.27997223848877,110.47128575336549,154.23970471611423,121.62700095977067,126.40776995197456,142.87920088255308,98.37876542618169,143.08881432299262,121.13556022123305,101.9801204540609,33.169683033991774,38.75504374854147,63.883779433488115,106.936212148083,113.52171955131084,113.33394140876243,91.36403310742493,87.82796704401196,169.21086909239222,158.67096410323492,74.66701508831211,86.03797348671078,66.27790905798554,63.54817333895175
561,116.08407230209154,77.03467318496891,71.80163074365413,77.23430538135523,81.37148674548645,312.7342529593509,205.99558298518673,148.3074612454394,141.64929362581904,59.84361681875821,81.27919118278976,43.371306790564375,69.56661639107098,101.61549565794304,131.11928448986117,151.72301461105928,199.46027033534978,179.30583062255133,166.60263370074114,142.75800208012012,175.71288470492203,68.9625450147991,72.77921433562781,108.68324732240417
562,84.9211704717979,158.2458688670547,179.83585324494908,124.80833791808399,138.6273988622077,184.16419041035735,146.7904073507909,146.57393198025323,65.45546423933897,28.10755605906492,51.24197078720073,79.1484416315084,72.20362715530595,67.84155397297185,80.57185368698379,135.71583683768205,150.53027871880832,125.49620838883635,96.96651746898647,156.44661613305476,132.23446779495768,17.861407799167438,30.13850702020332,44.03229327262417
563,127.1751377532714,98.74735657898215,88.65301201561292,60.54691925270577,115.16632193074548,134.75599239627374,99.3349611753478,101.86245806897425,126.83125577708917,70.64688391655251,52.80272321279827,42.4877488452206,25.442067615909203,98.34000570904907,107.88397746662899,103.69025283250781,134.11932881552292,153.21481607503344,185.19327001048492,133.96285715149924,101.59404017619838,81.30174037845413,77.62209416045359,84.50422885302685
564,94.94819261785895,100.00775864012341,101.33947532801264,79.11356576445999,77.59768254759538,153.2188462626061,132.7958014371293,142.00081440095667,127.95597702509912,95.71938392682073,101.97619281575511,107.00539893792111,132.91699710097475,128.53028422720564,141.00210360766255,125.02049905256587,175.9280437549221,184.79363368466187,207.54499820577325,138.1672415109119,114.18405232957674,100.40888553799792,115.11597509390097,53.850445337871804
565,94.85318120265109,87.07445950154542,63.365890579459276,60.622560867209614,51.414925367160535,115.94559306476593,96.88982278396013,94.90307504496249,60.9369749645427,44.601502813600355,16.792935201913686,18.465292621131617,24.446906912882262,75.59812047907741,61.4822908081879,99.90465064171748,143.75422627778164,208.0726044770919,182.12524035997757,118.89709107482115,161.1541302227347,134.2840218167828,93.00759939453914,111.39216385253026
566,129.54305069844276,138.56609501635506,139.13258856214486,88.05649724941753,65.80204158427058,180.49450178493765,169.13163472860802,140.83905685800767,165.62953626914992,111.34171720365265,65.2053537368816,92.64471896423171,91.87703498529848,116.77488334940826,111.98805112108329,131.4527333200436,104.51339933475914,138.74924334354176,132.722457059607,108.84989790120098,131.20463390320214,101.38716443620619,79.74820786643716,58.41643572854192
567,150.0582340391797,204.52222320259096,146.83913970202966,141.76622076910465,128.10425368492446,167.948793265689,137.65067942038493,145.52532811532726,102.14713885719263,105.58513261778333,118.3437576014491,50.93435832907554,43.32498003283071,87.75288115222045,115.14544924563783,169.9747751128994,154.80308042601033,162.64533732469596,142.92826522315949,124.35329834776667,84.47708166336301,85.53901254700219,79.54811908434411,57.72498567710508
568,117.41077596934514,88.83521185746375,106.23884443596755,78.29397881686901,85.59214532016159,148.2423917563709,122.3773575939009,125.24129695176468,145.38339402042828,120.93102893299168,106.29183578428211,56.453577883393464,84.62374527695499,105.2244137800509,105.15112303036013,199.70964064730572,194.0458666998718,174.28144929301249,191.07389747090141,150.692979413337,150.67291925651557,98.854687992983,65.79392611949714,81.51092608060888
569,113.9145011399494,111.663697664711,128.6801758355704,125.66721477819912,65.34577276974143,154.0534017446987,101.68243352035773,122.47223145208734,63.278619037103255,32.8724344876624,37.47438566541839,35.899385662918,52.222549091972475,76.19255257629548,63.59727662367445,171.051238371077,181.84240524134412,165.89170335591743,180.18612750565217,126.6078911372846,165.77951464922668,139.82225215807347,104.70741785616295,81.19291180474858
570,78.13636830822092,134.51461364651385,92.30351115452035,49.565611970090835,118.30421183797287,161.84866026547488,112.60286615445067,128.65450766268964,150.4993650663344,90.05584952090707,103.93984838449626,105.2337354344653,110.56457101329067,69.33924177741471,78.2261869077523,117.49770527671954,143.50358094020848,171.47783613345925,208.49480834687984,197.66988587118678,187.51965514172522,234.69590387491988,208.8582124912599,159.63040180918676
571,117.93950667351135,163.3115850144206,147.70238904525846,120.06337247333438,93.86655118078585,100.72350035527319,106.42545309993046,105.22156918338531,130.31523944137342,84.68437347270083,65.18183654726734,93.8051243340744,41.974636524192945,58.790568439528855,65.21836014682975,121.4969495880405,178.58728015102338,180.16677246665733,226.5696055818774,162.547695219665,181.7089133738241,145.44863488890195,169.40597722975502,148.61351731592532
572,80.54549683420191,133.771169994315,119.33308551959827,90.60625303621723,88.28189336282405,136.42495863161633,82.33696043121175,113.44888411772422,100.36134472474937,117.2065087770097,77.9608373632147,61.91953885402961,107.14295743310291,107.54245082134733,115.68694062742085,179.7445926220127,167.86696563736558,174.05221973752617,173.0697580014468,176.16413560619608,213.05572324087353,197.42640426860072,221.90127727759725,198.8289021334021
573,138.99809143819334,134.62126372916097,100.3718078017661,78.57935615532314,75.86935504002527,124.59623874433765,109.26332256851904,128.71737563032727,159.0642042134891,68.6298932539228,78.29069147734265,97.32913082189992,68.92112095207358,64.49053096834118,82.92505860244603,87.28664773232148,97.77835077292374,119.6672115532303,105.14724216721743,71.45646960890312,67.00814978546939,97.89974538633712,93.08550741903,138.17663719082032
574,83.9596408584707,104.80121205362055,178.11723930901047,149.78769871556852,148.14923731343677,183.2818184101223,148.7411066737181,146.49045862069318,53.053189240701414,26.593644219712658,52.52085708646885,37.145830712582345,4.085969607652174,65.77441891503705,61.72285882102749,139.61105619541672,142.0980087383937,223.88559702571564,195.45627724295056,142.60551233754666,158.59785587004978,116.18159885952804,144.0856401818835,123.62934416627375
575,92.59409433584021,49.586791416426394,88.97173468527875,81.1628488214622,79.06895492788749,163.4705875706413,103.70780329403676,134.74802454074495,118.82901324805711,114.69106057091861,70.78866027746211,107.62283175165985,124.5524893324684,110.03267365388191,99.5505438732061,109.7613122859261,121.72073277189651,117.90038400461151,154.06539598523938,149.43036009448053,137.0074475670126,128.03580689048192,138.8278972060163,95.87008111770257
576,132.74657968308688,123.9748201583364,134.34346004576912,121.82655688196019,151.58419390065018,201.02180105428755,137.89174659429932,82.71055151463442,46.77924873048007,68.25612240389236,46.31902619160159,53.27472786703658,38.621230685025836,89.68027462832062,66.33978107423505,133.592563297708,150.1230579734722,198.46025360034255,210.4532438378712,203.47986139089238,195.0960379966371,135.31466758099162,118.15164116628794,88.6578972645431
577,69.58590071601435,79.94059117715992,49.671776729017424,93.38584408092127,142.08268750389462,175.35768259915022,142.74475327938583,133.8617345212675,68.04192093413627,83.40396902428529,51.39523600725263,27.777411298308962,33.57480704194289,15.394437264467044,56.505896664655154,110.03932708084355,74.97642174774217,116.578481782665,137.2283872196235,138.63280402116635,137.68010410730065,101.30530275303252,164.65332664607928,120.65748626655437
578,112.14900350939764,111.81340238338136,81.26467757787522,67.0751417075171,49.67563329723444,200.27163204865707,183.4654008608589,139.98630823246145,155.47593446388504,147.46719367528826,100.00826220446993,42.71736329809562,15.524300099687913,33.012140173836514,75.20134966973835,94.7909700240031,107.18336091246617,95.04785420321974,104.47073200643916,63.617694739240946,90.90456623264402,78.68733625060216,70.85047790009908,95.47201167315964
579,108.11552795808846,122.73281958369445,108.57696620061468,90.62402124496414,97.50741891645613,193.59991510151673,144.2367801118405,151.64926022182692,104.66556953456173,85.96337683232849,49.823678165072096,104.07492216645522,95.22376449397507,51.260887012330166,104.35207077755001,157.36146818710262,161.13916528619285,155.09260668625322,186.17720132610484,128.1557209544713,118.4948016492578,155.01472681964398,134.24827214314752,143.54754463730777
580,69.29211433457436,74.28174851611637,69.32849839496627,15.39461140369005,61.27278136673801,110.63949989831966,76.2195131048482,61.23710301966959,82.98168495834747,33.79463900664864,6.0672545791402825,7.434420481943299,-20.052451847056666,63.00672475127145,45.3167415110218,89.00518185297064,83.21601078837625,62.43615992646528,105.90765915673141,104.15589989574192,105.92328607415266,82.79624670845611,65.18551563720791,113.43184861815203
581,36.75148964322318,115.09080587605271,133.9849329821559,112.59023158855987,97.66234276016165,154.85512167894058,123.18581537062322,134.16060212160946,121.64171851387465,109.4558157076288,92.8842534127575,79.03525947828378,81.67183467909867,102.90561959409392,89.37965296982001,165.48903005329544,192.6348776042744,230.65849123326205,182.47219134693296,139.8885544259184,135.93514504267552,142.76318654616358,135.7846825954334,86.26307029702795
582,130.1951109880763,126.14769615040872,135.1097933299042,123.27422528403812,98.66243882573889,158.21493139940594,110.1960990931265,176.95519941982957,150.86073144100726,131.62709351146975,141.76280457070433,134.0665955258729,86.99881466300549,63.795849177435215,23.473429201075618,95.45762923437701,83.94189531458088,119.69826976481838,152.56767702535973,109.19943638836496,82.59271054850643,70.0475751359346,105.17619886108267,111.98286968026358
583,118.71335593590341,121.66780374887945,117.38820844521885,121.85239836019502,95.93083747858167,211.49343155493276,153.20461757577957,139.98116945768805,125.58362500547857,113.41115006608356,58.24680645756613,73.56398111311458,111.90072611367526,81.75524771740848,66.31774329589723,98.77479389755723,150.60122695315897,167.1517919722566,305.267477208071,265.16747648705325,206.917464193951,175.34828798441202,118.16613126320146,120.90853470477599
584,56.777694295942815,31.7033167155669,58.90318997365751,104.70228755747992,73.73462123277619,115.75861641452379,81.28182884545129,85.91607233221413,49.68323356514937,48.49363379816793,58.43919173290355,62.05068250768152,47.89002813589686,57.50370009088458,47.992193938240405,73.47764968037804,118.6848977352857,162.6248729449651,172.88234197908872,117.84809235337563,133.94472317264734,110.87863890404765,106.74358517372694,127.1559497824792
585,143.6990374147855,121.52353183500004,106.2153977656021,92.83073753177331,40.11897818606417,161.74355927989194,109.46065040706101,117.68437428562754,79.86895770912173,109.68066294639878,122.32333787437832,59.60011342016788,60.6096329413881,114.77976085833026,107.32247644043018,157.42656521862733,188.5788551174878,210.9657178320063,193.04187785654585,136.54376405913672,106.47225336620244,101.52904176046816,78.15991636223386,48.004903165904544
586,56.23401418523029,58.30008642121335,68.7940777728215,40.675205076202886,87.9505505133747,154.24113512007904,85.4970546145965,94.66637537907232,131.37277963369652,64.09830072875766,24.77039734396695,47.64854732524907,36.7524962154938,37.08881641766057,77.89008915133496,136.0219552405548,68.12340320764757,127.64753545374813,162.81336349459272,140.55809167595064,91.20967693930922,75.71292402909485,110.85618423626218,133.2534109201887
587,98.42418548441727,90.25428042568356,91.58507320058746,20.196129396938815,21.582009155494035,137.4586366700364,126.2952374034446,178.48483849262067,122.2745926952542,81.01558682751896,43.045391230063494,40.6966355428234,71.27046519583364,61.83165192011221,66.2181060231284,124.98155014835487,125.67697839610207,141.91259027784275,165.38714536504588,111.79709900630354,105.35502669987585,114.96554519915688,149.37558194852124,79.29893391304849
588,93.74309563106651,100.04071367996366,79.38747211534749,73.85702247486246,88.48311060118598,154.96078883109536,113.01222193695166,119.70687987803909,104.72751221132046,76.73603165960637,77.2560254606275,63.15243106542663,43.87374959763106,33.309726999092874,37.96433972930585,152.95375553540515,145.9426190101625,156.9805457222343,191.72737343680723,130.67335219010738,140.33319527900548,156.20037537520238,156.45808344784126,149.33904836513503
589,134.78973968424933,154.44949865693025,175.796728614835,146.40722751022983,120.90676127364155,186.74016156601758,118.71748733610977,148.1510091296944,130.31840963446953,120.48468631272596,52.452993584974706,36.25919838891353,45.89785245322213,94.82432580758366,80.63074440087388,132.63886545815734,171.79904384321497,166.45859442872955,216.2909354503941,198.82381454326443,176.47403660269396,176.04343569981165,126.68176933791406,109.6060178279481
590,119.09938782453372,140.16082368573768,144.29603870993233,67.36476733563191,80.66972863674435,217.08512797729134,104.44619808784601,95.38339135666092,72.12039674249242,107.23899981060733,68.12727668391919,68.05678688298879,95.34510450721723,105.8942239351978,130.4348201054483,197.87984722338166,198.81801899207625,247.32558328767306,191.58604807301708,191.10882534725317,171.69416829068038,155.2871384511986,113.4583449206706,95.08843900989955
591,167.16691105182022,157.8330513447806,176.87320612601468,119.34405998560075,80.4387546891033,140.40562500105796,110.98338582083235,130.85660331326707,117.45227228094437,21.035517168563842,4.961548964003178,22.16733478459333,14.64721051624688,25.519663791314073,276.53916220060034,233.0584086773427,196.43005562268087,144.52513443357302,174.8443726440906,127.11886436870029,163.1753972443698,165.7342741235566,168.05442117339157,103.83227006967951
592,113.92409260889504,89.82809318839179,75.8482306733316,76.30832388403428,60.01956157375099,141.51803852134145,64.3532327327836,74.13589159128082,64.45272273888295,71.68870020951232,49.429100869316315,31.830563669078487,69.00475721581535,77.4976203910252,81.87388758375695,158.16226266120464,164.0858132265075,156.8782067229056,107.7358773282583,52.77865517841546,87.98095130138667,89.39632584805713,33.5366666805086,90.75197248319591
593,92.09549454320684,87.80012526993399,108.47765091983575,104.47266953690556,161.1055137197239,211.12681948975123,179.93185145571408,124.54027004686168,144.41595783484908,80.17594606972199,59.37462916032986,36.88793591150035,79.06330889137234,83.16636772014519,108.83292061308272,141.15195345642334,153.30651907865166,173.91684566579596,169.35845034716823,168.95068239449824,137.76636137140656,151.41099256316053,140.95209608286575,160.6382095587693
594,125.03987660337351,126.64329608829016,139.62527931660037,83.46400463499181,114.9862994367026,221.32672608119537,147.73509273392742,159.32924025482913,143.89933895523848,134.43438279342402,87.09296814197289,47.06449737810231,68.39813532050837,88.68980059276238,120.99338046056641,143.20039374229094,165.77018211427216,157.5363089138106,168.18477559002739,162.58292242473584,172.150146650019,152.93235156155498,59.630653206706924,63.39460189780001
595,167.04202577166458,141.08993678383055,150.21947467037756,100.05567261647266,126.40317369862534,183.10366515252178,103.13057067901339,150.84114899067288,189.31147885974565,122.92709231646317,82.02147914550352,64.22780283646634,110.85865974198026,165.17532450618248,171.75278842181297,210.67989433582912,211.87268923486727,222.0841117269874,195.80608839490444,139.48986776531896,127.0421658035581,147.9100732753597,114.40223713734513,74.81732972533118
596,57.23016817351884,94.89587693542417,101.30073607761437,151.5639504971338,154.01237113049365,228.81362461462413,172.15936658790693,123.19199187584833,87.91662684651226,69.05897090499946,54.814066542079125,69.91386724634387,58.559966802653456,69.96437263952153,88.72209444812366,143.80134847547464,156.9879409218938,190.4058873350663,210.30499299547688,151.04214971989444,147.11421835998044,110.485174698239,72.98212214083631,96.73150029140308
597,130.76011033462035,139.12999504684427,96.17993485813406,71.2465970961968,114.27175076816793,155.45946808820955,143.1827296751991,130.21483943586023,129.2697043198643,104.51331950553347,63.49689074876159,51.310244250517584,116.92965178549726,66.38614753514906,103.88263524080381,185.92362009626498,146.6568122793638,166.33812339375564,224.85330191476257,195.0019508663175,193.94881075030838,201.82519647320703,144.96468656849058,135.99858067150933
598,76.14105141875791,54.48729647024098,33.91933126908316,25.153864539557333,94.93949906644822,177.4368970126763,147.3541157206062,115.83348153428636,118.26540456204484,97.41201786806941,51.686591954852915,92.62057890789185,74.94778195803084,83.55395172314175,81.91401331669947,139.36071823099786,126.64121865255753,151.83082785636196,137.79216997089415,126.6664862540387,130.74463092609963,148.03574215600833,135.18784122470402,131.4339175477141
599,151.97971705553925,166.18627663794823,174.18181559446737,114.0537797284024,75.26633706671097,155.74804521821363,183.1422509870869,161.1462201215249,133.55771349076852,130.6299140233547,97.63057300297805,86.79206438795258,54.99026236231792,53.03253840141174,98.5953120133741,128.3287699376326,63.112079609026324,90.11521856759364,87.57412910103014,55.74068295063199,88.89965783655063,63.05139991984345,71.07424236297382,88.7134150725177
600,72.18995651213866,142.04859241499312,144.8932605833063,25.274925117716805,42.26484894551358,129.61503203169988,87.89742436256348,93.57971604989379,84.83350895813399,47.04327737432088,16.546625402370665,29.492440086930586,34.46405435787753,103.35716303948338,123.86184671294187,121.43230792166315,126.8910856736282,149.7309014752192,140.4488624297128,160.4016021681664,161.26748650783688,188.16149975486783,177.21677344779724,169.57903498000096
601,103.95014607184258,121.59924996493531,134.47436350948956,120.49662310749409,128.3318837284827,204.02563672547913,152.4179425840715,129.00233271229743,93.73673999843747,28.464280705599876,46.80688959957811,126.40448492139456,85.82609808917871,102.97836014370169,158.88940520208337,176.41653927950225,154.67382981160895,162.20577539655693,149.53652933286236,131.9893343089111,109.50453961247544,97.27081928371742,75.73578683189677,80.58745173984023
602,105.26615436373652,143.5081978417901,127.02966750912529,156.26120909583057,112.82187975667257,125.0020756905329,146.2887912650107,119.9186481443856,110.1100262589191,54.05224852674794,46.46606559107363,58.310885112151325,99.17933647948847,150.25034791989543,186.59317364201172,190.1061128305692,175.92607283900136,177.255593159124,175.13064425223854,110.83878978160509,117.1070639875552,90.01103648868967,105.83405879842829,85.12713116031868
603,91.14801765644643,84.25792940609001,79.87933071223267,61.49644108160075,77.45257848988152,148.48432070141786,132.15274879638994,145.00483505973867,153.68070092724952,126.15461706591633,129.00765054131938,79.92894785426381,38.75331288167991,36.57250746250253,30.371558794568628,140.51333422895914,119.96883729704146,140.9655270062086,172.42289714859672,150.54186976716744,118.99136511933224,109.77275113084633,73.5812813639103,45.3493671378886
604,151.2380961082088,136.25418780826448,128.72327689185727,90.66468247907851,133.999202945732,173.378439222036,138.49314895390535,152.9594609696227,126.82462752006198,105.98392488071654,60.83358855231084,73.56707480945624,96.09934815353341,124.3505513616623,125.07087403035646,180.69287008544933,207.53611486494998,201.21327119975268,207.1989350445436,153.93231098789892,165.68633965127364,160.0404452558397,185.46783732357656,121.22749808000148
605,92.08359443967558,106.8898734378266,106.5887656060168,81.11328903106391,63.33083774066765,129.07372668456293,117.07480243104376,67.20061636842661,96.2973243760878,56.72143078144087,9.421589644654802,10.642424460198136,-7.869541091245104,69.79247610492648,93.278686798953,111.57361655672224,117.53238459089448,131.38585474331373,155.24337992170481,126.51146291789941,91.55109923042133,118.6773455628897,121.12701347547541,79.23189017175036
606,97.8924174786918,76.21742318090051,96.67582033601641,83.96202660213902,39.173080531014755,114.47734540830334,88.00230725676312,50.84479612452435,90.00719248362084,56.657797277092754,34.8610772292276,4.027996350391099,-12.417734365063858,71.46919481364856,65.97840339608709,126.12412906044767,156.79825805959757,186.41680012171707,173.89424406570586,99.71942072238875,103.68803713094758,90.94807871231596,122.66809496202072,148.72353320905898
607,70.31779096121983,38.65702673421882,77.67322173387254,55.61552852704524,129.0288898671098,202.51888229464774,151.84811008679316,145.21301435098187,166.23508071402662,124.56980978049359,82.81085222709109,80.13135442268539,101.21440519310417,95.48990087496101,121.70248918695106,176.4183392546281,163.56214994278747,161.19576613209605,181.91547085820963,137.0776957560969,150.45806059382673,160.93661936652248,176.9916454716126,133.5243683243725
608,85.68610675287778,38.04569820829312,62.77794699781609,91.030981561181,93.15482344559588,149.44124112569236,89.4830780657107,103.83946167247296,102.19646335164614,89.66333623366735,14.738737094016052,24.924890852116274,34.573265849573865,84.2826819009577,59.573164047228445,170.96633547045823,173.36543434948658,127.05452336374631,174.61691833498477,167.66772965440316,102.31299506898343,162.8846075688973,142.69265765003394,112.40152420669874
609,80.81382138768424,76.17247124236076,79.4632231460678,48.694701358353896,32.159207520661,119.42162958057982,65.62552624406659,128.2464700415376,162.5078472374093,123.08341400683543,114.3714046894308,107.87695486068671,62.45085429657804,89.65442039851003,72.19207996783405,125.88475425800914,109.34726222243486,157.56697338391876,164.46677496391482,144.6549241681707,162.86244000286942,156.5564825892783,137.54377153423673,98.99209727455684
610,87.37027724779675,93.51551316153305,91.77706789577522,63.95272706911493,87.12737715039523,159.1252097296119,114.50473797227149,123.45302959190776,115.59811004300532,52.71337395811938,25.979157454442685,18.932768651649795,46.78095836166732,46.82257232271222,103.26677093269478,158.4933138531468,186.1856298775379,216.65775314820715,176.73120998417934,113.96652401172777,156.90086420814217,133.56807508753064,125.64687242127238,154.28075393670935
611,172.70188552380702,140.42359059397117,175.65225917027027,161.7799302424752,132.81842484672202,181.27771495231718,140.19782962859077,120.59767797753813,96.07258218225614,60.26226202962346,14.24647515633852,18.002765204203783,27.421403264025265,63.566354297896204,78.43971091529278,92.13457676028953,115.5047871983862,132.67842134649908,132.25006772300017,111.69278819308295,92.34370598645955,108.727000864534,72.27138729287809,118.31689564539792
612,166.30674508804395,114.71392842074836,102.77210979610396,89.81034917366814,85.56016413118361,103.46180475428098,97.32084362217066,92.39844939893925,98.68856417120024,38.75657592254626,9.928655372786757,19.58882291146896,1.660505712046863,40.486659390036245,91.49743033202647,105.7765337769573,136.33226696550614,158.89219992832614,139.37155917938077,145.4398956508592,142.70159289145803,142.3524400815045,144.46835384556158,124.33601118106877
613,82.78805317282331,48.99582369958858,84.23969056113654,61.72360613217838,27.97949244606008,84.96203833925694,90.07959266863327,89.73769785706557,94.42837865785623,37.42921646758416,44.26320949193934,43.32051543046353,75.36505523712437,98.55210703727867,129.11002537927726,159.45787157446034,168.94932339750568,162.9836106746933,198.2065608943461,160.202536692521,193.50951383601762,181.16898614771011,147.41911667707208,113.1857246356674
614,117.17167549725943,198.25985399022971,162.16066156484956,138.53404332760422,164.54656982332423,227.10916612814785,198.4767587577086,152.4028331336128,121.33815479169166,132.50913795748747,112.23595191605499,85.57059663041622,115.95654803354631,133.51153773398815,107.03365564217003,171.16762425154556,181.5562981464708,176.44352269404476,161.57633206144757,128.13857232596686,167.41821363358807,103.01271572815739,103.05076120793696,101.0467825794239
615,129.23897587117364,73.26498920178462,100.87170436026214,127.18460715984914,112.70434983031947,192.33261308260933,134.63502743922567,148.3628723200179,129.3881721442813,80.87278737778576,41.38344848731722,66.07747122501658,120.8475453393722,108.33912120219387,106.33530289243711,105.98590991554371,140.98771887366473,166.29448545097156,191.30864614749302,133.33875633075274,108.41714583653138,111.05646019324026,101.0873411339897,46.44587904802546
616,72.17811476726024,26.783966617875706,97.51633342405813,113.26789158987974,85.76909486753351,141.41155007472534,142.2675790802765,82.23783102820676,86.95287685941386,75.84052832643103,66.3325308478517,85.0049087224231,91.80497135290396,109.42061842523609,83.8838520236763,95.9836840835294,126.95270713150134,112.81183284896078,107.22774975856004,51.54764420751354,96.56718414897796,78.60025164525902,78.11644802657739,49.71956040682524
617,115.75429027009898,150.81068459717866,161.80956426541866,129.1118548435283,140.65059259343943,220.6075891634419,177.3901371305377,169.9566301375093,132.59204901949616,145.71429998091776,138.6237099439021,89.89762130497007,81.45991448144235,90.30799620457742,63.57877528303793,123.01913601933165,147.93826298204436,207.0357645290439,212.18053352793325,171.7884916501303,138.65776825042494,108.44282955140793,127.23582669403748,102.69986052696319
618,157.50870378225386,139.5413151698175,95.43270441079187,118.66227183757087,138.90205002375063,231.58118370566166,154.89918138166436,182.2034321315291,129.32425552691637,119.18936934172987,114.03145616986212,99.09536365175447,113.70967162251395,119.58976387558941,118.20415755707211,151.8580120653961,150.58789649340486,155.9353063559212,193.5451998112734,141.3487882441987,107.98871841258521,127.82712368267624,56.72115761702456,61.56835437596991
619,97.56122316854434,95.88944600067967,66.76049546117193,30.45799041220232,4.0355209507681025,104.10133472199882,103.33143909368283,146.9132970558262,142.03891571553442,112.75937622683777,63.80187801941947,95.21439909571808,102.73684995588386,152.76935082812508,107.5830013394062,179.17456634965296,116.69672564863873,101.85375517922566,108.56728154641235,136.65658038767702,134.77854524618837,124.49945277088608,102.14900052567668,97.66858401474286
620,59.73733608932875,61.062211127161675,68.54845140539572,57.18879001708903,55.880198919259286,100.05517380001199,72.75805847418823,106.00905808014261,50.44136647544153,46.245637499229645,50.68329364200244,15.19179408380942,24.322135160874915,-10.166472793000622,18.015099587703645,80.97206325789898,131.78563603000728,126.71970505175838,140.21917609103986,106.09958185193338,90.69877788780468,117.37966322337482,92.64660853614168,89.82211472193183
621,132.6752795133828,117.19658039261971,106.78737069583738,94.15334746974278,133.4877851908711,169.18074975982265,114.13110269855311,100.04015203640583,68.77510696083655,93.06060625709449,74.77145910608553,46.297307119335514,80.01011475627098,99.22648420022364,101.79215852154516,156.2172035411184,159.2294537919167,221.2364110593371,170.14927501980722,142.15825213019752,151.67809157078713,156.75016214109903,130.73797363583773,94.6040252356798
622,144.42380016222165,122.72314466028875,132.40923752280605,121.41101184141516,149.0498574480676,187.9071203629512,178.70712799675107,138.30646961281136,140.70121763410037,72.72640787761696,31.82908558351552,50.52996919404612,55.96998821425326,102.12664613272297,115.15712851620671,140.3279197208305,169.66046624947475,202.1122571556744,177.57742366209268,168.32368097401334,145.52997732222414,140.47219734389168,138.74882785455793,141.83460919219723
623,121.25966409278176,134.8341156292867,129.86697207456072,112.31687789602154,92.12148571966712,281.11358318478244,233.32571499350175,168.28008282129719,167.65864944450246,136.03131249812895,94.62232240860547,47.34151254816174,78.64419563062766,104.5057581292705,109.35157221845762,115.72964397400472,159.4493780458762,163.3336970527218,183.93589080947868,149.35881084968457,164.8290849296152,132.0051880773284,88.39211960026267,94.97912155509778
624,87.83139237470462,125.34542380160556,140.03540854588505,87.28584476139842,77.90669974488549,139.5825256594193,119.00028159245413,94.49062483617632,73.98626306227223,93.02861370652417,51.63480927846926,58.827724977547255,18.85910176298684,39.529935145063526,124.5463965563714,160.2228333788236,119.63023178833093,125.30319834352716,128.60159829031483,69.78392897504324,94.28319602941636,74.32220707148237,110.66306447586663,72.6872516333571
625,88.54963020736018,106.4356086904571,146.38452643824303,144.8099816458346,177.94113863274848,229.53972593750078,138.79052134593556,82.09230558128175,70.65392748686129,85.79793210226532,84.77326759526315,82.5785529179586,67.92458689806602,81.54579647666648,138.86348668775577,225.0742289114842,203.52041643456346,271.1062544662693,224.47989802365902,249.5896183683064,233.09299085985964,212.58769498405337,187.58987253170977,177.8297131073852
626,91.07182328558625,136.01089921533293,122.97463068717126,108.48317604788977,91.29055047164718,186.38867097172832,124.40075619250973,156.5188862094456,172.02827250665064,133.1946934870216,91.1765152528821,32.03582509982223,41.47347721304936,53.36460364551899,101.61776162421197,105.44609383434559,163.67836292782502,199.51060541802357,183.96495467919695,154.35524712261514,166.79834176003772,107.57328107842241,111.6153186935085,75.96800040870613
627,126.89187111628071,153.6582508939748,170.68130663350084,145.9846854846311,103.37183033860306,148.0080000727244,99.2604196539789,60.696521246620236,86.13571581857832,16.763666876319718,64.01487665152891,41.648186568986674,75.88547223051752,94.28095906213429,77.77745742938036,120.93411175014293,145.94021277291205,188.53494595369952,163.0472380382733,132.5602760505942,151.78286329038855,146.76120605581798,142.67044871573728,143.02639241802143
628,65.54181494704564,73.7509157385343,74.27054862011356,93.36389794321857,60.48816120480966,129.77658046142068,72.65698578183421,49.51102686294438,80.38839810725645,80.11722685171745,59.288947417627206,43.19720144560254,59.83375206572126,101.77038515848481,108.73228946173634,215.00447131768462,201.2050328814351,212.0632201518634,223.73095963640438,194.2810870440125,188.2076100192803,189.94984997375263,127.95268004657405,147.97470318680837
629,101.6222916764208,89.31138376329204,141.6583659029951,116.48368531671403,108.38263979083177,159.8136145315825,121.5801837781575,136.84836674837814,94.65275376882684,60.02829064905568,37.666921922954884,91.10864441223347,125.7869078464027,143.74365915749317,152.26327298709668,202.16642593837847,178.95211475278177,170.76264413340724,174.30437065914847,137.06799924815215,104.82618349338004,115.4972759387042,116.70246425141725,133.60662507492566
630,111.44934156523473,99.84555961270803,110.7608706873335,78.91801593134255,63.22997519049426,159.3291950938322,114.22382739464867,68.91397450362157,86.67907055519741,-7.308889501706204,43.258730664310285,18.480283865501875,57.39176717739036,152.37145604455503,174.80022594337203,209.3861514908789,186.47067792323313,158.2112513813825,211.04477819973542,173.46322477590726,118.47452371974776,95.72568190191095,100.62284034986524,65.32866449117704
631,131.40212480296674,170.40410337454375,178.1022656257892,135.04618269664257,152.38127460162013,198.9726617823824,163.26261265429298,145.35228468908167,121.23273728496719,61.200954991261376,42.6243342802985,31.67479094356768,38.61032747589886,87.11488114967322,118.5411938443601,200.9844198798989,165.380208379757,169.5878805240702,172.33263205152625,199.01499075300825,220.1850856930043,211.24979325729302,203.5139602394138,179.73987062180998
632,164.80894353252884,158.5705823871902,141.86305220608767,93.63778793867914,138.07840610847762,190.73178821542143,148.63385051423543,109.90941971070974,111.86810445486626,133.0345459843103,64.68615981619116,89.37417696306423,99.47535237212861,120.61446501860021,145.08182876211092,155.27072422144653,225.78241503499646,217.1379609875319,204.6910636377425,180.72015822815064,161.78457621846667,168.1736076918849,118.22679961872822,82.92886691904738
633,108.82766598143971,130.32671535912925,98.44624482862697,44.43061270030165,107.41804662422473,169.36264485974283,136.69698825291238,143.26613154717137,157.30758294131414,146.61116871203257,123.20344639817216,112.79663714230449,111.28660318372681,108.70542752074782,126.2447637124565,124.39260711363829,168.1997104424783,194.08313827377867,200.72172056562923,191.48731044112873,164.11789220440977,130.75590459567368,119.12593818236606,114.06086561680382
634,104.42838438846421,100.15357103553026,91.04620068292289,33.390159012824704,82.49495016777549,127.12098323588694,128.00426310736765,100.81730458983517,56.2162072372916,128.43706626888113,71.07555269933027,95.09360715416324,68.5309818578758,46.05772286669016,120.43338659191183,186.1981947217387,138.09160709095462,132.26292069177575,153.4563893157638,114.6847630518647,113.05739275502754,106.44904670586534,103.0549270411827,103.09907363544129
635,167.96769175443256,129.07944183153353,91.56529579684764,81.00351968585738,121.6254607455587,128.4074802646651,120.67854034989857,70.98280739419539,30.231034278966177,36.15097791542644,34.995392507895225,27.743721365580658,41.492217904140276,80.73403846264384,72.3061883777571,127.57381967618375,128.30269861308793,196.72122027610982,211.70705993946487,193.0773927306379,184.92276383753776,146.78826395078428,137.7164608853754,144.14889648237198
636,96.07681399016639,112.27867741013064,125.49646691051765,83.99028731950357,60.8922739842223,139.09110673268427,99.42501447510955,107.39857697327207,144.26027217881156,124.21784895343778,58.63875187665164,60.90731376186173,60.09159325685837,79.67619393310365,65.32711931382315,154.8440402686428,165.90290179094364,161.7512315075541,207.54264564680886,182.8018479080025,182.04748323154246,184.4508679372705,150.07147836845138,102.89237309318783
637,111.64824148459181,128.02590364834404,84.89668344395477,89.0424150079777,133.6330583537845,207.91433022907646,140.64657747485447,158.55366233880943,136.05844141357719,102.82204532570839,37.64711733828186,41.19905154169193,7.708269937620663,54.5853021863458,88.9431080539709,115.6357961542549,175.05308929456442,200.47544122188535,191.5385617686195,191.14866740074496,149.21935089445734,121.25962838262676,133.92732615037062,155.29669636779903
638,125.53230186954003,110.16408674055458,75.81957832252456,80.85859036582475,68.36491068872208,91.51166672310731,95.06076553488194,88.52068098277887,67.79186192877025,56.7706718821089,71.46663288164947,91.93624794070043,96.96206237310118,142.4632888672263,143.2760954652485,162.5139616652576,164.03271258075222,191.31006208125,204.12507091450303,112.28659107226231,151.94605865862704,131.95971280880482,126.4585882796279,96.96063939532006
639,114.00219736852799,70.74791956838781,51.882261990518856,43.33561800237122,66.48356046994469,94.9765969877967,55.057507270957416,203.72031146488496,149.32395995584997,104.01771151415952,75.30666588360432,70.0927274186882,84.11412591468054,107.5921037676029,94.40802316918337,164.21526148053493,182.70982955514393,164.4704933554043,180.5351494107915,151.5853371913179,140.79063072603816,116.12717630322652,120.2416798370632,66.87220118931452
640,87.44812786871321,108.9185180316403,115.31084624406832,92.9467606177256,156.42448301886841,240.29705595931782,163.10290573418234,140.99725474895698,57.97150179210479,81.85581723105855,67.06540749184106,46.84751042012526,40.75645176075179,74.74629662884342,97.836219716959,184.90815105688773,196.71015027267458,233.79607973116563,254.44482901650832,187.7712358448654,170.21969024278593,151.66745616374658,79.34881990144086,110.3061673870383
641,85.60456019946133,96.25928174054286,94.68067518954383,85.02502019656475,78.4492779785961,136.30255275035518,71.09073516397952,118.71301131532064,107.14600976456575,73.21832429310584,45.26563055744788,44.74693841041538,50.95758953173515,116.00128815791238,122.55848978080981,149.76223489228778,152.7294232017332,111.42402833738313,133.98063017682375,93.20737313044883,166.38389208441993,166.14726090938026,178.93547902605246,136.514585674289
642,123.2561042993427,152.7669389748703,114.41802626788876,62.354723455434716,77.3966693530516,177.16190800377515,142.38089745397434,105.62892769690151,102.69905542290721,99.16713148390163,75.06992623603352,62.44020834894452,101.9212761829067,126.61572839869234,124.28576099038095,164.85576666928105,203.35275619682093,185.9581227014207,137.20963695937968,111.94677105445714,115.31835220786925,138.09668813125396,119.99741276971415,121.99045483830828
643,113.90332820827678,97.55102116485826,80.09865501195962,66.15872520348344,99.89413947676178,133.12469970110732,68.86498425522498,78.2888386408912,69.53474185870716,59.97106935136962,76.26360227919102,69.0606758398239,99.09218618691138,105.19181985878203,171.2923654464272,190.66770936663045,184.66048344557586,206.12270509417561,205.34752947402836,225.2618043814437,203.1126985482794,186.5770183187442,119.83763472700636,186.20955768602147
644,84.41968186739771,110.99855246809732,139.70490013343513,65.32163312859454,80.79728563341592,172.6461474244893,89.35774282705829,69.54708334202141,50.69779598821814,22.5810295093735,26.17758391538662,45.26679575274234,55.930229715759396,68.21840869495645,54.771637048081615,119.25232522810731,147.7556321271701,144.9788598743803,143.59036280875117,107.49295836011413,149.30682831131625,83.87048820610744,133.17664531193358,146.0290655796133
645,104.45713987328296,123.24533027217893,120.1343201363042,96.78237253030528,227.02904978212246,273.28194725054414,165.52049309515158,141.16583751631032,120.50028084558572,129.42950489734733,92.14716576556158,113.47923300865378,174.81528097953333,159.7884093025228,144.6052264784971,195.41520073074113,161.05052841986708,182.48529608298605,177.96770463061748,145.63535269606678,135.38240305384215,129.86607778483489,111.9595054653549,110.70946507230002
646,64.63685109923851,114.53235156507125,101.79448811267368,76.91974338394449,69.11911878436328,204.24058450579352,166.22302782332517,136.1015391365328,128.58951694074815,121.03852785794656,67.7129249803067,19.08400909945084,15.597295209750222,64.89975317282394,61.57453631711924,94.47451802706303,264.58840370557965,207.9252595139273,188.09831472382493,188.4215196616237,135.06000423065953,84.569904461309,99.64000469941519,116.34702465142401
647,124.6718619708173,142.91069732630547,157.16744981486022,133.36539488226506,142.63293805767316,155.23031840112924,68.73531144983258,217.86099431790774,191.67681817012516,171.04789994369173,121.08661257623476,100.92220247736533,108.9171040674733,150.98890949134517,138.94733825640986,189.94536025561365,175.55384732242575,171.53919254201253,166.63568590478653,128.10485271806084,174.2216201612424,155.5846161192678,172.23306480731662,129.05082081507922
648,121.08103289096611,130.72625629071965,157.6531245265215,150.35442831525376,149.95757241331097,199.53992234261983,144.16645012073957,122.36518017086593,123.79117999614851,68.90370156844092,85.96516827403573,86.5620389215861,82.55020835649368,104.6509444952697,159.70343490397852,208.786278935576,166.64795829299018,126.69136874333073,177.13937092745323,143.01892762872555,141.88308370963736,144.47904579205675,102.9706432230712,90.54861789415044
649,93.31484849393794,59.31860167409758,18.108816094326144,105.61087768020768,116.4613883641492,173.61654626074989,100.82381645929,84.44581577634226,76.17701218702541,110.15775002100037,95.83081472177088,91.01927743674277,96.01089864968874,82.96906788077717,114.6748134711609,151.42665101679685,186.86005123160157,142.1372007676006,124.51649155251886,91.6469348231551,86.24848635605419,115.4635483685868,101.716042161631,88.14983569926554
650,97.4862887957264,75.35544709568867,56.38985993355678,33.17479519074551,-10.90815293880111,67.68663854604878,60.1592355965639,43.653584713649195,55.46250841429234,28.14108671758183,-32.12488760237444,15.92080376346376,-17.70225132090301,29.1579676321835,50.20925839904728,128.40258345317952,135.11984443306136,135.59022344690683,109.82634143113272,147.65045000475936,124.87485159176384,142.6763063091022,101.60445791940037,143.6707460848665
651,100.86980533975354,97.68744364044008,103.06859811039027,104.84550812189244,112.54446347718203,179.99221349796488,136.92459974866188,92.84912332849561,144.1578676862727,89.2654970394922,97.19367321449062,99.55704757390788,108.2019907424197,142.24761225853075,148.42342252251845,181.75673373850353,160.57166601807862,173.19545767941162,201.6900080960503,155.01736059733818,155.05608972505738,149.32044387929122,141.00322095964447,119.13172117072381
652,244.80679887212804,198.67485488384744,167.33725484660548,138.8608539423901,174.75287733465484,206.82027484250068,136.118061269954,133.22425336581722,118.29011173340216,106.18326831388859,60.72588662415162,56.16776287684244,100.22650711055806,161.42770307579775,180.94155468397332,194.88900797954363,183.17858481432165,213.7885724026238,247.03752094110476,230.29735711328573,216.847865229682,183.98051493728187,97.06200802127496,149.35812957683305
653,87.97386415523852,115.6344275594532,118.43496228635013,75.87744898204629,84.0177752736135,181.1191413666202,193.9380590436577,195.85046236292254,167.69395389094882,114.48665420798288,117.58444847012893,91.37208348004164,95.71159367689464,128.3734139990672,144.94510878183905,150.4377108792858,182.24737144289483,155.14640265088167,198.70001510777414,188.84190835221386,172.75253612593627,151.13489696369163,109.35887699811207,120.39003612392996
654,116.17086468646394,203.4114706492262,160.4743989696693,117.11660508506162,79.80801468284633,143.3130917078499,112.67622719174119,99.1072770541355,88.99605307116634,61.063037518356104,28.40148432500648,19.744371703252718,29.803031772870234,55.08053825181423,99.2349348901883,156.433178526975,177.0888665171952,145.7258970891985,126.1606983410007,139.56870054559062,145.70523447331328,113.34637848113641,102.01022514970273,125.60692656110618
655,106.15580957488285,123.14800286964959,128.3671096681098,140.75067040947542,97.10378304726487,173.04313518230964,89.46620995135059,84.01076489113125,130.75210876679262,101.85839552428222,96.35557706946508,76.66257841525047,207.11673563288798,177.14715099156683,125.44686058730841,160.0667816496137,150.0836299527836,126.37064690660699,130.81166268903957,119.28100671901751,121.80030614669934,140.93452614080638,156.87307382207302,165.15756757934858
656,134.15574709490878,104.48476731327426,94.2889143505108,95.05897956686498,152.37657944055968,180.81298520795255,120.72983426155183,120.19130400751733,115.4122862399491,101.08003605184021,100.91073978312467,63.81726951235486,52.159661572792515,77.63144083865778,124.480203758258,165.18038791187837,161.73401795483986,197.64806585125,163.49209703152502,115.50926987349519,99.8095766688869,79.5769177699988,79.71332056110458,48.947498982692665
657,151.19591263943312,157.05439063553894,127.01708730511561,113.54509416319033,110.80048335376827,129.1166748492628,111.4107678764472,130.13360037650708,82.9594443383463,88.48916854097807,79.8820597382491,66.00874600532788,31.97335502925153,97.4333218521951,129.6202797397674,145.2744792694478,122.64315337518816,155.34770052776972,156.23205264750473,148.4631488932102,141.3798243015886,158.80496069268668,99.23125674735937,111.87904817168325
658,63.92432028399134,81.23451708174542,82.55031763244367,94.43578137063598,63.86220922640321,110.4438011765223,135.43724261077358,66.7011654779491,73.26075032764386,46.67772873007997,35.394709598912655,54.14451306617029,61.569655366820925,108.17788363500043,64.62497165200469,122.18179983113812,112.51272264463205,118.74094008799281,161.5818739203499,122.26991349319366,153.47323440949546,132.87149226216567,166.7204457737143,155.6495183794677
659,144.04772557143468,135.73338185060504,118.00417515971981,110.06082581296145,140.24709480249987,198.1110780974778,161.44147419113852,131.13037807350995,112.42201607626289,62.96338463091307,79.28528496560125,41.29654402839135,56.60892044275073,53.51815853190061,82.331303814081,130.18740851441459,86.46425147533638,83.30997008910832,133.24998582904377,117.19220899165293,157.47199759112908,166.57916114726785,98.22326074507211,62.193445589452374
660,84.51314908388652,142.51113810718476,132.3093316660262,90.66045993229883,90.36455223646324,107.17350910127973,68.39728668002581,55.68016407495216,65.2625233492542,72.54059773190299,95.10152916892594,63.51647786406558,10.9527266330199,50.41111437458512,70.06174831122803,102.59208993599653,144.0811265359874,153.49665334991775,161.50495621364865,157.91825743985606,148.2712265782513,143.61784208423964,184.9717707491866,115.66321419120342
661,125.63837101351011,126.16717952055903,150.52737249990935,148.62405779423227,156.78427255770166,166.1151676116644,138.25632735323754,128.5425550796129,124.1994218709975,110.6210717411033,89.52446665345222,99.19017286931992,55.76772822691353,99.3462173507699,117.14234711948565,164.50627233015743,156.33357503030064,208.19934630102665,180.08033610098065,157.61828846448853,141.88297741383954,155.78760471031896,131.80122631404743,73.44762584803752
662,135.07847084912868,111.33300262039154,126.81741888380384,106.63901387265797,111.87540883194973,196.8542990831374,142.89833307466571,93.09386381025516,43.451735193551,52.30748996140574,28.097933155141824,35.96780991883197,67.37808195519612,77.47033672475702,43.96284159118012,122.48089070673441,124.91072777117229,149.9547592885108,137.58389410039126,125.91200204238646,152.5292618894661,161.35167727573045,144.71819928179644,111.1729350188325
663,55.648738879483965,88.83104107282071,92.03666783414009,78.8572989153362,81.97919053672227,126.57770885479033,106.42335178229162,101.8912166564197,110.3104003869266,75.67438922719289,51.604621949461794,50.47208528689007,61.81148648658178,122.15095137251309,120.28717460315154,211.87448203715797,216.22887979174322,217.95030056121848,224.9860822798414,199.99882456591328,177.38790606928652,121.5312146593446,69.97862108684635,60.60365132526296
664,56.437837765113635,104.70419310355899,91.55449415973207,63.88006708876876,75.25230110633962,152.36892214673836,129.8783853222707,176.97117167790853,187.7569184414578,138.34395560538297,92.5514929842037,58.70921123926904,63.306203290628204,118.37458119125986,111.71186202887269,181.424613507502,225.34127052733953,226.6227389698072,224.21873555328807,185.42619459067492,169.18061477960887,126.26980024653906,133.41747096237052,164.59908850372705
665,104.90033794760386,103.35568239172508,72.6863453944211,81.89523810703258,74.82523988715701,147.55550576884764,105.9719624239896,129.13229085712368,140.3870529184885,102.80948885928633,79.29854125072312,15.773245572357958,64.56086962113895,88.32810032960731,71.15453711032639,142.8902642811066,218.88719604603062,177.4262471894734,140.49489708161315,126.5588335322868,151.48029989571825,115.24666597888604,106.58837403891124,148.75323579717136
666,79.95837676491624,117.47620520541253,111.84280480023907,107.06688714153987,85.27158623047188,181.32562032087282,132.63627437372446,152.87318642796396,130.6731001814631,115.3082244585884,53.270900676235534,82.32978753023757,63.204545879993276,85.87594283070266,109.28155599603181,144.53490259258123,150.89737989713035,165.38704756392974,194.00891497135913,171.0825264602462,176.68987778680486,154.49973429962986,144.7917888821476,139.51302215583578
667,89.8160517467438,114.70955819131855,98.99796340063742,78.12300849399789,74.72057346179184,75.94091539780322,43.188995698660946,38.99556951198211,88.18731842889281,70.91226935015041,95.85295811168896,102.74937506412564,71.54265158220487,72.86352888155497,65.93676740761093,120.32035457278423,136.0724423622175,173.08150917118047,205.85854866716772,131.6577458583937,106.69893379893074,66.21388287458733,82.87177172592575,95.2595098449139
668,103.93709999242505,89.60630675789308,156.81487347128507,119.0229551961971,91.45044726511917,142.92952516638138,152.7958304803838,180.71067312253436,136.7240426299261,75.55319259700545,100.94863657991566,129.04673877867995,85.6035017636489,89.87501501687319,64.50687736873911,106.35745283435872,95.57507416758347,111.15823971656262,157.7971027469165,84.63012167308207,56.901210108119486,102.5843192557389,103.60331872709104,81.57728560011324
669,84.05007557532622,136.81695993407155,120.41438625295865,94.25087356126322,99.65532533499741,176.0091415699566,142.19821623212346,88.03472361696134,54.439647123844914,63.30259301808993,42.13440290142271,64.38607101759426,54.1319109554545,51.75657042804172,58.72486621150654,168.01417882829128,202.05256689024876,194.99330516337784,188.4442281590167,181.03921570087948,159.80593674620906,182.00466868092872,177.97267552776992,124.03820679845035
670,131.009220452299,111.78511741604024,107.36238838391036,99.11680673646505,73.86359667268556,174.21447493524195,121.71541462756498,108.13070567966646,124.90168754030691,80.72965677992916,31.92946705108593,52.513641305676856,62.156633106789606,97.82604926521614,142.099668229467,180.4526941052412,170.203359916749,143.33070521680133,117.49847953170767,103.95894151432458,138.06909174949692,115.63353647337156,132.97245206250207,94.25550571861
671,2.3188380092151846,24.132372519113048,72.27142030976975,81.60409087103642,67.9530014703294,112.79244405713476,118.738853310976,112.02996889793371,148.19792506543502,105.96180474445782,61.37697737249304,50.008234717686264,75.04038275985639,119.98833400928528,158.46353811855295,190.06763537286201,190.13098282035307,202.12318329498203,210.84318743921423,166.45014910578425,161.80889707598328,118.90985698981615,133.5646377752504,108.09844937427044
672,95.87050939929352,139.35219837822098,127.72746287958508,88.22449213025503,128.45466680593228,205.0854704735742,178.1651087717119,118.5093438229969,189.79420062072808,100.81445197406669,68.93637744128098,88.15812738271465,56.394786257444,68.84050368145766,47.08156321262001,95.25495428501756,107.45760778581783,141.88473113612935,123.82144876755086,122.06544663010186,153.8074780222505,138.32224526228447,114.02574648326438,89.2287566673414
673,127.66394118888738,130.85029398590393,116.95690404478212,124.10639633722843,181.52265228105614,234.95607152160335,191.03480497580944,153.78883307850654,181.49402447957328,139.69288800633714,75.38662313849412,78.37422290978347,65.98373335511168,60.26714045926495,90.70245437520369,125.86286042943493,135.54015315247926,131.0705201097707,158.74303555712987,117.42902021057175,118.33558216231924,149.70375480620433,105.80599223224326,69.40146415979936
674,104.08202389157451,113.20569878635361,117.13498460438062,115.24285970023254,103.8771713726237,165.12020811592697,86.08532136516577,92.9399444153852,65.98292883813102,52.99047702040467,48.816925925511015,50.781805811139996,77.1130799682667,80.9289807569186,87.36161934037229,119.9453416058666,151.85716071298157,100.42037893808639,139.473231756601,124.6690080294441,126.36711420838945,164.89188720029344,162.91667231038764,135.2662664182659
675,134.59294135125654,108.42543280677187,46.2478898869043,0.3405691416931802,39.49773077760735,130.8707367445187,92.32450172564661,92.77214463718153,117.5880775632998,92.78422116702174,67.03348108609288,54.54146759194295,75.7426757909113,83.11170148644236,98.34485859849146,114.33521610247412,128.71746359182475,179.19464644759893,177.20172096743096,141.59462121704087,161.76919693287655,147.35611670938667,123.60093282760141,80.01086130971564
676,67.94700059784353,55.95812808638196,66.91725255258862,104.12199047211928,98.9883492379956,229.71326652114837,194.7914690278201,157.12037017945607,134.6312686091881,138.24886988693754,100.20297101643196,53.817694081978324,90.2213226134303,149.68352015786746,169.80116575193125,170.3307612838929,170.60985376902897,206.64282404467517,219.52174805934612,198.7599244628687,171.50612021278448,118.70990528537189,118.0031854583743,100.13631096421825
677,47.157631839122516,83.52624309366988,144.73487718476346,102.48724510488638,110.45943849895993,169.68380831507832,143.94340670996922,132.2281631463524,112.09172032629641,60.15174691833174,91.16362741074353,66.06253709667799,51.39941133081674,101.07745087949063,120.79665830839436,161.5954364380628,196.8254229875928,158.31725202132114,185.6270143345773,136.10847233627237,126.96186364385335,135.28648193099008,125.08644358624151,132.1973574892311
678,158.701630763037,144.7375952213651,159.87115884412276,158.45989413126068,189.71544692804318,265.4323699238796,246.91308811418617,198.33632828195755,140.86739402874034,96.59026097089634,56.22036559510987,45.100169705565385,30.859627463717985,44.50428344524673,83.26839907918034,91.05050398579604,103.41644964890087,151.23597782102,129.12762709640583,128.2998226465663,167.34394785686976,141.40027498117,144.3931214296118,87.73561039639776
679,108.31088227967732,84.74802291233425,102.83817431921631,107.00856038142524,135.57654785211176,173.05328552613088,114.71571892389396,110.50529900943172,104.81050857251724,88.46837285934687,58.34735939469536,41.25632253243505,20.275663913661504,34.50597810186602,84.35573653831901,119.08487089355322,157.71185509303953,135.49961600110964,137.75286008693683,110.39688481531229,112.92499761721253,108.12781324636732,123.89546448271874,74.07219355350298
680,81.32268600225335,134.43804201596615,139.74239994019072,122.34219978371317,127.98718114477063,207.88568034307656,122.29559798313535,133.54374061186428,50.88952393529646,14.554121708706063,42.591355614862714,57.33168215218072,50.37129824051357,94.9486037921126,107.29662908695316,124.92788728671295,109.2856789665104,125.6417196631732,166.11396322630745,134.78093534285983,177.62471827547645,113.16707157882318,128.90134377273003,143.87251899003448
681,110.80124747883214,143.5831220819562,128.00127137003602,96.43254861947999,87.03471712716211,200.83744139152085,159.88905243523104,110.62338530427328,68.8335076433317,38.08119329040461,67.65518276085564,101.15330753610122,110.45801449799475,118.47545893733798,150.27781964368725,168.3452812963259,175.78526729191702,201.4331608907861,145.40403022005577,122.81370417562003,135.42414320996772,142.1561637113413,150.06044241770246,157.71750177905614
682,121.3996378763881,134.33658907913593,129.84181542973286,77.58234217258915,112.97763879958578,179.5758395210401,88.33570849442032,93.13781881425372,81.24943457569022,66.4875641142601,67.59396523565647,71.40871184669692,99.10307746076609,97.84882778320393,110.88836541018904,142.05663345588744,138.17612728624823,104.72397798342908,116.40092875649268,120.46215945116198,83.11598437976738,77.79592364620737,84.9660222065776,90.63276575602526
683,119.48271329412414,129.46858987347446,99.05331100172155,79.41889812241274,100.58529526618261,143.40790683368454,116.92231583775128,110.77936676685904,147.9709863349602,161.43198986862112,93.20459436611452,65.68912495677571,44.67994383783892,78.671177758908,93.21118548079268,173.37625532578113,213.15787263665493,245.1401723931107,236.9826275729405,172.00049751848192,172.9448171095742,157.99103688888587,131.6647061679859,136.7265947278847
684,125.42982585637718,170.42799934521176,101.3226197715962,110.82786690107942,85.6535851418375,162.5194172428561,111.89190813857037,98.46882746894167,88.97322512498039,87.3602436728434,93.68151347259372,74.79402245873055,86.95986362443887,97.10163497479392,119.4386031430285,132.07082388273787,185.30066615087082,155.89657844936985,125.72937559726188,122.9438669241037,116.57067288733033,121.54020509768267,124.46103300484988,96.28356627935631
685,105.79890335067041,138.89329186466293,110.36533209036938,106.52535467183633,87.2532836306601,107.61336444537402,112.77310630771409,115.33581137631842,77.67337526086914,69.44736115348098,32.190617091586546,50.638618032676035,49.874612656628,67.8651215370532,62.07023488998692,145.11208203463306,133.49378967061656,153.65917529938852,158.1168945766315,160.51336885967274,122.06372534168672,118.56639714613696,88.0577990100443,96.90536537805615
686,134.38244001001215,92.17181781691745,107.25775715453292,68.55362795178343,76.55045862464999,176.05761621453794,114.94470248766748,67.65871349033637,33.837123228335415,-1.3700309550337408,16.608040148395062,45.57759444681924,4.580272245359218,41.16443926771885,88.21652839630116,133.55704009468556,148.903820780944,168.70309153510414,180.72357899195003,157.85172071134403,152.16615582221115,151.61951640687727,155.67093311626672,151.24545030885383
687,116.64648133311783,120.0417496820206,99.54853963831795,84.40988122134296,68.73290701556591,128.13606202298058,63.73752069228965,61.89092821765594,93.77601318740078,76.70311873504843,47.667518828633064,57.747035466273985,53.21640406955094,98.03376414123477,190.88718408432499,206.11810531289424,226.48850340249322,196.41914389407438,152.6152462956461,128.5934121252944,154.38096676827465,124.43793280275301,135.2378959081133,82.46090824455544
688,125.51743363238685,115.66659313737779,105.73123575523145,149.73185516565175,148.94326905664857,204.948598625312,128.9410378887429,136.88796619528796,95.46045808899433,87.23432757972616,76.47204763823294,80.20055200987909,59.83383604722142,84.55081198613678,67.18653719435858,156.1409602617382,152.7840040461557,190.23139369008993,196.3359777340571,113.73387082963461,124.8927338214171,117.28491590070894,150.003004624958,104.8516203536739
689,45.470580515481046,51.50885763917091,82.79013448221036,76.97320164338156,94.40612447665498,185.95560169989506,157.73344103418395,114.10152117659352,125.03828764730733,106.67239667855603,97.08666406250946,54.87742084041674,154.3992956059786,173.0792282112966,107.6697642125529,154.70831677103047,180.2599630331899,192.64482319509946,177.06945268392212,175.4722689389991,156.13707621967518,144.89849040566605,167.3224869647349,180.0899829368451
690,82.40101018895663,103.87239116472671,134.809513775554,121.48028634752313,108.40098476055925,144.04573118976649,101.93594034859856,115.03124786901516,106.21892486192914,93.30789301185365,56.67484619060181,41.16752324872671,56.81272254292301,87.29585431798726,83.92460060927438,146.60374671573499,214.80346238041523,183.84653185735968,156.21856375955412,105.11920579816595,102.07592036378153,140.5596644006859,140.41840121328278,135.25180194825464
691,114.32176362627416,125.36320429450133,144.8875502297331,103.66896066628034,135.75393237194936,231.71853474727288,186.7311207356443,222.16059918493127,177.42601642239364,180.541584374221,149.95961112508743,115.51475128242978,99.32063883332293,121.79271514142984,106.53616372645521,143.44673203177607,254.45819640290745,260.5155218069916,256.11808790143493,264.2035463378684,267.1425308859764,222.01070205284756,156.47463010318063,129.5015710101071
692,44.65363617141895,65.25941140377648,155.21400749395082,125.72040815293587,105.24695905616983,169.9849713571985,104.58792220402286,113.7840031696716,75.90770217013059,157.631415571511,113.30822196752884,105.36585713477639,84.05427603428485,64.36466224856176,91.2198900746241,116.25697046103245,180.9311333193769,201.1201229416215,224.8263996707204,168.45799324624346,164.8812235141997,122.57555916030788,106.28215861214815,114.22935860285436
693,115.42073713857455,119.43810313698376,137.73779093087145,96.44515344504487,91.14966566045207,178.24096717911436,117.97155641584756,65.80548284551998,118.30768341839718,79.69083921415357,63.77354816546682,-12.17405907193585,20.207566382669874,103.09511727232731,144.19011201743825,171.48472463007113,188.6980787549244,154.83962945694108,153.47972373223513,152.9907454658145,157.02429774881836,153.46265771856167,136.97306446091454,113.46443466073343
694,68.25433052436767,85.83720367179406,119.2013500389301,105.85609082275164,109.63632842542809,151.49751309847994,82.56260455588387,101.43243475745055,67.23135807057497,51.22835292199521,28.93868274249148,44.23123912045264,43.27303279565878,109.43244148134902,79.08083994253829,144.72347536502974,162.24921538852607,123.79182180540865,137.42589904309116,89.76091854841283,108.4329733997229,64.01112136396605,56.72520072895738,42.54488232628927
695,77.44769293436619,123.05246721704145,170.780446563033,103.81301945751885,73.22848478845654,86.38323038727629,57.02550071538771,88.10393930488355,62.045625072973195,65.87110007672757,21.937552923009477,25.998233747798334,30.790113316949792,38.075183186803116,69.01542653500303,100.81502495102461,121.57113778802088,133.2444179280202,188.51708835522135,137.38817552359356,139.73210762285066,86.69188675502825,156.1577028055158,161.90667873727722
696,56.98713112370937,59.02671452123863,72.85037420156641,52.815569007264564,54.94442316563422,96.10920547916368,114.52460854016797,160.04037267626666,125.61925334993987,50.57575118721189,-0.17112416251042362,7.069537727060954,45.94460739169408,235.4468161728775,212.68638870823128,211.40951433465807,207.67757310638754,208.76972548306202,206.33284595565692,155.83632558377315,140.64503920211425,112.63814614272219,97.56969531560682,51.20468634435935
697,16.121784599007327,34.816155135439004,111.44000504235092,92.252289044863,109.09386305698543,152.18174182155119,83.13047760064197,111.78431493526445,119.75226716231258,118.87599072422971,75.41367029629454,49.33911093452777,44.78693252263681,96.040349493913,88.3991462010171,132.33718416838337,148.3152827991598,164.5400931417252,159.06822790798594,127.74271481394541,138.48454005073089,135.7794182821306,104.47305742837496,78.26269241951718
698,114.91029992246676,120.1263875589133,98.56268942451814,60.018702060105085,105.74577647454066,154.57401601966296,118.7354302161028,102.88900264444814,73.32207383654752,49.987326533669105,75.32678852872621,101.30404303289416,110.38875362574609,96.05615251036286,101.63740151563918,167.00731530875547,195.30804020465405,145.20942697965071,125.81442124894139,128.8236703630441,128.67172674467946,95.86400290859673,69.06050787652525,106.82298408841193
699,141.02644320934206,191.18245132115834,176.85134900798838,165.38161415760175,147.12837405347443,188.5732812197487,150.8184767273887,100.07274431660215,134.55099344993351,82.11946126047499,65.81553026591521,69.13644355612314,74.31731875954067,81.58184176077161,80.32124850651294,145.07071375108035,169.6600713767708,182.73506521677223,192.36013315266945,150.77012416781872,94.75301413504802,135.1249384313449,127.74328293836795,98.9798405029899
700,113.36833590560576,138.6090284804881,122.45651205446192,86.75992544387319,109.33392962621048,158.7936540637899,110.39626167246483,96.90563733188164,58.39319640379293,37.96005848713729,16.50337438303113,7.909388849908744,16.158240036018718,73.24257814047544,112.36815740362901,147.85061078086295,170.83667220659586,164.57019300850322,161.85638832952796,167.90331082759062,192.23164097068207,142.28160112631514,70.6296215926939,52.15775705976168
701,143.56641276854447,105.00853695133142,119.77996910773248,79.98016829634702,94.53795965532173,153.1103215192873,153.91589205098242,159.39901557545502,142.31369822259842,75.34909374678168,62.016465637110855,66.40021704369238,83.17634454579792,123.8291099751023,107.21525525314716,149.5374227406304,151.14145567328362,176.98611558119893,173.33954488946657,176.93559963972496,162.65461709269357,134.30048726151404,144.10774735003434,149.47011493674754
702,151.12081054364083,107.29232185170738,119.7143525989745,57.61628661987922,95.76413027350557,158.03030405311557,147.46660434421142,110.53291248569548,106.62918644299481,144.15163973206555,106.70730009222908,85.97525408568424,56.349890768786594,121.9446059202734,135.47782506346397,161.64458145346003,159.32998542544235,153.88688543176465,174.54496234228446,148.314820173445,136.79666311188643,109.25342063714304,118.56791427655898,130.18203139497405
703,65.0276018230199,74.44399150654891,99.7482368657524,62.74830563806606,80.18116330616891,147.73132991734258,124.70888551177451,137.79965661785369,126.67888225717046,80.18031120724129,47.53416629675703,22.153605073397436,20.67831868929158,3.545740908956219,47.15454061265325,112.9097989650837,170.13393873535205,131.95441347977567,160.4965490209382,160.6941812131227,170.27517912631575,143.44746414521632,93.79828628688841,96.82624401476956
704,107.12633319761525,109.86074078330861,95.2418587670183,50.83926611437917,13.291671023632958,143.08273438569964,113.93370221104493,126.78777755783234,75.04992073335492,75.12208498860903,27.66848558741505,44.98066455205203,39.23462296860347,-8.00148394411677,76.13239169439012,144.2680988678781,120.18937042011115,130.21513056836272,174.875453571183,118.05425472292909,92.42143409154772,81.31321922405829,103.99360640886749,52.844298640000375
705,89.76921130467063,79.24117551972843,89.204904205044,62.67988168456036,89.84029097965174,170.17172772371902,151.52482712922074,155.05926060229794,150.03159846132124,106.20421736708154,42.64390630880889,53.05906727144157,49.903277216688494,111.75055328084292,123.81175665342147,165.44220735085943,138.44275073088906,139.64207707472195,102.82372851733605,100.66260680258661,100.26050185693359,87.502782560261,60.686423343570056,73.7072820427999
706,86.45079961964697,44.70822427642047,43.0590463846755,37.37148998280738,39.469552323180295,115.22499897899222,131.72936318938,115.76257100959407,133.66684698048664,133.98650777922543,145.5501507585859,123.18691864677385,70.4381545363907,81.40457910915215,122.32916820984398,135.35597585162958,165.68061784122426,201.0436692761904,231.72135949805985,137.48571861670655,109.62901940689545,154.37836351783778,116.02613085988604,132.83628148949967
707,122.94678260471188,118.06537336818137,101.42752679303557,86.57314091229239,98.98349011220611,116.49373790658305,104.03876714644572,112.32280853575719,113.05933977726485,81.38111446336677,57.85997301639716,39.98789955696829,30.728552733526165,54.69458957472639,94.32103101413757,132.36642791944857,164.09884733549958,169.6957465669495,152.66750520641565,152.76632330256456,133.33900128216536,134.1296060252255,97.51622732270158,87.0450164384645
708,109.19439966075228,89.97805293694307,108.37457105974744,56.32356001775525,114.28046909913681,150.85759688919677,87.15634073847802,98.99932188847586,58.45761215879963,58.75484388382953,41.5223082072057,57.056218223548186,62.45154225004952,31.978416929524847,58.013618420949136,123.1847857682412,119.20522237143155,119.38436534494087,109.9002978533043,116.5547220615996,143.28889750063337,156.4949314242449,73.44240932387986,67.1073375053786
709,66.86899829826254,64.49701685132484,32.742667221737776,39.35510438665483,91.62010869864442,177.18653133292855,142.4999343813699,138.42123932004694,125.3824046251261,90.28698037437273,47.515185881875674,70.9398086679288,80.95320746766792,25.623089360261716,69.49635962820139,110.57065638646665,149.85824875477064,179.288991411977,187.27803950030273,127.14547919784326,131.39756621173464,151.88527903375615,145.95083183758751,77.52932600286658
710,107.1169292767003,86.56450744490877,96.20701714522295,109.45024211853651,161.60226832549995,181.83676502009854,125.68102875201353,106.3699071049469,78.89408234186908,73.5153628867887,93.01866513675908,58.68027043354249,64.31429256077665,93.3295844693156,101.10068874757903,123.71784143566242,119.75407799775896,142.4492216534554,146.58395107045715,132.45258730092178,106.50490968748959,118.94557385104315,117.14114227152959,104.44792829566198
711,51.802686036333014,79.16142783839824,64.02440459772097,24.427666545324044,58.19972954550586,112.60013548404369,60.27323328944012,117.96152579986158,68.30243356473517,106.13289269301528,96.51889242173091,111.51450334769234,102.63982169283955,103.47557442983626,115.76815256607782,137.55699603436756,169.7476223547477,142.36814983119493,157.4215376710995,107.1086279897663,49.52308913025908,69.46130405094226,105.66856797302053,119.4659837023257
712,35.03797316144744,90.38810751659804,57.93235269527479,21.62178011720944,67.68386056434272,136.4769684880231,304.5146749466354,275.53013647049477,198.93900554033434,159.54079105585635,135.1507042316741,80.84789192301014,40.14950446718615,89.78005768133583,116.7629308699712,165.00648641628067,172.85792011591624,150.66633617000903,135.34722077841582,110.20167515760647,149.9885078075269,124.12985509903226,78.15586490664884,90.24977382884788
713,154.96033282410264,153.90712812714565,128.12682409662705,72.8940154736407,107.53850994402953,217.9156779333634,151.33516077728362,142.1950975504688,110.95689041191052,61.31615491898414,35.04305058451037,61.02090774844504,85.10580489718757,115.23013996431918,144.2437561531827,195.59340575545144,194.96996790121034,185.1894435229974,167.16427232317224,153.86579975345512,110.65791010136445,136.252476918824,150.0682907082074,130.2413764542271
714,119.27989167474472,113.43775296140376,126.67960910172053,77.10027518186155,93.52129265884702,182.78182121592707,143.8692388881913,150.0523868301,137.27065284218722,93.14578391169715,77.15682573830829,118.57380204346708,102.31869134379232,154.5891025980615,129.96975933174312,121.84486768850167,183.51223700985594,190.4682905241725,207.68927932339713,175.04450948016728,162.79632623919423,137.94852436289864,94.39142314626372,26.140621912416606
715,92.79641655856787,72.47803741995583,72.7081100374414,65.50316178232795,56.949630238320104,142.34276925140924,121.28656163457764,101.96612173211577,64.66226054581745,57.00324517903523,84.30130613133709,107.25782381976084,48.34575792995063,65.038721784996,90.8173081446098,130.65134061312136,159.06919596090563,138.00825426520652,135.3650852880425,116.85237096212528,115.76720159147689,115.22646878183095,112.86643655286957,89.43177130317005
716,106.50835263644986,138.16093784041374,175.32212330785467,152.3955362668838,137.31191651762614,166.51438341826818,94.56819599997803,104.28700143967978,100.23599064300298,80.579250740313,72.74868023960697,38.35765799439546,82.77554395078472,88.57437597431226,151.50437188364387,176.4979052195041,230.1669883035466,201.6646665281425,216.84387857967238,249.98233720097585,228.8213577320269,209.6120313386555,144.8736295938211,78.15563610673377
717,118.19642907805525,116.28318431259575,100.35507941698508,72.23668869651029,106.73590432015676,162.54615754619147,130.73247619822288,148.64284408454571,166.43445491650968,149.5151983093024,152.79972936028298,109.94577329445843,132.94028706629982,104.95940321943338,117.74629572687451,135.22347571532097,171.11262228792404,196.7780644289537,180.12830818112982,176.44577848341675,189.04461527291508,195.9918028424546,178.18630104609136,132.11815724297645
718,109.97660593467171,179.24946422354375,141.2603008591765,82.7935548786941,88.33047193834352,101.86057098659204,87.54584838199011,122.1555020106949,147.4289377133288,68.59330675881617,59.50083500022639,67.83691615648358,76.67728138595811,102.972993887256,83.62191984794316,124.39233878741561,130.60755289890034,155.46482002104528,184.62183568297448,140.7729081750247,126.37571529503848,163.27868976989606,136.42371170452873,144.80258554776725
719,119.18173517072837,138.13420939257568,125.94871586856692,45.73337420157522,61.37858062693813,181.38116728282833,152.00496366811151,113.1938368090083,128.22900554854448,60.433114494038655,66.403880412016,81.61953781009245,51.20433059920728,104.08838528175593,112.03927801481943,180.35769814802265,220.50298654221652,283.7890279396158,224.2242911728424,199.6781912078946,201.0567617764422,177.24632916896073,143.532989780957,74.18028788410086
720,37.04919330789815,18.045221501928268,63.98766139426011,79.08705436959916,94.66237613647489,187.8769677647084,152.54434910132196,103.40592237144003,81.9917049698897,74.67612267276934,65.06425539814829,33.94758962137425,20.176651334185955,63.26078089586383,81.58444480318352,115.27537051426371,113.36308614046156,111.82251234085014,99.27218682489826,125.69105688289645,160.25705222421988,150.04439788466271,135.3139277106156,110.82069500227459
721,78.76271175715716,71.52584793229589,121.83211494112673,61.67404878933252,77.29193384843866,158.40928338076068,77.93131618822181,109.68616751100099,79.36463089287523,77.83298338611333,59.615185537458096,65.01610506186003,130.67865712023595,146.2351767000434,105.0535112848069,130.85532194444266,159.9723525385075,167.01752090811505,129.11711624550583,77.05058946744758,67.0527008098787,90.35350325531385,37.9996356888427,88.64284951100336
722,46.46670228175918,65.33528820821891,83.95441539329043,112.87768148202659,133.85794496129208,182.62923725761956,100.07259344603749,188.50306487491292,154.39784988276193,147.68354255215968,60.15053529478624,21.814604488400654,56.42027228917807,63.78034067424227,79.89505988156131,135.68963602424907,146.3002963179398,135.92141500347395,133.40284672914657,88.17105819776057,135.252836857847,89.85264738465503,89.17825458115165,73.85042800088613
723,97.80572909601092,69.43930902822828,100.29613823883354,109.36378341127293,100.93677328230251,167.61258555559763,145.13933479275852,159.22549227048603,207.85223977165168,141.59657728110562,71.60352509693573,52.87111234034525,62.323891436668376,69.77850413430718,83.89006357127774,140.43134361623444,104.43901892619692,121.77573021555492,146.46407403919548,103.24386493942784,75.7789430415932,122.27426946236014,115.92733969679588,159.32615342036615
724,40.0399450876853,81.77230018616677,119.42713984135261,128.75571956415416,120.67577651704507,168.05050504108485,159.4311859265099,127.82393746206475,76.21266939639236,39.942294667295386,43.54532757862792,81.25842249838614,86.81770239610313,118.41949832657721,104.70086033474367,84.63125128943537,91.56227140502563,154.71171760674795,196.80823629654412,140.7111362340327,168.4999067374085,124.23679518924331,136.83832646013568,119.00607628981346
725,98.38727110927293,118.55703965152908,71.88626772122808,65.94086636442817,96.13915495332077,160.92191794266918,108.93641556803188,153.53127892315158,131.6576296008596,73.33360072995583,107.2824471769948,72.20296731006214,60.73919894929119,93.909998349416,72.92288074926624,82.08735972699,125.22206393502259,158.65954037789393,227.46586461560324,166.17354454011584,125.69769662924395,118.2271744773699,100.04035016278834,82.51511866591451
726,103.37672975902316,124.35392534324613,101.41487667685465,74.13421609990141,101.3599039635842,211.79609589639563,133.95858831080662,115.57037034616509,126.48012419621175,97.42938478714333,28.50948676213666,49.32238732509602,69.45924372270166,99.40827619912174,72.56837822055408,153.28148005420894,119.97468058936992,166.3332539713332,133.22981564330496,164.15846127375363,142.85760491091634,159.0457794099608,151.09869949963942,105.46291560609112
727,29.454986549032498,13.951763244217275,25.55311900596682,39.63973888755877,72.3710545202386,112.07169840506248,76.76774916484825,57.92864333857377,56.9038361533846,68.52708026989038,37.48090226801661,32.24187705080058,51.188916874718316,51.409811671642046,52.8213306247728,110.67747288200862,199.1426969732006,214.49443135082447,203.59772834024494,198.12795046763077,196.8408183474902,200.8151385896835,166.5689764196677,177.77380556833637
728,140.29887234919963,179.24016587113022,160.60586298281567,147.16264673990986,119.09141622204109,207.52080434978024,156.9302793877671,161.15565215358407,141.16298166939166,123.50829891792218,100.18099920809925,78.26880877720075,102.10787360648918,105.5358248358879,100.12754364296387,141.96442870243132,157.9557546252394,179.4193796164237,186.67142069623475,154.1168749892826,164.2480222981118,164.78779800193465,126.67924130137214,106.53407913223286
729,71.23165158993048,104.49020438384792,80.78926990076779,90.64058479426437,86.9180306790234,175.2573657713903,122.70962557030609,150.00148862622098,115.55345945383048,105.45041288943455,91.86853814538533,82.83302273702931,126.48970151413735,136.56372824228973,128.38674924002493,179.57465512156853,191.31658339017284,200.65715015953603,157.95238863787608,115.97279742201107,133.46480839343602,85.027695535607,79.26099685160763,68.19483512730825
730,113.00369569659301,157.10205559668609,132.88097919283013,99.20986761883395,164.4509508150745,253.91847978649074,186.4733621755854,149.0521247655962,117.21164320010402,107.45423859490997,53.46248835996425,43.10324302400058,23.907086068979872,65.62622179729004,52.697680524743596,90.49597551196659,124.07752126579493,138.31443709719815,189.43902651542456,136.13481624264455,121.19233322512436,109.0429658921263,87.73629018582784,45.2208053543025
731,111.81501704722949,118.94985266400134,107.49673837126286,66.16211405692229,76.88899716069973,116.0490947549544,61.15510241550125,42.023412387731014,20.928175961626536,-7.4651827070321986,-7.578958711596982,32.35589309336805,39.04518600613467,100.27249126566889,129.73741600589508,157.14168159337532,178.8088548128746,209.40221282493934,144.46531482142723,111.70472638853579,112.35240121168388,131.25765550116546,109.06279501853012,152.89463574465213
732,121.60269561823205,152.16835620392678,167.790490440891,113.70014671535877,119.093498926564,156.5146678787762,134.10150972168947,99.24393198454953,97.11067973574205,70.58605206129897,68.9482935275813,70.07069457499773,96.32584816103325,73.11856506102527,96.33872856211876,122.72871228059729,125.91642573130774,145.52405908846788,152.332632038735,78.05714480634117,101.00563518837737,106.88411267879243,81.9674570179167,78.84809803322543
733,80.93134009057708,46.87598650117094,145.3017591594649,140.6455920847902,100.64497726399087,130.31251081081547,87.24906348433805,102.53776825312376,105.96926163616965,97.74732102394897,91.780013280665,64.31082533537993,103.89891254265493,90.21693242692434,92.84908850187543,163.55157486626211,151.89270642644877,131.25568123769244,133.26571842632745,95.69930123345165,145.08520953287774,130.13365824632677,130.81148253006094,155.01874720712487
734,120.89760341229173,109.41477035255308,108.5133489926992,60.468664285870815,68.63610143055578,166.73599192939633,96.8947404867984,148.70750853571462,76.55864563853662,54.48305354959406,39.044152484219765,24.547461441213407,14.163219902501062,48.94772409041192,102.77031102335464,142.15332937545014,153.04838671638362,239.1761868530693,210.96428128330746,166.65821555029711,130.69416335087485,101.57727221685532,111.72422982336361,88.76308147356552
735,136.70073679717063,114.55549477991775,95.97066237430934,98.69026957602468,75.79021322329831,142.30952573916693,126.88488892598507,104.57827440351919,71.10568007619258,35.14624165113348,-7.250139838864044,57.803312356380175,73.32242815869729,51.4313067467519,80.1858174750483,138.02840782059727,136.63860268619365,126.15715492570607,135.67794171900505,109.76097528052149,112.11766848719617,140.0906989354862,115.77921837079992,82.29735424487956
736,35.46183398612189,59.79778715977883,47.9593608701948,107.70708794641456,110.90509953038459,154.83111079404827,129.72342836256877,133.75123864766834,132.2280621250887,73.76246338829893,79.24258155559566,102.41210589468199,68.27636996762992,95.95073572783103,111.85739950420015,153.62529193734218,192.37077487666267,197.39021438502746,160.79320735443,160.74949258922948,158.43055962922972,180.48092685536713,181.99715672191206,131.9052324179619
737,129.64819446981,108.93059806155384,39.9557314428978,8.384625236540558,62.75383889022456,119.98862239531002,116.6955041226276,168.76713204908373,118.87042533794605,111.14205288194152,77.16184871653472,73.1870043737629,90.98871973140231,132.8850773707513,136.70240157614296,173.2205035616342,191.66668536324897,175.19117316854334,182.5616888329369,146.9268802252124,120.61038159706871,100.77534303885085,82.70480809329386,116.6539574805307
738,112.67130261579776,140.00177664223457,125.44699165441918,118.69870022050057,117.05329562722534,178.9999749510572,139.19199267319897,93.87752282372854,98.08741650197481,129.25183671951828,86.11858846598403,51.06702784481896,53.67733427732784,60.27332105363127,88.84700471795456,135.30204651336098,130.22914935042238,120.4409498938704,131.3092517810013,92.87128116541327,39.360109505202914,58.345942606966574,97.2691445785116,82.48959090038652
739,60.55242831336763,61.603421879146225,88.7231062148985,88.0756306289988,105.13459163606218,174.1008128818079,144.76656544602145,159.53885734676115,115.19716671852665,64.61402020169385,35.00134780463468,38.45411843187926,2.823014647333217,24.9969761650051,64.68679038912444,142.6989446208136,187.2430361595264,195.159001477456,151.48991392545457,104.66223755135165,100.15255820319895,85.36421303939468,59.89752925251965,117.08120273358
740,109.35560518784553,72.41541160675305,73.5370663152469,81.29676287957076,78.4285193197129,139.3979208716948,102.95442203816285,143.62997489461597,88.59281521945233,89.3256411789853,48.73755024234882,49.49068717824311,94.90500799015845,86.97166823597021,146.28238205955765,192.17287067114933,209.15210325865613,191.6618908398453,165.97732003683006,139.57151869565422,106.29901984659523,96.75885918564379,90.4493003397303,40.79751913936532
741,186.84792731650438,160.3118612676854,121.84218964958394,103.79227706307806,77.42785439521103,128.20473221813643,78.84056645696575,98.47766074570725,86.66206103626132,62.51285743039662,19.861718914587016,37.926515961018545,-4.7023842716332425,42.932855749311415,90.4056590911666,159.60072872369489,133.9180482964455,156.2894562226766,166.28892779136353,133.2449482452194,94.40184259916437,107.18461228385812,99.05918123153836,70.90133805427678
742,189.70047533970953,177.07140606532235,166.84911172011383,109.5160257810647,89.56950146273542,184.4979905504824,138.44841640902536,123.71941249420013,119.97786468107587,79.13014931831289,108.2435825798664,68.33449816195461,114.14322210230486,172.58271788163296,178.87772915552574,195.20399089601233,189.08974886628042,198.53628435526832,162.29625113273516,151.63075573311366,70.6720602481999,-16.926648265524193,-33.25872536639969,-12.985687464008905
743,139.74349156959718,122.77894527533522,108.87365910537032,112.96452060322143,103.27018729588389,143.77147436738065,117.36951466348694,128.25730874857942,96.17930314632746,103.74673824051818,92.13377358488319,96.89126519399667,48.19117341262637,62.453666304144164,101.78697927532163,132.52746972928998,149.50634863553879,164.97188721093036,172.84189690548482,184.37993056393512,182.6761718259385,231.81573965456874,193.33796251011393,138.3171542538391
744,76.13735546895305,54.44758370454581,90.58115465827646,93.6404494860276,123.10099960285811,237.0306804155621,192.71419368657195,173.61379857214513,168.7929441716895,87.07476767819654,48.8087005145399,80.02601214690584,87.25514978018175,94.15519716008654,95.22965357773407,119.61981840053579,150.3637759367028,153.44094195121323,163.15542711921393,131.86149594546768,114.73101162023761,119.34880063235529,127.28001551890831,89.66385605242151
745,149.36618631978405,162.2129587204988,116.0142955359595,67.57703244184815,54.69305583008342,143.69808752849713,136.3446140761292,139.27583865400544,114.32410700331168,91.68258237431245,43.821450872425416,49.14314454841961,-1.5901783773910623,26.645480007341988,49.59566606246435,114.9472383144442,122.22431327010217,111.9178381761048,134.48449647160461,116.76478942237532,134.59862790166503,81.38918330668736,26.085801564981892,38.25752534574315
746,159.43973037215736,130.02519772287394,75.5222395718564,112.76909374783807,108.96318318729638,171.76315265639607,152.56179210943148,153.1252766093653,102.48802001765624,85.95969973269484,79.54857376551618,49.22159338293738,90.26171057602745,85.31061383374166,109.25317799072725,147.74141367087176,135.34159099115107,169.83751842725093,163.57966183828694,138.51361457589707,119.62653274872902,123.76133832839835,138.0302917111146,92.21381000969134
747,73.38705731921902,94.34075677579266,97.15604580977939,106.54864970878981,148.3517303794173,209.0124631158921,133.69317643449142,103.45346886476662,92.87365754081365,63.66715397665682,48.43797947095668,53.6288014513616,52.19121955920137,56.16937711230287,139.33690948476004,179.01917142463805,207.30011141549943,210.9849034601886,158.79850857520427,120.5430382534064,144.46759441852927,128.06074660258042,139.57746811047215,105.15365671884689
748,93.23855393947565,75.05077258039111,74.89780288096065,40.59394229647533,39.09440632274797,173.44803135050384,103.42989346719432,110.66595239556786,122.90516471334801,70.44283235767818,80.94088091891228,67.52761678774002,65.32203358076771,84.21442081520787,114.31171479890115,163.77648385636434,138.2503433459278,168.29456708068693,168.52185309859036,140.6976136641555,89.44191770860594,68.09884235992033,49.69028741480335,81.9420436267218
749,75.30807660112097,127.19471329652279,158.09707283748855,105.64781105719528,101.854319970865,181.29290350382166,121.66082748786832,135.6008686889177,78.79934302101465,75.14749109703233,31.481878374827545,34.831843672626434,6.913084101433633,39.64842913788114,51.54251165142193,124.81701999189745,137.4396610911684,107.65979134447456,112.22899180291655,83.23244860350401,102.64760088355304,83.87944606220935,127.54497788034877,136.65307530463218
750,96.17478387941057,128.9720219271989,134.4077200269798,71.17753059105857,113.15602906950188,158.6004601603516,109.90638948670004,82.43408117268669,112.71654574641026,83.82574966560107,64.15246505299456,2.033446401924678,42.96690573754239,94.46006298002749,100.94426388943847,158.28530700314766,210.88821929385279,198.30560919602055,169.80654033361472,122.87984493295974,136.675945675798,172.94922988123153,159.8540531572647,152.5527736467383
751,95.04504736989603,109.05744968416397,104.86524941696942,59.453694554089886,71.10181040293429,77.11848786566166,37.82252675806289,24.821529823071984,61.9386108170349,90.0097315772372,83.22597038618673,94.82065800372953,99.86397246015812,102.01941864976574,64.15284167582976,122.72554756985646,164.41929289342644,219.18213060698002,212.8108867047809,146.01126567957323,181.23449698419898,166.82612272676374,148.18476257595267,136.00381640551734
752,74.40151184184685,104.78759680719718,70.9544832413641,84.88327593155203,102.04209116642454,177.55771193319703,84.39173213112214,69.10603855872849,66.52100884358046,100.86057723386973,67.4776790319696,38.46203846101923,8.22033497214332,30.512370673912827,49.05184522971551,144.69347367894636,147.107685265687,174.82543695016764,188.3680545248531,162.97651319151652,140.76308952434223,144.4814442318294,124.24791101144328,111.96348187029275
753,109.82481712540707,138.9858107274272,154.61923037186205,123.71499709991761,131.5844174149732,205.17409111507106,134.8978048314728,89.59756638629734,98.58001825541052,92.76760024607563,38.03271962995267,25.63900285402303,73.39583600630304,82.41902275487647,118.43009244755916,167.4902557346827,168.80588990570266,199.12682692095314,162.48230499603366,311.25590021547623,277.1514998169543,222.04208091886,136.88341371353619,159.01789011751686
754,81.43253499933324,91.9576300894839,44.98143176112775,55.990664235351986,20.595895554218515,88.29405812112503,69.43260508521456,89.29703469297061,58.4711737853998,107.64713388173985,93.1914280485334,129.06276956418796,105.08618159742102,119.61397833931792,102.19562003343107,165.13171211121755,154.1853875548837,151.26544419248705,205.92173622843143,182.97131171490986,156.10333539881708,163.57751889338618,157.8752492764639,159.4335496960528
755,49.04863845340648,73.60706969233726,166.78889945002095,119.32320839083344,127.72794097753223,157.2962366884649,115.01333396763319,112.63118077221691,140.59737448049486,92.06804250733362,56.9571781872407,60.674497865585145,60.753802208695134,88.6245009609256,108.3679548392656,184.70826435097104,218.84709251201787,217.21109799417448,230.03408945640462,197.29496999905837,160.65040831077476,146.40639635739717,166.61234218769135,120.66745095259608
756,54.8255478329734,53.73966150860193,78.20135341323642,42.30512207342772,87.82540424491677,139.61033628745906,117.33231637645147,59.95291582816292,98.93207006847013,65.47263599200323,71.20084633124186,57.53524194062351,103.65488326375427,69.92295779778331,127.82294152500936,179.3145599569978,162.3377123638671,118.95687578223965,126.63893604273925,125.35673027843953,115.53972935325825,147.39918629643404,149.14184121808805,149.94653301225665
757,65.95567533099998,78.48831609731397,76.82732243241563,84.39986611322846,92.0093815039545,222.40651695018036,210.11081849075873,161.9939011996724,173.35145602740488,108.92066913310192,71.74330055616397,66.48185604240759,55.60830285467117,64.82027944956063,95.55526082433236,94.13323043451958,121.27635779100689,102.60523322035445,71.29905438214348,25.486013840858845,20.122587469864413,30.935375722678003,74.72980831627544,67.71499163033889
758,51.057537528185236,79.08167876274075,105.83139233715636,106.14830498240117,143.4170517044361,228.32212826475785,152.43644261931055,142.24312936683748,134.65742065422236,137.3044141849892,101.08428638360878,31.1070951785889,66.16019226821895,77.20496914684489,80.67868105773238,140.73390253995063,142.3187044906763,165.82980582117008,187.74763814608008,144.87453904428995,133.44381563896079,124.9279189733472,87.64997617230009,111.54546965842485
759,61.76889680714997,66.05719077474234,50.86284384456344,41.28493189850637,82.63083910219274,176.50489078612105,129.15588065883026,135.445804644458,144.03649300599815,86.33120054286684,56.06422555209871,63.19612941885299,64.24709637163407,50.18632237690362,31.29503205711461,78.94834347236649,56.6322613683586,94.40616694348174,93.53305362214914,109.71376838594952,55.31964319176171,51.04825751468263,76.53494342241787,66.9975743629611
760,105.0005319299566,72.94493850679473,102.36205237002865,69.46287615854685,56.994129350840495,107.13472361245752,90.2082474231808,47.71969052406186,77.2364193244857,64.52780234389277,66.89295279793264,45.50922648738662,43.6382705293009,64.45069107848852,67.19047593947678,153.5367480253006,171.2421376316269,177.13650204533334,173.67323831372838,117.5544963687251,117.93118209973105,100.07914587104376,99.12809185089763,67.8573202928734
761,150.15811332764284,159.42759679450288,164.4768049082269,122.5704372266092,95.9460384734625,160.57862540982217,125.96515170441542,150.89302764418346,149.56932318259877,125.89001506168415,143.17816168580742,110.31926105373222,84.06914564589408,133.59611600370266,90.08384717497393,125.83611665614679,133.37709046423623,144.15344636747602,141.28220537137304,98.43886328137216,56.67944074578155,85.73449998854106,48.16164970137095,84.2913641467369
762,64.74293025288893,97.58950790225182,37.948647915130735,69.4706746949739,54.19574225007061,105.90173498884161,125.03016059654811,101.76145054546782,122.06870545736913,33.05250811540857,29.027503975876506,17.53659383777,59.8959645001452,68.3941774559066,109.10795108112444,176.1798441294137,169.94688746569508,184.66617097035186,160.94382802684532,135.32427345594286,137.4453635093374,139.8869624186483,127.26501557326898,92.41103352367992
763,30.86841219620237,28.232169809067543,41.676460637133204,53.35189583539933,83.40420011920337,146.24162270376044,106.30900724049225,133.85504710698544,89.71927945470428,98.58980251970164,105.20680720416425,70.40946113256982,134.76379779778867,174.5346276579995,173.81834685582618,229.53990094122364,218.92569467165805,223.3204289245522,222.2935427206276,160.96573137166,144.578232446181,135.41392371468982,170.1365353146216,170.12207105598503
764,21.396347201591396,46.57876212243504,83.93080534681945,56.624516397467396,44.253707306215915,117.87194896665108,65.75143158924763,79.08712685806955,77.8867018845716,49.3536663618541,20.796433349258834,17.561564464043407,43.511501378601665,95.2862435631564,136.64400990337188,146.27239490876175,118.4668674983725,133.77873956245395,174.8174748629885,162.19391875181873,185.79089480299083,135.5323896733885,149.45574937983213,110.60285878134604
765,148.1868233030645,159.40184128523737,125.04378231485792,56.097712566580626,204.7023805169893,176.71311372714064,144.95275528294655,139.56239693420696,159.173320655829,97.45743294396095,93.93965938603905,109.80016501309538,141.74990840176753,109.89064433140453,112.00452227799688,142.64047081041124,170.3203595971514,196.62699612299627,227.34277692435867,149.22672867814336,136.38010242577334,105.8297270495004,166.07489788449783,148.37496691093241
766,126.51985887776098,106.94924692163866,88.41231905716516,26.410472217703827,43.63224943793322,161.0247777115619,118.55744537144139,112.31766560096362,99.21399084998997,90.59785563838567,66.35339137778837,57.03639883154193,56.12188023677814,96.87317728907158,116.48786694666036,122.1531095771295,151.73291436666926,154.79430859844223,178.28508872588847,130.56694347718093,119.77335678216797,126.53752096933702,105.70217642725385,64.23713848914164
767,162.41262686528702,133.93439032188047,122.77211532817388,42.816828204359254,82.35339559554447,179.2933477105675,116.65992713327626,85.52961480851323,82.98853645000656,40.0964721413262,12.657265484516103,4.0262721632456575,17.486502083618852,92.48702833283465,96.55150558856785,144.56719524297785,148.82106125224277,136.52952751975553,185.7248736982822,131.24336185701986,101.84537102103033,50.06298536800563,61.12290965477251,48.78147484326347
768,83.59324343549976,152.12246341462065,102.4042842195122,90.39372146006029,131.42638392712428,163.73984913740225,117.567717843948,88.52877536815188,55.33674695058734,14.977232381979206,-13.927982211856786,1.11048563737657,7.246591614125869,86.76913361974324,113.41295980295456,141.23505672185235,117.81035617901739,181.7072478939719,226.9938999319141,189.73442589603178,166.5543514542785,135.44365482445835,156.66376523900936,138.15376815275937
769,121.24968590496077,103.52914089759815,152.60390587313944,104.74641146625152,75.8320786354854,155.8433534842304,173.5491316340205,150.34202057054736,132.87436604724422,137.34609779665254,101.85158805878274,86.00734850735151,113.08700518242927,120.25461255223128,128.32234694471623,153.28883840470402,186.5099841277293,232.82704500646727,247.2567878919392,188.29338702136397,172.89272014883767,128.54341285848037,127.8505677294489,103.28046186293479
770,107.55637883372071,131.4476793999116,83.63785275916786,39.254432129093175,78.47039090371607,140.83841235651585,135.09361277495455,148.94858820067742,134.54427743425046,94.23571065931162,114.79769400225243,94.30129671514212,28.335573776289685,82.65089849606126,106.05874789771214,153.89469496492566,126.1604756554967,145.22173933815293,129.60568393558174,96.0205932991008,98.052357812975,98.81802628986028,126.36126997916702,138.57417092158477
771,80.7859268475957,91.33799746028326,106.54392775254622,106.29525012713599,106.41317756274472,210.38960389506775,131.50630795019873,106.8528573616293,104.17936059537816,96.1488105451533,55.03179362513592,47.647184057371454,98.81000221678076,136.83563188860114,124.74584704551526,119.5240061750243,99.00601126263837,105.3925066172655,114.23618218170846,73.86864780001402,78.33586026964389,67.23362419214251,13.641781572212366,16.74279807632462
772,76.73315286380165,98.19270299365266,124.33277124863865,110.97133837010018,110.8591451480041,164.00121513337697,88.18897634852505,81.80021682610786,79.04376297480034,57.291634304432606,10.169752145417931,51.99504745391305,148.17637340821997,118.70500657366088,124.27486745851719,174.7544541913113,151.13537762556584,179.02647211486186,217.84740595106766,164.90000949766036,165.19378913524156,122.92140456335612,114.06337207525875,66.46084439390685
773,101.82105471578058,95.49702582572542,102.47496396026871,106.89858155959062,98.1859675473758,154.4137973516263,119.2761163649079,137.01326446478618,119.12379301680096,72.45220498567171,44.90701371757228,59.90047952046394,37.998744901209285,61.44287210301843,81.87549818605032,71.00361271076116,135.65827776939418,139.24353537232804,117.99483309533402,136.22914606115205,170.17171479502235,154.31759008410032,133.6146050732799,142.69283789530098
774,154.68075411606026,129.99628394416428,95.01778812813217,91.62740472049484,103.8688928599387,169.3054114950606,116.77267470965594,116.85886278446215,130.50461640013233,71.52886400013955,69.81025384757788,80.65675067925986,49.64694292050342,88.12006435375096,123.34864715688039,160.9113711862897,167.27143568995572,177.08929217691883,220.17789558296911,153.0992405710276,152.03249297731205,140.42041420565064,131.87875782907244,120.46543933189326
775,147.00688033625,135.5350682077064,98.94117693615526,96.81546169793461,139.8034624397389,181.04798437048692,123.837316442926,139.91770901783468,146.71009452279253,102.11824725137913,94.28378197181988,82.04927545839709,29.828399806432024,16.58429055216567,50.35474737339242,52.32188421310832,69.19417883946089,153.1509564751914,150.34406861363865,141.2352339621699,137.95203230580944,95.92470384427321,37.17464704329208,27.72790430484436
776,134.53130042568796,107.93291897340964,93.44166835561667,58.47817913421736,22.908357070738134,97.66103884856349,89.24631681124511,76.96292129364463,52.837903392584344,46.740292640726544,38.161243211829245,77.50644691033953,28.706857902029036,51.0803954010816,78.63744632818268,117.6193055970248,111.98005737183703,149.22531393435722,190.4321523836413,151.46436591835933,144.81169525677402,152.05127079548438,116.616430596321,31.703452328427772
777,44.12707811815971,84.44100562600124,129.0416677403616,89.75375099831803,53.267163898974836,165.29187358645453,87.80069269708763,72.8915451937506,62.88324153522668,32.450091678810935,13.794334521229452,20.835717607655035,16.297864697900557,79.05104276244343,109.88196808505364,138.8778889134815,140.59751717255398,159.27770546065082,171.54257563758145,63.707237930323316,79.46556519274492,100.8310574535329,89.53238064377561,73.94155639964443
778,118.66716331989198,148.87627521231525,156.1236199279414,100.90003756488258,150.72530298268876,163.81415698934552,143.0634718024144,142.42547836328643,84.28630315473167,61.823383901,88.77236884348736,72.47885473419647,16.68514860685037,42.54481601262785,111.77177285600393,159.66855338592873,201.31077929235,212.15555763180734,175.98012325913163,97.89582256861307,89.63601950953964,100.29747570207681,76.97227792858936,99.73861083450005
779,106.87527076607843,118.79784908865662,102.17949435065292,89.98768479504477,100.87462789550003,183.6647211036303,182.60253015756996,158.35605779040463,81.64262283528129,23.34225536114736,-1.4515972383713915,33.29778792973864,50.37280769301036,102.72920879676757,133.265170843509,177.8048719585476,155.77124569704498,133.02185670285692,186.67383833539128,162.94922173617823,188.39399245495247,159.6685758401408,126.87513214752515,117.64430225575616
780,158.51338511881193,135.86401924641916,305.27169758314324,225.51126057661884,186.74904422739934,229.10442456133848,160.276271723752,98.66240233396758,91.36732611592379,84.08230398737962,22.747962758575653,-24.398902848467337,-14.59494899699471,100.26564462470922,171.956860875424,195.21267388455638,220.61787909255457,212.04405135287573,204.62527910160554,173.53887168658014,139.56725765927985,131.7916965667447,100.36311968364777,106.20492931343122
781,27.716075667597778,37.637641857838105,66.05258621540204,8.908586092114277,9.704101340567632,128.8205631062532,150.69156037199042,95.64468004864227,65.0035047730026,40.387923194519146,59.4838064570757,54.729198551810725,52.07014626521119,96.71339492844103,107.19040561077317,152.10815041504588,173.0265327341659,163.79025721223582,187.2585851058275,154.44589640963787,142.44926247877055,129.65974753296788,124.43827211684503,101.91183661631075
782,140.8112331684137,124.94245941982645,154.55499649520294,114.07446660396067,114.95531949232576,193.541050872691,156.5972687942628,105.90677404887242,47.619058883349574,67.05592078520823,28.967075943780983,83.3295325935186,61.67564779251386,145.93609438181588,133.89125332293733,192.45857049868934,204.7565107058052,161.2982727481119,156.47396133193638,158.7178096463398,109.69612102806497,110.85974458233008,66.04482613233111,48.331735609459514
783,87.35797441452122,124.45636568515894,130.87830079718418,61.119224189608914,132.62424678065983,186.26615529299318,159.53512982112636,117.76934817244735,131.24577041260315,102.40226297433767,70.54142565889742,91.22660519773825,125.28295159410656,140.91103259596042,102.13397893562536,142.90113706446664,143.2295859462982,141.0045045002855,147.14000142302663,143.98658849184312,125.4880767195814,80.0700577646005,84.91561765637911,75.54079207076336
784,144.285411981528,141.77083317564433,124.72416695175897,137.18096434012895,121.9422175462633,168.4446955668149,134.87850290780887,148.6246277866154,140.87990516496947,154.37763848307452,42.48929322343764,81.51419076999248,76.18754505402956,109.11176943345014,164.56455477078873,223.95144111738423,196.84854184371403,201.4246854976343,176.03784668733627,128.37384416969834,119.69524255815259,122.98675261511023,80.0581189882152,41.7982917670782
785,33.368814436757404,64.50145553838695,68.6119228265563,77.54885812503568,102.78385120232362,209.5013107020426,157.19049018389796,159.59743444416543,184.7033564549368,164.15304729067608,112.43843136061481,142.56122679321126,115.9333745384498,140.13759860097792,97.36880486623147,136.75520554531522,202.06470529770976,182.60371595746528,189.4257488519986,181.6346456720611,167.27198570921522,168.56652475452415,130.7107571176584,188.33531021085784
786,85.83522025630695,78.25323635662627,92.09061742904167,78.49569434907606,50.93048220367942,154.84019604758822,163.25288923097986,189.9987191966303,138.19138972155758,122.77529755233292,101.40906169235257,97.51928882795856,126.9379940687844,151.03948293068578,146.22460346594306,110.96630305421705,170.4806418974532,163.33135108327386,115.4120298470645,106.3570397442555,132.3586381099391,129.56887814115183,83.19988178589468,122.5501936242475
787,122.37163839272218,89.61149940375407,75.3367885732369,71.84230752360769,68.9190724141493,128.02807665146793,137.03380536187316,106.32315967872903,130.82442893259156,89.84468944968253,93.8962403193922,84.4770463846268,95.39980194779312,136.6640772245596,118.3840097212894,145.72820755808772,130.79146600560549,142.0726507644978,175.49664663029242,125.78827212991848,120.31809760726699,142.45164279375854,146.24974731260124,125.43804645459045
788,146.1413925575299,161.0492904107449,183.27880443704294,123.45540035094315,146.338460716687,214.06501836870427,93.12519851387863,80.61702434516607,60.35131914259557,53.74046855668212,55.34191537087875,56.87679618099805,57.044187849603574,106.83866393036517,108.8980444251487,159.86054986624853,191.62170501162655,163.4874357187863,166.50882905558643,158.14805010764374,153.8364562375195,121.96522479966971,108.51025194958271,71.2843032208034
789,63.32206820502483,41.352257433136145,98.59129717345328,50.38671123361389,104.69738312487445,177.4277119463051,105.05066401647908,103.5894844730812,91.45567791766099,84.11360298863565,27.566701903295787,30.171483860162727,52.29195774225091,29.676988353082763,95.21902957588253,174.56778373623368,185.106847066056,214.9936766979534,223.00623525443424,180.0787264359094,195.00515431872958,138.7584340008206,159.1591821683054,110.00034687505683
790,19.497287535258835,45.243720601677154,45.77339354521846,34.29680238469961,46.26972546285788,103.62521633364862,31.736957942935987,111.53911188681565,98.1002866211704,54.75021745385272,36.31333935671975,9.259896722099192,3.4907127945760763,45.927281392008545,51.943573808472195,106.13007716939165,120.9806333455123,90.86578415198159,104.65388865639547,124.66828305217359,106.99937321608681,114.07421082044922,86.06443705235066,59.31698027848094
791,77.0092358044699,55.49658648976042,92.65035286276479,59.50967852380153,89.01353822390041,137.44348642216772,91.36615439590993,121.18157633278679,141.87980539429844,103.5167642692802,55.78205282550748,22.987078453069962,-28.941525884747485,40.467190697461774,70.37218485916891,159.96648819611227,179.01671314922712,162.0032577021478,152.81296819740163,271.4434719230098,241.47384757741068,153.0292982792287,138.65423726320702,76.80983100129203
792,111.788214101007,89.81321192952362,76.90957338304503,74.29573006520539,90.47224297239885,133.41287698168412,136.58548951855363,137.2935149182863,112.87108285940836,97.55142363714661,59.397805070583985,45.65575471356194,30.466383636227995,126.4153154417026,139.87496497234181,166.13192913082605,134.94709636424267,121.39580226870068,125.80769475658555,115.6584971582056,149.27637119792556,144.48468232848063,122.1657223666298,78.63159450834078
793,120.77532200992843,90.56207376721801,127.49326926615718,106.31653375565625,105.33208787520381,165.9318237263098,128.9563198939474,132.30866629675884,111.76006039984782,99.61420009262935,248.19688453921967,164.35798544213193,173.63592904610448,144.06199431264884,128.35961694939496,170.04192274308747,179.6042029212035,185.8685589462489,153.40423031461214,146.89756760527905,131.33033532951654,134.18499831241726,124.90273722477359,132.21499095764597
794,86.79759483502428,158.78939421468743,146.4042761592438,117.08725960962212,119.35265227062058,191.7765358559411,133.61243523442954,157.79818746986635,80.65682681899199,62.36029708026772,25.54769218237754,44.77922685696987,66.68904749100348,222.65255528305175,194.11933619217223,177.83933235185378,156.3707313724142,163.0702826796595,201.2643741718075,143.38141708783692,108.23002233535314,110.58398288683976,92.54197706792897,120.8655868082869
795,133.93009817563714,89.870743439911,109.45738636114336,272.0959779783144,209.57426079767805,266.709117208261,186.22201067799966,145.32939267239976,95.681726677339,106.32454071317805,72.88106884288189,40.04788136967879,84.517526582734,146.65028014313572,136.30748737974673,111.78100004039473,197.95980019606262,161.55817094984997,166.02154757797885,142.10118698730264,134.704299543221,112.21389088943567,71.92099919321763,106.66658979542092
796,101.31526834039248,105.60905933907733,138.16972929684172,115.48657793067778,94.76660926802525,146.27027704507034,112.20020135901379,113.3310520394313,114.1402409227656,82.22917635224944,22.647957004846454,-2.2549205849047738,32.53762325677445,89.64315278705735,76.16784792943709,177.50318635232185,175.27595560116688,197.671077862795,125.67692328746145,143.2319646213307,166.95182805199468,156.58915403517793,120.04817645380817,132.89071694267142
797,95.6700847142855,87.27420886148666,95.41505353293937,61.16019657287785,101.7319721135965,147.62375248043293,92.79327026238617,110.36891973341417,135.1857293622522,75.88182227808178,121.82872155842122,77.43258678411746,74.47543945704128,97.251492519599,97.54711527038944,132.00097104189265,182.36479673050914,125.88858198612267,98.4396377130576,96.64976067331827,107.31815512615353,110.40666259463445,150.58786736709973,154.76168895262873
798,150.4529669517957,144.252478085542,129.84279840411477,70.68276884876015,95.92372273336382,116.78743918871152,103.62539978453898,128.78217515301145,142.73365880909142,115.1242818314065,36.96682239409978,86.31850159096207,62.74330875110246,57.16431750021339,104.88130958839864,120.21365924529255,188.55240290231745,173.1375317756657,173.8462883526325,156.3673678383156,183.4885468857599,171.08050553953444,136.77489742738874,80.75083375190682
799,78.5167405883586,79.97123683844077,63.62875745503085,46.112060082936814,55.46452671420212,145.99412150294967,97.53293105571933,116.01683092996798,122.79955731664197,114.81593054209392,99.38486124281658,89.68137743417176,84.17689099598788,86.51384269255944,100.98669567485136,155.09294533063962,172.91749233782352,155.6861932977246,127.11151477144259,101.220296666251,95.29980757525784,127.88583293123116,100.22643908587727,159.13195296197625
800,91.64904059321935,107.79754520523518,117.3264408113871,49.33270751705285,56.279635246115575,98.97698109932345,89.67281795947858,127.03041647302848,89.89977509350092,36.01392194770212,2.5728093550277578,11.01696909007017,39.7255044428272,105.45012896609477,133.80710821754366,196.25851888836132,184.59653753870612,159.7339579352666,138.9715441674798,113.96970832697673,114.12868196538868,119.08385747298514,82.32425932835454,24.57066855891371
801,111.71410052094049,106.01042434119398,105.24906882899523,60.41067787681457,91.3464022710746,167.02600365041974,86.86714632967701,91.25727771947402,61.98297250119259,9.809765271341462,-4.334499181192825,-18.48134051615009,18.5134017682374,98.51935007230946,130.9759138941323,120.5285328928693,171.4338353339733,134.88258877259807,135.5501814891872,154.04995616375624,147.0153819920876,138.31154385740453,82.53742026224877,60.067368536325816
802,126.5378889383077,104.07886805411061,108.01800794744956,51.906390302980284,103.71994828757477,127.39840672958104,82.4274242365741,109.46498288684796,106.4093196047544,73.18149792804738,-18.641038665800167,13.42223659563465,38.45319011484775,48.37558867071643,44.28947695345745,145.7597774025223,185.81727255178924,172.99244819885354,146.1082551778472,123.17672774052498,137.52614648142665,209.77784026127915,154.89455473973297,134.49656023071134
803,243.55747694296807,209.1612384732745,176.8137188975764,128.82318890037115,108.82054971164159,178.58177808923176,138.70387433789998,179.47689808911417,146.04350548017055,129.35005418048988,82.3288079229581,50.15725670784444,47.92062344034513,70.34922434287209,97.58965245386536,146.11478440250374,170.19390326230197,154.40183838075077,144.33436389052753,151.76379217688023,166.65174819082475,156.67884867469897,124.97530577728604,105.35961001549984
804,127.4520753314569,174.10653293964936,178.63437226123142,107.86008885702392,129.1320451636722,172.3770959875964,162.1818125419557,170.28333302777924,145.4901319446111,100.82530360624216,91.64458603606818,105.95682567624121,98.84093973677372,107.17232951887115,125.26912646587206,140.7262018286089,133.9569212674308,108.31537921725271,111.32637643689465,89.03726967888592,28.031835088159625,67.9832739604766,74.15062123423836,110.97219862318968
805,93.39618864813833,118.80168455866544,69.26626780827311,94.6355389105092,110.22957687890508,138.92346202003966,104.69338421639384,152.96948087251198,134.373401589911,114.18449686382388,87.66941810989488,100.38119951120058,84.60736639886913,95.03174574794684,96.3354931491855,144.76040037510774,132.67870913459438,137.14297074914563,135.9117783821422,155.16964516552957,183.70309716426402,177.096830079557,136.93528683675385,90.98409007629971
806,149.31268121591725,154.00471245386444,140.26016036033877,93.5988346736009,124.27137693549025,140.79892184131123,130.14425442716188,150.7216563296631,107.46308061322529,57.85269967472529,76.91156293636347,83.00777568887902,115.42629966189887,96.88463961166795,79.31066384835232,252.97883328670983,233.12218408501042,224.23299120411923,211.27744682400822,135.73939149900488,154.38693718039133,174.38068157943258,192.64965505329377,150.13115538257608
807,18.760500617455023,68.03770609764959,82.8251953940092,51.70610204250313,81.015868536841,185.4051550842598,111.17352545779453,107.50191900816556,106.95080899336236,98.50341855142838,95.28487456154471,88.87187354698547,99.79273438190306,94.1154783153497,140.07092326325818,182.63375296636102,178.01791096813267,202.64996739869827,202.75871388627428,172.99577829177323,126.83521490997427,177.67253807196997,150.29023289069588,140.92177131488626
808,131.36469695805803,131.4316180392629,111.94517266851362,138.55529867096163,144.76985002701605,205.72234552896268,161.0108055618856,107.97088863648082,112.03217204566965,41.24174871362242,23.73550204104508,48.68841819781178,87.8596736551053,166.43523428524514,171.21247984639325,229.98529747783252,201.98126991463383,237.8191585615805,257.69288071820836,202.93891330566817,178.25550228714715,150.39301561832673,143.48425774214238,114.8698819111611
809,95.30549407727719,82.46641530835606,39.963449224263485,138.17325361058374,128.29771258251748,219.51266845178677,177.738430409947,173.28197945479064,150.19186103573148,127.39971707594803,72.72510202756214,97.57370942293599,74.53551345014905,112.89456431727939,125.95067954799427,176.5248160339805,204.66209206555902,186.96295184101172,223.00437549991327,212.86523642299113,156.64603251636626,119.27415690773206,103.92879257139043,129.86488279902557
810,121.3141964268468,120.35095682279193,68.42309510422302,83.18894935241879,95.70721814520692,168.99465353674745,135.29822537052206,133.58630612241032,91.19930301553141,83.26223603634853,101.18932617896323,91.03612935855247,108.53054296829222,86.56994401751885,106.835967177316,158.4030965548627,144.07410726319716,135.03498271631193,164.68758318209814,111.7579159544837,124.96413901155839,96.0144561921047,89.94637444681426,98.83606077096978
811,123.6678483253207,137.37195936456283,120.04656852139689,36.29927298380116,48.722935729936665,112.3193276776069,82.37537752908972,116.02126486440025,78.23543628239351,114.11502510239225,65.93315367038615,30.841976330451086,65.86230847162635,58.3012546568022,85.83852490548573,145.76995217217214,141.48417020779178,175.30858631425096,168.70416687991232,119.89045005335616,86.20569222555027,123.67476854617159,113.82699624213656,101.43260779460775
812,68.57508015461313,97.83400320337218,109.02570811403677,105.74699148359261,104.45080786832959,124.67181253798415,70.71325466364812,90.37077271982548,102.32569541892033,41.13116125557105,13.259130766670296,33.72042905015056,75.77198889101294,137.02494081034914,148.81947059986123,173.5239631007916,152.8777068038218,151.36319286579683,158.97342215180495,124.13368644257962,94.85044244290566,106.41573512174229,123.5350418846987,148.56943587768257
813,97.9467065745959,96.11258748998708,121.02536709784603,126.33776010070576,99.14637629318631,146.81862417837266,105.9600432902279,103.3388660504822,95.46221825244771,66.49454808980195,31.639198130052343,59.4378415484212,57.372705714154385,67.00881365867211,81.36701341550591,199.22903524634648,242.2640347068444,199.71002028383518,218.90051701022668,207.2592651099174,147.96210955168294,136.849978741185,142.73535931621478,151.03852971356275
814,112.81328337729141,108.29041076361415,99.02511358768831,70.61466187170981,94.94208268638064,115.88901512073701,130.43503348547503,145.38391802821835,144.45445466926054,74.46542844375367,66.73718002761277,55.750889170483696,54.58670502474848,147.02573988564168,171.17507895762816,222.1004625024704,166.27243748195562,161.57072277330562,153.5053503309188,138.63457107968802,169.40112986855078,167.62430420052232,158.33622025321034,139.5556203039817
815,87.4182060011674,66.05462539533603,72.47905787413197,56.22921363840186,73.72111136526324,164.80294787924737,119.58526096340815,104.40254720591179,50.15951952349562,37.07062534062436,24.686398364466115,48.60387267593498,28.982167718954422,72.87130135380478,105.67673135057825,165.24596211445498,223.96399414857274,201.70655625361024,177.0557153663566,110.52667585460375,210.81316360528703,152.2605730579935,108.52730648507318,156.24816080946613
816,95.30088943558188,148.24805335427905,148.93680112858988,120.07112250131067,129.2957727262248,187.61991695403563,141.602232049116,144.7005442964998,142.38223057201446,139.51020527375226,118.2212760131323,102.22926424041606,37.33313053770743,98.58554976521067,101.10308310153415,146.63064046517786,141.3364463580383,189.98739336486105,222.38744726215793,185.41096739700026,116.96158585845728,101.68740543231694,99.04611711244078,103.79540120719655
817,144.0991588535707,157.08107634422544,161.40391221575646,121.03123789692445,83.86662789532818,132.92238940150017,94.88097543982133,107.87748075549999,160.00174147029364,80.74621983253066,51.590322865666145,13.081276270209635,42.980061813714286,81.50417626977827,74.22968094356443,148.24928015099457,144.41823324596467,199.6157620027316,188.15817676713252,151.41681110332274,151.5082324353857,110.48578648913582,72.98942399395739,111.00697048273106
818,118.71317266671473,97.30443266472568,96.78612747355064,85.05532868241451,73.7268082913962,164.07847089543054,126.61053790645808,117.39534529397145,94.35281594657933,51.764554726283194,47.47307387258607,37.0822549267743,97.3909473343725,72.96144334998951,99.34366396996505,161.11538319632274,176.07188030681772,180.65708317141568,205.27230108680243,209.80058871572007,155.62787167704371,149.1395170102564,124.26328306835364,112.58168900379042
819,140.57653105192782,284.6640606213033,189.0469856676945,149.06773711108002,133.20432823144782,178.61485906671342,112.68489526761557,88.27318424060827,128.98435377709419,91.07405087173086,52.23088419661082,52.664027489748214,73.96884773796032,106.75155038246331,113.92206756414647,148.36782319402363,140.47844406204058,183.31092766383162,136.18945143579006,105.21916943125609,76.16892176505021,98.65204871277658,64.91893266844035,48.19719845124705
820,123.0781834223542,110.40688573791503,96.24246390050132,85.82884275383556,106.1811786301998,151.45067283870935,113.23888176191019,108.1812585573256,104.4632024813903,83.93542792422303,81.51876057138222,75.45422519372559,86.80327631760807,137.02712690614987,155.71080516293364,213.43205008349076,221.96084985491038,211.30729135936994,207.197153119196,136.08687787860816,94.41494263528992,113.58436163209714,103.25498359100973,79.51533238192101
821,101.71136378486509,111.08096165820953,137.64789525148356,81.58741150283066,70.22347979915874,179.9371544209318,152.89440493096106,195.99788273947556,155.32885455119725,164.76917882237177,114.94580220657724,119.28785797917155,107.76806722362582,97.59934729027911,122.50036482891781,169.63951193581704,184.54140164231018,188.89998024526852,158.14775298735694,162.6990412190528,140.33487092662125,139.18357134366917,115.78257822375011,134.83789499166267
822,82.18446991499088,95.38769578128375,131.516934709561,146.14277286885567,157.00328294848515,208.84302674954694,168.34249030682662,148.76708748058874,117.10887730985041,76.0877567561992,-30.829981851330515,-39.17666306258632,-46.08829272859058,-11.96535597319037,-34.85331747485198,-2.279676371984351,66.00711581821685,94.37950532541848,128.0159930429699,159.01896790923564,126.85152177701097,141.46188135254334,106.49146149672721,76.02331537920148
823,99.02943340300568,112.60289805468116,102.59288990082128,85.74099254616603,92.41059312501937,141.5026671905175,81.55547504958031,96.74097929537501,38.837182166185144,42.6689469671368,43.93022904206903,-10.715932545457072,-17.855711067675436,-19.134587124761183,51.92896758990679,91.19608995497016,120.68845879165826,125.39194232240604,108.33089569918279,114.15811745144956,124.88805856095338,144.50634210801022,107.82770031812379,105.13050995889995
824,94.06418798279917,115.38507316451219,157.78347771977525,150.08616691217378,124.89274453415457,175.87645161604263,108.54346735649005,111.83283230857097,136.55678184591346,128.37965442190904,86.93134958147905,45.10717079662066,37.01368139246974,80.62542122302318,111.24483021215384,151.98445720611943,189.14583510455554,194.30361138770706,190.80469689045302,178.15958224057235,127.22937331707772,112.43564127058622,123.31071292161953,107.47765581714475
825,138.34410411995185,127.45850588411572,118.657318873506,101.36247960604767,114.56212070849848,154.627721560711,120.82022957079275,126.41012735495964,132.15306759769683,116.20062450175443,98.5035653279599,47.06366614537797,40.07883966386231,101.91898344346599,88.02206840990955,113.9854837654996,152.53791109474477,149.07152841258426,111.69545416105339,60.19229484632493,123.15068963190933,73.3894042738815,104.20525011456972,110.03140356757116
826,66.16462993081589,78.01815187524207,76.74317989506253,82.47131098186637,79.19178931531252,148.75464627057002,85.02638396533231,86.54064436051794,61.71080969155936,89.49241585509262,4.501057381201193,7.991983188683754,51.63472108247993,51.09422687181277,76.745085011062,132.37610890875774,185.09270678614928,165.553688930826,171.1541985398536,163.8783293141492,158.21739789951866,145.2128320205824,103.78156737078622,97.39177101981427
827,60.283178171931695,84.39093221535671,53.21824882408821,53.127718451728605,36.31858130716749,137.28403851517348,113.93740211176922,129.28505440692928,124.2093723893991,85.80907107023957,65.3651978658017,38.905513523506755,35.37365449127159,72.54623308695538,90.51766410180605,122.20632022797298,114.47361370201075,160.6217781174371,194.9602908850058,145.4471047181312,142.14540358717494,133.11404207185788,103.75602619739782,100.48469774819468
828,59.445627129176614,55.20909211132313,80.6813217192112,94.27914951456476,96.81528074558915,169.7653202422043,162.0495193662171,137.81904257735513,106.57618252336866,112.0331324098746,120.94068284972435,113.57918736760521,104.6606497562828,97.07582079037542,81.36811214718495,128.09281348232963,169.8411760341303,192.19892129276954,163.18695717050213,182.69217989026043,149.45903151305052,148.4592713259676,185.6963778612104,145.72701069089075
829,125.08476869354247,111.09633326359395,161.69571061739896,141.66827785036057,90.11484736275742,76.95032397123212,89.93258436453942,96.25881952035536,59.35325259623616,67.3299874786363,42.41431222251891,75.69587081189985,124.66556036288509,126.01153184414703,201.58734682313275,207.0493833420666,184.5875143013085,137.4167550757245,148.39958496826648,127.75543216856829,151.62501380096418,165.43087151513606,152.5083624189353,118.24899963342268
830,101.58235601283452,107.59811847558278,116.18160407639435,76.69552316880905,87.36693547272655,135.47864138813074,115.50791830155231,85.54460023247958,51.90514559349421,45.3055537983588,29.330096238608483,52.52524545893616,12.979878007956728,95.44569664977311,81.32235577402493,141.2029400041989,204.28580755895968,183.39800845301212,195.0475881399281,208.6541604865868,200.4244382257263,177.6332975267025,149.02080266180081,114.14982181328658
831,110.71804593041688,161.2009504290906,144.38521987312947,118.8931795719249,72.74774118736033,136.46781520715143,56.18113562283402,23.383998512364613,12.839191869766964,18.087279532435034,51.62392035676932,62.2600850820211,25.60316990045115,83.13961988744248,86.50972715075416,126.94323624770982,149.0706312125562,155.5730813518344,180.8371783276338,139.24389878256645,158.46899305987148,102.73878176088822,90.65460997049686,54.91291953594955
832,62.763624853078575,55.559017205097675,60.03173467182046,87.39536478482279,88.54234544261163,182.51458918051986,141.00956207551218,84.28847104562936,83.45330730811605,68.6865839352042,73.65540704277602,21.620067475232332,40.067201319533226,63.97828617044346,101.25799415279094,162.3073210521396,153.30478940473864,153.76449123884433,164.66633977111067,136.07742287270713,118.89759668858215,62.76146570860334,86.5356484396045,85.98886087086166
833,45.07710260289763,62.09078456797857,96.30300468177232,77.3482714287583,81.42909535910802,136.17680897429628,113.74658239896698,79.51784041834134,87.49833295036139,30.803477109481975,31.24934481944483,66.06547533108522,42.584947701125046,66.0583412708018,66.16519975856417,142.57229396911256,169.83334396879573,187.48976903340917,270.7780691824816,222.75156847165158,160.78367522383078,157.2972817521724,145.1714201797751,85.51278052584678
834,116.61641899596204,115.37026248149034,94.95952895642307,67.50593414713194,103.17773797217744,150.87982199298568,135.8694731092912,126.51605343506793,107.17985775779206,50.90035058733749,81.96662413542009,57.20903243608682,56.282394507077555,46.60408061688523,72.93640697998633,93.83786392288894,131.9886262860178,187.11404319776926,156.4097694086301,116.68336753182302,148.7679162063284,102.9299050979331,52.75387577105225,78.06576385202118
835,118.7872552999977,71.07261507302512,83.47917163711124,118.66457381281796,151.67157302606813,230.907276130158,165.82935878468453,112.71353401123515,156.67861262118882,110.94039970353234,40.56346551376454,34.65897528954092,59.57654018990915,63.34693108259839,73.02045193442041,105.37305952175552,130.6762147495834,139.44332825292184,155.5940123292848,123.68305256485449,139.34963681124057,133.68246841240025,91.10695752291409,116.99265016862344
836,107.27439811500253,107.6140629917547,115.78252319379878,102.74716103245731,97.85809085735312,128.37966984768977,91.28647564577948,74.2672166682595,1.5058870834699292,-20.20317936784005,-2.349044768999363,17.77338292630356,43.758529954554355,92.90580296476885,134.09717865495932,197.93236838127345,182.1811020460238,174.63267668332557,145.0643171678457,137.69754122820697,168.14430769619696,157.3638424778189,179.45297248837363,150.6602345636867
837,117.89291485930846,118.53466114937699,91.94280120438098,104.06447969765085,124.33274900944774,230.24102342605448,174.3129445303561,134.96229936283558,98.84556982045099,95.76609379220345,105.07835967981592,142.29357546564768,125.05832376670986,149.02266256519266,138.58539514181066,219.6373297780559,201.88473694276064,232.39066690526414,200.2279264330577,148.8075449750917,134.30452154873905,154.6514929045377,111.2301015235845,131.6353905775422
838,137.96642202089572,88.07359989984852,110.15839122743158,65.78579861136004,129.12416395485022,129.8261538681133,87.64391645432914,120.71406227208487,96.5989594155158,92.20331305166775,65.88163747569169,35.31986271879414,55.023121572405884,99.84044634618945,137.0294578569459,205.86959935671103,187.05026559806782,206.48298666415354,233.2415137105474,190.15475634285775,153.02675490344404,130.56545594747172,122.64590785754996,117.08651556167608
839,148.8215095866547,128.64421455364288,144.9598522313263,82.59504220941791,114.74636237825578,179.32036926514613,144.59982840956476,130.12145472196553,105.04713827480312,117.71581817705393,53.08693898440512,41.27326643288529,35.476856979668156,35.26084763267721,58.86673581970221,128.77093431241,156.6182682881934,171.51790082847637,219.54017665324528,203.28769761372456,212.8503774166309,194.94876828703514,150.3987157979343,130.68985349720643
840,185.3031223069213,170.25401372565304,163.46804204616112,133.9943249257737,127.61135816013208,188.7995657518017,109.53121895475746,96.7138188729287,105.3143165727189,84.83917635770266,156.53982917571085,137.55985901502575,121.84573282992287,76.67142368950681,64.31792182958013,162.79814343123732,158.81762128711003,153.84584556952655,107.41832587186278,34.528295227508266,58.51769927259642,80.73150296877844,72.297273948459,90.17728316537907
841,127.9430652514371,126.25819919737283,90.10167089513955,94.11671401384602,62.98201450926009,151.6846452380586,74.96798350479841,60.864584988546014,53.403587284149204,25.097237707488226,43.29407151589973,41.81129090810124,16.782589202151307,18.302819948257977,52.6790963666515,109.76309263818408,91.29094947080827,97.64797187601988,119.92334566126874,108.54338993240934,102.93723969194636,82.87363801682692,75.99832925519263,122.96166344092728
842,93.28694701665776,78.72066698392032,92.0594633444792,66.02640291398534,64.90203201458428,104.70724348574058,47.977411332687026,41.75557115637294,20.398783016189327,-0.47267968564366925,20.42352076368217,22.385565264313307,7.853690766782499,21.421991041977194,41.45357823655306,152.9703189948855,191.48199741786797,197.75406624763963,171.68614652280505,184.63741201339275,149.16923935972528,189.35162927178476,97.52290258441496,153.11458818739905
843,111.15808061251917,138.56289098604074,130.6086016289652,109.2087898971048,211.00795820382348,252.2591934131845,194.69150382013447,171.5085383791343,141.68240403838143,146.64900330231112,132.0714556764782,81.64258345869723,88.21363953298436,133.05930661304262,147.93623931300004,164.5771923063128,145.59371483320157,164.3181741596635,141.86165965684637,121.8557336481296,107.93150815003878,114.99124040464592,75.74677719358368,109.23925859094726
844,107.75144366504702,155.58496613789546,150.02881066798614,158.0671033047539,119.75311561560414,230.1177437542018,187.10291416650352,168.66126370293898,192.8303347533003,149.4697431139834,84.9679334154982,73.14967275208312,58.59428636539031,100.194394807384,69.63144888516216,157.59646352738847,163.2960014061386,196.28164669966594,195.6329580269408,165.1187285787489,115.34988770701688,149.6528869361726,134.86625822830123,136.02428247898763
845,78.67217337839571,120.28207515246756,126.5121277406854,84.61158602974156,114.99755335674331,205.90027294498253,140.14656598356655,183.29370793536805,165.87246262514748,128.8648178503123,60.070462683849584,74.62449094469218,68.74937138338366,127.70241072908553,83.65477441462127,135.52712850431618,111.66200646603623,133.89248010728045,159.54579151579293,160.21258602105453,116.70534176144119,119.77542813764053,91.39896503256469,115.98239211328135
846,133.21895302207852,126.50509117873082,77.74618933488856,91.3694790432129,142.78311734137912,181.16538028160147,125.00787370929626,71.59067501906821,86.48861187079935,122.65579382036483,67.47587365070537,62.14143931393109,64.71920947227974,122.46346497622113,121.51959148859383,175.44894697298912,142.67984630731803,111.9879505150445,129.30946632225107,139.27726769700914,167.41897045782875,178.75134933001442,141.71443435441148,151.76176885387198
847,102.38591525548652,87.081690768385,113.461122520378,103.74463266171622,96.13864485240656,154.7447464548656,116.39561587382028,111.33672827198005,104.40649248869776,95.24094607858795,66.73192587534322,83.80917153506005,109.87929677150144,114.92205249298642,125.10809574460767,175.5705679118706,153.13345406334645,188.4730594198131,118.9856490374246,126.88940751197951,135.53206819494486,101.28614324698728,87.02682614344886,48.721637308025834
848,118.06580395812679,101.5021532519293,65.4224248756787,54.82845424430161,46.167410813642135,190.28350417613504,165.75931900206544,168.711494218725,125.76430994157136,82.49466158221655,61.96622918171211,40.346179716201945,56.94880232741012,106.15293755812996,92.22756142639858,186.81237563801318,169.36871384835416,152.3518623879327,132.77380845475506,108.18914911300223,151.33851328992057,164.29465038090416,166.06130425565215,129.49078118467082
849,84.14833738241488,100.25777129025948,119.25736127852393,49.61957244978263,81.0515976168774,107.93964563199329,124.76445881857691,130.02173337753794,132.82343015984029,84.44264780215525,43.565733470596854,38.54856039586143,71.27557541124406,138.83405275309048,125.77935866504829,157.84468796985198,174.06611344121922,201.55143339776168,213.7594382695521,147.39609830647416,138.49382889003118,135.0370665197127,77.50236401477824,78.63583294211188
850,146.83856920094058,172.50774906837057,165.48588576942845,143.60243096950785,185.17318074708857,254.5514022376243,217.1355855608635,216.80765609148375,179.3235707966063,159.50952927634344,154.81977969066693,113.52743411853385,83.03551334503767,89.34958425627798,87.39951355260399,137.63991103296658,148.41269329548294,173.51370985546941,189.0996159136862,139.68667320071987,113.02268560256556,178.60681488880576,126.30804448826171,144.18903009667775
851,62.14465049165218,47.05490001382233,41.329635403637226,42.13132352165075,68.3657688867606,117.49337720269381,99.21422337563128,116.50649437977806,127.43053965831459,96.20126197847053,95.81094686472079,78.65711327824629,27.139729345387437,38.48210734476446,74.0062435255366,116.56733153757928,123.67108710657548,129.45199841231803,116.82336203305027,118.86913772861519,137.8477589401105,96.55678506125034,83.75541893628547,118.10810980904982
852,103.04048505560402,124.25203150431726,122.28730154606959,86.2876209648648,105.76303047729567,155.08185216900534,200.38362958312456,164.88684641281048,126.93500662922672,102.5757693652657,48.0948519542991,-2.0847122103982514,-30.85454730947854,17.316121888520314,62.003113741199265,82.92372735588427,137.7877826604564,153.8584735483247,137.69307254977062,111.74558306187956,119.9939411371532,72.34936659399182,65.28021963084753,62.82617965499031
853,49.819923584970226,67.72572492457994,80.20433507580866,81.31912668638793,107.1154550261919,171.24573522499355,128.17951425300032,98.9321475881865,122.49596434136606,102.12625836742515,64.60637558045613,70.39363176395561,98.2655621539991,106.41294996563171,130.6059722595013,151.22994937344063,164.70233025211022,174.56927141573257,208.77410965156426,162.81408150030435,152.53835823643092,154.7108344911909,151.6955962104097,122.0715018026035
854,77.91380674936227,91.30172070399269,105.0736648802953,81.02622653370629,48.7977674312466,136.17999152243434,65.08469592457345,86.64329902629221,68.69328235179518,74.94744050322163,61.946010458385544,32.76210553757018,51.291678019524596,33.59214600886094,66.33105858045207,123.14006611041343,155.34050459975205,143.74165382768055,195.62351853801846,157.99475466979132,140.67083407376714,183.04127873247822,149.4890535137912,127.24946311777592
855,175.42207926154651,160.60249423577463,119.9627646143709,81.58357105377314,61.027438419564845,144.55237310505566,89.87901933410114,90.38786232618693,59.86026858023098,70.01274735341875,29.81787348148368,43.446113990239226,66.62879665411157,50.67566944106473,69.49869284409746,101.49055151727433,154.24160209927115,179.98824315758534,152.43544526365085,150.3778634563447,137.8645808291965,99.99004346785556,76.74252192203865,114.62849785994732
856,58.19051339498358,45.754174983788204,85.95520637151955,101.81224048738596,4.456545273506265,111.48454787965093,72.22091942529252,81.46074725886962,60.26403446456192,73.71822019146553,67.59692188249747,47.26108677842042,58.59477914025012,92.840364765123,93.03137059832149,181.45486975592388,183.30454342999127,224.34309825980367,228.45799032811144,194.27730120826874,163.71218772619383,139.5983018707986,107.45021629110897,101.45514081650782
857,129.71779792145736,137.81638782171478,150.74848588408844,131.81888506720824,113.35383564827423,163.05817275756303,116.03578189157014,108.0519062905694,150.13451381967258,123.86397634653875,43.17714493973993,64.82019360158424,18.67927833397316,89.92328980414565,133.3187648041045,220.49565443400857,255.01209512939676,235.37686977482383,240.48216038163125,198.78548610451344,148.24787911159407,159.82241381804366,151.88661229515444,149.80410640642233
858,157.97019666732967,141.03811095081653,120.46469532390122,98.63129694728671,106.44809152751843,187.45414654172927,145.84735371507605,160.75024624785033,84.40256588755813,11.746637649189267,30.072434668745146,25.645769834662126,61.83057540798895,41.21928229429073,53.88199900696678,144.98536504759713,189.0769345282885,167.73595999407212,171.46035600365198,110.82330547646946,104.77660290184619,108.55942196334114,92.77795771444764,82.31914968692377
859,143.46587452720428,99.14105192646616,106.06653496920578,110.58123010754984,86.78968609631443,171.7349999311387,131.41630171250662,123.74690773517236,74.16384474636055,47.18498387037736,70.93170739394802,81.27602682881735,77.64243486764471,118.7457376592271,137.544251073697,170.94337133484512,117.38478444531236,133.80101874248584,152.81825902154824,117.12008931276426,133.75554563465394,118.4428661723389,147.9024360351633,136.86734910960197
860,124.218456049437,143.63540581976105,147.1824590440483,107.8937853214306,102.71844067414966,153.89391337081872,82.20108766372968,161.61991774982766,153.63693329931436,121.42800307489006,86.50377909729731,60.35569591962325,55.14265194520432,58.58714835332022,71.6969233557143,121.82600604964281,139.77054017350886,181.8846900660756,194.93467814250891,134.6886981644693,101.05989927887715,126.05697929246816,96.2681439174431,112.66055444130482
861,105.8984800241945,127.95789862561202,139.3792052649859,134.633277991789,119.83816891801638,144.86504670301784,106.8428502349517,68.42626541042381,76.59307995879938,85.6000863179981,42.36112960603812,61.57170915709337,72.96812632680783,66.70934200696288,39.46452739067738,109.54715747716153,154.20219668495588,150.47668510938558,193.71019618002674,149.65225961656665,138.17726822280392,157.3459293738806,168.2853074206125,143.804900674759
862,82.18131633727295,136.88871260109116,162.51745409741662,162.33399895972283,124.25942694066252,224.73286581178078,147.21010201700835,160.57072877029603,142.11315983256873,130.8475577899138,93.39961273001373,69.76639034840059,58.58549893618015,84.65700165266607,129.30511716716842,174.8579638788348,186.72814951318642,208.42417289533552,210.7905870241147,92.18585699821169,77.13112426704522,79.30209998704026,48.13700900240357,54.820209615353114
863,106.11003677288758,135.40227909110396,129.88010026140324,90.24966358507248,130.0938590844258,225.6345819399774,152.8481906138419,143.00106188482948,120.20346573734098,80.14681033524003,83.71566955167066,66.9340493790891,71.87590018396021,102.09769616496072,115.90539623645729,170.54246695586,213.96718545319442,194.63500926503093,186.2877670447171,129.11446328950007,140.46409244448373,175.97571706788017,139.54376414894938,138.33333718773466
864,94.49658123815722,104.70587280317629,108.89336968905005,141.09227820362372,163.78129005478718,198.10809396280774,146.8472796850501,89.89432210578063,84.34711729116941,80.893652137714,57.909783600236736,73.63026642574175,98.22320899249863,107.4848650792063,95.95754960914883,146.8307567314852,152.80336515991638,163.66800499776116,164.25892370933568,131.56967226771164,130.32443398117283,142.5711142591187,148.8159995225679,155.2288533293959
865,143.77149748241135,109.32616317393959,84.16204530490198,70.40714218966818,56.21640825041567,115.76696456576843,92.97613606208847,120.98333838958372,106.83096737895318,151.91550641261207,134.10731740747883,116.1873692311386,154.85151725873823,150.06472924187298,121.64805142733616,175.18047468647214,226.16883302938587,225.63453376579065,208.97513665855683,190.60797148046612,146.32379616151167,129.7229932409334,97.62621812115088,54.23299489514825
866,88.38373146656176,59.06760375068739,101.02487770126147,139.66666512446193,112.88695993439117,154.0398209986912,104.55155879688144,81.5486936205601,76.18093024568294,61.42831600087474,74.63615231415758,58.030317047693146,80.89517382235094,80.75877549253744,84.67426662836355,174.94596641264846,178.91002220467817,203.3944073700127,207.21047600648595,131.1836876521608,116.61349185977558,130.7696315065337,166.96464003262514,169.84633873002002
867,130.52395243772497,133.0412614358143,107.76775084253953,111.19075761592275,125.95649682423294,180.2973170697251,137.97264687902333,91.84930279820767,80.63803394214605,76.50207900318624,16.105960174040362,-13.897098669436339,42.38904709460866,57.22211070367079,132.1542150551435,169.38889262361363,177.49146529068278,209.0653038532099,231.8257553856211,240.62211459272913,183.98588138925066,152.11366755339975,120.44454271420543,74.86241149301244
868,90.78307165707491,102.1945363504227,85.9174999315479,62.89597360061357,45.93615612361617,113.56872009438166,47.5701214897088,65.89705737894438,68.6993415869173,103.47160119696618,70.59284475437195,85.06474904577146,123.33101519108408,150.64687479370252,138.63331305278808,196.85036024908732,228.6761959379164,258.1997586557993,225.1542971037013,169.92639727214706,142.19618729330324,129.62949963811525,113.4066822898433,71.21522872779295
869,89.33674085988676,92.57314941047822,133.28539328852224,103.81239766258454,139.9946137307038,143.98916472434746,83.04950231738138,88.61351634964481,131.02399540376697,104.09532695973628,101.00240830659412,124.50673725572594,151.95552805740726,124.18764801984864,126.81165951104087,171.1789833424876,189.9754150296247,175.35249967690604,149.42973209966505,106.21690196104535,123.93969432886163,182.75977499041227,158.66493842086078,158.65919547248367
870,110.40509535353644,103.44519272287651,80.62962282587031,50.56681055324898,77.39435214135564,130.75638328797052,110.62616083503593,133.72401404103246,123.26247355412686,70.7800620699156,72.78612993613524,44.036691258318974,31.773667942293002,15.898707797880306,51.58264590064087,92.42236604622465,111.18518718186536,101.52080080467846,159.4391972907706,138.28861357214538,112.54549623535317,105.26958289627942,135.90855062100695,124.46852929271597
871,44.873175390061064,39.583453445051276,55.52921795812084,63.72740060147546,87.3990233272327,177.98350822952767,132.3570691563062,144.70388882828107,149.23812739614561,138.76293495177094,73.50361124314449,37.244036863220074,41.26543643827992,58.017898273994554,84.6777432750936,143.87615658104409,164.64614446620368,210.7369812839149,203.32400397655863,192.66506856617832,146.8899007912686,129.81953936582642,156.53299374667205,106.76782871244338
872,208.65332258106162,169.04588566423112,171.33214291653996,169.5388154973599,135.15844850169375,241.30639628217048,225.00911878201273,215.35601626803142,157.3123673940547,124.04180494987104,76.63812386389716,77.21768162437631,61.408788722935924,93.26132567855025,84.23300410085724,102.13494166338688,112.26975976527862,192.62591322087474,167.13885749347548,147.327000876693,145.13916508191141,143.42039204631885,114.35603816752436,120.73546062247645
873,110.5218095730707,124.75894735508864,166.94016900760647,91.42580637147867,138.9062176491337,187.4345142758002,155.75332348041127,178.01155335132165,167.84334518528237,121.09643584119505,115.80952545381504,54.631376761980775,68.2796378602651,54.18402664632036,79.17263148635453,111.74104312769221,117.13626503520643,160.47248354848,180.32379184115172,170.0387164573155,199.4958703065973,170.9171595233736,183.71276825062307,88.51223667209169
874,131.77851667944816,115.57245590597215,137.02008733477354,122.70023137239798,162.17171273830863,216.35124479109427,167.34043440255604,139.72393298556133,127.14215597935575,115.68201031172825,89.20890080096487,70.62771267080396,59.78007623071362,88.7055603803978,78.45172227025935,137.32459973627886,141.09739492260587,131.62939065641604,141.9648185355823,126.63737561012533,101.78472235129391,73.49303043067289,50.95459736531369,33.309614567982536
875,148.55678646744946,209.26811317469947,198.70773673066873,129.17352660403068,95.34705919202791,154.3017044823771,129.2321914442906,148.34632150322886,107.0523419356463,98.34619419292775,91.29287282227347,116.96981003689396,105.63590347127621,90.27622044540124,93.7215613836368,125.11707449764171,92.70665152682454,183.13263275815643,190.62067249999436,183.5888200094769,167.74366455375016,145.81665470103496,101.83029957348698,59.63429606405299
876,124.08092605628832,138.05898224405843,149.14769552021414,139.3116564130617,107.41303206224123,184.3229663660974,165.7820474396159,152.7015001385658,128.73646399340802,100.2048474438335,53.70336214960033,49.437465371281284,84.76965918317373,106.39530866298576,96.36962198046729,157.37150408324814,131.89476660131115,88.081067812145,169.8337050366808,153.46045172278033,170.0222133524495,147.8986052978203,129.73766997003045,123.43477943058457
877,134.7308136261439,106.99139028273075,121.26533880324999,55.638281473532714,86.0976648441071,187.0654331430284,105.81278096105368,128.49545566404186,98.44734049774307,52.26790777892111,8.078121538893726,0.8219354885490517,10.609727106367728,45.99687122316578,92.8247098277512,132.8947368489989,149.9506596454558,203.51874234406657,207.92922899633894,166.03208621884818,181.2343533636526,177.4979752279867,199.5858142393198,164.6362244130389
878,95.26229527692725,105.46119336818758,150.001842105468,72.11730104605631,126.8494713882341,180.4405443449625,134.54078974274995,162.25299832189717,158.9468568328542,140.9673257789496,99.76612286730855,113.93994956069614,66.54918231938181,106.52816595917366,142.38340203737016,133.71446885615902,159.90677088064632,212.62258758828378,205.5190453264294,150.6259435572844,128.7949769450731,109.32812134452877,55.46108289049396,80.66657863141391
879,106.29004890386996,117.06313464750498,124.5667788391822,137.78085190254836,142.90272442616458,186.90179387715963,152.49603970265372,103.95521543098494,86.59690971970537,87.07204947403318,89.0917765194217,77.0169606304964,92.80760561351795,103.31703363960408,110.027043665676,142.47106783562137,176.0700126721466,178.8881072427192,157.6946107934687,131.95325636771761,108.58601317134912,118.87209248236236,98.1229454005362,103.93321678050876
880,106.07034785060573,70.80483125892079,58.686426661149746,86.80810522960765,127.21417885434047,212.6987396840657,156.84949287594185,94.30185326417421,90.42325393205556,64.79709696625682,46.14305864686651,71.526424795591,43.06209375390783,37.160627422543676,106.08423679749359,130.48082581229755,112.55412863253298,160.80091077037494,176.58411683068698,169.99042571520158,171.43093720263332,155.98992209539023,146.7994113122693,105.45301491501175
881,84.07108294763984,105.65422317815292,166.65439443892905,130.69061213275694,112.47288481591383,172.1575790239924,135.8974962195382,162.25106770135613,122.38384014305012,72.48952402671065,61.20840726094896,66.73651544627286,29.741008489414362,58.702614680839986,102.1127747980999,188.0060878594751,180.3238288981035,166.08550542130013,209.43374131159038,184.42707346011977,382.13934814647257,299.37591649543936,211.22486300104913,123.40208098139556
882,159.3495741740416,192.29028595828112,172.14436838332682,129.75401698361458,140.56346170721505,219.25927184400072,135.49036861932296,89.83681250428742,77.41175468042415,76.56968854474826,56.91414866417513,56.039698773749464,59.938537603061214,85.79818346182807,106.13936701478195,85.46762830163722,121.5753130445365,160.1692886503194,154.94501187880786,90.57026140981088,138.0534224225818,119.93910337077101,129.74465228729102,88.612901356669
883,150.32974605884382,159.17901212920793,178.51211307444987,174.81629434963546,155.59713834399034,255.27349293720698,178.2181336288113,180.6340426532945,141.30457718610282,85.91433022058152,97.57292974403558,103.80039644655447,61.78433539458985,87.40208962398417,86.06023310309111,108.74231595631545,145.35402839617652,123.30033058445659,114.36943314592747,139.15342083341247,175.62410720192923,118.01788733256979,164.87483684007663,168.20343449594571
884,97.02771293303661,71.24541543348104,34.73484045516261,35.25682203010757,50.00852511777732,123.94098191936342,74.1433729725504,76.04892144109664,133.6530509109112,146.57549481610647,93.7074177783508,79.96300271782303,86.28096188773753,142.4641458697921,110.43448039386608,193.79657015247895,217.46797224439126,247.68886729642074,182.56907673353462,92.75991002885908,96.5018921808747,116.01114102889535,56.350188138751264,64.5928134242345
885,147.83456630208676,135.79372536453036,155.5996091913489,103.20223271390194,126.37389555110767,179.16364129107916,182.90234041993568,175.27030399740192,139.5505284607748,63.21900356403579,102.71945741661764,45.22876878450756,72.61761298691988,111.42627835244402,88.07054186005753,92.78315190812162,103.66854808610296,132.55808835254723,212.45744594502955,183.2989681998181,186.13392560386714,191.24653763717112,177.21138404248828,167.5083627550501
886,129.47962552028568,125.68985764595523,111.57052888209526,122.80784303487715,155.02762027794014,203.57403219521598,170.05207398319098,140.55531290303918,117.5071922603039,75.68207719936773,47.61273186618226,45.03286388703904,77.60082277220197,100.80630579246082,114.69433514227865,111.18502798641528,122.53502807592682,145.93654065214864,153.27236109897555,60.98723780474754,103.78170214329428,91.97659675990569,66.82444693156523,57.77171075368552
887,79.93679197605336,115.00929885135633,74.3905110054296,88.69396299095321,102.11734581971837,160.1106078912035,83.18236677926788,66.25304049876448,62.167243274894496,103.91846185072843,92.61133236311079,71.0872723308972,98.43852514028886,130.0173055557146,145.69508700352307,128.76447605970836,142.35984394189035,170.77475920521465,190.724759158786,159.44625903370093,120.57139047604963,98.92619195883881,107.62879018795101,81.57572155411842
888,183.06808609132798,143.8808146981143,160.76133574580905,168.54599417235872,157.98499882121558,234.12485513504635,142.28155653457137,117.39912733705303,121.99571095400304,103.05569115214985,71.16250756714109,102.70397853523636,123.22479460857232,117.60852680772022,130.65564538002187,160.43754369774226,219.74424282230427,163.79275430716459,166.53822555105722,152.2787334694901,130.90162015391573,171.421702395056,155.6944849377905,179.14239417192815
889,114.67443651669149,131.45360244917038,136.82782319927946,102.53978188457874,76.55733143145747,149.79885839704195,107.4163816130415,81.60646435264181,77.4352233534672,52.2624657581672,22.84630331114662,45.96232765080532,45.702189768781366,113.43591602724243,51.546873795907544,79.81593452428041,111.31499519078517,134.5257051440207,181.88029604705628,124.01213582130701,98.32921382034223,176.9612946770443,163.75132622801215,172.2975774011583
890,127.46123881754983,113.74306756462343,136.1176116340144,93.74454583670449,112.39907385913872,167.1348234086031,88.94774322427976,70.81493728764698,79.76687069659627,45.40514217901095,26.868823431961594,28.12081150197414,54.316053053702134,100.04791014431603,118.19074036626624,163.75211372099477,186.63382526218206,215.1700718125935,202.77777008098536,159.63291769900528,162.55952233890878,158.36976878658612,103.42934289973172,94.23305456854636
891,38.47030998838021,76.43616958515193,53.53485324062972,73.59849039444563,86.16982692588948,154.49527266645356,81.88143136354233,74.28527704155096,92.36429163220267,108.96768353735092,54.24365476470007,62.258680318042764,54.46584944785444,89.98734812101301,101.31881621166188,147.18928572391613,106.31052574625295,153.92811858235743,185.86497936209724,171.79407524670384,177.15659626468081,168.21649404576127,138.21092076538397,58.17131052911603
892,79.88575537757201,116.57999175065598,93.57586862030195,79.24358498268266,108.00235836640186,214.13753585288708,131.02589029370858,137.34936402685491,159.38522151998518,100.6776578690004,55.773088796216776,39.821346230677065,87.16607485321387,108.65398882884413,136.61976142090907,188.847254737448,174.0973083866225,190.1566899200268,134.94532186145938,103.5196851564463,123.73026456409106,101.02485622426306,130.1876385298957,167.01030767488044
893,100.80257439167235,106.41957732465795,102.94460494838782,67.24139173728098,39.092325770644415,88.96718365420782,93.92795488158535,126.98758801576514,144.19369222731154,71.47842810477718,56.44000221640337,48.054137895819025,61.46830811886347,62.774017301861015,111.62189774352817,151.353623020509,158.4823693404706,142.91294862425627,160.25670904012495,121.01647273824767,96.00821707544728,93.8258359090724,87.39532130446128,112.07154078851033
894,82.38637917448068,100.21704526344969,97.94284665494519,69.48476697347441,91.46258644402171,145.60638035461255,135.17477257477242,136.67222340914964,123.5601009661278,103.87311183928456,51.49130337079588,42.24366499296563,85.73611168977185,80.64306439395337,110.02112438803495,207.88056737308165,232.79743282853275,263.7938135059925,235.65254743950064,166.1861101285262,133.8925343513643,150.6484115058924,171.2685937695022,131.97964358062512
895,100.86505720055587,125.1634813693791,138.2784995649261,121.8739861894686,119.64366886936125,150.40992230535676,89.72134039030655,80.44883936085635,95.2069881428569,42.65897205519245,-0.10388940712113026,34.88992712873633,15.287037659035398,95.18239818913901,62.6955840812992,109.60359279298581,116.98431316423006,164.9397535371079,171.25425647671682,160.01193327494929,161.91103989032746,148.1314340225948,98.23819674764519,80.89648905688858
896,99.69249191092706,88.92008029129423,90.55273690734677,88.3531976698161,87.87596665607374,186.77790996747507,128.3814104084501,170.08419768559145,167.66605594580983,134.3316889744565,59.56639485282217,44.58578219576464,96.71581596392903,109.77545467257097,88.24431571853596,139.63638439528134,145.87877079740684,175.26836512655697,161.12682483435526,107.27698999219655,90.07420872744129,107.80777696234733,131.941318489565,90.23226256879369
897,119.22841975183147,113.27860593238732,140.95889808322335,134.99193193857863,132.57352883377195,180.03248495779084,155.26802433435643,117.9073976563711,108.15325534453154,97.74848729073287,74.01740362050504,61.40004724151654,79.22777961339224,128.54956985170213,112.09283698509824,158.56434256350644,209.79398518720416,178.7402964956507,194.91367425310474,112.40557216066767,58.64939118903493,83.6123050710045,86.4272816021056,68.31036391554454
898,97.01997643711735,144.08822499946592,129.5186194409021,113.2842631454615,139.7369098029021,240.94726025356684,145.22590508735541,142.4630145690133,80.00292167161186,95.18506037492841,81.94982218131378,50.880013588584994,18.599501997870412,48.58294360915538,81.24207848926704,176.9275340972156,146.26914070963306,124.35213871378225,138.57409587963446,119.29230011020138,100.2735030048457,83.68365989474562,87.24623353524761,70.65914126089498
899,109.33754203941767,112.724942826052,126.69366032157747,114.67915743151141,132.92527581571989,201.32727804192263,162.74434047989064,105.98431486750583,68.75978323739466,80.66384670727331,58.67022753643048,62.50283872782019,84.6689869140345,131.39539185480615,144.47100759806898,160.1658080915459,182.56421636553944,165.3574169655399,138.8983027429999,125.59325631936282,98.57010277911388,116.8133364012677,98.79437513264742,77.66936061912038
900,101.8619141965324,109.14227818171761,97.66820851171036,73.22040052747025,77.08324010912663,119.20636030385413,91.39766929510627,80.59379308614082,55.76986055016884,42.709161333593876,38.96194147387757,17.149898845925755,53.207984436814435,41.83868206804891,68.55425112509289,129.67488715498808,125.64191659663327,177.04982591680684,170.29537347563198,111.2394302848231,96.79124246915777,112.92380521875687,117.05147408061927,83.4529664278445
901,134.8294834833403,107.06313320133681,104.34137772576238,104.43336722791557,142.86894682221836,181.4360108719562,144.28937236297892,145.08487858897894,114.86596375154653,137.609117862208,105.28221818031412,60.39935087543347,73.84292883847522,67.48599908944276,116.59012601330105,153.85226843604698,220.70430215050152,177.28173222674945,178.05596391739462,158.26128753860823,149.3126801346064,139.07317513327263,84.65051268156549,71.36902706459452
902,57.469544673144995,108.75630828407279,109.71874680815183,97.13653054112052,107.5979192715061,199.0116880011197,150.38391674430966,144.15315745624324,72.6685719607271,74.60364037969828,36.80811481945197,76.63795140530746,58.34418789337403,71.37518521409059,76.43384043675653,195.43860032597843,233.3945029040242,191.53576988042096,189.864402534514,140.84083136598423,134.57547679934086,124.35164947961437,128.43530449668629,85.90166583192394
903,89.99467977835263,102.20659751090237,116.7461074779276,97.5135720885648,124.01708908168695,183.8052689099049,133.72715294178795,164.6541859544601,138.4484234192323,107.45864467556297,42.82708155919521,80.19003789931199,82.05378057640019,106.15897515388035,136.1047035859599,188.8868925174884,185.806786822009,213.4878759271195,212.83242366301377,171.51686960881486,124.47834242010317,104.34535684824016,99.89882637617958,60.12256649227923
904,85.41547494705898,84.77815368025003,96.44377971188078,70.14807789363198,14.211429071710995,100.92171015462962,108.06459592200689,121.09083415700619,81.88612257100871,90.66841116727979,54.397999457615505,88.98643442607911,105.44231431132378,137.99007470975852,127.5188336760575,132.56575167739865,162.8569120907685,176.7867475384187,171.69993568563493,108.08207166077423,148.91623168617969,80.10102275576669,80.64606860158617,26.372958974738168
905,120.43485899407113,97.84885500311147,108.57022860758083,61.80848770208756,78.36912681709951,71.05804161150934,67.72419107751871,111.93165138311406,103.56490471835477,100.14756348453948,56.88616111225083,59.624089618808505,41.39159968385644,99.78601467785123,125.2969914064539,152.0127009622572,138.11590088537523,105.71996360908122,99.40446370673584,112.63703432476423,122.96269887015755,139.3188616959679,132.85512754571693,111.12890995011557
906,94.83855480470157,128.86411551478537,142.74986447774413,130.75476437920366,91.34126544231032,157.4302910243306,124.15662376185908,81.02810496103147,106.38286051546193,98.66790286223163,85.32807723386401,81.53264236610046,32.028213359909216,31.539842465605815,22.853932708600084,151.1577673476746,146.0878479060515,117.92255786534194,128.67947890601567,137.06895952281724,136.12532639998602,148.05503657191124,100.11066215541368,81.2490212534762
907,120.51647421959872,76.52914149334346,94.29264884950462,68.14499021496586,86.79293249540123,142.71450560991485,113.89049589684232,87.82827496141809,140.52584663154676,68.35401413203572,57.73076270400464,30.18099158557054,52.268617520057276,51.2816316384653,80.44838492847876,156.37209214135427,154.02983405808348,135.67322385712686,119.96198600072562,118.6843728843476,95.64174259861764,130.7500660480285,107.48636222963445,53.18150232164528
908,48.946898231525225,98.26021192186394,77.93139960341102,29.519321965648977,72.99452998519413,132.80528460923023,68.5072791923254,92.25724600714153,47.60249041551022,6.7131973180161,-17.820173289818257,1.501833611556222,1.1447528369778084,55.59359548694158,56.212416015618494,80.86461860842923,109.76935739360343,138.17391660526226,178.5856737562037,133.73160161710226,104.27019400031199,111.43482844020585,62.03886338574082,91.45715342321799
909,86.40245112893487,123.68400033981547,134.88350638104617,78.27940416700346,60.98651690099651,135.30007535692712,123.18838074903377,85.77192929488987,110.77207189592143,84.12256214434173,88.21866320644135,108.96210413495257,92.99009517004863,152.3782530090201,182.50463004880015,184.71510258216585,169.1862759001755,209.07744442924778,174.93666360721465,135.59353831612515,135.46410677448478,156.21636085353902,154.85411151624962,111.9565799086054
910,163.20617010967365,156.00996633221934,112.1111451603052,75.79090643860692,60.412910359905766,127.39983191095865,68.89983871071684,59.560676290413966,32.801252745328966,-20.101639262979702,8.087186783585672,36.13697946765098,68.34335224794249,94.2395530572604,51.63676876421439,115.13971042731224,143.25451557301284,155.24702633478137,144.59360738491958,132.58531364595524,106.00752851251809,135.06463652992656,110.94057831774428,100.67811023727705
911,113.57611428980807,119.93803164868578,147.31341531259855,117.01846701701223,111.3943329769961,153.49622609011254,97.0925195324355,93.23536219508,88.21271756034481,38.51671595356335,76.19642894313078,60.91882691510894,73.92099924276876,143.92146855325961,111.48284408260687,101.38786286521173,139.9447600803855,211.14275380959424,203.846552773014,153.2738321567065,151.69699561004762,124.2512037713674,78.34891905768147,175.5760047831535
912,164.67860520522322,165.26766508021512,126.36087965377611,94.72641407755748,109.43314077541402,177.4425605748281,152.24562050592212,116.75361100100392,86.61941756702623,36.8858347252002,26.27491109637922,23.381984515037665,-8.954560200451276,51.1035505600478,110.38717559436884,158.44589280653526,147.70246871311892,158.1088757341232,135.089280983058,115.93834599554323,107.41824816142577,113.71084108243006,99.84624835291385,105.75143925651473
913,118.30591114599596,86.63972830519104,70.1987286827945,108.89134628371497,120.50766425849135,187.7405139383424,155.26666829182028,155.4012397019646,188.04680760871986,131.59499472051525,56.64670617356072,45.75443769489293,44.57042332164238,72.02920134359105,87.81118014783806,183.8670303298016,186.74658036834532,184.15406621279527,196.86133741589862,181.8251433307552,168.40943589302242,123.93194105280554,123.17387060556018,108.47237364302308
914,127.52892225487565,127.15536355710617,128.07416557893364,125.57270804834668,179.49890730616167,232.72133022530275,173.3393738949088,180.7062624258242,142.1127065670945,142.19374039507835,98.8226880881258,99.112252455783,135.0703607296392,101.11457748524674,127.87111732871405,198.99987181195448,184.38769571829204,188.9639898430254,132.3773101752612,107.7369575825783,99.6314413820121,129.9581528653487,135.961845521166,80.51725403302947
915,79.88997336137845,59.30782533653618,135.55429388481946,79.64831720238446,69.80770545041509,166.17203682499314,89.37942230958025,89.41757683106798,75.9124800041565,100.77302995489657,57.58708651500092,64.30149334490346,56.38385864480868,101.36530495100207,105.36846589465824,143.31834847294854,116.68710247442615,149.78497850050348,180.5817469595329,136.20069842070131,74.5552636137885,107.64548852642463,58.54728836142567,78.93356729354008
916,147.30925968340225,133.7705006979161,134.882107475697,78.26861586832928,89.60248102590499,116.4881816430911,101.99463380960655,98.12964838394889,110.52364764890477,134.4243117919734,67.44335665848902,69.54165579888104,51.04597040905165,93.80168239811309,150.12335387604602,176.3147549665063,195.38711829508694,215.32174788257092,191.00215686382464,111.69893980776351,92.29335821011716,102.81180439119268,101.28676081934277,84.6883194983479
917,77.44824187677759,104.62203463305039,153.07920701567974,136.6332720077304,120.1616217684978,190.79529431925556,146.90993964644514,107.97241973486604,117.78463863553573,142.17812285538105,88.96151285989401,71.96882399877211,80.86824760887909,104.17539825904316,60.53240231335988,163.87023029561337,164.82349968884077,197.33222218633284,199.28987061293623,144.2938954288028,148.03760079047058,129.2431013279605,105.52784256004159,128.5936689789655
918,123.26722785742274,106.06919397656458,132.4110769202033,110.03320905188653,65.77664264632588,108.26158692934514,109.95610632708357,55.51260887545166,84.99033546098319,105.1397591192395,50.13504836966768,54.50432670014533,73.0529190726221,64.38043897171234,53.946050112591685,123.40336900794252,153.2461464922919,158.26231621380924,176.38586390401056,168.12752961842588,127.44788837714152,145.57655272235323,109.18057440680268,116.7879719323827
919,68.90761613407888,-0.2919806441534831,40.363157513197564,53.84050457910943,54.64162167247254,127.44717024653107,98.58476198566923,120.91376220819602,75.90672564218552,75.40585853236409,80.3825086258627,101.40090574870035,111.94399586649487,128.31769646474973,151.88045904130746,197.34157119546066,231.7479108144381,252.38407732167332,227.27390341896387,180.31651621457894,173.5708460173934,124.89677645482362,99.47014848218872,102.371385984305
920,101.14988151797462,126.94241495739463,100.56060946853425,34.402863172641815,68.1858494513699,143.07217512271484,90.95468309413903,112.03869443796857,113.28923486058801,74.55512225238765,46.7563748748728,86.24760588393232,55.569031392716525,192.0328843544158,185.4507939900194,187.749487875954,199.01958002994243,167.27471227637508,191.89140397604245,122.07213321284513,112.08967618739543,137.97598919884817,120.37965411492793,73.92814942086125
921,121.07921317860726,100.88662623830685,102.78529657498373,87.34429416238218,166.2298157710443,202.82803311395244,161.33725332798167,132.7673222774334,117.61674128614521,40.79208271676315,26.717756458375952,24.689655577814,56.260347308101004,94.71559055428635,132.74036033119586,173.0395915147897,137.842130521473,167.59996565144658,150.77795321754422,106.29389532367506,168.09992264641141,161.8887174149096,133.85124543381454,98.10316651066098
922,109.61650831422997,100.56900232469522,82.19455067439966,52.940714374958446,130.03759455073615,194.5536755939597,127.194165599114,151.70143939996436,80.7338234894821,48.83443433599494,64.21686875412676,51.65873838226807,22.946214854105264,51.299457519219175,120.23104924731541,162.08056904325912,180.20046219962734,183.95504496470411,177.14265411979116,86.45254911405816,53.78132953813335,51.1585098038322,78.89066572884306,104.993069483892
923,66.13550325616042,79.02206012509183,97.22764196698994,48.04525351859657,87.30185882345772,129.16763629891432,91.35497526236793,63.60129002057301,52.47276498694663,35.947294388439985,11.476103320440203,4.951635669343581,76.2997713155016,60.198568816662515,102.82191336227214,155.72873823619085,184.43961511077168,182.1596655115544,170.6589525069205,155.7204826575762,169.395404058539,145.1584353484912,139.20536211244084,88.11211984536784
924,118.32781243676106,110.50802528860183,114.32705716240167,63.26362523397125,64.74440933986274,126.32556378006538,128.1326601210231,135.4273397807285,165.3312706206268,141.06718754562428,102.20409170213757,80.82803334857932,80.68400524066743,86.55377039012392,103.37934071598868,128.4421695870364,158.41802379094503,146.88753933219294,181.79031229175752,170.8833613167842,168.40704510251143,94.26269311464628,42.77439985813392,33.870044785693224
925,111.40176085190319,72.36487204532771,96.01254928706594,71.59870798935171,21.926905960656583,113.29910115514375,53.3794466738686,44.20505301300565,23.317324940542917,27.711694889885223,19.850759594073573,40.93167967157059,39.05927489389341,47.57887477156336,59.403634317268185,168.21201017738466,203.36820207602062,220.0290431409367,232.2928490124097,186.47967242122513,150.97831792977962,132.8881476009617,120.61595854648539,111.08895566827219
926,80.01591313862235,127.11337221926081,117.70503402800266,99.93160229027477,114.10060394740364,128.0745370099305,99.90285611285503,122.74264134803435,108.7325202392254,62.48145865399054,42.548488427431465,68.53042851826004,60.05294742302659,75.04465958630223,86.44901679196713,143.60435597866098,201.98192352584124,211.50418792378085,222.9428022547042,148.5449158503411,122.34580295023703,118.97491753358166,116.67945866028158,352.3672855498312
927,119.95602574374308,132.91865739527304,121.4524253695467,110.9170529187715,123.96914171325719,156.63170054709533,91.25726561494126,100.65357764268784,119.45547128174451,113.66951735812795,123.77378676107236,93.33758568589924,86.06469329125844,115.3340699230175,154.4945538062605,200.8348283640108,197.8144141534557,167.41732110171785,148.7305307807114,136.5083332366686,109.91766873508502,86.24036150811128,99.45879270434716,121.28694717690246
928,71.59650676396677,70.03477538203254,52.40582898481523,19.15465898982808,16.431088201647555,136.3452574415939,29.207257385266416,20.83466733609106,44.41091923764845,28.860930908284146,21.088884325995075,28.05351893614133,54.53425281487011,69.13981434006158,104.23235089711315,139.41623385863562,158.23754162115782,169.8543333166265,138.18614999632896,140.33377208150443,139.65391718520152,197.50353299093678,182.75791155074717,184.76406428167178
929,107.85963272864865,132.51706608010693,130.68124308783584,66.09551513746528,66.3841536386283,125.51985702158385,53.243442545266916,40.2176904870514,67.20988148537103,44.654813860495125,109.11992135823793,113.70858300366979,105.55594177155479,116.6592080373176,151.3805608827784,202.79226618861446,227.70336659287193,220.53206562853728,196.0035583365331,153.20177831151346,136.12999357898346,110.1087390806531,94.68744959681666,97.72709248079154
930,72.86345052748572,44.09764545953054,49.24925328503089,66.93167408589139,92.03853714447521,156.94728758563278,106.81602220534762,133.68956177626364,131.13790575505266,131.75877318650296,110.03589633329523,76.14276256868592,32.26844476982721,55.8691175029662,86.57376364615429,129.25018991263352,149.26910014959373,162.20721790823342,190.7589658039808,179.90701119181236,156.01324357654653,195.6848094253591,176.22447422023268,169.2683840299947
931,56.01746023880959,88.22088417473086,121.13241079776672,103.17014546706432,147.5502929924666,182.7970170797949,164.52758106086065,176.487252173204,116.21512884944403,75.37957858875409,112.28150543092013,90.0392013467092,106.53999478336445,123.21392024936861,124.08972033552524,131.63905793751854,180.2386080190143,154.4654938202722,168.62937456482203,176.63105090438052,180.100252169645,163.91562659972243,155.46098530791667,106.49115030761087
932,82.25773647578694,63.33051339566953,100.80208996550266,82.0816649474427,101.67429828196939,198.80686199605418,141.8619976782684,112.08375091991172,109.40460737336186,94.51510653578379,89.48827454759798,75.95525163074504,116.61884093986089,124.85092205654631,89.17299167592438,142.20275640428756,191.18761212956284,217.1356800194111,181.91800996748782,144.35077344365396,136.78668396172066,126.88665098469198,146.917030000541,210.10632043984614
933,127.45786720447913,120.51879127510077,80.97979374149219,46.52533784901772,74.31275614613445,138.7114790960034,101.64766242256509,145.85072816621064,113.02090935719299,107.32763339472774,69.85515777551439,10.718468730839831,30.910997218238805,16.210149162581487,93.37355603711933,110.54588834387019,139.43632535358378,141.8145291755689,164.36746456043028,91.57828942575432,143.79481034673032,132.2612251466598,98.46750211532603,134.77850173235726
934,117.72966201322345,128.07695832529896,111.59116072511468,192.92029320413096,171.53308875820386,201.5499321950116,132.0523198716816,124.18687437216929,90.33132121563625,47.536235360128664,27.52071229542603,24.228350602343816,45.510588553450006,29.725049066596696,66.30962632069641,142.18474426416887,164.61108735067572,165.1582579251438,170.02979757666432,143.32331548979815,181.27013004106357,96.31211872857055,88.69618373173249,107.98076602819407
935,39.82062939068104,41.649164665718075,69.5448226735391,77.63603412924604,98.78553470219414,145.58168786164302,143.73775840526332,134.74838539351208,85.17859630524474,85.74234856463144,60.668390648538946,72.58150636826281,47.58263596870424,69.38674883503242,67.49303967243989,137.70988952027702,144.26291275695738,153.43262726017053,168.5190301712228,111.42674054898242,158.47736538022505,137.78998793865514,75.4055349036723,57.4641419878981
936,89.72891600220984,111.28562042421127,136.48762056031538,106.5137517242575,91.52199640479498,170.79563336625426,137.5592163072421,134.70307063712028,113.6874881997908,73.7976027576594,80.68337542685262,127.69385393377021,111.53610287154861,152.28478160111763,123.82429883004593,120.00935293036034,151.25827899208898,156.15705966664737,166.57032224701297,141.4795734484334,85.53806101318688,96.77688917575259,49.103759191988274,47.01288984593487
937,141.46879654600704,151.8892578964215,179.3390437469294,127.4888241850893,164.94473330341359,206.26109824901712,179.88779580815512,169.70345195797537,137.35971187326712,69.82911242497651,95.85073453977824,70.18458492041702,74.77777166257097,104.53436976496137,110.52785858296396,166.39911706539286,156.49964509339216,129.799477955978,136.87750442088065,86.06962110659688,110.07552138939639,103.82878266034115,91.66732562139859,89.7022499344748
938,97.28673487075525,116.84022037903893,142.92638721185682,121.04814559407711,100.76028714224083,189.2221864711287,147.9790114180132,169.00524542972659,132.20033631265227,94.33469355007594,107.82053710498127,141.12551182890272,121.76588895108308,130.12343457402304,114.2825468773745,138.93789859838427,172.653627272807,146.99778192676965,195.92528294439725,181.71416686665955,190.5402714157164,187.4037145676709,154.090925392266,134.96490313683367
939,71.84110437948505,85.12853003895775,91.63154140104159,121.39423507143303,113.5394209797693,197.71017858717693,121.0104566405727,79.95240871017847,93.56771048992442,33.14498376663453,23.730331954525603,-7.910649059458329,21.467948810673413,43.71667918938671,36.737961779828865,97.00454978628238,116.78115521616574,154.37327375348357,137.3130695500269,82.2273742677861,111.37540266016703,144.72733801179396,122.10030993982885,100.78593507113511
940,157.1809894786353,138.96227130075874,150.61393493413408,116.86100205259085,97.45407266984358,188.31376443169904,161.1938636825205,142.19963051234276,104.26085728868267,78.19550907759161,83.78864691921095,74.2923853467109,94.27089006943862,118.14099512148624,123.65044816282203,168.58062987256935,141.5670632881862,120.11702046838917,87.57925880123511,19.1197741491889,172.0824226718005,182.93027833921488,123.51727137691239,89.88737776738273
941,59.42805670821062,40.2163400859863,104.1802420401252,94.18555937474706,98.44365176280705,126.71831542115191,134.7287350284642,115.72424482237909,114.54161101552074,75.56932350923249,47.9705503474852,32.857730284726415,40.18304690759955,64.9070976021801,101.80106638697991,191.10255335575187,154.90405297624613,142.7965684172052,115.08897450734025,113.13319645413665,94.750941438359,84.12614082175912,61.457066781049946,77.93299900481428
942,61.46500864845527,84.11740140886334,97.06938334404002,55.10657741739673,67.7661516220555,157.71605517322996,132.00396796691305,180.23765917537236,135.71356144408674,104.29031750363966,60.9183397670631,85.46470619411518,58.05771330786973,105.0994425947397,122.67233430464248,162.7989013843282,191.2590170393159,205.98629101870722,205.73314853148037,186.3536848100225,151.45829245527736,163.2466715854607,138.0016050485553,148.1056483726693
943,121.3104687063792,115.50285759708362,150.2322922418453,113.15162161047417,108.45154296694847,194.10175611474227,164.71871524532702,100.12209587692792,103.35870962106513,66.98751294598642,50.80719743827172,30.438762787681092,56.41866516408264,81.78633375887974,78.2219238279863,132.06517322518027,144.192537445998,181.78626096613738,212.9723339392491,163.33511479872996,170.26115823970076,149.10766012761465,92.96346051231575,89.96169280166475
944,151.9246853074033,95.48294554565695,96.14701736422248,66.66897964806526,38.03539252855643,131.33730952994662,74.99867444914743,95.94126396500522,76.96924196159327,93.26128326006858,115.55589814779738,116.58046296600926,86.15292820440735,108.02323511691236,69.51941008443428,98.79132507503743,116.99259472318721,171.85876106824435,196.03120807364616,204.15045106853316,191.13482856952527,157.32328734195391,132.15430101011262,117.97812646762226
945,116.98520092500344,138.87092261080375,122.58683310855125,100.25074493141659,50.43628927429816,118.80097997849902,89.81290440645552,98.4719589771035,142.33316731196277,74.33800349472297,66.09981383915095,49.48769432948838,48.81522389695392,70.44649389862359,111.30767822332385,183.89601110593924,188.0280279132666,162.5212769236341,167.80017678904397,174.4160706537112,101.33857069844304,127.23004852312577,97.48557279601506,93.22643870882679
946,113.16421516683492,100.33640050190924,100.01561131238235,88.78648149763104,88.77453030886593,136.66457559105308,108.39238729908294,80.4912708929617,101.71565410431813,97.84785645740735,48.630081830985866,47.87540688330246,55.3766337428836,97.2530441836734,98.72239994831483,166.5737627084005,187.05026838284203,177.2156438951445,158.52603342892772,161.09092108507664,131.52299963282888,137.14559138360815,110.1414967603412,-2.625879170678928
947,125.39663001873092,111.15718550596036,143.41719933391624,82.40741072902247,93.46167535127863,88.3501010210293,57.95111575680244,87.39875984509416,63.71194561506843,62.15239353301969,48.67031823743148,-7.617536852503768,33.786843834627156,45.05373990069861,94.92410021072627,179.10980485211056,176.53779430938698,167.65415791473467,173.40946276919726,173.52082365658407,162.33240456289,185.9406888778213,119.73927396323425,98.11066837273088
948,40.812717866196664,104.49289993427618,134.33257937062126,94.0495533406606,71.39356574026624,144.50997354479279,136.33798093453427,314.75889541640606,197.68977999665464,171.0802688982012,113.28426390804366,62.25033733591827,83.45023017560172,91.7679264152387,89.18003026763667,120.30299234669673,171.97334492286836,264.865040331143,265.69208419987103,172.33484197920114,180.05045123053998,170.82296461746483,160.25450684760025,158.3169506487672
949,121.45971260863627,164.31532328111172,122.22629519675478,91.87360529407896,111.09581281576092,142.4433092651737,190.39087694888389,196.49006835035595,161.29632517515785,123.18863690911851,105.06310785763243,88.09903102038197,76.02059330745102,122.10922492621017,96.82546755525546,136.7031254699549,135.1510151848372,173.340698037247,196.81865503957272,182.54729422219145,202.74468765403887,180.8835815982643,161.96360892886997,136.84529488815886
950,145.46542468642633,196.26965287021105,196.51600044227519,138.07347090164208,116.13368906458932,201.8932533670883,139.02460582238052,126.31144176126926,123.08855233964714,83.35662666681434,101.03315998286763,103.9488097114972,108.51932849576227,75.7127994335192,94.98866427755553,157.1837140659262,195.1056775324056,173.42736516858147,160.51846409680138,135.17638932319173,120.46031239444127,110.2466017934288,103.91238784060094,104.61294375080013
951,108.31240230814278,68.08116653657902,37.257541743637915,26.1532785372601,82.80149234684642,171.3542907840496,145.51392465448748,147.88548417043535,122.6477253942123,129.0699195204038,60.800305989196865,25.836303197937692,51.236492740715974,70.77946988138638,105.44704954378064,128.6169045785887,159.78833738426022,201.99177090893107,177.96500264150905,199.9187731471561,165.97729429997509,138.80703784562732,142.89517206755335,119.14369400670536
952,93.26806914154746,97.88968874936677,78.21430779650989,70.97429230921777,103.6875156319886,162.6255112411345,93.96580013331044,83.41746211933221,53.03997001785515,53.129981045087256,50.26220060684193,77.63149393263855,123.12579232766437,135.35134069245726,45.06099083254785,125.94466415326568,138.73242166177766,179.2508926224402,180.71701397766003,138.34482823675893,169.29669610704133,174.61747436566202,135.61089057929053,133.2580384067031
953,46.66448295474437,38.30567970538084,70.88717255154724,58.026459667015246,65.63091033006971,156.30772755381787,95.5835473188665,95.94959645631508,78.14423289070633,61.42722550565796,43.098485525080044,40.72747942008256,90.76287185594319,83.77276534625906,77.77907106704043,112.8561852981689,139.25255995631173,121.34669354370305,142.21091585697255,127.56213740641161,154.51234947883063,160.43983711977296,167.5822897375431,154.66616013685896
954,106.1594531938072,122.6989463372132,164.0766182018313,159.20335908069302,173.17116932543112,191.85290225092893,154.01700761121188,151.1749912880952,119.06810622615052,91.69927683436414,60.5601288825338,53.61926967753071,95.79028545886645,107.0614931319083,110.66145389137327,174.4439274523729,195.73827253466976,164.2945414645743,149.0239944467843,80.70356653849186,161.17484997510107,155.90005729187192,182.56212065594482,167.35220737444448
955,82.88913196954286,117.4525261580855,145.74142329930646,141.09817494041334,166.8300958017768,181.3575663520914,122.30070871464734,141.75449493973716,130.29793131260772,107.9612339834666,73.26085495090734,51.78626630674368,95.13580811716432,66.32402669980658,107.11738818253896,99.13591525965583,111.6026599489364,145.64342126549636,148.56458376059453,107.73600269525255,135.1032299400462,166.26332748112551,182.09813351716699,145.88565436443275
956,37.224444850068,132.52292758076118,155.55978062138985,132.6055139660818,126.21906281598937,173.990906040073,103.03871702089091,135.33403600134812,117.43976305874162,120.9872834874244,105.44598309802532,126.27033142047549,113.87053668300177,119.44040631333502,82.64046073390564,81.18738651249653,76.9887447381451,117.65226911105317,147.16529432203632,151.47586117195212,128.02861333683552,132.08538655657773,151.23239733444524,130.3759477348827
957,102.04150917282126,133.75741034849227,162.4609192918441,184.727079230088,163.0480738186967,233.74372214586543,152.93648712802192,147.43648534435488,116.682059743502,112.80977466523231,55.06656240266283,37.19781313736265,7.813395500799892,48.419291207606406,78.08337421349684,135.0090687276009,162.7924604076646,185.74186227598466,159.58646015544315,119.76769418437937,135.30697677753224,144.99129161043314,149.22931155980075,143.1661918892867
958,77.67858406326548,127.35934518966911,137.62780070066185,101.05151843752175,130.47605209097807,177.1894472776174,158.94545748852929,132.0298843148588,88.41644378791514,72.1455802028832,47.738604701144304,60.41544667312389,35.398002140974,58.559581421042445,83.80840004850842,130.2078287151221,163.29806917743613,160.6234418036107,210.11531091436512,195.7654692787858,177.64431711476732,167.10776577712392,140.23507645744874,74.9203676759547
959,90.56402049498698,102.66911890445652,110.8715024455537,111.18768165323317,143.0056208225697,182.3411531670903,128.31649885961224,137.43874898188062,142.59887826535893,94.18292264739,46.07997460028596,28.109889909035054,74.11401489788163,58.55165901118188,60.03031070954815,107.31616501840638,157.13459357507608,178.8562522790297,168.23619675641925,165.51659228416486,147.20479281961173,144.2271827698813,144.70307451155824,109.51170789720852
960,102.52115956542116,99.92770526261917,112.36342696286813,93.9945306436909,105.95380874015925,191.00698786931315,135.94557592018617,84.22120902622908,119.41932827080635,99.24941871784097,38.33840417152019,40.048864106509185,73.2035308159007,128.3030603579594,191.2964587345557,163.97596158956782,-17.61079587325085,32.68604475061733,50.041098024028315,35.296086309044426,29.91591629706741,54.566213316707135,47.82859397096192,74.93580475220229
961,91.89048864411939,125.80782280213366,128.1691191924946,113.27131910978993,107.9797493347692,192.9854565987143,130.55069546902897,132.48593278196216,114.73652607109145,74.96633745556429,25.04068502846434,22.887243394262647,64.35667376670332,74.9390322500661,96.53157265287778,84.85853518941553,107.03516419421771,114.04993457652145,115.53951596953351,93.19902110701257,127.47523641545217,114.04732935169415,151.9111532379291,136.603343857635
962,84.62117596256681,90.41676661033816,82.0986678251474,103.55551290705739,133.4177186786494,148.68791748206937,113.65812020125242,99.5687436587998,74.23875617980914,61.89641770487779,42.32385592016189,48.39106070805626,47.401533194613776,96.42578863199876,100.08529618048048,101.17144689253391,167.11469562849356,144.69541280211092,188.19869004824963,192.11066066315988,164.1458549615756,112.51735303897577,94.16914572730138,121.20940845202519
963,168.24341582323802,136.0878799288956,134.79818831178432,115.38843636571649,116.13895244395826,184.04710338307777,115.46587224950298,123.62585444383929,124.7502775724362,86.77060104855097,84.91271929929556,72.5371849463046,36.02400600736612,55.642704841070255,107.79388469354527,137.63393596979785,131.78324484271096,172.93262809394258,178.42377031731664,137.6116356701096,75.27131699276636,103.87286239106409,146.09102081604846,108.96287673257234
964,75.35649920086341,85.26153903278069,30.954859166379222,24.226230547995684,69.23891917539542,126.19949676793327,122.3846593496856,138.26370271869857,129.8023215204245,82.77325234421761,73.24699396845216,50.47589926571366,55.82647626858002,83.27639539386887,83.22457841014361,113.10096682846029,141.06904223503574,167.07913223154935,167.07986588440556,89.44111615411549,88.43053780519193,98.33883340036918,112.16094849376319,116.11638298474153
965,60.729729534481045,59.15845550517386,37.187446340658326,-0.1587303886386877,37.37541141099373,105.42101721616197,63.97885666258372,53.73696687431381,92.12687211249201,73.6494426990935,34.44530222200492,98.91558674298099,79.51029823176872,113.88967150891065,139.39712297499614,149.3925861401674,179.57998641437072,145.19572452928082,157.27454447981845,141.67120154593823,115.13534094838442,129.33007514877067,83.12431992598346,88.28179735198992
966,71.25900153696807,70.80901024226011,51.72284463637003,34.27022414344046,29.117630844519994,151.98577065706135,199.90164972612115,187.9212316200905,147.70147091207093,86.39248940970764,36.85062647695807,27.512197366978967,54.51945836636008,105.8224095271853,79.49562723245484,142.31295328348924,176.506788707105,178.3106734246559,167.58290840697148,161.0980955191858,135.4055372368735,157.4788055919226,178.5755667910155,171.12727801960597
967,185.41815300648443,154.92253643120847,137.28434737380474,139.0299820124836,143.37901256242122,201.3294529318021,136.99602117679396,128.54344379018696,142.36513980889183,138.1129649637411,70.41313298056252,53.45540966650096,66.61848970848166,43.71859814512255,102.39806901540061,149.5541518059884,128.114830804808,110.98235327097574,152.68455812573734,148.73409710939254,150.79421024795369,102.30692595779081,85.33094412059675,87.46433348486028
968,112.96548878124744,118.39979320517854,111.2401170163591,64.6034080992448,78.20811948401197,172.27347362115296,130.20021411797595,174.5058571662909,172.44769209802956,143.36470393353395,128.91143175758688,111.77731488930685,103.40311933234992,114.52985396083795,174.2837329231496,191.18669854517242,182.0448938771384,220.09513249083835,214.48968584942446,163.4379257266881,131.35107698767987,46.92014805985488,28.661133049632042,31.998758305520738
969,90.36591890161358,107.47009470429273,113.81621077106384,102.33705022849092,153.39813801207998,214.95591517258944,164.62137383088552,189.1795917614601,139.20204082479316,73.79651764125155,26.078321145335813,8.158497349769299,47.70811620467312,85.41027793697485,78.38871547257762,107.11784066327255,117.22058023546109,167.49910080670546,131.38066980253686,120.38798928797031,126.20528791110817,116.44916611364012,105.79923242895525,106.52340478209979
970,106.39608293109742,111.43644035777191,81.38539810687193,58.582279061981545,80.97609700082332,133.31091297622748,138.16654361053375,154.9547757977317,156.34412749426556,109.05575197096633,88.14161511639125,62.02897404200304,59.79469895455589,138.02488743176886,155.14828031640928,187.65617804671467,193.76140289741147,169.47746801809075,188.49346997166296,135.84016464628615,134.8267828036921,159.03060152029371,90.0231268276521,80.36708170942623
971,119.75330472523072,146.0330636799108,144.97241736179595,112.58172233861897,90.199645817798,161.49691752634658,121.74477940511383,94.18746094325914,112.22896645616049,103.270505765097,31.34685818197682,3.0465150253317503,19.342495647582545,81.88414187885684,154.1416814679085,196.17301393706288,226.1583252518477,196.36213028920312,199.7272343694139,169.3408259159467,144.1664494227468,164.2773137979348,134.53182681172723,111.59135993271641
972,74.66629621596336,66.99841041572289,65.4443081995907,2.8400189028166665,40.12972968094024,145.90330019151907,112.05498654412749,154.22870414869334,153.52640681023604,99.65155779202192,67.45457305577767,32.3944287876098,47.928677438846876,106.96424680538225,61.665090690147466,117.46370520186173,129.26880916123494,186.01284308665083,106.58500959892467,83.51573403361046,76.79460262677291,70.05680086710966,65.83434179685969,74.89254343366844
973,121.56849855491495,142.06767862621268,102.92401984104642,115.53162398950761,110.43027910415744,169.95694060362916,147.84728538778194,149.09301854767358,138.7455009122571,100.02020738870425,53.32853554179503,23.2137718977906,24.055872451299415,65.61394961236937,117.89328161773246,185.93595603895747,230.59975373760793,224.05954134890985,247.30466921864024,131.2806339340542,153.69695888291346,159.1380678257202,163.6552992257192,103.9166265837234
974,179.29072809286146,148.8784063325005,133.2119487105654,127.91626152036984,109.30032992350155,170.1980572249081,137.01152493575623,132.44569446315154,126.5059488263582,117.71001287180749,78.51574570547393,72.54620836064082,64.00773764373119,106.2981879706336,160.48544589969688,181.42001398924072,226.22493036845293,224.49502804455085,207.34610565569034,177.73755025461938,161.48150925618341,156.15337773918165,114.16228419722243,108.67173335655347
975,145.96033746133241,126.71911997178708,138.00134796299463,112.88954113701806,90.29776018812555,145.7863188467323,113.88736541212823,120.54223827719676,76.68703133747049,27.373327019931565,54.7214118557873,45.798537448716644,51.533073666398465,71.52944268203848,63.293441160764175,137.1933574889381,170.32759884861298,163.55113797907717,187.26643756904184,105.08192440499451,119.9574750875011,120.489674487489,113.51014216932674,72.46210287420584
976,136.72105318614257,88.14542801681552,64.87528198826932,74.22876539107796,77.86761942487229,153.40241862946354,107.95074973342494,86.19934666495078,94.55008144706846,61.379308094683,26.886633389408075,44.73433791021418,49.65821473957098,47.34642451622295,76.36877877793387,135.41498040101095,152.42903964018612,186.26325831823246,137.13156206475293,92.73514424939806,138.92957853219633,97.07708135433913,102.42487678733508,75.16508288676643
977,113.06281191511792,99.3948328871023,104.9267979112712,113.3689375261039,97.53482898961049,162.70157986554617,76.6690269478529,87.38240629294023,75.27511580206888,64.04703572568894,36.987756106171645,80.7709948965817,133.69826847686906,110.07363670063796,112.95511612366937,113.5525275933523,187.86947935224097,171.68939217709985,186.331242460951,165.15170888796905,147.52653288913783,107.07834145400824,104.92751761708887,70.15928990756137
978,69.49642524867701,146.29760758707317,156.04303637380625,156.8368801453273,120.80694766654362,201.63295523922883,141.33948936091355,154.14127853181054,123.14919223886139,130.48787204679434,80.60720525781784,98.65705499085169,109.5871696287742,57.95328410490556,103.31601019969504,208.88908570923383,205.8355713569949,241.48379257475295,229.31572328351237,172.54040162001567,184.00039581191487,135.43534697546525,107.65347206940089,75.99656689974367
979,51.118383397703155,93.1289466413014,68.10216099742874,87.38377438119394,78.79948732393149,87.07230489165661,13.997098924465135,83.95713764496568,72.7881220766086,15.708574851550935,-12.86224527484113,39.77058655303872,48.35575216915778,48.710769345544975,48.6744284263923,65.13998741296325,68.92421963074548,119.51561078975791,175.66113535553188,151.0038866325187,143.85208236814702,203.1937047885046,115.81792603070443,91.06592474284048
980,96.22152427836033,125.17615698674655,105.511896654955,65.79577729125842,121.84908128381015,125.27468984689651,143.841354538015,183.96115585303934,149.99890234181208,131.75259314025692,68.6243735195377,56.2223528792709,65.36458024039526,100.5789836286363,119.55130836396266,146.49333213204918,171.97016839413743,167.15958543723602,196.5475443125771,137.39166080021943,118.68047202940957,142.12685805633694,136.77265559587934,222.51378171310006
981,121.8532293340811,63.96981286593445,101.13622967135228,61.76325118257241,50.95657431587804,188.97479570056714,121.44284082553904,121.05844868756657,131.73780199160643,127.85587040507977,130.48233198025667,127.94386799686762,88.49022541185425,73.58093925329167,83.68383398593386,166.026556170494,189.6073076540865,179.47908464551884,188.28253636992153,165.02248911922635,160.23247460286805,144.86082688918847,115.18166634554606,122.41179115770436
982,129.63728879867904,165.53801568174558,156.51220210741383,79.29819761959803,111.30292509074023,197.6631400223958,126.94603659927841,168.94353851226867,105.54999567604193,87.7030751462448,53.4128295663186,42.96468987831736,48.27251095766393,68.60531353666326,74.72657077421601,150.08291087825398,177.86474998217997,193.2803150758564,212.92625337994642,132.37245374059745,151.26624082204296,175.1915085689293,116.18531551490405,125.3171998794789
983,138.18816761944868,134.50224845956407,127.07126790600881,87.14632843934125,57.23359763344962,126.0600162993322,88.16638139087944,103.46699598007451,118.36949763586662,111.40739060951968,43.98469103623861,66.65470181055434,92.08201505595547,85.41458247633645,95.52908923516962,130.76481491715634,110.99862354616522,182.76786290636093,169.33253634477305,139.30734372090598,146.694411570578,121.31655749567818,130.95124412903402,110.25391662103425
984,100.13183723697537,100.75147146901213,123.46814471517584,117.86038784054065,87.3066620780068,156.7119459450566,122.89219993333865,125.35534286751854,95.63273040597925,85.69277678714275,107.45652336101907,128.2298982143283,105.52377270229893,120.53183527527608,106.02988880266335,178.05442333527478,161.38977733230743,138.19855809699771,163.03573030681218,129.63662060097477,113.04937500543528,113.49743066659236,74.09779487182962,79.57056715167421
985,105.02338880097163,64.57627621275314,82.17702870416684,71.22516451639984,63.22942131261952,160.02005492109095,115.13754819561707,87.58518718703722,97.81596906746442,96.98024317486393,102.86849758946579,79.5365144814234,124.207372240111,181.9572846477221,135.90025492621916,167.27056866455922,153.3855469259246,151.39478686110127,158.92899857807072,129.8701402924464,121.70977273411002,99.81193660495175,126.29729253470018,133.85103410148025
986,87.33643472834947,63.48553789868376,65.59490846248322,45.54789767774116,84.45693148384306,187.58381338435396,111.18121094862352,124.83526056221791,72.3010664169639,96.6157402631712,31.128394824462987,5.899022405802874,46.75090297629846,97.5740578875164,96.12269074545131,167.13255366502312,152.00413113160073,152.63036879922578,188.95731923342595,182.25949197905226,198.19398755795305,172.5135254859872,148.38184471087047,129.949697043082
987,135.41641590416498,121.96062781841403,134.86599812227632,98.2721768414472,130.80659694671846,152.98767784366834,108.48188440771389,105.32752313108416,93.07863025095479,100.18202613662467,109.79959609494333,50.74438548949538,72.38770996473721,99.82941640306711,141.42894474400424,161.6995940526375,223.32572170905414,241.78403528144565,193.652481405824,168.89772133706452,170.33125581422385,114.54090218604114,76.63028064657817,37.51179392196039
988,56.921324578874206,84.95674915083654,123.22147720775064,94.07074695301532,96.5006469850374,135.61505525131008,105.70290762378171,146.70316073125238,149.43147344917904,75.03797857042868,81.07325431254529,25.254118145621344,59.73017934114566,35.13540630555781,62.22073310477292,122.44810212740339,130.29998145017555,181.49823749375523,171.38460652122697,154.00003653264974,131.00422442791887,122.53276744002461,126.90030937231253,96.9777185739512
989,93.20083456565176,90.48796740122944,78.92267497585065,64.80061702899681,116.63349702886215,155.91801750382794,132.7977524299293,118.58918606917591,117.57675122868504,80.88935235891357,75.63993172321534,39.83600329088057,70.9856673480089,102.48382976508523,96.69849724125046,183.09220603560067,179.76288785479386,181.19739364710736,181.22553503126696,172.68941282429276,187.4165642733866,157.96485731249155,131.2559162184118,131.20946542051897
990,55.63782741780853,40.7309480321841,68.69999184877072,25.79532551084405,61.12794373159292,122.09258636954543,72.61406412763812,109.38550580318882,69.76234832605977,68.43380692318999,17.15030554766789,35.31143296894472,43.310257808579266,34.68245326423711,63.913992544540356,99.58238717078473,115.5914520795419,134.52895553260242,102.94531699283371,106.91100170309511,67.03424083603684,118.11033886865863,94.311562888497,119.66397280951603
991,42.25940730703093,72.59263169880862,93.38991833504764,91.31848548835057,140.0587589453292,191.5247745480172,134.22685774884852,151.33619726919065,136.3397955342527,97.17052221417558,123.93607124203365,86.67734791178404,117.2905812302169,140.6089847888697,150.72706252475686,141.555959718713,131.86506765218368,91.28576987159214,129.6157904137818,114.44129957028225,132.85468086691904,118.66391543439003,155.2277356583772,112.2097264439347
992,25.494065314570577,22.5660698532961,73.72131048991808,57.16272395478037,114.55044267492136,181.90508340401573,120.9889218932656,116.61188573737519,119.09203762788964,127.47868343271091,103.875821621641,106.21841575498655,69.77994502390648,108.38399851105173,128.35469515959622,135.50807389639297,157.17521276240043,132.25473840255762,173.03744877133641,129.9987750648538,145.05143112393029,100.41283051588906,123.30189728988103,92.82595423745477
993,120.067127499627,134.50914701591446,166.3488326709604,109.39922664324837,62.83521705188764,154.10362620548173,142.21854788879978,89.88434791831105,113.74885180828888,80.44904458066492,69.12743054446808,84.80684268653408,107.38548325939166,98.1553845978656,28.216362336596404,112.91630061083958,259.1413240751842,254.55000815466633,241.44529691153392,187.6009288806812,169.26937494736285,151.8984981971366,148.7454385112918,176.13070883601327
994,102.80923498719453,86.07457922762566,89.41380945838877,85.80306541146375,101.32865367668387,191.69296518529873,173.27857485187496,192.98778450367232,218.54678641292514,182.06570125578665,172.07430278874983,196.6183647605782,153.95677196670866,117.98584115480828,137.82870137797295,149.54741610532017,140.59325596759533,154.89787437244328,174.7380544123038,175.87225899606358,98.6660951905573,129.6020125468901,137.75451892478344,127.10619649954421
995,147.54882837626062,166.84714225467124,139.95978263680504,92.05796443257132,94.8695799957249,168.00856569922882,117.41421327835239,149.33092102237453,93.37530864412804,90.24350042859044,58.93472677623372,74.20596664963482,78.63566657463309,74.63570333335987,93.45970149112522,105.3281238749141,199.27498625689532,187.47508160227204,217.73520085078007,149.3057562356662,169.71985442720484,121.18269614663292,96.65249756286725,90.4718540864701
996,52.186531439662225,67.60932777965655,116.16565013215362,93.1420098655312,96.2418460934998,128.52260155329392,155.9724655907777,148.65787727859671,142.41783195847106,121.5489184734841,118.36889407817006,124.02369372666203,98.43167020902442,89.38297963105262,102.60034997159151,123.16900312521634,133.1002346877822,225.1372821710005,266.4769576095268,246.72792825819067,195.29425481911466,174.3696026907573,136.95884487682102,165.16595052722158
997,123.80910753370009,167.41157964641283,133.72596842185797,152.78422927952334,122.16426269804487,139.11056809854162,74.26896912428376,84.45757665244173,74.60517256361902,76.96772660081861,78.20081307052251,75.6387613380951,125.74860905762162,77.0558382796639,78.81116154816365,80.70075397482378,142.2209451531333,177.9458069365255,210.6170364909571,169.851530208416,163.7157468053785,160.9163907640738,121.62208738176047,105.55587508094447
998,87.19817593779828,130.38721376336417,102.43554097746434,77.21139895706916,355.47628441016224,333.0761458002537,214.24492702640623,162.8334499670031,79.85395591933147,63.610536626067585,69.1210262960073,27.64205542513575,37.2541438770992,63.76726647746806,52.92923924363208,97.71117834263995,146.59505863067923,177.94086533239306,140.45975215030967,141.68083883520757,127.78956433985331,100.85404425540843,89.7650407672138,47.49816382325677
999,92.79516508848113,124.69843014245853,121.20525667426733,105.22176421120571,122.50700185147268,176.36894982955855,96.9832010670958,160.67594527284936,170.8258830016461,101.18357037355749,65.84006122904285,61.46534250853158,99.20115029502584,87.30911323807877,72.6562830956021,156.94257135193394,199.19439545381135,246.24636407750683,238.02921606584448,186.03091162470005,171.40467286677,160.09754310286124,137.60487114719845,142.94165052532196
