,Hour_1,Hour_2,Hour_3,Hour_4,Hour_5,Hour_6,Hour_7,Hour_8,Hour_9,Hour_10,Hour_11,Hour_12,Hour_13,Hour_14,Hour_15,Hour_16,Hour_17,Hour_18,Hour_19,Hour_20,Hour_21,Hour_22,Hour_23,Hour_24
0,63.49600185089645,83.05529729702491,26.98774084563606,101.68560269312212,112.5903468685518,70.40583426834897,82.21728277535115,114.9513784513432,114.57184053760253,90.26490695606812,89.9148558799983,81.47589891383122,57.36989966056393,59.603191162930415,48.37938873610835,63.71265994394419,136.27135974752548,117.48057810259797,104.80527182111909,66.59296610258096,118.51636713812422,125.31530271064969,95.00636530352654,93.60914663225323
1,69.48336764190587,70.40795726237889,29.44497962576513,53.25031941203255,51.41554130699293,82.00879840471197,142.3389523975872,132.43550707176354,150.1875384027491,97.92059407239724,67.40192056354245,120.2745878930502,166.59886031648932,144.5274494597042,138.04607421598294,129.6908512408192,158.20933916064445,149.41844995745342,171.01666917040535,102.88428388587812,129.77745535061084,101.51123248746727,53.258651410500626,77.3183190563451
2,6.268014269637391,24.6174867970135,19.568312175749362,39.95035895087521,26.823931207104316,55.36846128220619,102.15099615960088,95.18470574214363,53.97006128961971,57.960860033881104,74.65867962744161,91.08766436333292,111.56904507478563,64.61548431086604,77.90507074461033,86.21882989594958,136.8232388508474,188.76707996615647,130.92772944124997,73.93836512157165,120.33880315530058,117.40586562210098,130.32249072482648,133.66310084599485
3,75.04662299140811,51.81536446656861,22.391384062613596,29.55611115231777,49.232862250520526,58.600147409810525,78.66815394679088,69.746418865833,66.58347344236945,56.4432266808754,39.8426203315731,78.91930235597681,119.71672834682225,100.44898506067565,78.11456680283577,108.19968800694656,150.8441295642681,121.77160606918515,85.8311230616619,55.64658316248152,39.337884399904034,18.788148992161354,68.65181049855597,106.15028576203534
4,3.44254202936564,56.21132606491126,54.697710952599095,64.04392770766376,49.58236748262241,86.90384638085467,116.25691901788117,101.94721791575412,50.31086086332252,67.32030399963513,47.517255631545495,65.29208985363876,105.69935126507183,98.26319295789946,98.83690046152718,103.44941844579928,139.60079812709031,167.07902643995652,129.66495492902845,69.67629727628264,84.04406090088534,60.35865006843454,57.72309188638799,78.42536459136377
5,69.0634620463112,42.47793961799415,80.16245723071293,65.18961808468707,7.100601377148024,54.48576884137118,96.89299233200806,82.35973624971194,68.6988990560923,110.00927938823891,87.95226816205735,85.43428997714388,132.89733416054457,125.68481218554572,101.48959201177819,90.01452507532763,156.37605882726598,224.54084541085706,207.36098523461663,162.03474281340158,177.67890645595915,154.41854241575984,201.88710638774023,160.86699494056643
6,13.988467968829113,27.619137855762375,39.975375306988965,58.841225025351484,64.1330567613213,36.461311192248516,93.01732853445017,76.00648650899541,81.26395009261441,80.80106250523481,34.76767697013119,49.69046373409489,61.3696430575414,50.66443283088864,12.767868442889025,105.31474443802179,171.82679362980193,169.06809791735648,107.04999872297428,97.64048218602112,92.976341545233,82.67083836459295,77.25737867943735,49.36105741454204
7,188.68875178503845,139.83126371871046,109.0778035292949,113.1180421708706,87.04822121044607,98.13877687352144,137.22308355858826,85.50248267455935,78.20383212447754,79.43374454318577,98.48213942170212,79.41177927078364,127.9543058114009,157.21464502583174,132.25461172687505,147.67874888317448,207.20552803062543,190.88400208552952,172.64941629381252,107.39336564558091,49.144695119594886,67.98805967435322,91.5052993049946,128.55515612109156
8,76.123059217015,96.81871039243053,57.8065176078189,70.39764448497775,74.08600594816593,72.97556158013307,85.63047129295802,80.23985109476723,114.67150599977047,76.44056159292015,6.038941999208973,23.186257586257867,19.38408988146685,59.12770148255848,81.30978832230863,116.06272793289708,193.47876632724325,220.11917098035585,196.1630549838663,127.86435983569137,125.19201478924303,115.06988421052651,163.84315519768478,103.3177884906982
9,65.62704880904478,103.27049568671869,69.71957166127726,121.77725893629777,100.0204862516949,100.76421420426833,94.24902293056041,59.03493519133758,90.5809306642771,121.04689021302832,114.7375838875281,111.88664449115328,41.51152478940966,90.40905256621664,106.98695268684801,146.97376222500455,175.1572534125323,221.46887719255963,143.73122944214887,87.7946500706133,89.27094549425371,73.86783396442307,44.45613318670811,63.7936947659229
10,88.19315544686708,105.8704612759136,89.91936614185957,107.0539911941737,59.931596888075916,102.2028544779171,109.16495043650507,135.68273656369456,99.47135883214601,105.4561459917339,81.60398919277935,94.994846820827,130.9016046548836,161.44018703318824,127.12239734817665,191.0594497518873,261.22887873785544,273.5213325372764,206.6350609176303,172.08949098330265,146.15970553783754,109.491385900751,158.80499086005062,131.54103375578734
11,90.2680621916124,50.20535818293374,44.87479243290963,80.96289860977107,46.49797430758932,69.69392375113367,50.13277637726574,70.6553967488363,76.10245042951433,12.486252016085686,-8.755126869814688,6.796710050412152,48.714331147159655,57.36770697139134,97.8078650242878,67.30985639548595,151.9449929540716,162.6647634865146,141.57419759665265,84.07524367955607,131.95940942994613,125.89530697027604,141.0972677543462,63.442995695971874
12,77.30800740584615,96.41806499381316,40.430259665640925,35.03877815096534,18.996449262409577,51.034696242818484,106.24068496100313,89.97270543504473,35.26454580556216,32.04944274070316,54.66883199565604,49.53196612258667,35.94731004347845,22.635285149895807,16.905008297637025,61.883598409974674,118.00831995618304,127.23297076392153,111.09207054788406,85.45689230615996,99.13361810528518,99.68202307852951,142.77818577101283,142.17582430128698
13,67.84279305887124,82.05618962645087,94.42239939608808,123.12370103204313,82.79626248656959,95.72614251741648,99.08784890377748,88.91454319067103,76.6661881610959,97.44840445248431,77.10983394791066,37.87290925622183,45.70121224366187,-13.77866918187415,32.66881504421539,42.81171684149149,132.75518250781795,137.08147795768477,113.85025030998524,117.11852702571642,124.31740446809889,69.48205227625411,151.53766926635262,131.96660444831048
14,88.83419419549324,52.45717984854374,16.077452107580847,85.2651376706537,47.20625333341982,17.615414529584577,52.59603598432345,50.71376889400182,62.05493077255172,69.11892517600172,57.38447108741721,108.73083873970201,97.09564443642338,135.8942551962415,95.2892357306157,97.41295782193023,151.3815948898986,143.96301959285898,140.1543804738796,75.96376533126859,109.84086284460743,115.61786819383744,145.7430885019981,147.53770719486974
15,57.63576438690082,70.2088956451462,63.98767086655435,65.47263928108039,108.24591986914484,121.75254737463291,108.71370123557203,76.93988642843753,62.24434267994391,68.8982541211413,96.06040381072441,106.68257509462605,99.74347992553653,103.40570440945376,79.71678670121399,109.02423977326893,168.17846554356223,140.0939479070674,348.85070788089695,239.28129367291893,216.1214097721434,198.7434034913835,194.90655323294015,170.41409908323288
16,55.90384069336896,60.18747389885185,19.36785986013234,72.39526097087588,48.42817503268246,83.97029279553608,41.05596044430005,124.41630544455441,106.78938904357543,50.84160394585602,37.867088168657006,83.94776949532809,80.5551109822721,91.24771403342474,118.52414206557283,133.79513124815412,136.34027571042293,129.81623500224646,176.7416641983828,148.3464936418794,150.1241358685912,132.95948705412735,147.9673708448517,112.92021191857339
17,59.74156104446301,86.27484005962926,99.97878934896917,178.3813438873273,111.89095456517022,104.67838133617406,110.2701584542032,92.2964368255264,90.28568245759146,69.18762713134255,66.45201223780083,69.20928303635671,36.456434845570925,21.771528738873542,59.56979121032668,70.9340597471106,144.7341633996682,123.55692921790009,116.66392159896282,129.74568399601785,123.67473706982177,89.65357752446407,80.7479404914309,46.09996264146424
18,96.34095787760309,135.59196671910576,84.10708286496316,62.95059210866278,90.8949452774776,146.3352703284864,154.2832382062956,161.65909047764535,159.01711133511026,139.08198222011313,126.97560443197207,115.66330723757747,113.65775797664325,128.98512839506256,80.9455485375244,124.2190200019682,187.24711690511612,218.35365301775437,164.90499085604034,101.62245560472347,125.17924419513272,108.43994249472415,159.51290248798054,139.53906410327278
19,51.213813546873666,104.37356126563634,80.29896144992566,67.43832262848393,90.34981788782243,88.96539216649185,97.39039644259105,89.94650908395946,108.08155244374836,105.68653734517663,152.15124734630717,157.61984097855787,134.0731557944332,130.42952589087088,91.08332130827151,148.4334517044727,197.89352066984878,181.88740144361677,155.45191814805153,161.4257343612166,122.69134903559114,137.13410221911485,139.95670215659132,121.55916766538046
20,116.76136560922257,110.09239174686165,58.13087905853225,86.45673601351183,34.60651907099208,63.223734034283574,94.9579596078636,59.3625786985686,53.81264857888758,121.88362785762575,98.14961750748337,68.99606503756577,87.17324709605735,105.24786685160693,103.42984125736223,97.9532561343043,178.66165216989,203.43236505228688,193.4789147924682,96.54385828095943,113.53300970753806,67.2156587914346,91.60156549168093,81.06362843916644
21,54.088321897608665,81.61502474606189,26.09870909776601,47.54446643548435,102.34835502488184,92.39974098859743,82.83586878808266,148.0946054017386,96.40977156185349,102.16757272865483,119.68908010536884,102.24749472221194,101.73517486015537,137.07866497251726,121.25327898847254,110.61110664061249,196.49287118071848,230.09704519814116,148.96500598197218,101.89560971121776,100.85047961888776,61.65956659742179,65.34801916662423,9.321256658050046
22,47.84357329977635,65.87434546407547,115.76174473643012,118.64969729633208,74.85980558753522,25.594775504323223,55.404285052093385,12.233600242104231,52.31173676736349,45.294094466490314,50.53547179279894,30.42399731310887,67.16844315818575,86.16582377833281,124.47543408117552,122.00781488447596,167.83432749501912,217.24096891275866,144.4682033808297,108.40064117291901,128.09920461684462,65.69735183349454,128.87377301043205,152.80402842374545
23,57.55256931067942,87.40641534799937,89.43931841976931,69.33586792073976,30.189715374173282,60.125327566142744,81.68453495466628,52.607647636684796,77.42942775366654,95.9843978139071,44.54335881169763,24.887995182901086,81.09627754523177,85.74771519845535,145.44042988310548,110.79781703333275,169.82143057226045,150.05980139456508,121.25264692975018,66.07586477543997,130.1315295288068,144.07346471833694,172.8990007436086,130.00710679919823
24,31.97629355057049,69.59822057896483,81.10253862562864,65.50308204495595,71.47235038921258,85.2645038723183,120.62949139679321,108.10964933126185,107.3094611260834,60.68067411691705,132.32278838129338,76.4875588995059,113.52859027718841,96.114676758869,89.0538941749392,137.47286731346276,185.58290265075613,209.1524797035829,207.4380934120215,136.4515361389126,137.25785342666308,95.21060240948268,113.28174500910531,135.1704717850051
25,31.177151238483624,-7.322724125731995,14.876784744169093,72.49087163386379,242.35658819374225,195.17485700581625,147.46818825608526,132.49916566196265,116.61973516842552,76.04072199998116,74.02170209236974,56.14686233943191,40.583179978573625,24.53783211872885,46.13460277120723,87.20455927279755,116.22920955719239,138.97012428074714,132.72803992512078,73.47727507348988,78.83217480340285,74.55404545177922,101.95189913720628,79.51496069208224
26,64.27726932485578,65.8510081568984,84.95092650144554,96.84464092453523,130.40402295947186,103.03994295681238,121.20375314062683,121.552912761352,94.09388848676502,78.93791476901305,56.40387855956989,144.5447861767529,158.1305966798078,144.38122145965713,181.9436068649136,149.85325106480806,161.16693958853813,142.3035620773084,91.92488917584649,88.3323942653551,110.88884773947913,86.57794839174225,99.88210119559088,53.68494444557989
27,67.93927133742208,47.31601628496259,49.63924765290217,83.78953994460771,62.357537356540135,56.01364994769308,101.26040256780148,78.3388744906685,47.347846777035365,44.03659247660973,24.188980762642643,15.70292065704841,1.7536742306720328,28.2986037250769,122.99133126893072,122.66746926554517,155.30945501322316,152.52644488399037,157.92845543959012,64.64495303348792,55.35794773143171,54.12089426635366,66.82120586182128,105.2636714096941
28,63.66725291202979,78.20321175876686,67.14628143473821,79.05725837895726,50.3049261963818,86.35392570741392,110.05246843854793,127.12611798904143,103.76960061029261,104.74657823237538,75.40907958634818,52.575723763736676,76.18676613362177,82.05217040273018,139.45289316544412,175.76746680013457,219.1419162698747,225.0743800260767,168.55928188565943,64.91229003886346,66.02892534712934,59.006054803671674,86.34766786860357,103.55912266790295
29,70.12896061775606,61.33258641788949,61.20858969725644,90.20763162041847,120.8947647417864,95.71634802982551,134.24661777474188,113.34937081896145,114.09652011402045,116.02978974460069,100.78518505955685,79.41340235191372,85.28564173991906,99.54274295153412,126.36823505497188,137.11368532804443,166.59483298035053,140.93981540228796,136.219717228344,60.09698467898173,91.00392430822565,105.70844482494869,131.1807587504696,141.03632355767883
30,101.08565702861955,124.66513121549568,103.64298796612469,89.28172811406904,89.56699879368242,94.07548905096519,143.29761205401348,88.87162069864614,9.738506466821761,1.3066962276599554,-66.14613724153523,-31.708141042352437,11.616457636073477,47.79700508648007,207.47725518975102,216.46600419279105,227.92024662571123,216.04347821808102,167.22281711036655,100.96338335797545,87.69572119057612,60.84090761440864,86.97866481501481,108.59766831949057
31,78.32750574374637,93.18831639113893,65.72823937809041,17.363617604212088,21.48255914573697,29.435228769919632,62.604090327770336,45.29717187417586,26.24454162918451,13.888693734789399,14.02815400091336,64.50429668218132,70.32994477808319,116.88254425324911,175.90008558691494,190.11167890119006,211.93031603122392,158.73899331712732,88.48708346557066,54.1566065292981,54.9940677049061,46.90499980124817,103.49388511347794,111.26247430678029
32,146.52397933172705,132.64283821923604,110.01566971438882,101.45343701967221,84.3227926559942,87.71176204778115,81.59407865097252,78.35230178128282,54.7475306755373,89.93542778150541,103.22611908616572,88.39370220993258,69.67336480336675,85.48537777607667,89.55262460674138,122.55724607877406,191.11299971415207,153.4802129088563,100.36649593871924,71.73646270441462,83.80810049521446,78.04652726031809,130.16302690764428,129.07036095379382
33,112.85142877001206,114.2362134599229,65.77187606029386,51.26005644636234,77.5873565984027,81.97426539630275,39.75266520767701,71.15008935416313,23.184923189542076,44.53068681006562,44.61358963944532,47.36146351945936,29.712701263545938,7.417570351910911,2.1540183999275797,67.15394645486072,163.6547909238766,146.49303110614215,148.53857617934847,113.75170109228256,112.32094763822592,146.10437991056241,131.32364664429147,114.74567481496956
34,60.219589788851884,63.87013021891535,50.24109633434189,74.10691997180514,73.48444562155494,90.02725727670145,226.49851855759113,189.6380031812909,185.8627425454729,105.87470521404619,63.73851404536144,46.97807266525689,121.02694126811662,109.36478192932827,111.1681395026008,142.2842598659087,200.88912168945782,183.090976378157,122.44632222790548,120.92365634132706,140.8006780175592,143.70496626454795,120.12648705169391,97.89788471021525
35,84.19878598765229,84.50919398792072,58.64693579727067,70.92513880939899,91.44360053850724,75.05530642573362,47.95700579148475,51.59461926220536,41.35676115940103,-2.2647491864027813,10.065345812443056,45.014522701181434,71.56551061248442,66.34756197936117,84.19911145603615,105.30975019973118,171.25971341042998,130.45262621015377,129.34780177606342,66.92324970993646,131.15499466691978,116.09092470475086,134.94151105300568,95.61869642210165
36,65.12803173136835,120.61728147164195,81.4079307626914,95.30324693079146,57.0962239211537,43.13384647492069,101.68821673943597,77.65874290583947,99.08745413735367,63.43185762872929,98.26762735584481,138.19224470879334,125.5876568236781,140.08602758454995,131.6283883840825,135.15883168917645,134.43601045422372,192.5431436650324,186.7558591591103,93.58083223771035,107.11286100472398,92.15446219617304,98.08563630006296,68.381876047652
37,83.13418625702117,70.91914464049678,81.26893876836391,70.50576449642497,-3.705163629883785,18.165947955153605,29.732450340311203,28.59438246489998,11.425319301623546,49.31503863100164,67.05444592906571,46.146009613569404,59.496495631258036,7.632250839418234,32.93862432434324,61.578383408155105,158.45604135153843,169.97864612160924,144.36158102176404,92.37536724398343,116.19656024279968,116.63786007812209,163.17185992529994,125.96933674055906
38,80.7350950574666,66.65920933989277,42.13231846953973,66.38949335418924,60.7443239654216,58.980341040914396,113.01424937860345,112.76729191432021,61.315869083763396,38.19661839014059,64.61021333650979,30.473960118627943,65.70296982824796,68.53460783012234,128.718326996413,126.96905303628465,177.89450591444051,177.39509925960942,149.12820906524308,114.68524882650786,95.0009720684978,122.6267281973756,141.47861181208577,148.325915198133
39,61.58166808866998,91.95095569452306,112.48773518935779,159.3765679453495,108.05686981904822,98.78283054421037,100.78650263631845,101.59583482932494,73.27102605628386,76.8089651251753,68.62211949501534,65.2858552930237,24.701789298641373,49.434667517724726,65.20410081237232,76.13108120360167,127.78100741599044,118.42558134056141,92.14239829254959,80.28094277841213,94.5969597234251,108.85077623967433,130.16195079008597,56.79104252615669
40,134.19291924433207,131.8148643098051,57.30594033196625,80.6502759050544,68.14368783907416,5.973134432060064,84.1658014667587,74.83272085444987,63.49643242761165,49.008237248033936,51.9322551728071,82.82993340320006,98.28454062759657,79.21639435081906,86.51475653881201,119.48053047510028,169.13619065857569,147.6759748955557,110.12976462484674,59.96787997287801,98.73689769387272,96.3256899534336,94.57295930574531,155.20415057290936
41,23.715999713807477,65.63165355693673,68.69214240602189,91.02977403981672,99.0951511155786,116.40027262601916,106.6076503222809,116.5864822249712,89.55629795204638,39.67740542990496,86.59443254121459,102.76653301523591,124.43936355277191,107.17696555433842,130.11668637716065,118.70949571475198,158.62517425551465,122.43444954441199,113.37815656020385,65.1066321484598,82.48988111017289,86.97219545569727,80.81402530763103,37.754929139823844
42,52.463289690243755,190.93421412195647,119.97060980146345,121.69764602916864,96.82055419970949,148.56632421327782,174.26006821874313,145.27958572437424,163.74896945684242,162.76287263512995,164.79785622821362,76.85840138551691,61.77060362898562,104.11426545779152,105.56702673153751,112.76859080049871,171.30697869037337,144.72240900415215,105.09634214999328,33.796280060680694,68.96074322584744,61.298646409779806,96.13904936479413,94.61517516892103
43,70.79286781990653,77.77929505488356,87.69838919668669,36.212204248999605,2.6136618277113968,50.584310966164274,70.98697106298198,70.87732366410656,56.086390367715346,119.24682051864139,79.87861680171913,76.28745553864613,137.932889999311,163.32607452649734,105.93707685877033,152.78034531319105,113.25398475667592,171.3471559399533,119.47242805152455,108.21072201713096,115.98214871972242,104.13557455966362,114.27163745175494,107.31635082529941
44,55.20571808896318,81.04720494005628,100.70530965812517,81.79060268544731,100.65049077298933,114.13196959113816,157.25602544206498,162.35603217396653,165.13130158313692,150.89318414138668,134.78339639207638,89.1011640620842,101.92714304782285,73.73583185129064,93.46242689751575,130.69426552886893,178.95776544712035,218.42267225535744,174.6835437361873,133.56822306060326,126.24083080904083,95.43289055123812,91.48694721830682,92.59124712818445
45,63.42965790044251,67.94346911713777,44.63670110143944,19.788877615368484,41.98109179050326,18.61504683792203,99.40808274873729,99.99044784423425,119.77908853790169,67.40584450401656,44.05598626684048,63.86676993277174,62.071261750736504,105.45523011156155,313.3402241634647,245.31030902190633,254.23538252543722,230.53502742139523,174.9272389440269,112.0282480758307,118.40765380667727,95.34161514929711,121.40908966429922,108.29176554867803
46,54.531275911658575,31.88016981136198,11.569773783110463,93.69185072357143,50.46987189026656,27.942735865617763,113.30724278561794,64.5919960474028,59.09611243218716,6.441678077323303,14.655737012487485,57.53669994071376,43.344842690275,90.93814097598059,119.30489851226942,138.9741782647552,153.71407222313525,118.03445815256131,103.97801166338047,26.84809598057538,52.132216856014665,34.083294547407235,86.8473589205891,112.07394632926383
47,117.55419009822366,74.74379088409755,37.38029393757838,63.40282683500439,46.57961220024848,68.71897547049768,72.05132221733663,54.02311569725002,36.23294445060792,79.68789111783576,86.01478636754769,45.34975191827744,42.34980600354459,78.34793015563542,101.42243896912711,107.46212106856191,187.88980906619602,162.6657112595478,136.3603329891868,84.42830126360667,104.85798129320332,84.54773059564164,113.83650103578724,149.8427935407237
48,74.29519088510412,78.85561786390863,66.8723747075973,39.37158677326592,25.848122753970536,65.44478169897076,145.20401150606182,142.13818720887375,117.77051531071015,104.73519178788064,84.32082349716029,62.38893055247055,43.00795528604125,75.32222284659389,83.88768859566386,143.12819564118888,201.6033816458717,188.61232368672086,128.65945181836628,69.12075240722609,45.24762738240034,39.738057215009924,75.53300089915578,134.2512615227171
49,60.468394618886094,98.97171188936252,93.59817285583412,106.4107611155486,90.21471659415376,117.69514132531948,110.61304097821392,94.38725560781856,70.0410301058327,60.02021567666121,47.442285743157385,39.576830348534685,55.43096010904164,47.21315724240609,59.11269048755888,52.91561115029718,101.53725568297159,137.85686065447237,110.49944162799595,92.62115486383698,130.02121579346544,134.6890149671321,137.16104318038174,131.63084093629595
50,17.83591125411577,61.96446486738695,33.261233149618036,-4.10079422808667,16.800843697384558,62.71284004945882,88.99544525554543,88.01481442081598,63.231897960198815,85.93039066260901,9.748038400129595,16.88685469364124,28.746268213630813,15.808578063872375,66.07033917641397,136.04402668795436,148.93961578596594,169.5891479721472,107.84890862991195,60.83740708513528,69.5846549163724,70.57216838454531,65.73249008903306,76.57356757509643
51,88.8895790181431,84.11382324519266,90.67414665148138,78.38127468577815,69.53792058550845,57.56860090776297,76.52137821901054,46.91619433875318,44.19054346665305,28.332481794142765,-6.49229941276991,47.959073853590326,62.10236467650868,92.8722621560322,95.48564239598561,135.05135895478182,180.0080257061845,170.57990268651332,168.25574683268587,80.42197714349459,99.85199332574695,104.95009394321083,125.56482405902503,86.6131730938798
52,85.23128455659851,25.886494144079933,-14.826479599147461,34.528846541752614,21.041184510569593,38.686001482323896,44.74749618871894,61.587494778579924,62.9158804391713,143.2756670082939,165.76778682308512,117.69505252307178,79.47162875794415,108.49448765686256,187.3663797231215,177.73472375838008,230.563961386524,252.69607379228296,195.12073813328493,162.6087401949784,163.50573108505432,172.95877613892878,151.15668474336675,127.6223508038351
53,11.674481007010954,20.418266644564554,28.07225489168519,24.839033268175385,36.975259144241264,77.68807655656282,160.25938790837307,179.1091765610629,160.9558848936298,113.99600884838225,75.41812264427195,42.12262959699045,35.5429881120233,77.20045921745358,46.28012338547449,85.70963327165633,161.00350898691144,151.21757960950885,133.26798261004814,89.18281479652791,90.47660381967029,74.51190357938765,122.29195600104288,121.2454296231576
54,117.15124793444926,125.29815622864274,119.8682297419468,156.2195549472114,94.06082515271652,79.76657518924578,132.99897875294528,113.18531366749113,100.09565534051673,77.03222947747129,27.325123933596295,14.66889113716502,32.38460012859229,20.419092641600045,74.49019771155126,103.77368168251095,132.10421489929837,146.2668445484453,129.55526585987923,98.7846133961641,116.40821638678136,120.76086691213234,120.55102532028144,137.43489804764147
55,87.89738899850522,115.27536378256909,113.3566597202304,17.84378314317626,33.14590421964399,34.64713883086279,82.40366366398993,39.67654830543405,20.32840922584475,21.15942739527209,49.09495940069364,74.56644057619178,75.33864588379319,86.66312765895266,8.568784895802565,65.44521315595956,137.96606064285254,122.51515923638087,63.51915121538272,81.5113525408714,97.22709624263734,138.26051238406848,151.23823825451035,152.6983051381689
56,64.44315735419666,53.019087857066296,41.02839482803226,33.352014895872486,32.5681708898556,93.7419965782863,80.70302871553051,119.5743104889891,91.90705208193947,89.4963612876822,89.28893818487481,72.92196594374857,56.278540175658684,43.01162934870426,100.2790432891941,53.65963724523742,262.5368600884145,230.99331145225227,174.51413108749935,158.29597379252158,122.79034635942226,161.70791469757242,104.86439375372788,79.98812264151141
57,64.85411073010798,63.83351208321515,25.222215336852898,57.675553626636166,80.95653323561933,63.71676500414826,89.98264681319654,141.88351758939723,105.04896964068516,95.03076363476939,105.17857904013417,88.02051727744632,112.02714553055422,92.01236886308567,271.0370516451276,233.82723863155937,216.32912090854444,175.40433232499174,146.35453455309283,107.12205033965911,109.41071166794036,151.83398086110873,153.1826628289605,95.61461416145859
58,16.07391973253037,43.951852369523024,47.69082902801935,88.22373546239115,71.0007748591626,56.18315583355751,105.15411823862641,132.70197342143837,125.34156439893093,80.20294979741644,86.34072929945226,23.01328526739696,48.994381787415044,85.19452483513787,106.7943996238996,147.08076275833037,204.78550666890095,164.60219555715585,168.6662363013729,145.59746745170838,107.16658722789937,91.04035806880385,81.7391959922095,96.55811441437308
59,90.4276495399726,48.37959190857004,76.0891467156863,29.411506491261868,51.86303582997182,75.39300224318022,139.31390800039682,91.52873372994219,87.19906220153996,85.82852023797678,41.23252966725566,70.94213735567094,47.437228346434416,54.28573085094445,112.50093420161653,92.34157671213558,99.34775391148754,130.04058921831657,133.5200576147326,118.63737587955816,146.7014004893609,139.8246899000043,118.2504201511887,129.64729850291437
60,118.08004875016971,110.43167403388554,92.0720335740701,111.24593828442306,79.46058427531503,101.49734203153213,116.58783412394546,82.81282728155759,52.166034726823874,51.158732677830415,79.5207872661295,58.9678613059921,18.797954654515607,41.98270243252404,59.43234663189556,105.65738485844184,154.73883983876775,165.66876095746272,152.77044670682727,114.72225158541212,128.69146788711117,172.00269173940495,112.04939632222045,113.4865968289342
61,160.42291095776767,126.87416298430037,74.61321745296848,89.77535502503088,51.16179704771995,71.99384228196296,99.48076179356178,121.70090643297392,64.12475926830821,62.71515226154048,95.02814876081808,43.03597828809767,74.59327347069062,95.23062512827252,85.17811285578466,102.08920383288175,119.91731686348419,135.32152531924086,129.22137514162375,76.94004488145103,90.31455709136182,109.11949833295395,108.91108904094806,85.53944242400055
62,35.58925585035612,34.4968615638837,88.07023760576962,51.542064725291446,99.72542878029977,97.47018170731559,64.82674280950216,116.39617631525438,84.83037898724317,65.62003543126056,83.83082936595937,84.27197594383364,80.36369059078301,83.3116446763086,116.73503801279738,126.56141629333683,187.77502496573453,165.5943613974918,98.63174569417932,9.035449164555573,37.449347596044014,129.23727888071218,119.8062496965082,107.05699813744475
63,40.643352198789046,58.07143490754307,70.2020831325905,99.26991951026011,89.96391548249223,74.67777658808154,87.50255821440214,96.71868608638292,86.62034742985294,54.0558774906644,9.1187009683468,10.08060815114014,48.11966092638828,86.79131729720993,83.95506132977678,138.81204026156988,138.63184189113244,150.6900356607378,133.85939356459244,78.72989282371978,115.68455100179447,121.8445847402401,124.53595251334178,128.46691205154147
64,104.80370992578318,155.7957834357201,135.91268979931885,136.8203258023565,131.69058739641346,130.30814396878682,113.60220999989569,102.75478981001442,80.8433020553074,47.74079580381024,68.48917179226807,26.1986349286465,68.25208182459596,86.39027314827028,117.9882642863472,81.21943331872437,139.12413438378604,154.9893321668676,168.56784141787412,111.56125416950476,133.4446823523183,99.06133877677186,94.45054955729249,127.31546212062146
65,104.65316456136505,86.20486997915707,75.62520219893456,74.25464017243905,-5.492610631931399,59.238262354348166,63.526142860095796,114.6924736524062,111.1362740588321,119.35169237081828,95.69902763324339,74.20786158374605,79.50086432950928,87.79919400291273,39.446059107271786,34.27183148235177,57.93111056288008,98.30941304849992,116.19104727739746,122.17543474026631,113.03537402586457,24.388327605624255,61.96329603817421,42.64808416244791
66,137.56812412340147,106.60116646815439,100.1471675079354,100.64948369712468,83.35658429329821,87.76995488605225,98.48878101183456,79.12955111208251,37.960925362119305,31.87041427380622,67.47716576614295,91.59074214754997,60.42456842924566,96.0610853611168,101.19540529246794,119.94929390183482,147.00944430332785,122.73071713520326,98.93051552707593,66.30788061997448,60.923128277510514,68.5841257715217,68.50507331322812,85.3473083706982
67,49.79829014688022,73.96304700354872,44.6496938622873,90.80228461131374,81.74797521365528,83.85843502992296,108.20427133645954,61.73352043651438,55.49947346674399,108.08375727523338,56.017732744934435,69.138942207856,96.64662241940846,90.87195496050226,83.11613970275778,70.32730838164123,97.6969889609191,97.79240267812976,85.53445483672749,44.44532354279444,58.458959098583804,62.35507892933829,55.911219666489984,55.20095143804058
68,48.494071332653895,92.08135844932045,47.06794614862004,51.32278406161788,71.87010083619893,95.86234185711237,127.54378396877674,130.17716529181308,124.09319827747098,93.84777533824017,57.202098032808244,51.24004069403007,64.47358671451414,103.70948242406565,109.91568265111971,84.92716647437693,147.12392767135253,118.07099059240116,104.94611770245132,57.73620390175739,86.7850517940414,93.10278175564648,118.01819388517255,105.20541005568315
69,172.68296698213152,155.8937531150737,101.86888571298675,80.5757155832904,43.93761339576065,78.19331223388605,61.07039714663314,77.44405209858948,82.6828826055538,91.01948973509512,89.89627219441091,58.03951008476204,58.424586417605724,105.85400386388287,85.87877721087985,143.3102275023913,184.37198401796343,177.76364912719075,150.64790168986605,81.88447178235678,67.51417854143074,94.7259636684408,82.10248366968878,105.86725127947415
70,153.7704716034072,160.64855867040885,130.5909108127787,176.3674456641158,143.6412537543901,135.9035808303907,164.33430540073618,123.71135431910777,142.95170789224647,102.5782419301728,141.060983374111,92.30455364072313,73.54534242005018,98.01173698237923,95.39306576536782,99.3915081434165,209.65253621246308,191.29342491868255,156.67298841616804,171.07500975234916,138.34147950341162,120.08232132008172,130.7867273794967,111.0584630567727
71,-9.26722632290496,38.12886696021776,27.627825631344123,47.70526719305069,38.04465421632838,22.066371220398388,101.63955663855344,120.73082712106628,132.0842455535779,57.424745749073935,58.96168800764103,61.81391615877196,120.7343047955483,130.59134861653808,101.9700883625407,128.02404310590575,136.8406378151003,147.18792431056758,114.18361619658097,63.97195704900558,100.03886103793087,154.3229483263861,117.14243642846034,102.80855441559117
72,99.32877739260056,108.33393842845615,63.07422997403249,53.14538283555072,26.14025136920931,72.32414694218953,93.77373802421761,67.5895996160805,104.73076531762877,58.47838642775251,67.10343042817186,65.44016886638002,100.51665118526061,82.30317292611876,88.19561733574692,120.91806615638632,166.89981585559732,169.48443256704095,142.6669422463637,120.2478902514872,80.68260334893179,62.38526068552386,43.34493861046404,27.10004084124448
73,67.53664905524572,85.044450836389,105.07497509253525,134.1115574571619,115.57921235063317,101.86819520287574,113.36570215197342,92.04713339229372,102.27760657250445,57.414650850073116,47.631149349697395,90.05803736512644,155.21259163089002,144.08720507911204,118.24342224957084,119.99721823351194,150.90742735558695,173.9534040506735,130.64456024544694,70.44995410205357,74.35006014641529,120.43222962435772,114.46066221530243,173.27036203106564
74,82.4711020977838,76.60522905196086,-12.65415560421745,39.43993191199784,56.54959292214854,71.55330993976477,133.54838945090296,150.77482613883382,92.67541614889473,85.89249294124012,90.81945046223844,57.601526079600085,63.72750436337019,56.9847501341536,94.16441367693103,115.83632382844112,166.1396624567191,153.51195286665546,158.95878918401576,62.35152219279732,67.30411303175492,84.16525406017591,146.9789919728068,135.52742880558384
75,104.59390585336548,121.44498327027827,100.16372179758608,100.28208909252602,79.69030084231305,104.99850252839556,95.45181251499208,105.45118906417716,76.57791011683014,62.44180324913383,55.41069994163266,0.944008065655197,25.438943945494337,21.780772692731773,37.906931839345916,29.061426310156307,133.36597077534566,177.11963925188374,142.87440915771057,131.0377445891967,123.7315086774008,84.03837774271317,79.31255421171004,35.44893274728335
76,49.41554170035993,53.465675438808425,50.73956477258204,57.55014655209628,13.668437706726955,26.991567119881807,66.03193694690495,43.31876366226517,33.85600567013004,44.77889876556111,-1.9565695285867832,7.655953761054718,58.18702338495798,86.07282267691764,100.46955258385286,91.14112362969091,165.15104681406527,156.23255062131386,145.21526773804925,92.08455072728222,124.88990755998441,116.991792905726,158.97170246685562,151.1082697070452
77,74.61848619426337,85.87181775688117,42.4154778033408,59.202353573970356,48.377611097977486,63.57780379552954,57.497126829145685,20.75614474738525,9.634322631333362,18.43888796229657,32.812151667428715,48.26524490161225,34.67555358732284,26.09467322994955,-1.6847535932431157,62.16530038416619,97.87782746965826,97.66448101689551,83.5395144508661,88.7545954484862,89.1080709736542,67.13405830038992,75.13787314010898,54.41796439288237
78,109.74536777276029,95.7889971554811,85.14312615473982,121.59136490199539,75.00969652571487,97.04915385672501,82.18303986908974,76.92796753039666,77.13786976527747,69.82835797753354,59.10644789002967,60.27787743775939,50.959635324882015,81.20433212139746,45.25084099736009,87.29756717788271,83.9348578199081,110.56938293782054,82.98385122499573,41.04277252212447,68.19939744285405,138.46838503157633,130.94981466749175,43.403869249404735
79,68.5442155099332,56.08306519719869,90.55920382934978,110.32123039583502,130.91219348019035,111.66514785336989,155.941511336528,150.7185796920384,77.77039559430752,84.16343861235963,42.508475777234274,40.50818206861376,48.930307792585545,9.985522744448573,44.348647857522096,97.70512399799367,100.91670762053204,96.64501403716928,132.76335396696402,77.70643930628151,66.25518747832143,84.17331621889005,28.540772214750064,37.27371846674288
80,97.28567079989898,127.27002368736049,79.67387688819629,64.9488055599662,59.14127415664278,96.31325127856216,100.56821006639396,58.47900390351239,88.36901423559333,64.58004785139282,109.66451220690175,76.33447749428689,32.23806414109336,62.922244141036316,94.95220550498269,75.70663021207426,112.14627832652613,146.6921822559854,169.09376916742062,130.05107700136983,99.65469405040567,94.4770999657654,87.45000640832798,-14.780652404413814
81,20.461604111869555,25.465144605383003,16.862926810903282,53.0673779577212,79.72439657487031,108.28189666980464,126.7780893370267,118.41302327932156,99.93787312087112,107.92364435899674,101.10211673460599,73.63502395327431,50.27556079481223,54.98042058224031,53.439808633072786,73.46504755045761,85.84231648248047,153.16759955259187,130.10031315035732,115.65950307339864,109.33678034094923,117.64270647988826,156.53071124328767,123.52765795968192
82,72.65509612009086,80.60546851459836,93.42433652061199,112.70866784472322,105.55771527937829,108.91370737474774,114.75262775990383,167.48076653169147,140.25285087237927,134.01995619733083,112.36256774362262,101.94016031862563,119.97347334304112,108.83962944956598,129.5783617864593,156.44568109120482,179.62425766476744,200.94976865269783,167.8967754097115,72.82390644311735,80.96309857313516,114.52105526927757,113.74649052279197,81.7151698498927
83,-9.433975744943808,54.98426522366213,63.464457328379495,107.92757545320916,96.77479502920465,60.089954849705364,62.56130307529331,43.329615285796464,16.412307806436104,-20.36110678154381,-22.32415776308096,4.607228248071948,34.96523161406212,35.06322642458821,81.23199645516732,107.49278174154432,186.92175669971988,197.68512170369894,179.01154252404748,115.76342626063644,143.29839140233605,135.11963729309218,168.83895338527444,161.3568758606643
84,62.31223739372119,83.48483866658351,53.99835271645415,46.95752800292019,60.58877468335378,29.69938514900204,79.70747986555898,77.92506253385204,43.429382264095096,60.70449274487502,49.546617685204005,55.33296355032404,114.74477565646659,121.39829901217232,107.9679108434904,116.81947308761826,167.631299752088,178.9462962545535,205.09282967244474,159.536165925975,171.83515818038046,137.50256068908783,91.7659631988835,52.86316180852285
85,64.20523218104205,104.77210891550348,91.9466731636602,83.92341814649285,108.91632330700635,97.22350869535029,86.34165824979284,88.8081674271688,95.36700650953136,66.68116708546243,88.50150133143694,66.54142502303003,65.24415592993995,118.64401234024956,72.25627485439,96.80726814924859,152.19238857423818,160.03979852962556,172.59517633344785,134.79264047870834,170.18370933193287,167.39051120719006,128.90775534167923,97.04744080944225
86,62.54194889028899,26.554458783903804,34.32340126849775,33.155483629544705,-8.311260888343284,43.532040289328286,112.41665091271678,87.92896681106951,118.72925535863405,142.22426767288664,108.8435298228411,75.40469174682403,45.79006922899284,59.67886020810891,102.88493121835434,102.46917344609767,143.67314939184493,155.92886772959395,156.62525716016745,125.46626366210602,121.06431474773956,123.62567056454324,108.25859104603416,90.84105538663937
87,54.795827384324326,61.708613843494575,37.383694805949844,-49.91232310439082,-2.3951564262509777,50.53866361243908,115.04744093698433,71.25837478849621,43.399030792452834,104.29402644301885,87.35433242051009,104.42327212572381,87.21879750351468,80.72986698684913,69.39798889737436,78.73663396566656,107.08829647746754,151.47833627308083,104.64858840119197,46.663731536844836,77.51952682302444,83.28628532499154,82.07372188821383,77.82012782814726
88,43.469470367231764,13.34097576378224,46.95522504150832,77.04164541396085,51.49707609673163,151.07323514198688,153.31845108743767,85.37037201321078,47.0444564296454,9.958510848586371,44.17117330550778,69.43786888691233,87.37245274343397,116.66844242692997,106.03316112511409,126.15989949162542,183.3405482423295,170.715165997884,160.7990106010397,136.31253152211832,148.22872853263678,96.23318671488889,154.20665659763193,124.91446689759451
89,33.454272279748544,59.553787068024036,39.85638079311889,76.28870669050349,45.28627146235284,74.3111503728961,108.82362590235921,125.52567154513497,106.2944887507214,70.85116654512834,85.61533110963231,96.8475250642428,118.40553168387882,112.4147418785509,109.73841814470728,131.197871146659,184.92221765207893,184.27507449117672,125.79380450621714,81.7859528955217,67.89944798864549,91.45605128732335,85.55451398749244,69.43409007265555
90,62.772878585810304,73.15497027078618,36.079430598840744,76.51447286987249,57.92853029804148,98.31570712810806,120.66230203315926,93.6991127436659,96.88355977752023,88.98853881378041,112.6973578698645,107.81695664858097,86.74536730812142,62.09218057995188,69.88282198901763,72.56401543481712,139.95521084067687,115.29103550513206,70.91766578271401,54.18312035831094,82.40877520493301,40.16816954488777,22.088137475690203,13.020730961223137
91,67.43948814119425,41.00865087827908,38.324707260917194,76.13066611619058,67.42031159411906,97.69327491189844,113.94032450461613,107.39008797281659,130.82801492999562,124.52254138145429,123.12068818657471,113.64840294722701,141.28952912336612,172.39703629219827,150.82252218777205,129.143071444122,139.283152767614,194.00066813490028,127.74174243935522,125.53089137547568,111.03139803834343,84.51185911698147,102.76179909256474,82.73182268251524
92,44.013920629462845,41.527474258085554,44.32523625588782,84.70847851189512,64.51581554108792,78.2568504825737,81.76197886456882,95.82272923478747,105.81264744800347,114.70038939264586,115.89669517808034,147.66045271548126,130.0262986490362,99.35516101731912,83.18442415109783,86.72421181940904,198.0555686634607,155.9527669608655,141.09671181354324,93.62372469537111,109.04925386190044,93.39782621608879,150.91206394094792,146.5525370115124
93,133.1558252052414,134.24188263175841,115.63879945034218,110.58187515013532,132.7223538094205,127.27742580112206,120.45120164098398,97.702480500964,125.13174635938012,118.19358688280542,77.73610206734678,45.70199589874812,37.99646411775984,93.77577703395889,130.87541184224062,135.30540917269775,197.048940893455,157.5097599244335,144.18116786100927,152.51568702525097,89.91242801120518,93.00532816154065,96.38664492968292,73.1610600356536
94,75.41074915577498,57.20358367736431,93.21991038644825,133.62467393000384,82.27150080137032,97.98773331957075,144.97009230980413,149.33793707181366,111.82962579241598,178.7121874683789,157.39909437515513,100.61858177359396,119.0488441397467,60.449646610642425,101.4968585955022,145.6597443429668,180.4798222868653,199.222484534745,144.35288123910735,82.87593076855778,77.90072838439096,72.23178881190574,105.56952015580802,90.74994620899261
95,59.197421519615006,79.30361255556866,21.227172433771706,79.11928549451079,61.569839440509355,108.37981157551972,130.25636338911042,132.68693052309962,103.39772227571663,99.25329778718212,103.45223259431089,73.66935850960819,76.27468688269988,110.12736211410123,83.35626185802224,97.10473615184688,113.86431397545641,159.57700817893527,150.44361501594156,91.97863198675358,66.43172907726441,85.83101018059895,100.8362839851617,100.36871798156646
96,21.187885353845516,46.17355284932165,54.697566311675914,26.645029369083474,57.980726615834115,72.89324367319654,101.94811291469158,96.93158508119356,82.21929851131735,65.7225751426246,80.62203021226877,82.85227024598744,103.58547939791795,64.2659313946181,72.71171038787591,119.65724493361076,149.20833221016701,180.9018328896917,150.8844095147498,56.09847965680868,79.48263460693653,52.78234946335628,67.80519786994299,195.0094970424498
97,61.82134108367037,101.42033874251203,99.63429589807404,107.79130397756572,66.38997503304753,59.33643175553653,70.02524361525514,66.7024179391154,74.46810513146696,20.219518554726193,71.80936512759565,34.70312163686512,53.491986301383136,57.549969299965426,47.18846229579917,74.36222755137015,127.36679908216354,83.11995522952239,97.66686547352698,181.69350629155207,113.45546928516876,149.69271331251662,144.88512606470692,150.5477571377827
98,86.17441138727327,76.67964602769736,92.12832790309679,133.4907604518599,92.6568838672103,88.33149812750978,125.46801637128274,95.05773292379226,101.31055410511391,50.495804138380024,49.97035973268048,62.74054181067807,41.7972098014653,68.92644166325063,93.95047987307518,104.31977831109916,136.0187796838065,156.8523037047161,129.39439824195566,53.47289228994742,108.34478498776892,97.48649928033964,90.06549061867474,88.76793438037875
99,42.930054459740234,41.00011257197848,52.17549208924318,74.33702866235794,49.698307121417905,115.57802338330482,112.17883326374442,80.66060523179061,72.37298331256765,67.67230091960263,84.21446339517792,51.32722029392094,46.00308714778012,106.32978729012885,119.04006624376156,165.07339276817015,164.3660847056043,215.93917211201068,190.49362205517065,124.06481519127173,129.48247792049014,125.53046034549959,153.1682795880328,196.70631907193422
100,72.50235943888532,64.84191084831689,-5.77251077201862,-10.070347781437064,6.166352608641368,18.05930087075582,14.98341277002352,65.13120590184116,50.89493062143981,22.416239981773003,6.077764876396074,63.86841746450219,74.32951877964872,71.43152881292974,104.15203958205029,121.1346403318154,143.9516953676345,121.47633677532134,108.2376056742618,68.1079835577544,46.19726239176441,35.21036834233337,25.90210152731892,40.64252627836195
101,42.09377084236209,54.02867913572567,18.83460764693349,84.02197460162884,85.57079511664236,102.91772617872432,103.06466947677906,108.22537150220516,58.04453029494177,95.36195804976902,80.97911215953184,65.00686586254727,74.74652173431627,92.64319362316046,128.96507861756098,153.1026703677407,181.76499446474503,154.74844392870307,149.7558676537536,143.05643444866945,174.9956055925503,138.0835949319748,158.63508555489489,127.46329162145146
102,137.21775201210508,101.60020403758763,99.57609666000108,54.937928102875745,39.95469929323383,73.25284271023683,98.16842000064484,105.96720515058415,91.57477622052485,72.76061422433304,94.2154959441339,72.26227206523043,93.64707354578218,52.910682288953176,96.80753725345744,133.3767124478792,183.25340048219812,180.77911992044022,171.1510492852417,145.77056718466778,149.86842494702336,139.09339936361349,131.46784095119102,106.43309422787175
103,74.47818113025227,79.0566152478072,95.52048870330331,88.20071563420478,108.55990320691899,58.82542044778073,112.67660652154764,103.69861952131214,46.798619479252906,56.66246801170594,66.57524284859701,48.65356356553247,55.424028218027274,88.9479589380224,68.08676402138768,112.45187386759098,151.5594651368492,142.0200620271143,126.12400034816076,107.47343853877463,80.83597009931842,41.96539408151334,71.48526143559249,80.82178462990616
104,119.15411012093443,72.2139244619537,38.78730397466914,60.60452568725573,25.445964331104122,60.79031364482315,112.1683772890726,99.5272467762502,75.13421098755724,67.73403331545639,39.15650666673609,48.89783357522306,85.9053444551936,92.19958726099128,88.17302744419513,64.0711902986569,99.73995704927802,99.13074192059236,59.01876629666555,54.39198349237419,79.80026265460965,106.15938695245504,163.50965112995618,160.37994360200176
105,53.92312364125326,91.60819855710217,91.55947718780453,123.94981668349493,90.52122440308142,140.19216111483797,164.09760742900767,153.0768476010466,76.72959141696016,106.40108866479915,89.00816938698702,93.10846385184317,91.60650046841465,68.39715988914753,78.167891768119,95.7138150497849,114.80326931213274,125.11538509926078,116.29485739367556,39.082954863876495,43.563937537338546,81.32434353199919,117.28203456234647,75.41309706032987
106,9.549905619075943,28.288641584017682,50.46552511126734,50.61172815477753,-2.0384158276951467,44.108554353790424,58.24503548439938,79.14404295674399,79.19410033001043,27.571402390648295,38.5354993825621,75.26439570927596,96.29219254691557,75.26230591321068,119.73600313430299,110.17696720407622,165.35222741046016,129.88761432479075,127.14114898071811,70.98372814752071,54.083769012338564,68.52990990248311,103.91834669493674,110.43877948699817
107,40.17281369989945,91.92963939783195,118.09570495133129,111.13497225481942,104.47856364828479,121.85521200928378,123.09676325823486,73.54865697456012,128.1399022513101,88.82631043182585,92.50880266475404,74.64046739962636,63.021475019171476,67.63958067878117,116.40259224830245,123.23471524083918,185.5826133391695,210.72053255663246,138.48292010312488,93.29039251991716,93.12816678153457,86.85165528003876,89.46226392968094,88.6485962545041
108,109.98992719435162,88.4444360864174,61.55663460546285,112.20633699841646,109.91603822475997,104.84773068257837,149.08211346549857,130.9146728612273,89.72225274622566,73.87548027472607,81.42677975384895,85.59869228082394,67.15478191849677,92.93021668965693,91.89160475677949,133.78356584840222,143.56214864977184,199.1902904110965,170.41673741802487,90.18217266853817,109.31991864719528,119.90985463125102,164.83815134444683,173.93221888014284
109,44.552076041177074,65.60584296837153,38.38542397310414,72.34947757697402,74.5364765556427,94.02806126449141,93.20447270788384,72.62216257491542,89.93194006543357,82.25565276105343,85.97919791838679,60.771888118311665,93.56633831309384,93.19356762035736,75.80551499339934,139.39193766558657,201.3813914354202,197.53314189087257,160.5534241323179,74.70644462551222,81.23699983881386,50.31177210068053,45.41522451968612,131.6802307542553
110,76.44690358934547,95.59347566230298,100.87998636795797,86.23063854340047,62.991367494812245,75.93313312022744,75.73765329963565,92.9720795495531,88.07938942296923,61.51171171925125,74.90966165896745,59.354049681729165,27.939947299162327,63.295892127821716,77.1774383410458,97.7239568217635,127.47449381107067,117.32129753217568,111.75419893763868,66.89206079879048,99.27428799886984,100.15267389753754,62.963065007153816,79.99374378080896
111,89.31533759409116,96.38302069968879,89.77264367327749,105.61693304567795,84.94928942772555,67.9350520254997,106.89709600917124,82.77335687914139,100.44172746500182,81.97509151682601,84.89986932290745,82.68655535494634,99.75128924626392,110.86279316873603,145.0147495898563,112.11464219358629,162.30660812216803,187.4318732899394,168.84608563470113,145.72461277965,108.45131197930866,61.132449345410066,107.74799795062765,121.04720313643699
112,65.07381786641108,78.82481088634671,96.32755838060564,72.52985050633498,88.33845583554265,77.39786273751147,82.7100836557223,38.87774244765584,78.45274185783543,82.075999088524,60.300535904258,94.21240457739485,128.9918028307324,78.03925718976403,36.16280618654398,123.04627915743112,169.65114717960307,170.85327589688748,176.62394263706364,93.89328685302185,99.82443787684016,94.45116469934052,79.91990214914046,71.24670171333199
113,87.64925521790039,97.7734526916745,99.35804433932705,98.5566122205157,23.712947053019896,11.94292210541245,9.973608422177762,31.86596821399084,-6.5818484273196844,-4.763412238251064,39.20652733294838,29.745929952620685,45.511461436874235,78.04599013312178,59.38411912880631,80.33936101211923,169.4964124780402,153.39727497514565,137.47311676289718,97.1505432209243,118.17915362519085,81.52621055334498,99.2865722342661,94.30185392146213
114,105.58600214824071,111.94828787210238,100.24725357550054,83.73045829848901,92.07826437703181,78.38236262640369,116.22476820783807,55.19888045708676,86.19368719072574,95.78640299890019,74.35835600025445,59.49516987858377,107.5743394076058,126.56371225383276,153.97325670975337,118.7119142380874,167.25915940791717,182.82106221027436,131.79974081145133,83.62856141440926,39.37174138126767,30.97317290016609,23.019394556002638,45.698626033731095
115,111.2243050397819,102.73921409112734,80.22495512510599,133.03401546763524,101.9383139172239,78.64845839317469,103.40931732760022,89.83764685671329,92.1020525411896,79.2905856155601,58.648310362077815,64.53477648302967,42.69705691332678,32.9229334543129,47.85328652215683,56.26284765441726,116.47916226376448,117.35617463489629,84.37542884996262,244.7481022069337,214.44437811901506,181.03911029777683,151.12752224263895,69.07502007945953
116,71.98597621121931,88.63133441990603,9.746617065389763,37.313904926809755,61.84160819787466,150.19496327336878,182.85590221167655,128.66323425426444,68.62596480256522,92.34361497748044,74.05064913073934,90.6073406588599,94.60816466630635,105.43080531159077,111.19483863640576,151.53149688347708,214.4637098286529,197.45157671170585,189.83928534160376,132.89805665169428,112.16075101063656,77.06819433579744,103.59412211821842,73.64437134915212
117,26.392404883930524,80.13673453559424,93.85153002371247,85.38806029540939,51.54098994316057,113.89966301305581,119.84889178468458,104.15855890734588,79.23476078110981,88.80948956737458,29.555330974214797,34.01935550489049,22.07712226373853,13.882749150432517,45.61012424775269,86.22780432048971,177.16398889621334,207.2950387805863,189.3361526805613,141.06357337396594,166.79380969487917,141.37121412417332,87.90887047882686,71.77912948453596
118,94.35843734081601,63.21861063223947,90.51150057647834,81.430934511667,50.77582091245539,74.17899201671952,98.54138938576475,135.91522388319274,127.12419803852171,77.28337650661095,112.73802533752585,85.30500588012931,69.71051754152673,48.95692801192622,97.81044794666477,108.15258138055466,151.75217151053272,154.35607817634627,151.02426905903198,120.68207970228018,100.79011671449128,110.10277120420507,145.96500877475705,111.61514368412583
119,159.4268973403256,151.78358927934374,31.211006684055512,70.53275037297261,70.65997818917964,67.23846293191639,118.35493023109895,114.08515362470922,91.43205206918711,81.35450942384833,76.2014891139719,55.35160063514116,41.957833596390174,62.12928568169204,77.2622213049337,94.57259127999185,119.72686413864022,88.42600575987976,109.16096640969869,74.5013272541328,63.82683979641452,74.07779965986246,99.20536522653268,140.44995866805786
120,113.50438916020929,108.64585734463301,110.6881784682968,97.45648178122465,71.29758967564065,57.983546587975724,90.72967171079455,68.01957924101038,50.38094983091291,41.27007818258819,42.4842007259491,20.86271983262992,85.1660513492865,92.22210345953933,92.2370975676322,75.41219966352965,158.10854909928247,153.0334038916991,152.69708997763107,72.2377152406741,94.05110940506925,130.09097946906843,126.36940825260413,149.2929527291464
121,62.677725826937944,59.09864781585477,65.14060089375153,65.52110410271041,48.64955738007093,60.303235472147335,101.56664757766185,24.82983321704198,68.71868970184195,111.1291800676149,132.0550801580829,125.2515866871841,131.51314405697502,101.96470133365546,68.2730225122601,72.79303830377282,99.4051540294063,111.78866745362791,102.61150527844829,72.65734271339501,115.0897280655644,139.31200838303772,99.80869130664622,56.80952569316716
122,54.009837043168105,96.5528071035891,108.98449136820224,144.34137895310744,119.4200686847046,129.2913821297201,160.03914921023386,134.05818322382305,120.91148685996643,88.90739048685013,133.14037992487215,126.47070142757067,94.9803102839829,81.67589517736457,44.45360484146096,84.64586476723969,160.4151166213157,205.42628230234988,176.5074229464616,114.75027716588338,146.14779552823083,126.80788988074356,105.40736307000661,117.26676190863222
123,48.152180404329684,12.586873552123265,12.954376233588647,28.05998075619948,35.78505271204676,14.995069861323216,58.97450577103007,111.96863921895772,72.69988687004002,77.87971520869591,75.32098537030924,33.44073350264505,102.37471183188116,86.56481863884589,136.76058619250352,174.2516893887261,176.10852235430633,228.2150938343695,178.74636735662878,99.19241292955562,133.7068101847699,153.81810657872637,139.72957689809587,134.32066811016972
124,86.74595307310477,86.78403343690367,65.93933493604526,106.57197313704343,105.00836171744587,125.60423251944319,146.43111378409444,118.45189569859068,92.59518774452263,95.42056588942802,79.63312338861819,112.72271128822823,145.5089934692454,113.5841043740718,149.3622957391134,168.89078432988035,118.22701385974379,142.3360872449894,151.0028535010549,113.71992608822988,47.7745868866662,60.353327912491125,89.35285638964109,48.4155525778426
125,98.50314025469507,56.654215804595395,54.86905339471009,62.850562985347636,126.23138152379256,146.42137852838516,140.17074650885158,113.45225159476776,135.07247695013587,126.48354079295302,60.239136946393224,12.004333368510245,54.28938720086552,63.04907405669329,98.9866073482987,86.47468100387877,156.80312681174544,170.90354637536737,106.7238216479802,66.09599484010792,90.35529875587325,108.89294347036076,169.32638046573578,145.46905162311097
126,-63.66687677322986,-2.364360964979511,18.14130893210794,24.528019553574367,57.632289736689714,46.53665159690932,97.14247227458686,34.77340029485474,81.22639065550166,58.37844884235292,56.05064636399726,67.4098072109324,56.62393517916431,61.581528188235524,119.69664838446384,118.80873418394921,214.89801243517087,215.82197352175152,190.64253856845255,175.0385081291911,128.398356897371,114.1473703567226,86.44993533498383,41.27109047138611
127,50.30098412345233,73.52833633566183,104.31132478657766,127.30965636147172,103.32910703486198,108.71117330101282,136.80806182678123,145.28100857531794,104.2339806944467,121.30084412115032,104.2572280429937,82.6616066791187,92.0667161169807,109.68676618957763,89.91490998229817,118.96122558997077,185.40083987752297,153.81402641635785,116.98201305590416,65.67095558702486,114.79474467274072,92.4765785529679,129.76254656822448,136.18705953286454
128,82.71970556913493,91.14722112704152,73.89885291797845,86.84663257516101,52.39330694331552,83.81135966264898,89.42525835386422,79.94007593789463,45.29862420524068,4.217923000448863,27.373689744738307,34.25091380353827,66.93284458517681,84.90429947626706,115.8436273628362,104.52103330403101,132.02387575094127,125.65941172701777,131.92644565875452,82.75907646924063,77.4099547657288,67.71395335932945,50.02146892973972,62.39781417763429
129,46.68102416085762,72.51773885476611,80.7988648422769,72.46056145481279,19.3422215176709,71.21683029381495,60.33776579035074,95.78237777169943,67.52981611853694,88.19401057224465,70.57550764006534,50.9500557588686,74.36560095861043,90.04379821566461,92.70138494452269,106.04590145323104,153.96833143818085,153.17465417303922,132.01850826247022,58.20432607893332,128.77316338555542,142.71116519188183,137.0722800149581,74.37909309868877
130,54.46000132156853,44.18858757926984,39.831315486352835,91.33764938226372,82.26550673165336,106.72399111548975,125.47367997421387,152.4124795435053,96.63621645098678,82.06121186219475,43.031282933077804,25.75781872367638,11.917987723870041,74.21092681429293,116.86206339761443,111.54770079944136,142.0212718798914,132.63884424311277,111.42835265616664,83.0678203767466,112.87871101738723,55.93685996107682,100.70013159374884,135.84728403900704
131,54.10668389534109,59.167090696246696,48.99429583784364,50.54682960000036,21.372405163753044,40.0391151291899,31.549284226140315,81.07247461153396,53.499972923684695,2.5134065708982405,23.03412648660506,63.457201573310215,103.13243648622478,112.31872254317165,107.47829494980061,146.7684907806058,155.43976832110258,150.09650098668578,131.9551780278039,96.4768088729768,98.00869738649705,115.87418619139237,158.28813773460678,100.94078515170543
132,63.850978934120334,30.040536752578518,28.20857145492596,90.2357293273397,40.037947249843214,43.7663741137578,97.05910438446512,121.66611957986048,95.54722307018525,86.2445396111841,71.99604810609821,53.764186429795146,62.90110458194803,121.66422891525137,100.48986107374611,97.17271725843439,164.35027589555102,138.2888643389341,107.0899413818536,100.25249911727927,141.27971196815983,133.76065471460882,153.41596609491745,60.29143378853643
133,84.31053679938353,151.76073522552196,115.05843676856976,155.0656069553723,120.33256908330358,111.0319028431442,117.8760826666429,86.86378389075374,76.83962498336795,49.476275420452524,40.83123803988881,11.539274386127715,7.094292124052231,69.82172687525122,92.59283377964593,121.07962317949845,176.2857029971666,154.70092819286646,170.35626934934396,133.2426424530791,133.7029298937264,109.20448383440885,149.3034058217198,127.02964719461772
134,76.7616966569542,62.59306723468352,35.71045578615041,76.46386667263151,60.77107302085497,35.93576681420132,59.12965410643672,92.42082253752739,107.11854965107989,116.63262265387863,119.33835729420284,119.17685585059712,98.70079010954312,104.84972780962599,118.77663349013784,123.90093387506543,191.7228735795135,204.34253203228187,155.08982722090184,111.36101605211175,136.0025996643194,134.03662652468273,108.64054664283566,81.59148806314398
135,107.60941096287473,105.23652196486887,42.45100136560973,49.2476063736642,35.610933812018246,80.4248726627136,122.53727891677033,121.4235752781806,101.51846760566833,119.37049965213718,131.0625083031893,101.51673742607704,126.18523143484724,106.7510075351341,125.10660546294879,141.34967795778778,172.6781903001944,146.9169117051742,96.8863219206007,109.91518120413033,157.8185212210422,190.126357221933,139.2159079204083,99.35414722142092
136,10.427737690405621,-5.603117718808761,33.69519634946874,101.0253198910495,130.32213320931373,133.73619138914796,138.89722480283868,170.06985560339535,187.87592288369095,119.89328413976224,65.94093630530453,79.10022461196236,87.91006139687846,85.21360879978802,-33.18569829271949,-4.946402894834549,99.40369788227702,107.44707507247699,122.13932398055823,103.66565827292166,135.83409312413156,110.35129067466987,97.3631753189369,62.29941164484625
137,75.82484371666754,79.54298618017347,94.82976558229635,113.14341451769923,82.57037000536215,97.68628184491332,126.07145652118744,145.44824508932226,130.6654228255616,79.82910293912657,103.3333430107056,64.8629940393824,71.5669151175497,91.54633733965261,112.09096130896492,104.01737418225032,137.8070098391496,147.0184631366643,145.61110264666382,102.16691354554823,88.11607913840717,73.37327053006763,114.42490595398715,141.3339162136611
138,197.66818047319964,184.1237672876353,119.23743152085382,122.01158676046228,133.0538273380139,139.12441895170335,130.18644273455254,76.26679237643683,105.78811675134136,104.00646354274403,90.43994800554194,81.90873547618914,90.24192745318531,97.54223293479478,120.97707421834261,118.777159328166,208.49428837134874,237.15805132947906,202.38630334088728,142.2589414431683,111.8607399501629,118.42796883614027,97.10535531837284,123.05761718682089
139,130.26223976486907,83.91004516132924,72.77008612183693,95.58241152305673,70.51978651608849,84.13136292368193,130.80221674350065,117.55533541523799,38.96939082463267,50.89476591762896,68.59157529804915,46.2078422981893,69.42281861432743,58.26396444146384,57.39315741469444,154.0629157895709,203.78716706803564,191.22012664701668,133.00731845674167,93.54877490359475,71.70359005560373,84.2928119350533,120.15889508162411,122.99352160227255
140,124.11009909718244,96.31263669373459,62.75317217231426,67.86996734535735,35.134594760081384,72.31670485479611,55.90437769803272,27.11386397321907,36.87778964077457,59.27645234707212,23.508566564190488,-24.29218243805248,-22.535821663226073,10.127984185163967,14.826432945526179,17.570318304900084,84.1940212541455,85.54350286563592,65.66746777015683,1.483446538948499,29.860623065395373,23.470483161589016,56.937072302531185,78.75146410722965
141,-12.255673908055996,-30.9859606044364,14.11801714437783,46.94491332555779,45.73660679927931,64.19328164256612,74.1717720213789,110.58700814639761,60.0277700861731,59.061185585452165,49.13295344465172,13.268232993206247,56.43581625321747,52.144182295415746,64.19915888044021,90.48637643205794,140.86530109955785,186.1358681991747,149.6930797173807,101.78613224756528,57.170768228436614,51.31737598851085,86.66417721085021,110.45032832202911
142,11.395426760363911,23.43038899188717,39.88234588835772,40.47646434312041,39.33156477458586,138.44937050156426,163.35557846448987,164.3198566341316,129.8308235000937,174.3133611286858,137.5374779893622,111.10187936816118,87.97531372444074,104.9492848079218,105.09550782057981,135.23389175874593,176.58782583409172,177.59179022846428,182.6018114613491,88.00516438139087,75.76393799618702,73.89444280011008,88.48626495423181,44.25017632214992
143,162.1439437024,133.41002027866367,119.85460191419288,131.432250570628,126.12612107415168,109.41333414126399,143.37286192154076,146.53948875176155,123.6636554817218,77.2863718946541,72.63952315872727,51.80210976572849,59.91903606542127,36.71587893567195,96.48637294606621,132.05700034592707,181.7107398038978,157.0639791696101,266.21558846274195,209.28282940381553,182.88726064999298,117.92145233627258,147.07747439614064,129.8464880703199
144,126.4661593622933,125.91956506906986,116.38857914079917,127.9610847078894,81.24831016157259,95.55994246412008,156.94689424617465,158.78172401810033,112.89054491600228,83.82925999355034,86.66989785486314,70.8761085420395,75.89848556613408,83.32718889132121,82.07698987555347,89.37069898731048,126.77918936799142,157.73511339201156,97.8164074010732,78.0604474313841,57.02208712450375,39.702431825722556,71.43054200845968,57.88647575488338
145,62.128389215907276,85.38809178270007,69.85147812108785,82.7974190329686,75.20513891206316,102.77629008371837,86.38342144039675,45.15872586504484,35.22916458387309,31.485039364741645,30.77114265199986,78.89040148357464,65.36366506555157,44.01236314348222,23.456165147594973,59.73876359384832,152.01219945846086,142.99283040789587,120.97188514870469,62.84525684210057,50.06323482259296,64.56467477183757,96.76183267747835,94.57766862392651
146,104.4566716901223,62.96916020282297,58.860496123405454,51.55974687797142,44.189927158955626,114.81137105294073,145.68543392147768,130.34422355603016,111.31319708044637,99.23034489492152,92.13442717187709,83.9730639215068,66.44784443760183,57.67690259564184,64.94555182175066,62.24124271109275,97.5771912845658,96.58078650591648,74.68846709261081,16.815579847390453,39.68275199376218,64.20878069081331,66.65911353489581,90.03659781347037
147,70.94221731917176,16.690407579372177,61.95889008330236,78.33119106865283,56.24559485387115,85.774741059301,132.7083661474347,152.2777995016523,103.72381151719266,99.89481217062111,123.44047187366589,101.59395002383694,75.79773529127912,86.6308860993112,110.1837225208834,109.91459224345108,219.79673924797302,184.29449585853553,139.084781748396,118.83861661841942,89.51179750767876,123.25963558720392,124.92534858797363,99.25949133023008
148,-17.07846532292328,17.966606389616814,25.60488974239587,42.93083438727631,47.21808209824913,81.96579836789346,107.81109515096546,89.96231803986342,55.48864103645072,72.82772264680989,98.32439568592969,93.41015065458095,86.15309982428856,106.98564620716061,112.99502459631756,121.6477802058078,140.16652257517777,135.6902165626673,84.80928768198844,44.40767415928787,62.898060212257434,142.89191094946722,136.77489587625905,102.96751351135212
149,81.47137921889693,81.47297451761172,110.23528515537843,135.42760537027027,147.14440246912835,151.97344098416698,195.3736673405407,115.04782692735877,101.33034357350486,119.58490960403824,103.1751589777988,112.34001152928704,116.6426026143118,132.80659168474006,85.1186706727957,96.32624040469673,178.3684594025838,191.40072163072608,149.02861391272148,97.85654959931699,92.88485695974687,115.40064634427645,168.64223451910925,150.83773156071604
150,87.66573398969673,107.31415116339075,81.8084498891561,89.09759373773703,67.67920087102328,81.81605438017284,102.27803853674885,97.46257388166265,60.60291592734324,84.8221298100798,82.08600139872813,70.3963179305525,82.62067140773323,84.86658615143932,72.82162506204877,102.78045925345086,172.04740885368992,180.27770210066907,148.12928755672567,108.18010817561733,110.70840342437532,97.00378594974298,95.43720976559824,35.864745879824625
151,-51.54449559538844,11.505271453619727,32.757927101107555,80.19533066238691,92.4108195922555,98.46923374469615,101.30699893984774,100.20586056538009,82.51850583544727,94.49248241315087,140.5093169621968,103.9879797110798,102.39606410265668,153.59853082596976,167.92840360292917,183.76676169802045,210.73813745870834,209.48144063993686,189.6420507249784,133.79396387390005,106.60597630782048,105.13054463636608,111.20883402100999,105.60125038138221
152,78.70452650660002,91.68233349869351,33.17959171041837,50.86784370909942,52.584234151277,93.14178078390457,121.74537146447206,103.16633032777344,100.06894143224022,71.46022901371622,32.11072473514426,-14.541147632166442,-15.955153695283144,-3.7675315677045376,19.005061349745645,60.69706598539518,124.57464004220338,113.06411291079147,163.11818791362353,95.24406885305544,105.38558658021006,106.35289776458572,126.8838675071216,122.05973937796351
153,89.1702106703533,132.69405535410084,107.09895503986243,81.62424751421216,62.79878410695225,42.34755911656958,87.39381946134485,93.99577462993068,56.55768394203412,47.37039673200307,69.72469751483152,27.35617588394534,44.25650624951477,97.31481099362372,157.29801649727597,153.47949219933122,207.90613504397191,172.44468825051788,158.13681054646975,99.22506703677291,52.750724261504935,31.77151327726284,92.71029485988326,124.40347518753319
154,99.87203793961477,62.02609414886349,77.13803047512253,44.828674236548856,28.91967889835118,63.97257193192477,87.67183684203253,93.92519939538582,132.75157351036012,116.72461788748134,88.62795595113603,124.26345871449769,81.17080484495324,66.28284823587201,68.295284099151,63.335910878587825,187.9044430202826,178.8968736038731,182.92425115270805,106.40346707657208,112.66533237710759,100.31510635679575,104.24666868389535,107.80583279738457
155,104.43825683022553,85.04850197022802,69.111732510107,91.50873789007605,54.2701871894068,42.710818950019544,56.668807056130774,21.82880157224892,58.56101502309873,50.85534983718175,66.30305606413185,78.84610172655141,49.05492244902929,35.10415963191272,42.46543256570419,110.45308045046244,190.77450318192135,148.40285701910415,89.52494218435524,67.58818016971311,82.16247448398826,38.559628099627936,93.04196171994546,68.35911610051915
156,86.7678245306767,108.50613340119907,68.19778752310512,140.95033002063016,83.84831482593553,72.9359021472983,107.41163970398568,88.61519178523166,90.15343020991293,103.38651416458856,101.16002237622928,67.13626413890613,94.63446712084352,101.24552914144996,114.30977139839126,133.2444530091246,181.20551607292262,133.06268450333675,108.54791336900051,47.11414910071626,58.91933312347105,85.90545304528132,129.84765499171866,100.21304186644906
157,111.54208056606987,91.14654006373212,129.26861142604884,141.6930831568073,59.492120750348946,57.89387150036194,100.0946721608715,72.92040922012048,73.17518095582597,91.03646643434126,49.8776303014794,33.79236834748244,64.21049666865161,80.94666544365457,64.2685243356899,61.88597220726733,106.86084100665812,114.49689583919064,147.24683401263917,70.74928999322964,86.10611484336897,87.91690536557833,107.28300971127598,130.2372992336129
158,98.79344107311874,71.34361914935943,61.2524875781795,127.89312137398741,65.98532876667298,95.70211185765541,105.7681442225121,53.74099095074306,66.10101374710295,76.96786231955939,78.02015764042001,80.20886710662816,90.73515686760231,104.55878371941192,127.60119318345765,108.93405880193865,219.78136771531885,195.57157315853874,171.15784976497412,105.23907387205114,138.9017422947779,110.82433663353501,122.4478966537283,76.11871510782589
159,103.74780866779413,131.49343429647632,108.90653428434541,114.36465557597424,88.50504164642115,47.599552161607,84.4789478173566,99.43030471540106,113.68160252261829,70.4545255213693,48.02801421594391,71.63087471528115,59.00965576368324,68.26417164730944,66.83713896562605,82.84875441953254,175.1219189679586,191.07410708681806,182.18272419597452,91.04079633727639,107.9750661733941,102.58932357553016,117.27537178183002,128.23849217770055
160,94.1664752513714,49.205544974658864,66.36742888281873,49.51290267158861,99.2776145392979,114.73204163052469,114.46496969009462,100.64277452109202,72.05789227421768,64.2659909608575,51.277564185843566,63.984231426448495,96.0211723318027,86.48959228731519,102.7993965507829,105.91916900261702,193.31635673718867,178.26894440847076,93.11154705959943,63.53715276130368,102.70223656043544,120.03774264986448,156.49011238305206,131.03429568218758
161,100.06369580295758,53.49529555061126,62.34349129548229,130.1143292818983,140.31676813782326,120.45770744231348,109.37725890027997,127.97090050617518,107.28962478394268,99.44591175206554,69.60021506644745,92.99791018553199,85.72576841741335,54.29960043906993,77.52280506651769,112.49768116462089,198.63772037839615,191.11392484254196,159.28885663174034,110.31498831620598,124.3029493169631,153.15811067286756,369.7560793997348,250.2943093567769
162,75.37217474183824,93.64808738662012,66.1876122588309,46.07913707810248,55.768019629767295,69.0257769972396,61.68865162356353,34.025511129338426,65.1902604524265,16.939705070305962,17.63604413086258,21.13170986621067,105.21958235534524,115.47130826771306,118.58694227765217,85.66122977360857,184.18114013865772,185.83169942291505,178.62562437613573,93.09594942717416,109.28170985227791,54.3347801535672,93.19349091988201,79.01130739047849
163,19.77190618339762,91.64570346543124,104.87408864876609,74.29145372005428,62.59773796094165,56.50879682417919,88.5455387614076,70.73384859004373,42.910267637731245,43.9808098305484,100.50832647688588,98.46195959109286,110.13427117208602,93.43260798179588,43.597000603173846,51.579891674573915,96.06773035890701,91.99778161919237,93.68198073044678,91.59347025038251,87.23781581022675,77.50562689855127,36.60700438861922,65.70394436389931
164,79.66898633896504,50.62067810673881,65.7348499804229,60.219141765077886,72.46537054442865,47.1910543356455,113.58708321694402,88.37723586913695,102.46798987792445,101.21350378395394,92.22230990626426,80.57310450111339,103.88649018871001,85.8988774167895,86.85684551961302,140.45716823838228,197.22606763428644,155.58575042266708,141.90230831184874,120.83354145715731,134.45797570402704,136.6396364326312,174.14424884000184,155.1427328565327
165,35.21361497969236,14.138528703157881,25.927788307377313,76.24548879216533,84.3073091634005,60.71015364943566,89.88646031344064,97.69041575854379,93.19270769036436,36.21386498975268,44.830487197528534,95.84908167008125,70.91859900691846,83.33131317250039,105.46493863004297,116.54816529605556,170.75574643665772,149.96996161614075,126.74649659066722,78.05809361286315,70.02257750918162,78.45973774096393,136.45422903003572,170.44196156549677
166,18.682588998050825,58.87023568091,45.57321577490688,64.71105720394503,-2.7484950050912573,55.5493850735747,106.63063210718144,159.20824565322238,99.62547520641508,107.96075538900527,112.45580855800524,109.58596010808225,112.92678204306435,88.74114654942818,86.28403046273746,88.95218603130402,168.39741273054162,149.41914619923156,115.04733815275158,84.8489247448028,144.20851486286816,159.629277043698,189.92034441453853,145.62461119656925
167,22.68588519422999,60.003303667119155,29.459552586470885,53.80660725438477,44.85601142422391,74.05159856987196,78.39379161364427,39.73088019283243,41.253868896898766,28.52101814142572,39.802391120110194,94.18800145354444,72.15692216363747,123.37873071523697,117.40731856408031,72.42899833760416,165.35330546025236,124.06231327145716,185.99263945918682,138.80208808654803,159.85499463926152,131.17725077813964,120.63066525586922,111.6058733859445
168,51.63526845218301,49.68880587404585,73.63430464177624,121.91056695299514,104.77698371860549,103.37428859818993,152.92789853456526,106.59202327550213,105.83620183041722,73.38287937465623,42.369778064900764,87.1615936616555,77.46093162705952,111.73505587424253,154.47765547908764,153.15065799956145,176.3847035737051,160.33777737825596,118.14213894819044,130.59743709723037,122.23226432222692,113.98896717282753,110.72782001999366,118.36223786021198
169,98.21556313365318,72.6344961338149,60.07133502632244,60.555367297367326,122.35854533876221,120.7304993166385,120.73164980749587,73.62099677186646,63.45116278487363,47.85349682841653,67.10384288620895,77.36541908304864,87.38883124414875,133.7558009581847,114.61991835755357,125.49501167893068,151.0194344493165,147.92600421328513,122.36575435734483,95.54951399168917,81.18078500000831,83.45934388422631,100.71656737127608,92.25319940629653
170,71.10571979735926,58.27993990268405,30.270216212135665,44.52715834464738,95.7347918621391,92.05072978450232,113.72452006584273,98.21126355854466,124.56931161215542,113.9147485522472,99.58820702474237,78.23168050743601,129.38516200282012,98.72255557703294,102.84955109365018,103.00104696242157,163.89790177480845,140.35729079365044,112.04441003551301,123.56086843892687,94.18165695920383,80.60868570749929,88.18502076112202,93.7872779625616
171,58.058618684508666,86.60303210115674,52.128765707908315,74.51642577198619,37.96519322677291,60.006355070555145,79.24057677600436,-12.825891236701523,13.874289233595505,24.011853319934872,9.986030482195574,11.609619503988135,-1.356386113667,-16.023114756103695,17.195425339374566,30.835664182661446,85.9415645788102,91.67073075752666,74.9496638194642,61.98889378498049,115.9760046005857,98.61814689915622,101.09369097886042,91.2698928405801
172,74.0617292074136,38.40371343471919,16.752453573321205,113.18118436563739,131.16359646135027,140.3967365743116,150.0969858237255,103.28027636195594,120.88180567136507,66.71720686256107,42.71781199287338,69.71553202023573,75.05486070579364,55.03020588821108,89.4197334494493,90.29782359292096,167.63805750099587,217.46044712508774,208.65685263672557,150.85033938912304,160.8727105574984,162.72214471382847,153.12954348296603,97.30857891736646
173,49.311323495589306,47.6609483066889,44.10718534159735,61.35309470744794,52.62247288987633,85.3772988702807,74.40654987547738,98.97547307943967,87.1854913465715,101.21606099475468,88.76769498777608,66.86711418354231,88.61306982743587,88.08012851706634,116.0346642950979,163.94689829968607,201.48381376581665,208.49701155147957,184.61471363490654,129.58399235553748,126.57807057164608,83.12148834273086,92.17587905839176,107.38706512408604
174,60.41472054756127,105.53163616691351,91.55856741274224,85.97763369093987,61.03812185639532,128.68050166273753,151.16739593765848,150.58349132308217,135.3631065218717,108.01919166935713,90.05332455891306,106.21358728135658,125.80517222990818,140.0760553829748,125.9453775913125,132.3414393294778,172.37344306480406,162.0768837857315,148.87520577818728,118.82209934916027,149.17593589126236,138.1347009001478,138.09220431759366,112.80121300754126
175,54.17395683966807,110.89247495139452,115.63572490816537,144.24972044613537,155.85249594104383,134.1637709895987,144.54621123203444,146.70015343653023,161.63572342884294,166.9461306046863,111.72530616627077,86.89466516498514,69.59454938956561,78.6006945390482,80.03457055682458,52.88812529772904,99.30503234093061,68.82045096712591,78.65799428620504,44.35780222723921,74.92469362528861,9.13147735003875,79.95665669969816,77.86449535050004
176,64.64144276509711,43.10433073931893,42.307038497721045,59.66048619006255,41.46096161954581,43.306436827146925,34.73249104050008,46.482342732967645,45.73005167906552,47.525401863467735,70.67414493782677,80.65443574484904,51.322086774875636,67.82382003256534,72.30947462337068,76.79253529895529,128.1860585751013,151.16191100540365,139.00653430147165,114.39569922265082,149.2523538055775,170.57089048590683,170.77719954959042,184.20232574697366
177,90.74327984692991,109.82801217431009,106.32984225534612,152.9180874307936,68.89035671937523,73.22546171230711,82.54151935522228,88.07665666978622,74.45298638578862,71.73155207280102,67.83738498235297,41.32078281765997,91.25807599343665,90.85511524255946,60.36995450310857,86.1154443758949,130.9999314305862,94.63371205547989,68.22351792976042,67.16530946349437,80.6080610230555,66.12939360202319,99.24984232685134,107.38380328307872
178,115.46195505816037,104.0034064504309,113.3114519698311,177.8095247383947,142.7151920796104,135.8219419502725,137.58490903647765,99.31793319386092,107.09846637906868,63.18410332281753,14.641022358227787,55.84149995470583,64.31450721868102,77.93776687171768,53.56771254905598,88.88136795441983,190.85055258459357,216.89281646335942,169.91732617570372,117.4383157357651,135.28099435105798,105.06570377806821,121.53074729034891,124.74303169360763
179,60.14150629845058,89.18840680144228,35.60347495596312,38.04814375503389,42.93955718452316,41.77426657278845,117.86975558374299,107.00420505570426,74.6525512870577,75.23038374540404,51.1878054880002,60.92884403380621,136.04197986125274,93.65221929600963,106.50546524982855,136.78252668311148,179.7058704229065,151.86780598392872,126.33083193415733,81.79184905054203,165.05555308500436,126.62051196004695,127.96288116024448,106.83791569270291
180,62.50936859308434,112.8830074152059,95.36471934962337,54.387123300989174,52.23815194274879,54.265596889600005,35.845039652647955,117.42613710549551,93.86721159870419,115.94263237582963,131.43726602757815,104.20083145715725,137.4721694460884,85.08178244875577,95.4192742567005,145.20119634521225,179.9902537018508,207.6705045251949,143.01944984639425,126.61479871523548,117.17978964749443,120.93179931677523,136.93836669412605,137.6861553615979
181,70.92997928868532,117.55998693462655,91.09172619156277,87.48169493315328,80.74351856724503,88.44159732488471,64.40709369064746,86.08482376795975,123.87210180071008,122.17291093371196,120.16171726726603,104.11673838924757,122.41293724655245,155.01629758377646,126.75996096551086,124.47155234601263,161.26214553287554,128.9076452397833,148.26353856075463,95.92241957549263,95.76535709632776,111.53296713406544,108.66679040432497,98.90358632356639
182,123.83261486927023,61.69393592704802,75.10640968378154,79.30063282732176,85.03539382282358,122.97483448614193,119.54328545975355,138.22045296712884,103.60009413943159,69.06079311703499,81.85479654771379,88.89833781384111,104.61862831835253,82.58132494549348,110.2068536669999,113.41479287671638,181.29154849972943,224.33248788876006,160.73857682117142,99.27183172654154,72.22970456361446,96.99594524386472,91.01064132085064,103.57751999705894
183,68.4091831271052,78.49952840940072,43.49785638295355,56.54742007482927,81.32893651151622,124.37359953049703,140.2555382565838,110.27886768465402,72.54295001320328,66.41505164614179,25.843157751565855,30.680286967405493,69.48157180728154,91.6524583590219,117.05404985690834,83.0218704593805,142.22229170070506,143.4706423757208,136.1049148372143,137.76350078255032,154.00829877423268,109.50283440987715,153.27159899892078,88.65425253595936
184,48.52163273152484,31.779490474885307,26.378369163685434,48.3241385637906,61.62687189031319,103.70388284016948,101.78656103569739,100.37554815103516,83.73482211580159,68.42991999972725,90.49845846855231,111.8321773526674,112.03830492321543,94.00794956153918,147.62479023655465,141.64134392382257,171.47650744812145,200.5039437770622,198.88053202477764,139.90751394144198,168.43299592114218,146.87899423367773,157.91312291115722,114.55256961466976
185,31.645507395167726,65.61885989579235,64.15035852794595,91.28623375290138,80.99261207039822,76.78599456698322,107.23075464307976,95.75769430173764,81.10368212465285,89.46434471608882,55.89276205888457,76.38005641175694,67.9429531007744,131.34358636097616,100.81482427671466,143.65917466867768,159.52306039063967,191.9566626860879,169.75967092486079,104.00815774663293,142.52788998367328,122.61451593039217,130.5195640124812,126.01626866675832
186,31.63263277232248,87.15818720231688,56.34621439746218,67.07533625378665,48.327235253894756,103.59936617486595,86.24758996344113,35.808548177027006,74.84423600185723,107.46552621380134,79.33548934438083,83.64332892453277,74.61585037507065,70.26882814133234,104.28442481913663,150.6811712924288,217.45770545488205,233.34643517949152,163.00179556691478,137.75362117028317,77.1220592029633,76.2659938734798,103.54147267849511,76.43699184308426
187,82.16277067134696,75.43144065761085,75.10161300415744,127.07309686752879,112.70154964000298,82.62811675400869,157.24489089088635,138.30317007838113,130.57308060797345,90.58901266654208,71.52019598837626,58.19751074836503,75.01234522924149,26.778913006554376,94.03082104661047,93.1153989625398,136.92264050705722,153.97135813174125,136.93815696888745,89.03296494849685,126.97078017353886,104.46863239003434,94.45124221366115,81.50925699032443
188,81.63334447852785,51.42293778255684,83.60504303207917,82.88314338559965,50.08889847048921,110.66278984258122,125.35494588523339,85.08418844153816,93.74117996638516,76.99327915540314,44.58304927718592,67.76503496961627,105.3080170112791,103.66903310909241,120.22036593061941,136.98005726236912,191.62032638711727,209.64208378242353,155.20533542143164,111.66162817097025,104.52881420630631,100.67320379387616,127.13523962053372,133.66312295082693
189,64.81441903561375,49.648607741560376,51.0764660783045,84.87307033975509,64.687287861841,79.97598248272917,78.87877018912229,87.78389213903827,96.58610508214203,49.11155590859269,43.5448804365287,7.242778197627466,10.071541435823761,29.89421055442896,43.19872066611907,62.61086134417463,123.0994886087544,140.2485720464678,157.15712397753137,109.99141641009717,87.38492574258332,99.95515109467628,96.5579864004361,52.62538244870679
190,20.357553629974568,57.43759939816131,63.5885345224992,79.62237045424592,64.79193921572306,106.52132545842305,137.7004086665519,90.06525430412373,88.16142917345026,87.27964859449553,75.54323870103484,89.67508175736722,61.829835192527625,73.30190824628784,40.83741462723511,57.918521200581665,138.29274419438508,147.60312250708228,110.71157952215806,83.682193873293,101.93569426348834,48.50990129083022,26.43170131946185,56.8691953685184
191,26.59424968136942,42.826885745481235,30.365883901967997,91.60425927870617,65.5667279965741,90.28068073363923,125.15981441283749,101.44855217603585,86.56766739306491,63.60945623062939,49.97667309054483,56.42615333342712,64.19271948108275,96.95102442286685,85.37771223523399,79.875685012057,148.93759112833607,140.37829551389157,127.24286476392663,154.30824852978625,161.14552876788252,133.85075116719435,148.5380878598746,121.34265372929183
192,110.90164997269649,102.80508709195878,94.56365172408707,86.81354110295055,63.67587521589104,119.37469511141623,65.28847074702288,90.25972743559365,91.89027129003105,99.88812870952287,73.96465808278195,40.05247659969365,43.057871602580065,43.14816013866325,74.08560370147217,111.11945999895259,142.42227112385788,150.84156815410074,105.70835885521646,14.38103048271077,94.87185991885313,124.39247085373853,121.9589700170668,79.62415431793397
193,85.67686420340499,116.62057454047431,67.6509794618152,121.57178537300337,85.56559927706513,62.9872263790587,109.49994175701273,165.18779875799527,117.74576607599286,93.21672021565104,66.56992790717031,106.77381770055021,80.60807014182305,58.74462154046082,84.81975621863448,128.91870208609103,178.0962879454322,148.39587433816752,161.58138057342177,122.6592961607142,157.94397132290362,198.33320658363598,144.02408594586262,135.11665666427635
194,100.93762708073847,113.19820567702001,90.7062437500692,101.05362508547674,114.21237553068809,170.49417365421635,163.66782459731917,153.74338137854238,88.18223458334174,75.60178059917686,80.23154744481626,116.73122356980613,137.40575851900107,113.95556221841683,76.91607748884384,142.91761754701147,160.30374269005614,164.43453487090392,141.4639608372276,81.76052911510672,17.890987643956336,25.92825586816251,72.38315586543659,53.36224404202471
195,11.559463654376216,-19.129264682852295,32.70979921734309,33.00907236972968,19.90388001045136,45.62311542159608,95.24246924513204,85.9168687859488,68.35104128694323,83.59678850208854,62.46812446062651,76.15067056373685,72.66629974481378,69.5418176884755,54.190015935216735,97.76627794010713,141.21521736132863,117.05748896344315,123.58515669701055,94.79742780721293,82.11907155903509,61.09225659028458,90.58633363674136,69.97012527822443
196,36.261307734414494,88.93183404802659,69.98711809972374,110.46661616355829,96.44313293073226,113.72569774725619,119.64554108021076,116.8283391215799,131.09847333245972,119.57666960670197,116.2470861417026,98.02424297352349,111.58973773955805,88.93928138715437,82.60571215028374,110.57274178783176,171.53883183909647,177.31649256680927,154.61072311170568,101.37999032666966,108.19991238768384,100.53791845692439,115.25947353197705,68.15533871240271
197,71.36802840929006,43.487825044159116,69.6252426301391,87.88945832956175,68.54709740675328,72.01696887554931,75.25951112977243,62.04015643168778,66.53150717903115,68.49630984475642,35.16189717441395,22.19724698785633,9.05547526364471,31.02987391583617,50.29553334555597,61.11305333353453,117.06989398247319,84.73859553899734,61.20771485669326,22.33119708064629,98.78558052240837,101.06110087508874,97.16912885548517,110.58043651333779
198,127.0883763113614,111.61509665263503,79.51744158722985,49.59386595412564,54.93084390460653,52.338988363201096,94.07612345887237,88.5369953311961,107.56466744135025,90.90674505456951,63.88988892348583,86.3241588789368,112.30069345676394,167.0452686458642,146.35094071681803,125.61186722810828,174.1051115910797,160.04074149214352,143.60001146107632,78.09804564774711,92.66563356068228,81.21171833505092,104.53569535828551,112.1244990932549
199,46.98439981642268,70.73554923848499,48.79530637461585,7.649810396109359,16.095513663005363,20.441168866193706,14.553736696363686,26.63461474938154,95.5779669645178,81.83908461937752,73.44166699781559,36.04702473228427,51.280999000492606,64.29586244401081,40.9146756130873,63.598560586830004,116.7618384217981,168.22882016776737,176.27082625456706,136.5788432015035,97.31347534448776,55.304637801423375,116.91682368028466,94.02041962278899
200,58.936362016034096,103.29662870387348,140.27009416385087,143.2787565160594,128.49488308548428,167.36779757568718,99.34862575279858,113.55487845660362,116.90334619899481,95.67591832723117,53.124198075797395,-10.156672668782448,43.924148143564594,38.47531895773596,65.4065533860265,92.37334848894838,138.196385294084,143.49545153556045,99.25911088884546,50.050852474118045,74.14285473959366,69.07114665406888,70.69083061334312,85.32788698887366
201,132.68524319602048,127.18467336551338,80.89716177773327,91.14748045919177,86.87626600905713,101.32722812063236,125.16334653927693,119.27652387764456,132.25252240514797,111.18144744586576,69.18297692151748,98.38177633912208,69.98070367269844,81.00219519601683,80.28080744441445,121.01883396727489,160.75766548312131,321.00655390343695,264.9971368217767,203.44598078477875,191.09520039972574,188.25029784027413,199.48677027666042,142.73515856400806
202,7.284663002373463,40.688160281538295,54.44860751603069,98.9575094211087,182.3515949667344,183.77612427320466,155.0850734418878,132.5300890008192,113.7682342487837,118.64019399175407,82.5919222438567,103.92744506121382,88.44789787578618,63.70223994802485,98.05304315123485,109.42184516979388,140.2101248472756,168.2031849925381,149.8952168039777,124.51729981192368,117.34558407696996,85.83838260382315,82.92908283597902,74.8449119824802
203,55.57942032807451,82.40284219408763,172.07125528224725,131.72928512906333,98.12887397126049,66.22854901295555,88.32723712625247,84.0267457715679,64.68648096050254,69.00104603350314,83.48233111233694,82.07948382882084,78.88887327574972,69.82028010469887,120.06224708880163,116.10702042770352,165.95344508448224,178.03286753413875,298.7967643810357,155.0435116153863,178.6428233621054,153.9317242969474,133.49475833974788,152.83479582785498
204,-41.909706551385966,-27.231874486578008,-34.01900299433245,34.98749034656503,36.03151603474557,72.41850828057045,99.06233624414749,96.22295986173984,120.08792814471342,75.38914264748354,69.52726690744018,75.8165615527194,114.29258352953119,144.18775900070608,104.6505724201636,152.6405827185806,214.1553722556361,224.7401260216647,189.74612248657075,154.05825049561952,107.133314668856,44.030622560339644,54.45901213477586,33.77218856288154
205,88.04713062273176,66.05947717891962,81.96425916511042,101.48734007459169,78.6012518327165,106.44209113537572,131.9457026058031,100.35456116529332,90.82197341324242,75.97457289228056,69.27912354340756,103.79703118454468,113.13677765117289,109.70611557151767,83.5493809191234,133.90697507787905,138.09561538754096,123.80973076324003,103.7951342557934,63.148027808328486,67.78212020253288,126.70817626292352,109.74249885843508,83.62777663899739
206,74.29359759160774,42.226222324716375,47.523851726076956,70.94811453392597,107.56457687103665,107.64709627547225,151.68980133611635,149.2194620130897,136.614700968403,139.7848083133258,111.38251692724289,142.05186160937842,162.18188325074397,91.71728113952807,122.37065543871032,103.53906572676686,151.16126412659747,199.30656349543636,214.9360772108827,134.76994789650854,116.71269783555871,131.80293145669083,130.4450118593051,87.47856327502583
207,96.34716263444878,77.5033097719223,124.023423010671,140.3056049058075,84.24634339392935,53.851749877588375,76.57989518452925,96.64533925268513,89.71085344092963,75.22956461680664,56.39436555246329,26.0111758502169,30.110147897397248,31.923416131912504,58.90769008162576,67.54538766198071,138.54873472667566,143.49154471133016,121.93697077891851,87.3778830650147,83.0212101910839,93.40656679320294,92.87615630935287,82.43719987868118
208,31.8700281902165,84.2475271140207,77.21355032634068,112.15680768957742,103.52838862061495,88.19539000369465,96.65777297446462,101.00273851008915,100.1766194139626,94.45617428940264,68.86358031423913,57.31169239235917,17.746099032813774,20.293700482489754,32.533741134246775,76.68632278274595,148.67255488372788,164.7229619581566,145.70219846522448,112.08488178111917,153.78047961259387,148.00990147922641,172.95219466472753,151.01700545252731
209,86.36102335487304,58.84741330459384,63.3978338381799,70.4512266916979,31.9335221744022,59.823062960134536,79.55326074427259,109.98412828986345,80.24673826582625,95.33777176401823,91.90482878167242,68.74562613751822,76.14229950058413,95.40178981989231,90.80039646900352,111.94061391639526,116.45785537826814,119.52713479242263,154.6569974970884,133.37533011853947,102.36337580605397,86.74671850565716,109.03445134661716,112.79968089878983
210,62.89339115609094,71.46889377814736,33.65218150469161,82.56454089034747,39.55762420728237,57.43997767547522,111.45827476312861,73.59055971582838,94.72170558632887,122.32724414430842,90.80506630091477,121.93891452200664,108.23368086164685,97.99860319584576,98.58041648332913,82.82541492066716,98.4421840088434,170.40452784404124,121.74397315745595,72.92421569760906,69.74534740427998,53.91228005997567,75.40258862669886,117.71250544968326
211,63.37928031445229,56.12286123302886,67.74553332573433,73.96739811963519,48.612037700957856,93.97769655104074,119.9712325291417,125.66933435852057,55.383723970621816,48.36730302795856,25.5910599722111,34.498906742914876,78.14956849070202,132.00099957213047,161.88596170426433,165.9468061034737,207.6646357519457,241.80694444314986,197.85370979879264,160.34131237494103,166.1722996177888,142.28050437019255,159.27143056559083,116.43426626491441
212,64.96006941803367,84.35713991881357,76.42798783168767,65.39200936739745,32.89895714492579,71.53515869144667,116.72254214254245,97.03892868588895,74.2726355753459,22.211080299847282,47.6391563317342,52.98630706809276,66.20768627490483,32.627806596044664,14.574356080625279,85.71214205286908,166.41514864841298,170.87754505584954,139.5808437172382,130.1206425386212,131.4971235492049,143.92589147104422,155.37883386957014,111.07498062512738
213,71.18554376668004,116.13994245225608,82.02131960827751,112.45488448321385,66.85133519483938,83.06885417905676,108.66503193276567,93.85683945374251,85.72666916363033,68.8223497186881,92.30910848353898,84.74492023937272,83.31318080168376,113.09309958554509,114.67207006295808,131.66238515858092,168.68341330474232,191.45286928957887,166.28955699529428,57.66355210047767,95.284082354164,67.40211160487912,100.35758394501026,101.0295629896765
214,75.68751408771263,92.82027201609941,57.846673897509945,60.38490715209636,68.56095879055304,112.35592579025956,137.34304571761632,104.91390205367537,98.74070214355748,125.5959473727262,101.48484449887576,118.05091355253508,112.43937996402506,141.60304576051112,107.0790095039562,102.95544738141932,178.88979775270775,209.1326772808619,181.09075877740835,133.18023190466354,96.95806095343235,72.71251108271349,101.33654749893286,132.39825744668528
215,96.8997754689714,60.93218988022796,35.266342857052706,60.13194870130414,31.19503767650815,15.198694544062135,50.927477525457164,49.986047969719706,99.02936686445105,75.73659355333261,102.2422078976588,96.28714256808014,123.7660244317082,94.48532127227936,73.74419440332291,116.6913323854975,99.5908402812235,143.2154688272825,166.78467794313488,135.55006322703719,104.76878949639469,93.55820396049538,53.84781519605376,0.5861180959532959
216,31.676763640456997,31.429305052026372,41.53668346489587,52.433150559251345,41.67369128906469,55.93404724794229,119.48504768505957,123.49763889337424,90.97273960836614,87.08557932889535,103.62511641626989,130.239458247558,98.83556366048698,113.27057374173353,104.4559409003355,130.44981847113772,179.97848559776128,163.9543145957887,160.75739381552455,105.93939073706493,88.59853111092565,94.91046191190503,101.07486305547047,94.64078274947036
217,69.40934611983378,29.54260969901523,-0.6344271119942846,40.480198292008474,23.535485784850913,59.698423518872154,69.02363881755969,69.05375155249973,124.43270188617427,127.67062301131543,63.666356373755406,26.1499369959527,30.821995160972108,82.75486789748503,102.0389875704776,135.44533564661913,148.56261836719062,153.36928160645317,113.59726435963935,55.67722557743218,66.87451559245338,135.06598935888178,129.49676439502,104.5755899689201
218,20.85986881156704,52.72562069717913,72.10589712227258,38.02975381123938,48.12043166205126,32.205192303028916,40.77324500743954,68.67765564935333,61.55648956011622,112.71787807668049,111.8425439936786,93.9001295213829,67.40088206601651,76.06653652687842,66.917133399074,107.04210656829595,119.88874863143782,165.01526842595413,103.00859373719096,54.838350627873076,32.77733745956874,-16.007193501787057,64.95394617341182,67.25078006726025
219,40.342508744401435,70.68888134934694,92.39602189874844,53.633264191863276,71.98311683879004,67.0194670224202,115.63092282398304,141.0828883843669,149.49987131230031,128.6512040318866,114.00266307554958,102.30269668819557,63.249796281726375,37.908171811555974,20.735299215753585,79.05376957695294,149.4302866604834,155.20052179455647,88.77834886396147,59.67489883271439,91.17303430228635,113.30595266719169,105.02666239053762,82.09594806707366
220,0.2538728352168107,63.57459645217604,18.986185852584157,65.4522313086183,62.397176723926364,60.181934067789875,90.35269852204796,103.52940457668971,120.43601247521187,92.15089604148942,74.46349234831334,72.0870409764785,57.12026448409218,48.13115568002485,101.11877921087918,158.10670851700922,197.3588396571711,137.52936489335718,142.2491359350362,82.63126120431845,41.633879662801064,64.06577996783199,112.11073771249647,55.710974236782945
221,46.419539188270434,56.28902695904957,47.445810399646916,107.3325744525369,68.23303054767625,52.13021189293674,95.63903047782676,101.86905902558789,99.49555275122887,81.11353140840086,59.28007393050396,64.65382896349199,98.70633335240521,44.0534064766462,69.78448642958048,88.96790466301806,116.66133181344043,131.4592867539428,127.90107964620825,92.88337074770965,112.17943147710135,85.09149259555593,113.38155769859647,91.98521032716667
222,55.051471273311485,100.31481616780745,85.3044063455815,139.17372545057862,77.51573415929127,65.33464410411177,140.7439678435203,101.79009569229615,118.63544634453143,112.04680671633474,108.2661257754317,105.96757900719754,124.97344630108397,139.32414188390106,119.30303121261178,139.2036002920724,110.72457879370965,164.10126504240264,124.64423962928012,83.37086317381576,100.64766304983567,136.09531423552238,168.18678819526346,151.53629017222883
223,91.68348543815188,112.75619859912501,72.08926366456261,76.09180142153652,58.09017236063667,59.07381418373585,109.95205888161654,78.11085936586741,38.3379446419421,61.632188864568526,39.60564009199715,62.6743151756868,98.12397545499677,118.28662136422744,126.20025641108077,112.92642570030476,155.50978903023926,133.09474560018378,136.98096071031392,103.11752487246578,126.72871470657749,61.82809730762205,82.56328423092845,105.54593307825004
224,109.18550927418883,113.03295295338403,104.99802349082778,94.19700931518882,101.36013448841214,92.1238653732372,114.53689585223056,136.08048427482174,220.5454822451164,129.49927358888021,98.2910335507891,128.92832559339215,91.92464076523903,98.60385103088511,91.05794014713527,104.67844110665933,181.3302174882849,181.2347963152703,190.95979450279805,115.14428021604448,131.09210865520305,79.61173696822289,111.83719567114497,118.79836180774015
225,46.507505973966616,37.23795201502071,-4.982394229418446,53.80105309542229,55.30961772475398,107.92310344380853,113.93573832899025,101.14791901593303,91.25425508991941,82.00828884455892,121.68256432273867,109.23681079943472,133.67179704854343,107.09533968452617,119.16438235764201,168.59009939719147,189.0150572871068,171.59710696289687,154.81092637289305,135.39890385021988,99.76716652513394,126.93385985055849,138.7248135238201,100.49264335306835
226,114.00773673974919,107.19389878180618,142.29888912984163,103.28103477375933,73.65855632348106,91.23182382584498,129.91090299142758,122.78041708964862,61.145615087674074,71.25774154762252,49.26831523673751,68.38081536221351,49.88192496415037,76.67955542258636,56.74581677498952,67.6979371196161,158.6199743024602,124.86549284037734,119.89523664917037,80.49769467749957,126.63068260606326,116.12806213782132,126.60449975308288,114.43678218988099
227,72.71245447250408,101.50711129052775,89.07650526749188,40.13240371786369,69.92648115231134,79.23038958588941,91.7699064774492,94.77769557015421,91.38367271099192,75.79035646712028,79.8158984522095,36.36667328241889,27.05441028944354,56.62146954977494,33.10400711911371,83.61049962444977,130.82072202707772,140.3830059481483,126.31814579572367,81.88976355563446,98.62495109107934,103.54130903810709,165.30877473600592,198.7049976364028
228,28.63372929646677,59.47685737633927,88.16847977506613,118.46841184026562,93.34037028505045,58.44394955647701,84.90314086005397,75.38513196339048,100.00170666153426,149.9135105533927,120.93655237583415,110.71306501721502,115.57201019129606,103.59366151638673,128.85388073190842,101.2566427433449,158.561873723929,173.78452861450353,146.25005420726717,104.02070341635388,85.27223446392138,100.45188810572294,115.57144510078358,97.1334937311025
229,54.468929647438216,58.29246115715719,78.68410182062246,42.99701524743098,8.12474595856527,26.08821865047672,66.03171049723494,71.88537729989083,64.06743414780988,73.82752253977765,49.73628050762848,19.049342787142038,13.021359279708307,36.931758550761266,52.345470002455684,129.16566787232125,159.5715426730433,187.69976824102122,170.66044082720862,60.043217623210005,113.80997476002972,94.85992505292856,113.5126476323863,70.9897161348523
230,78.44774163320784,95.13991282614874,93.18732449266642,117.39274223270571,99.70818395808975,102.75519389669459,108.13923540051117,132.99728166888264,106.386607530389,78.56249408341715,78.75507731252232,60.93889279877688,101.67622762577994,129.55144770948905,101.89200919457646,89.18997768000966,120.28382368856309,183.26801029323377,168.6475124199743,87.24672977504338,152.61496936424632,146.39724256765558,155.26468095438133,132.7575583198926
231,23.944725123922098,-1.523850188285337,8.417764303003793,56.909872986139845,68.40831517124927,69.16544727898368,97.90721803950773,125.70204216472374,93.62243283684009,74.33501021558618,21.893926821020074,26.7757140625461,32.45505897912325,90.576514534242,121.20000830738826,120.43978683346167,180.98836364396493,204.4637195880832,140.4516943498154,58.104782535660384,33.769184050268734,3.472277441969851,58.42934273105745,85.3853330807965
232,65.29756164597045,61.460803445637936,62.517597084620576,35.10914188041376,9.80766601206723,55.47295004157515,86.78319253551429,92.34243525152924,99.87859725405023,137.41239452683328,75.28732693987624,61.021736055489555,67.44288814913345,82.25343374311761,98.00401891054051,131.064296271825,219.5072598589876,213.83909456220633,166.2989831667578,92.74154183011167,122.77353608050251,120.25937662840134,93.17781258788776,113.76192479276466
233,89.98507124261081,145.5171422176342,125.51433982704182,127.05501719910397,103.0617459246621,74.69943494167012,64.82676719383986,80.43017916061424,101.36823693317754,67.68928447871996,22.776413889815025,24.461693927175865,46.780714104013214,63.07365920897229,32.37082180567715,28.985470513213087,128.1178081775389,94.10132108942827,123.81551720727825,89.35108669761311,91.20797177169146,85.61468618162702,92.83818185486007,110.286413805363
234,102.40432930107656,132.22568753680787,89.65070008858791,93.05396820334741,75.68431999322021,59.07419871737947,58.23633561583139,8.511329712100263,56.66341416735205,57.67920922483195,58.93865842913164,101.51354649147206,74.58792990038023,83.29853421765186,71.6502889878025,109.64895034729915,109.18426623669032,94.49709941659285,125.86421703823862,130.3794794289448,139.82905417139074,154.268582856512,173.7683883713583,141.03155331153562
235,64.64254524267673,66.49488429150551,67.8742196059118,71.52992641032483,44.49474229487334,70.34825852603007,93.91915623912519,115.51907655482827,77.14944781718941,81.69423714203052,-4.1801099843406035,32.493332753839326,101.33399036303123,71.34386688332789,81.52656986082214,64.48040265839234,148.42551105667744,133.53912399265832,138.0772066664932,118.9377465303917,115.79537391627555,129.25251828152116,117.71512278892712,116.60641664688491
236,105.36584934038373,99.44003252105098,75.56058673937775,81.4345216059985,81.31619221201036,37.076475482597665,80.65612049640674,49.791336325138516,47.533688594679276,44.67355198184329,38.81806841223503,31.342417952288216,66.16873136497017,70.85638413719177,84.36588806297372,99.43407445432952,111.48020172357843,117.75025845448997,103.6914028113599,30.207818267850044,50.64049770230392,64.68335042084995,99.88202201503806,122.68064097406308
237,69.93793424381651,111.87959472901237,107.97717497640538,151.05976011334744,137.65937819046974,132.31352955011633,177.7944370396197,213.8608614459227,164.53134200505352,132.81018075926787,101.40998543019683,101.02057679679743,90.19541738741373,55.32976990733371,52.309538654011064,84.2851571415944,156.7756937232284,127.91480460457551,142.5634972107067,90.33765203355361,109.55765909538671,90.51727476458679,90.6054284515973,131.04236221647878
238,115.44931296225386,162.55083498837405,84.86206464294554,64.28735672568067,30.64418125028645,52.61394189383127,72.19841850141043,63.44234653991184,76.17470040999457,72.77917227760358,80.94489974582561,70.0964577023636,41.99894273565894,59.24238613914042,76.07302359632871,104.4225700282268,130.88373933917723,128.52850596176424,83.50809206409176,56.68193393000836,83.62567967892531,152.27422406801324,131.74185211758098,134.8114596462572
239,64.87354560757369,50.17922888860866,54.790053620271706,59.10830491020192,71.65557303476493,48.726203943226295,63.35622969322338,51.67748819870877,84.70589418436019,90.30823330413797,125.80627584103001,115.88539730724837,110.64330684951847,86.2586120068527,95.3817608775087,111.32389890632484,197.00246646974412,232.39536694473856,182.70708308503265,124.48245612626616,116.37968791045165,134.01118120943002,110.14616220120405,150.56689276377563
240,51.48774518077123,55.927117928629855,23.046778989319435,38.43773458418866,31.114981858682548,70.31310022121218,58.539441477059974,97.03459078745142,80.8342500346053,72.72243510587849,97.16331918068518,53.95140124915248,102.28716241809946,64.41806798584734,60.81822429269584,40.40669114184533,118.77284653030173,147.2911787047779,114.61424319569468,83.00949357524917,81.15278115466027,91.27070703749035,98.6299631650702,82.69158997346476
241,51.712969917653204,60.206942050467234,96.3689433712799,113.32120317881495,106.48716444045317,107.75533450953479,110.36357536797425,90.13576246725819,53.4091823341324,100.55218641547171,64.31751716220226,48.32632549320523,101.27596750827381,78.16964721711693,130.69447464946057,149.76681919242128,218.4547527953754,202.5821938469678,165.51860416526728,140.81403079099607,147.83829249326035,116.98939767616822,102.29267346467127,114.92756528925243
242,83.15426756579001,107.09808322881722,48.33089345723174,93.84612295890928,85.19792488821388,95.4121336667034,118.75161283164464,117.02082044558446,78.57669398571697,78.84640498718218,36.949025458995976,48.343126655051336,66.27203780627937,101.64105244103767,95.76546498631053,121.5193251022948,159.7035459762188,166.6051959350204,165.38702241392286,101.66433999892759,108.87618405159354,137.96041469409442,123.38165040555052,158.45284674109155
243,58.84808136123876,93.5860906092353,73.23294282988948,127.9052794336585,116.82350455898322,154.82759147455263,161.9841402587099,154.6441840427409,162.87295965079178,149.77071141624845,157.18227204365235,108.7265813052598,105.95838590857105,64.89772824460101,75.94681413620265,124.84132871696579,135.20189623446703,147.5832762124387,110.94439801674115,66.23673630792642,48.18388113930538,43.951722712837594,81.82090209335767,106.39169427571159
244,107.38942920046244,117.51300974704168,69.00103706090522,77.47166642659998,78.56136712118067,83.11213441399975,59.607443589824285,131.19459093684506,131.15395198973158,87.8410105244447,87.91927675149233,106.37947944219331,98.35945561170502,91.42744577951676,86.58389145858388,98.70737650356065,158.42452752226166,152.32313656647258,142.38845068717265,121.95755211380512,98.81397167909732,70.13820399708663,119.5903638209778,80.76392620388204
245,59.922461076010435,93.40952052250957,77.55618459310536,90.80108170148948,40.95809169305086,46.894021704371085,77.86594262303532,76.21238579423405,67.62475060159993,80.47860190723226,48.17310121849707,94.76690858429077,134.34026732886093,113.31732209416752,96.62485518243034,91.11726410596908,125.02050355473428,146.50753494268355,160.0768020616864,116.43224276594418,81.7434071017681,121.12655933768565,142.03333302883573,158.4417713614696
246,53.937170794282636,31.093673594891015,85.13976303253894,75.39201473509071,62.65962118211349,38.207486796447256,64.66482041224562,97.76196595184227,101.92032398560772,128.66771931182979,102.89282275362478,110.5579212213597,68.5283098556654,86.78397530846566,125.80651112718891,120.10838101859063,205.59784116258464,273.1226308861269,229.9602683935588,136.86113697918574,99.6190984896542,80.64814157433365,98.90287606972143,109.81494951071525
247,40.4773433116124,67.70217772078827,28.062654089365076,83.52748138585463,21.458869324457787,52.9882274591863,141.3738980846991,111.06479642110911,77.68755245851395,89.31549191988907,27.44660083643793,40.52147765845719,72.36186496748638,62.232090146805746,28.324773148801512,64.668639720241,142.08705943602607,118.37614264315084,87.54728407970991,61.709230907694234,92.28540303487422,82.57694096702224,98.26477647662205,82.7343720530329
248,52.94224099700429,54.252054813973416,30.265527193944948,43.20288136640352,35.930546029358126,62.15302402855514,127.95011793054897,80.59902353001038,73.09161795521075,43.56762125399814,35.63233961703128,53.4066737714293,47.165520602128126,70.9256013054665,102.42900615579151,90.60865480226434,168.7996573114116,194.05720492943286,152.77286647748485,106.79547038518457,91.87779545858939,100.08461232824321,65.36352044931861,90.26870353474203
249,41.83940637833801,38.169835571202626,25.120333701547366,58.51794678973648,47.84460254614578,33.522979873396466,88.09511182618445,99.67129670430688,47.96197643746753,74.28242357065334,78.37066687506778,57.96563443529922,54.59126196166945,82.90776618544983,89.69019367628877,116.50011303588178,155.66394867431592,170.16267913003946,171.88840705780476,126.9310262588096,145.50917028909825,113.74794936683476,146.80346510968775,104.9025059006232
250,47.074961706268724,39.582113478044555,27.701736241129304,51.09909464501399,12.118700333594859,14.011085146757495,58.348947081280365,103.78747550521913,105.46088800815578,111.72872102369158,113.98929759870595,81.48704250932302,101.75197202274593,90.50566671422033,122.30984999273025,141.96331544557944,217.6211440273447,188.58312905843476,149.020154450934,77.55332737600224,74.22897713486323,79.145572301373,143.08718669165813,107.50675523138887
251,102.36484135782473,115.87945318070692,116.16388656036827,79.68669217368026,48.06767084999994,65.59571168966535,125.73712182856889,83.16917982158235,72.22128695694973,99.13435032061508,106.77301962297601,132.3288147256131,110.93872080865518,72.62188911540008,85.11696727460847,116.1552167692696,201.7578818586418,147.26413913960766,95.44328159500124,99.83586970421646,88.28346797387522,77.08364985860453,90.10559635487164,63.546320699727865
252,90.71545671994048,69.81870524098909,69.34588214200095,85.55413294933726,83.45844099103955,125.66749581066492,118.09970666131515,96.60780694580545,100.90780194010983,94.649391645478,103.90359258195699,112.22147439309931,68.44060756744878,60.66771519350498,74.37281316877379,87.83391288020361,135.03539756127986,150.3720358702607,143.62453051790956,86.39560668323428,86.08221290411251,46.46507573385723,143.8492266160469,134.57728829625103
253,72.9230279958853,84.25081381949907,43.583805747566714,95.96274303364387,88.77778930720274,58.326718710843636,94.35337987051557,88.82337065457601,121.49919789390904,75.92486932015635,76.40047261721749,41.95526830845646,101.31952399972818,103.28866672747849,63.74826535280394,109.73462235770792,180.7653167105727,157.3296921399796,113.9923943570957,61.04341465165648,127.48105172037458,122.50566449153685,102.95437660041831,120.60616081529767
254,51.17802187340945,46.0118916470441,39.618977854929994,50.45628007416668,22.851859640267556,43.575957274018094,94.06001429992662,87.80708025103121,62.83752998161548,71.20189971975641,86.62762800991527,116.00843495487784,135.77669053305297,141.07868652176109,145.0429830966104,69.48510801959102,122.19052768821652,136.137531986485,138.4595161080432,110.06337337465682,96.06133299207599,83.94041196063083,110.40016246145929,80.71415491588361
255,61.68183849253179,73.08200371540104,52.266092521569504,84.23186768847702,50.56303016549093,61.82877686815411,127.58427494690068,136.17906844729828,150.27235255023544,131.91659375070043,121.77198426447818,117.3280335868306,132.08441846468662,119.57393688339002,107.72770499505206,139.13154926203296,185.0477631817311,220.08038050880276,161.9264446997877,146.2726090178919,167.61619685471084,144.41919489582983,158.97044102715614,144.4798921311603
256,80.66407946577858,40.125141335435856,57.288927542363865,48.77316102644019,59.22345774033771,53.08830169645933,96.32111212360006,83.9305132181905,102.80363513443926,118.64253787230301,87.46338397138074,68.70210986205376,85.1549788129435,68.93526208208291,116.83409798851116,140.75363341692292,186.73101726666658,203.48131801934338,159.71868925173206,87.2382376886463,121.31100552460256,99.71890010461418,98.95313301600876,115.51173703859267
257,11.349664926079505,43.76185783986056,-23.330723120751017,1.7320919198933211,3.461119388233456,23.912106017807098,44.8914709556599,69.89865375695959,73.87396889109603,71.47440611014542,63.48052772418434,6.845608463140614,69.13196090975677,89.4929551098045,157.34426009154998,174.53178192758122,259.2192517789212,246.98349025441547,219.63998055423025,99.88722186012495,108.75680105346471,125.36359258797148,104.70585497400704,155.63968899504994
258,93.28248427250236,86.77641242762584,74.48527013697377,41.52070719971861,23.61514450729713,64.33111603715514,89.35991409256256,119.7005380834319,103.19719176792009,77.01400184403101,90.53393708273184,71.0738840822063,40.05319049960867,90.52893544235948,87.90123463342238,101.9118906090651,132.0270095464305,132.49414389128367,113.82108530270162,78.54001244370578,81.94365899282728,52.46602223011857,30.829588769003976,61.20662750196273
259,46.99529164231137,113.65206043218109,75.82948082810015,77.21680593030757,61.03099102082148,81.43152926895974,89.80585615347204,116.04903408286725,135.3327380061902,130.87201415403655,72.44077235982027,66.63775184210147,84.73417610717772,56.93119734575553,64.54812280306989,103.77884312683652,167.76682773990427,126.97567639837683,98.99001416147675,24.60342524950876,90.32856317911379,48.6086374818229,50.22916321738114,80.97082412946008
260,96.07166830168316,119.99727898923018,97.10402831430281,107.15275069400322,88.2119127269499,104.48811942677996,107.8992727590294,51.893974862959936,67.71585482685629,28.527283468153307,13.927867676614277,50.897182245067334,54.26707918519074,69.32681943470645,112.41947734191386,132.4615279550635,203.2502085784098,207.48391696356063,182.21724494483755,128.24249314739936,177.72420241097439,166.5106974134512,179.51325893383103,148.1312757328357
261,52.4371886551266,97.65931668243557,59.28171144404993,88.50494134245129,99.58819977440791,62.84472645122716,148.9437027497598,90.84818752458196,71.21843735163405,93.1507972646537,73.46957431820829,107.61955437585664,158.24865308307142,127.45385777415837,127.28078031932043,125.8202793587722,150.53883040592058,161.45776326074287,143.1514922162322,95.02530973077472,87.29672547227325,108.56013314443334,111.61204970061684,77.68859933229241
262,93.2898113211295,105.81097573297563,77.67062799064487,84.511345447221,60.039011688960436,103.33597338568822,124.8307503749354,153.42111912934286,86.57333615019326,68.30436689925364,34.24734049875987,92.78734852995206,85.95231900654979,85.24394503790674,43.323785014208696,73.59838948465676,125.93029536789659,149.34922497625763,96.69589517299416,23.710367085132134,77.07105220738526,80.20694555680446,88.86883733570905,103.65576427030625
263,50.095643322580806,36.43273943966436,49.321876270809234,107.52215471744994,118.08547995605272,143.2314353967081,144.8999259075723,129.99428004579698,105.16738566196918,107.97324528916715,63.6532510055564,58.402186912662906,63.29456567876878,88.70888685993583,90.80239594486254,93.73702811856143,113.3772169352624,143.13057185284254,156.35905654979797,122.96836222509478,103.04794722902375,40.107302992022895,69.03609040486909,74.89234480570464
264,47.191438792554614,80.01365543599269,87.31180992602252,137.28309259593772,154.9663350747461,148.865408799202,150.29747366094276,159.99170374979423,113.30419969403479,91.22612951913844,27.508001540448113,21.446771867345987,38.22379533602366,27.115470358421767,72.04875604723817,128.67877932966937,157.4148219302825,140.67269917192118,134.1392101014777,112.19590101791266,154.1189299125503,153.1844289510271,160.21355358793016,137.42773539287268
265,27.741736298523705,63.11158781154719,37.995793389310755,32.58522733257456,11.694204943901347,71.75449620563808,62.81792147270147,47.99325837086312,80.82909652945591,102.15225767633147,76.78445989185877,40.79712465904478,60.910481332625395,79.56932531761183,84.53268280141643,106.55870737312671,170.4661511549966,168.93895877339108,163.34427904829428,50.863106114710924,75.71937751100228,82.7617165440987,77.44512275654272,125.23425426659722
266,74.06540874612483,80.1153002759255,113.4959443673703,85.86073686347042,65.38929418537093,42.51942102762614,103.69625154668933,126.65846683945817,119.89002393009008,131.34774033661608,96.4999083986371,112.82449519969265,127.21087701925387,146.8654699305609,102.24145476270897,132.95234510462132,152.29100384900084,129.33359880235548,150.71107985580386,130.13243844135735,163.6460946870348,121.90093054680742,123.94914481070457,114.69904112847696
267,52.53550234227134,33.526188598214816,24.710442559863964,11.978181079361576,48.6547876486582,97.33249745016894,173.1296394211579,184.9542242014105,127.74068027704261,110.60603828171833,82.93494828557192,63.18875433484867,90.6102529315905,103.76354562552162,140.6083758093622,164.75492839616123,135.45502277464757,136.42625752992214,127.2133374343238,127.31917771415635,139.4403974815457,127.06754476043841,134.5251816498916,134.5562833079319
268,29.541946096295263,9.587422046604715,58.43383191692816,107.1190321447855,75.45084474842417,100.37285761932702,108.52470866483299,62.81924501986589,43.55243186881387,17.236269317923416,-10.376421226032363,18.87361602802323,33.577937815018316,51.64253244150074,58.86716066797871,89.95863522969762,128.8068489599246,161.2329198314869,137.35655840710868,93.09623370621833,69.81845388995012,65.3011574557771,83.32224737852667,93.96518155929074
269,64.05771002057813,111.1915987927402,67.17512213786782,84.11293910842632,78.736361431815,111.05343748711766,161.8497004992241,109.31415047647948,104.06468740198872,120.76300090400713,127.41627831278443,132.38159706013175,142.96015462744185,148.12726375113562,131.43750472001375,174.51804508641203,240.6419428384709,219.76217101691455,237.16634279881225,162.97727910403552,164.38600678972713,122.4296997710432,114.92772991777308,143.3360674371971
270,91.49489298816343,67.22304610841411,62.43643552771267,150.11702250378798,110.93523023143248,90.73479497294996,59.070215109034464,76.76201916998309,48.42040218577181,73.36075798074609,65.85754988207715,69.25372032777524,103.69382267217675,156.41596952707084,141.65348776255777,127.71872085912581,174.34658398798967,162.2657702220515,122.14824844594654,57.88937273316955,87.0301019586563,55.29669627947257,106.77297252039523,77.71006906508859
271,77.87873459631393,124.12900718615285,81.3448739130428,82.00637746807381,70.79105705068753,61.44046425810237,99.0525283724181,109.25766800456327,83.10343956164417,102.42281381867903,78.07858232511778,66.94255108512081,70.90252461925178,88.83748390173616,88.55765942096224,105.32855114487923,132.0076498213455,139.51635344902292,122.1746369534167,68.07109365904336,28.15842187919378,39.68822727166484,51.96468132273239,75.07126880801702
272,45.131456790868896,59.434524843303855,69.29938777095838,101.37430311300692,63.32791429073268,81.52863298242254,120.01247994514486,104.55521657343563,42.98285056438818,46.503971029728596,-16.418897392094465,-17.200957838655214,-26.98466874867539,7.295770676194849,45.77813768450943,88.44345782572893,153.54237597162776,140.53856432128805,155.7554583266373,75.45596937696385,48.10369565730683,48.18335479002553,50.05761425913009,83.54177682392694
273,85.01525026553468,91.76334479143479,58.34599953856399,52.23203209758546,52.031390429296394,103.71731697408802,118.9136177300444,105.98745643779974,82.36282755875635,92.4985445788665,132.04701815385405,127.75446836266883,94.76611673446003,98.73042216002611,86.41678725319316,97.4348066296153,177.10167353732106,184.1571903925156,124.51051999326859,87.84142448216235,103.89630477038438,72.12103781808545,100.83353913811618,109.9316049535763
274,126.99867717180214,111.52368762050683,83.37964010757176,123.19223059427065,111.55528835100174,88.75286145327367,114.13548220140484,90.6253128679884,61.559802644260785,71.45471491943027,59.55170174484285,101.53968748841491,134.88173315647208,95.07166956529055,143.77272009485662,109.42706353889812,197.96592047132833,148.50181607705926,129.89416144029923,108.83002365928309,111.41340309999039,80.82551584928062,95.32887217851027,130.5923336557069
275,119.09860751288423,103.49611990467037,126.0740015111416,111.08823009187114,60.88112949299344,58.30784811138984,107.27255411450068,78.25341055873102,38.23846491667638,56.954988993441326,66.05321890683058,89.04570166887879,109.31547284226286,115.51544468600827,94.1747214533136,121.57418228980072,184.9237557403017,167.60616553141358,144.5286236282539,122.91452419230178,135.39313183280373,171.50794918609193,131.19206872777642,121.90723791075476
276,59.78153502838791,43.59018647116574,62.3656842191299,71.91727662300494,78.11058555152917,33.93738991655431,58.52295066847278,36.35013369100794,16.101845001960726,25.395473735584233,4.955392376363648,19.67632117893602,43.921477592764774,93.46627583282286,108.95955628269442,121.75575155426519,212.86306103253966,189.46230162663122,150.53761671362923,69.80279391819596,92.61926439058516,113.99240476278773,116.25660583858954,90.3976013753869
277,26.797492737518624,58.03123842590994,43.40802961758277,71.75602009468838,51.99086163011195,80.75895910036829,123.69408200593418,120.44234017217613,106.87481193240902,95.21808769913451,92.86011508542188,83.32731823738871,58.676983255513164,56.78229828749166,51.29385440446808,77.33905836398634,101.03949212702373,99.06537661906499,93.6938383544051,61.170039383665326,102.93533786386992,40.46483343439912,91.2537718759926,79.34257161997255
278,78.40444270286682,136.92478780942443,105.54700004854908,128.48474785001906,78.60374301397592,91.49538711328827,72.42063877772085,48.57259034335398,63.50643273099261,46.20293639147474,24.04976197482084,41.21529406100911,52.93026013830472,55.46241630609123,84.4673631373162,57.38268913816088,160.74563692945395,196.07372077824203,174.5180081647705,78.32692021799812,102.63927775307812,126.76007369503223,125.76006114544964,123.23759134512017
279,100.91857380643464,89.52912121311856,99.735910549979,98.6855405619881,62.798901549265835,93.90250997041258,127.81154976936591,149.37554968294924,129.20700884186815,155.58854851797233,166.53488565142243,146.1378933270842,159.16672323944925,110.45439045834317,138.30505924068598,133.92943121848162,177.17898537498826,148.65835376088523,152.35340215233316,90.00402489906519,65.47861134796756,66.87020367034997,127.67270830778693,86.7245290734765
280,99.28917375287725,118.15712947043318,140.39001769508334,146.7519896166785,121.84855774487465,114.64389472312497,65.0814485516716,140.8171617151288,121.82888253884005,80.73288235329545,69.14954623817984,90.95382093509396,96.92719481837759,106.94574469857596,134.26571208890311,114.02564632883755,188.3284299001307,141.9868377779378,106.24219333108728,31.524562167918567,53.6426647615123,76.49673913589837,86.79986825030865,115.74882384793717
281,78.96514674775108,99.21484007909511,96.02784551244517,103.43013531004306,103.9564475844544,95.37572685137266,143.27028017393218,142.8773813514349,119.39002459346533,129.06601993093085,84.10087897236073,71.26692763909129,39.84786798478817,93.5848237941977,73.32756258420869,100.69628720593163,154.16942839477304,111.52529356874354,91.21334376942879,35.611258657166324,64.46428097957653,41.38256537320299,81.98429891064613,-19.155605358131254
282,53.902109812496626,83.65781380477215,94.71332976087578,63.728834954816506,81.29481951951321,73.87103903629577,60.74580192602966,53.17115301762644,47.62266759622899,25.17537607400186,25.42739377360696,36.92309994827996,56.65002270878204,23.92967311056959,69.729831087547,95.88258223048355,128.94333835133943,194.82843265744168,162.6802480280793,119.56549199748368,138.82733535126624,133.70339073725927,168.60864927692597,189.61074817398065
283,132.8977366931844,100.05259023362615,78.56455221720594,123.85747411674839,82.53252606173263,92.29271824190494,79.2468884917943,127.75576449295309,144.71789131750933,86.6275260747681,107.30545356943642,74.165553429793,94.57494479287749,84.93654897894461,70.0121866142588,125.20912769972185,142.16534546885225,141.22475352001246,112.80665461711024,30.046314842549975,81.78955439165772,71.69046864075663,65.66651583232911,15.973050511237517
284,74.08479075165036,57.2978363524276,49.41628048244946,95.5674009224236,24.648965718312766,21.59489025760596,48.2266600104712,96.54106294426184,92.8822796613147,88.23943650803896,58.87958271558098,66.45337155802098,57.01298736654806,92.32547500233073,148.04022568958857,145.88202727544598,177.26937381106285,184.31664067104035,149.3153029892342,119.3268903705998,124.90665787462234,179.34948993143905,132.71833405995895,132.4993517369864
285,90.747088975768,115.61719660036114,72.02413358619943,118.03717856700075,130.28453155055576,108.65506811601279,144.9207957471659,115.77204237482975,62.998748541448876,63.17886548785643,26.737223100223055,26.416223880351126,17.015446090752135,48.96112593252002,45.15445654067896,47.28253073061914,134.53097459200333,142.3025650443218,117.8047149365162,114.67024440577542,83.52590160581076,61.2347273713617,57.2983416077376,60.96031915474765
286,124.21057417297246,56.41088986034285,21.337378815543055,71.65646274971003,84.09557612955285,77.89155897510622,167.20405861773662,144.61373339606442,136.10674523119312,134.49266241305742,102.40049163448599,105.21064402560586,62.76383456896193,79.83838829756603,72.04737214529231,80.35661658497067,124.08916395546501,143.26124906280631,134.4845036842718,113.23052843895475,93.43831807519139,111.8232596380336,90.39899465121925,38.187446029329095
287,98.81103178963852,89.04562577285651,-19.3155435976699,5.885220851446718,7.978734971137449,6.007123572147194,40.08602026043978,28.823603612856132,58.84329851738542,30.99978906198625,69.44409076780457,79.05803997724666,66.14550724065344,107.49357752766196,90.43783507367361,69.40674228004039,183.63043804908256,152.78234637969382,119.8315642762676,72.58272370435066,130.41748383872428,134.17925078005328,162.86736536429646,145.3459530042511
288,122.89336475587629,136.1873398121205,106.97838754559997,83.8200860612838,76.4487949665786,88.55348455452867,124.68115374360602,111.49886433921762,115.63845541019212,64.79858651335513,54.208129506556304,86.54953923244845,109.38854755240231,89.31713478181689,113.01290877094165,112.95029843788312,114.74353669189429,93.83149273534724,88.2083956039954,79.85752357104128,119.68702412257412,100.47471258155825,122.02912322555194,121.22632978104733
289,81.06189053596349,109.79659928181084,89.3470932918571,49.85741843948806,44.22147085822017,80.88853406280468,82.64672271111083,47.910245832767174,37.185141137064846,25.05515399686577,49.27619740034604,21.860914243373855,-2.030682656905711,20.613019629018055,-10.533098653458026,38.99371307260817,90.53677699671714,156.67558130925684,131.60733839538355,97.36183551467839,135.43194207158768,143.35685126990109,142.88071520247394,139.8539759604075
290,71.24786098864004,84.54471499628045,37.875955857877805,27.877203096106427,27.841923576576903,61.80347596058224,84.00755432182397,50.46743783515922,11.934240678352495,39.651399315755555,43.44643651467706,86.3526207025702,74.6575828030798,94.10893307099361,107.52768258134705,124.28673408497855,164.69376709952138,173.2776934058589,176.50102254760088,123.80155313665594,120.44053947807672,55.209972603992824,98.67566260090025,87.8263799020805
291,77.96030262410267,90.16032305507015,105.71676448347344,166.19350719543178,130.7846135013097,185.38774512107733,197.8395047392919,130.0077083775858,117.13167322377149,55.89472308573769,33.07136074184913,30.38841077864582,50.83549905841896,104.7800844539297,110.2608910293147,132.5833627202729,185.81582841617413,159.57919563740288,118.60408678964048,80.62300846241631,123.05599746102955,71.60936579348781,131.2276763509503,130.65734506784662
292,113.24009017025836,85.24161349592441,52.70434255960471,77.54461082803863,77.93789884803367,88.58396919704212,129.70637643902,125.0695715539864,83.92663615031026,73.77898684009782,92.42243971559337,104.42898912866426,124.99760931650599,96.91219355990086,85.9370187392249,72.70005015382243,173.98555533054798,132.78227416006493,122.26129754645825,70.64699792965784,55.98550745964654,72.71678316579451,108.36875545131413,140.83623515092066
293,123.69220019383968,70.82515970077688,69.7785791272814,88.49723965695236,90.52717882903096,51.891110144608575,114.94546055788439,103.43497352682591,95.50365011872033,86.9063319301612,84.73745177019734,91.70538353197762,120.83470345351041,86.16479336180481,107.68830743370509,92.20884584958822,158.59148282781902,101.07383945369686,81.08050394411515,65.99175261790086,77.02623565302937,87.84724823205144,84.69268098916541,120.1505883536966
294,62.55622896536272,102.86315531871651,110.25032623019453,85.81971050631844,26.694595267459952,76.72242033381855,98.81258744236108,105.67515835265228,150.7521780800281,127.19420112252863,132.01210430839134,100.70005870891953,99.65062101058818,88.76483783186183,111.32144236869658,151.53400399108256,180.51477964628907,197.99982326953563,117.80485340663031,70.68263737886538,136.32275119188606,113.5405223647398,93.15247043205025,87.37569209922714
295,62.286740437982616,56.19297444410645,30.035134750177072,86.64121106277781,86.37364296842213,46.54433575656745,68.43280242592883,66.10288889910728,36.69500960010911,64.96821259979535,67.36176482003094,41.30061742262139,41.492274769164524,52.52362308310936,73.66081447271344,140.15932160681348,165.89185052064582,144.35804511919437,134.69310934289717,94.28029617484876,70.37041989586764,95.64318279539779,112.58543309365592,87.57929781840204
296,76.53176813102846,72.16394888288752,32.27018175325233,75.82290981383748,63.818839512000125,121.23044541503108,121.14180848241617,122.37896652505133,83.68053733850186,36.375843670052625,47.91820201352481,80.32963194421522,68.22217270130278,110.32851345891532,142.36378352466213,161.42391425377755,185.07662140328816,182.19290696319723,121.50564728544344,94.42970910298739,106.16112925616555,33.0116697805564,59.277120583075074,75.90172418024369
297,64.93731120388468,58.99850225365895,82.8064129995339,88.61362265850086,83.90500984680696,101.57030116184211,134.39685899609398,104.67113143973074,78.29212742930065,58.252683868161434,76.00622463407458,77.49532270777665,73.27965891613859,78.16992297098497,60.006762943976184,133.72728549744483,143.96435550242035,321.1259929860101,199.04985198973725,104.02004826312768,88.21831409817129,79.04190281019635,88.92322602539139,52.885699072480364
298,49.6970450538054,51.06396764733444,67.7639149994174,73.25719526445914,71.81157823265195,86.47127377947588,79.54555974595655,104.93702619335876,65.06881189197446,91.33566356331409,106.15122793100454,56.1274029048274,51.6556335409788,67.29356192011939,100.16049366051418,76.85604647527342,134.34389597230003,152.34523501212848,121.76762490204517,51.02810465255459,45.26739948817958,86.75779242761483,96.52335709862164,62.0621880897122
299,114.3197668145227,104.78118226667657,96.97952061083006,72.38573797856517,87.60441024455417,86.62767510235449,128.08832121081727,105.84027761320979,77.49374862373007,91.36600450948887,93.66120239934308,46.89385583580243,44.948585413500055,82.8677155071772,108.16798625072978,122.5090470782184,148.72495969835035,137.54800708574467,132.79472731981443,43.723096393597025,44.54939990932975,112.36574982990753,124.67935045151233,152.1345668852224
300,87.75083918751291,94.90262619071925,62.74073012798022,79.75530020175795,76.89669124907444,74.58188542139943,139.9365759776914,131.63988700404764,137.43565476515093,92.71873938025622,100.04504692110659,122.52013959941705,49.93930466629806,64.27961119163362,97.85168439223585,121.70096345948238,139.93017795844315,150.8056161178664,156.5180021373116,132.48623620980482,127.52230546057463,116.24618695667368,137.11340599009972,139.36039046354614
301,57.521771400011964,64.51440787250672,59.24244899375593,95.91456541390392,91.09506332249333,100.46481376232632,148.94171604981779,128.78651563199287,99.56120580927568,86.8777616537179,86.23199315656271,79.70609525105749,109.3256944279685,125.99416849962704,145.71348363787018,128.56339490069584,134.80134566687812,182.29875074923726,148.79729834568246,137.3102272436011,121.49294637757208,120.05573947430355,135.3463512571849,115.68168725705358
302,67.42939966694753,65.5537906120805,8.078432951965176,-9.126518941137448,19.941909794637056,57.62634803092675,56.16042061945315,51.26183224778827,49.85718476862771,55.1648501467545,44.83144959104045,61.618699047283755,78.64251012577093,81.22896311620762,63.547063421673535,71.11553182196695,122.87155469856405,130.4250215372443,160.3646367661755,82.87077119926485,105.63698590066403,80.42426513677059,112.67877552163357,90.15025919529839
303,72.48328566159394,63.99947927594138,68.18271016854604,60.01899286924866,79.51452155688376,85.06901876880755,126.12550179622832,114.41099060799128,102.0202588408049,77.73592447783868,97.62496492638674,71.8856336950834,87.6956674125323,101.45700659895749,99.08830676010369,131.69365975707748,158.35854940720213,213.07427198973792,169.03182721217925,105.59983239864002,130.62553716918507,111.38757000253094,101.49167767321886,30.639411492571213
304,58.49141131474485,62.40164030536779,106.62358844536433,72.3897329290694,-3.3741167157406835,75.0967354814973,125.6803383486472,117.61640225119623,79.38615043359077,55.895623772781164,33.90095229214823,43.78957093852005,55.276648049478894,63.57895961518986,95.53085998753066,88.33817104383726,171.61238346271975,228.9328486051785,203.4320234502256,148.00856814132968,130.00507670172635,110.55230632217197,147.99397412153155,149.37925478757586
305,45.91504498434291,70.96824949320563,59.93234928520899,82.1037832756925,83.4569351615738,43.38478525528027,108.76991655215673,128.28050186712306,97.45783158046444,106.08060764646682,155.1898619271031,145.37722340771435,95.7754162598547,64.96038024586456,84.31821350895186,116.5670309760187,188.8086735992627,149.99960011060915,160.3781841273114,106.39796320160643,110.7483228238787,82.36485372325458,107.66878328582011,99.80775492490955
306,114.18604010590968,74.05403419133035,69.91935421885765,54.17777763931556,57.44828135431595,74.92608544663116,141.37384408555442,141.17256165791767,70.29002530880047,71.47779108503596,49.750088938382746,114.89192139670918,142.6791853075282,149.80293280097197,144.096619256155,143.802009067443,150.86796528019974,111.59522347599162,115.58439236785367,130.62913134784583,142.68893070734305,136.9100764834409,141.01034796542677,130.89070424798075
307,52.371794907395376,72.83588287414192,33.9475211047174,55.9178264635379,49.286527902949366,89.44706403394275,50.705653302774635,86.21842368706753,81.65255179311218,65.6126550360505,38.894925841448604,92.2262876487633,110.48503355747977,115.45187507719379,93.648876427882,136.7485939275469,168.5292852027217,148.36430379990318,132.17557851967493,57.380675141122595,84.45542016911776,96.44837824668437,102.61560355075736,135.24000213199957
308,46.64424207269603,87.68891408787711,81.75090759484154,97.1658074613943,88.69470534060889,41.73762054145406,103.01257278295724,65.51936333785784,73.63619186132725,83.55544460594808,77.69785679649938,92.76341655958348,141.02921008559758,131.3674842205669,128.27870721924413,159.8315483056622,207.05682828129804,207.5960188297328,165.16968596548853,84.84797913114244,71.4250408363828,55.369453104318644,109.46258169444178,109.3969680839777
309,163.05306990496,166.6297753188948,124.006663493306,71.87173816126024,50.641129605096424,70.05814291275354,72.32069446197076,109.95455919766984,118.69632354973146,115.78575350464828,101.14086340137652,120.49312724618379,115.37065868455647,84.77154670810211,89.92137870272053,118.97738370801761,164.0266166296477,164.71013465181485,168.19241686104493,96.83843524556218,132.86902799675727,161.5976164150007,189.82022358354396,143.83099611042422
310,42.28774343729458,33.01441512564723,33.670175177214766,9.58261259194694,-3.8210186471552845,28.757405364433225,51.094378019902436,72.35957930299821,62.11728154097124,50.232780975595034,67.82688825093598,55.51825977914896,83.70206064886446,41.372710380564165,90.69048926785665,127.4206432602124,132.14715377008474,119.01990671684351,95.54066292474778,66.87546314672063,39.03567995784134,75.8343182015783,98.23135074242363,104.71478212225408
311,93.47318354971966,105.97456263262247,85.25144380109046,118.15642181618452,100.11275310407275,83.4560385249998,115.76269636458728,121.67417884521934,77.8909796403332,104.13074116780177,96.12536317296191,95.56506631681498,119.11005823016811,128.9274383149963,109.21800549456071,144.54914920231596,175.65947783849467,174.18955629299768,161.7898586648015,102.49542539418601,174.4954033067489,143.8351053731856,122.04982448775215,106.86288114625287
312,72.07681586707606,72.22753183424152,19.416047266398266,49.874787936544564,36.88580363853715,28.667007404209087,72.58471649430876,47.44454386404493,84.81951164232001,80.54737571162765,42.17193176801922,1.7833171444061549,13.83293721740688,74.45814723788072,105.30765024880222,129.92345112465065,133.79866137944654,156.61835393220835,136.30564852827843,83.26965332462144,85.4809695609089,69.61663648002119,78.17350590877268,121.82768459009543
313,88.79499145806527,109.27099151489001,82.0658447939164,133.60468302517444,108.24495113047692,90.25620573769937,143.3918531825889,143.75430475767826,147.54648852833708,119.1401672041549,151.64588263843365,108.0179034169922,124.57622993579608,150.55918017323188,120.17894279301825,123.2252694194777,142.18604100780848,143.78154040829958,129.2292595563333,101.77477379762732,58.535624333663904,115.12718801579145,113.80399609668905,89.93499330452202
314,25.10334660400413,68.95437107864937,46.165533984937284,74.43940419470721,98.83262768444632,90.09280310754833,124.13207578383766,97.82648815630579,46.709297524210456,28.76275232851671,66.943035154853,217.09196298570902,156.01868374261497,180.47649024946836,145.8774063507388,151.0671405315922,207.25886976794214,130.6008476871273,127.5461154291583,101.91653777872371,145.57213061510754,167.48931282229856,159.21671420891187,128.97281040088296
315,213.43977811321338,192.5712735316034,113.46796903277962,92.94963342444461,78.20942046270048,71.90698438503463,94.74306764611187,74.09222185460575,76.42808862150969,45.75854032338098,22.934706178343923,38.6192354358073,53.68798145996512,77.64738100056442,101.56966415652441,129.4457051394556,201.05246858984552,128.84286028123816,90.70421405051084,54.24552905393605,52.32228460049391,105.21170498271451,107.57446830669983,148.72252262035556
316,54.11604945507092,88.8112570866979,76.71897901582372,76.90779574633115,112.54842816821328,203.17043367804234,195.55785523053385,124.60498424323433,119.32970844267918,130.57153471277883,130.1080846957427,86.83104032184161,94.09288414474217,83.87874401810606,47.39717885940622,84.050385095712,175.8017124438557,126.37285191997701,96.43474833552182,52.26093305607193,68.32562080354094,57.66256514950982,67.25107408590665,39.18982252782493
317,123.5665129177266,59.08382267278012,29.261237650812532,82.33020390602897,41.93946918097167,60.04597542511837,61.51930134461624,82.66532834152319,94.03044736260391,73.82802190437093,101.71783868447628,86.06771224533438,74.48350806291404,63.25620364046182,68.90631333886576,107.72581692274514,182.81462481634014,138.69154814188803,131.72567133948434,80.04334750345427,89.92267676446856,98.1160279666264,142.89237761439625,149.08119881746828
318,65.17800980671352,62.10876105967047,64.6477690195432,98.87294080291161,110.39254545327505,89.91345158700099,148.82705949511723,137.41996813367942,120.5899274219218,116.91022652187974,89.16421433688514,40.61186148482651,98.88396984834105,84.14992016589609,80.58952238876122,78.84888630743295,47.52129871312029,113.88969333230168,157.91636510332214,77.78973305623967,55.55247169770192,109.45004554458134,155.0697755900045,130.0969774397698
319,73.52884685106073,96.03902469356589,93.97865371288472,113.80225295002447,72.47517677730531,71.33444932798406,71.47724717552256,34.82116614216494,47.18691568365141,62.59520765221196,40.30701331309109,25.849869578469097,63.15129422340347,84.83030124577655,125.11971406678279,130.77476315668667,198.23512230780673,204.93776654707332,99.7260070510448,48.40387810021555,80.42510613244026,60.75917204867876,56.05494896411358,66.82187838884317
320,107.9211635071152,99.57165606437052,70.96498581160014,62.759544757541164,62.87503959286528,30.018910578732765,63.507082589954024,86.36031449169238,21.419146514431347,14.854936443810118,26.273126315275107,-2.5728395260429124,27.939518324576795,56.99362458335611,34.990178441215456,65.64672516347709,121.53833213946496,132.85028868003357,153.14455925883573,157.0837963741425,116.48002043098171,96.23473721635511,102.53048755249029,100.12193179862928
321,187.50723907928443,133.6514326050704,108.20820279230318,118.89003005791082,119.01773251748013,89.3993565767653,69.93212603951237,27.1018357029413,76.62841968551399,7.255122884639562,18.108705608785954,95.59091282944337,115.53811379770019,68.62361629129111,110.11870295964943,127.9351158173821,203.98795016077756,228.66292351630577,183.3792706119589,121.7827906544967,135.21689641443479,107.03372002513647,104.87649392946159,121.47791400369665
322,103.19826168506398,94.57982046208603,71.58534356528952,99.3470715210404,51.43056766888856,103.45672328481902,109.61696193030043,114.35796313538789,143.74060267919876,107.62131546534562,102.26628837034956,95.17584386216254,79.30112205097205,123.32937443923728,128.62660379629313,152.27983846237385,182.3323605118744,155.38328754959068,155.08872573732535,135.4612258652396,118.6957430039361,121.58269190159831,110.6513128505828,91.22382060640597
323,29.611036662832987,67.46267398066261,20.132737878709108,50.96882219719129,-28.495405805701623,7.173577906546825,79.07896933021959,144.91191942707536,124.64805004017026,88.46087742936069,57.48030523280625,20.48973437869857,42.13418671285114,30.827108994257074,74.03703820686496,129.60746595361812,145.17048569489347,119.78368221048152,89.15380449026677,87.16088059309538,43.745984742618184,91.3770442327193,93.19848158147425,118.38665134648254
324,60.108960102280335,86.07583091015113,93.12354937158749,62.784978838724456,54.69952244945236,30.851830353840604,40.09536330578046,105.95573689368302,129.58298309078003,162.66337518401835,76.24547938258434,70.63398274886451,32.579735917603884,43.816144698593156,108.1701436398784,158.6109251819364,204.12531657978326,194.64714687049712,136.09396004790204,96.56717607373234,139.82069987975655,133.8420588416875,128.22618849039316,135.46175902013266
325,5.392907818013725,68.90310612652604,67.22529158918587,90.12315076055677,80.6861739292816,57.965032567845626,111.79700332161246,121.71108804518194,116.2754754018045,110.1852339295649,119.52360809592919,108.25050689420705,74.50076689517464,107.3368689158605,128.24625222951175,133.25347904256,117.82069535469668,144.47557688993894,129.87531121564086,91.28699196049182,153.7695461130769,111.11651177319467,97.3040100142313,95.33181432360853
326,84.72785388886334,81.14166907096309,112.54045009169917,106.48488618036517,106.64271270191313,83.03364778158563,98.2586527021256,48.55364397902203,36.899583002669885,41.85588224263781,23.7011999160068,14.206612155444098,68.37529272747398,48.065515205561695,77.07093232548547,139.06066471061817,172.43772824416288,182.2947513627082,198.65682578717087,140.68556700730247,138.1603101137417,131.6326719908495,79.58028833655602,87.9824430101164
327,123.16314313468553,78.05466352413558,33.15603426438524,31.736014846395634,16.2782643523768,20.833657899200013,39.90171430120175,45.47466578000781,22.911623063612097,26.12722964919164,10.188992525099039,55.122786363393566,77.42661932507633,115.56964191015236,158.41551768123225,134.1462718476779,165.20989236856326,164.5992793255988,174.99326523750761,124.70759811503137,109.8243655879992,135.46773324504738,72.17529126074206,40.760472348986376
328,51.23172964324552,68.45972374475828,85.01978647055417,102.16741520631834,-6.721568769557351,44.70485750929275,99.97455124709793,44.27731715975638,66.07761409416293,76.9294997291589,95.86530258188468,97.31144735535851,101.73742658213311,84.41521232208133,92.20116235006516,117.2703373700792,166.85228730152605,160.31963352302424,164.26593777914928,98.12484000715867,94.8097287748412,100.65161768997496,71.79709612942568,99.32344387786766
329,86.81140814187869,67.83097582216234,69.19044397362052,70.8670636257441,62.34114655371979,111.43961371403239,75.89271848959355,65.146882093954,7.481254261799975,37.34201659932783,59.46915031280128,68.40318721898285,72.12859895522101,77.45045447306215,83.3488547779244,55.400111887665425,123.15112830607112,139.35104809142797,114.15469321952472,67.90013222128829,73.04464858397112,123.11582474688024,123.75517071873281,118.4949070526688
330,35.75444049187945,31.63148948832532,45.90889194913471,44.26957124225811,55.29381776564658,56.001219078499176,106.36065272482242,153.1454914833444,121.58055525864279,54.90753175617819,52.358341909858446,22.388757442000696,23.610729378957203,10.482349413687672,59.123509569310656,73.89577418873233,107.1949682589827,103.03869187277283,60.04698505609292,84.47520753267995,137.02628709275072,134.2557477124614,104.89182919780319,106.1921978077757
331,18.94067614300043,88.84196141428245,70.30947636374026,97.97468839149974,54.43955404799046,24.841331725220066,80.71059709540849,45.97932459883921,52.71448023840628,28.33070993423118,57.655588560286475,29.834787801237397,36.04679014950925,48.88996974746476,85.45784851548717,52.13464401727141,111.02244027481157,114.72988736101689,80.69753317177302,55.7613088701311,50.1346697080563,58.9199632232535,71.1321659993508,58.17547193835343
332,45.16549227366079,29.632043322041028,10.528453389400923,32.94664698263625,51.82251838226115,71.09437700620597,131.22082590388212,79.46490590983095,83.05772516488435,97.1799733880359,93.05121036115158,99.15837959383933,52.7257086011138,94.63432543230502,137.68956232541936,155.74204468852386,203.00745161094824,197.5531192688662,186.36300788926405,132.57613466700863,92.45951641105918,99.13060541929724,102.29422444176657,111.69467406923198
333,9.62102826425756,53.64761193505126,36.27208285383387,59.9128907302393,68.92022029150283,57.48033767183267,34.53227285416155,51.17408774899867,59.698008646514275,58.129581417154895,50.62535508502245,61.679309930507515,34.03842458962045,42.644900984451304,120.57191241325856,111.5211112418745,138.57643835991487,145.7793495897718,103.39363005417981,86.99921522754171,118.51487757231544,95.82899511842474,136.17177472419849,112.11183353130541
334,35.77377798144076,37.656221883224056,58.0504995838743,42.69335902113755,40.74361813505117,51.12726158235835,96.47346859781928,85.0207815088557,114.07469065023325,63.57324537489207,93.13957170124543,87.30473133391507,83.39607158625066,62.148782855911335,111.60821946686191,157.37093391898054,181.92117536444613,170.3930651122669,124.49799119402618,68.92348873419539,89.98826922262211,30.372628206947397,32.45176472451445,15.651684668668665
335,97.37178130144756,98.3753849803858,81.87525715962596,74.22936099127895,32.8213007590366,65.49743184481973,141.85529957582355,127.78087481178622,104.16337522422918,129.16563697194545,104.46181681396536,71.654254112474,87.15783261077598,77.5558846043536,117.82731344837768,154.94433278690354,205.33999594767226,157.19005074031986,128.7743992105791,88.95374010238892,83.05863284840049,59.743690928221916,89.43861787619375,88.99633876216858
336,76.02059975409126,72.72045191909665,88.44974108812094,129.20450375031243,117.1869875505821,126.8109549806959,110.216788584335,66.95536255972908,40.67442093963755,18.982688662980642,74.52768319145665,92.05924494139084,66.72434428344613,32.20228455030114,64.16501817510488,82.86761103247164,148.26096588936974,168.6447719867327,124.38151662046938,84.61299277021327,85.83554326393123,69.19185721667291,109.60885432030696,85.36280159599386
337,42.86198403248064,35.158732027619926,10.535026150217718,53.323815827515745,-14.826396566730935,49.19053159090166,114.60425761377506,112.84862753355813,45.597262881088646,74.1741770339954,22.121960163008637,49.78284234698075,72.71360296891729,47.19388687424129,80.38721323755584,123.13171041896874,162.68581317754945,178.12420262993967,166.25460432960782,108.2786472816568,152.04983277317248,129.6540979878042,141.82590608460347,128.78937247657063
338,57.48295024816066,74.15694262905359,66.83231077045964,64.79205384673767,35.630621516463876,51.52622189361187,114.65201495753077,108.60844763168849,51.3681033144068,80.1695325279085,62.741501525281066,34.386213781842734,37.27842893850034,95.27383253545393,115.9259009168293,162.15905580071114,195.65868773582287,166.16591959646013,123.19703526933571,63.47241010604444,106.87425177196691,116.9042385850101,96.25134301005633,112.85274094357125
339,19.135083652588833,42.75293534124656,1.095082198369937,86.180934837942,48.75945129277389,69.1694991950666,92.22618977298231,108.14800306324308,114.61865834985568,78.5361985650467,107.32345371612584,110.60800626334841,58.069793493233426,63.53441843082376,61.0209683714726,95.7075160859683,154.21168576062124,168.7177147296312,166.086975028315,80.98694593411508,95.49258786568747,120.20843799224194,109.47760924734413,119.61908591766333
340,80.44772591937567,78.47323488153965,50.77392216143319,47.99974844412247,66.9135623444687,66.30565696281207,64.75413090339342,74.95293348642079,57.46613310295412,60.45861902237862,58.43644063535334,48.226675915199394,37.3468587289954,51.355177070040654,79.46473035843402,109.90722658741551,136.9572271653922,124.97478647245245,122.24477830631574,55.80539745404441,101.59479107886517,51.59602457394511,14.900334910494863,43.09308124078016
341,25.29026079412006,56.890793900064295,30.268386672072353,12.568218805041084,18.238881137099114,49.921073303440025,32.35017256465663,13.196038641861577,33.029851748660576,42.42995201272681,38.936483058068994,56.06492870020629,94.20505045054227,81.60422982856349,104.83469035673605,151.56150394850823,156.83808369327045,173.86983980135867,163.87602581614794,149.1591210554016,112.37860247892644,68.69923512454315,76.8141605694118,75.77912535237589
342,33.7718509685071,59.10734177391469,51.72323721167295,86.03654379179136,219.59676490791247,202.0418316381158,186.7381447798801,125.10416760229415,135.62487816332143,129.07534040252992,-46.314070637130754,1.0074944148623075,-4.030597889530853,35.26545915252713,102.68085809682218,139.80461902640914,206.24860718341552,190.98084397924492,131.02262404595407,103.86793038550032,128.1991878844711,128.87798214807276,144.69154327241998,132.67518378729383
343,83.21577747172329,91.86373057028115,65.96774612394982,96.40101629411352,92.72619080595405,74.50038835780754,119.99305426091786,117.61307693612846,132.74023802338155,110.3907784240992,112.42850241091462,100.86678752022016,122.52711296273007,113.56790891291746,109.3892446017584,116.24763970857862,151.54065299602746,185.69738679352446,159.21580938778615,85.36382556914616,79.96020747512755,103.88624567051878,126.10579358592472,153.6160153319866
344,93.74737741234557,73.42602028699824,41.53139999869884,70.03511877036743,81.71477884615067,88.01944232829922,117.867797221089,141.12814396885372,111.25224329354847,86.9544525787503,79.14385014440073,110.43243031915779,104.48404023695822,82.27744728498061,66.92374920443507,103.05853688367174,131.2715834210336,158.78375429299166,121.3687240288781,104.24022911265766,97.42662921594632,100.83201627879508,103.33641848697458,66.54575594409431
345,100.85883866216811,103.8044350052294,84.69555187428773,94.71455653580217,94.66641433278032,80.24797423815782,93.06564675505126,88.13127098147379,69.97281840938521,66.48976514895955,63.220009899852066,48.34894908923325,100.94253410724579,101.80072912455768,178.23584589706013,109.41009959644165,154.75255966055272,183.38109757032336,159.92169495992468,109.55888952559116,126.03825481204245,97.01272561628907,91.47040126287227,56.179223473961656
346,42.90269875096545,34.11298723926721,-0.2862889338782253,50.91466496284059,42.512569339596695,90.58911481880823,87.04231071953652,43.67795125901103,22.50925682033744,41.14583335476402,69.7591566043627,89.57957427066651,97.9055041433609,56.31395473137559,114.50871103926923,135.61480411677775,205.24580989994794,221.41352364449205,167.2211508951865,105.63403120957209,116.54403221006027,95.53597531005929,135.7789802475865,152.9858213709766
347,92.62734127777773,57.89937134011031,57.371645950732535,80.14728878337536,103.13753579073787,125.72234031219581,165.68578092591218,116.33564624700287,100.20503770647441,91.97592636945608,64.34123594341887,64.16356358841773,91.87981955057488,90.26786436790223,93.08587121760497,91.51638606721147,155.9271722727846,153.8707131931049,144.3431293686492,154.7923492910154,150.4072921902706,116.15772042190702,116.62490369952243,105.71925387197491
348,39.66987070395611,4.230780052946557,29.61459374000799,53.13009858842972,74.6613971279925,97.42446729401695,105.73559119785133,103.3955960034186,94.55363419714304,108.13418247838013,131.82379294887616,148.59660306151198,113.62053823903145,147.29084551523968,126.62085106730277,93.09096495075721,140.0279999545402,139.0097238424898,181.73661810435345,108.0629411573798,89.92125008110412,86.1710721204247,120.61234125709217,140.99705678437024
349,113.84441766594571,125.85226468549102,121.97277428873763,117.51498888899818,123.12545327602427,118.08795885383601,148.6203554082751,150.75455181412812,101.79003744018728,128.5225867278203,148.29670972278774,151.14572964226682,159.37003539158246,170.96959218993652,155.62320860898387,95.0763451965584,80.54358497335002,74.18518228823359,30.348879767909608,47.49447849746195,64.72977932379305,83.49422323840987,101.41430596495779,125.76805526401081
350,48.64368070965794,91.59017647742449,76.8328917319177,81.97106739627692,61.924710004311464,138.27978269560157,145.87437946219376,100.1672412041375,76.48746839908385,30.19309261726101,45.511965450925565,45.309376173848776,87.28312789851827,117.76183793817916,91.28068393586705,102.42134103667901,156.0335183265725,210.2630091874311,206.3945816005108,152.9339631629865,149.42238245389163,141.75895375668438,97.4730942351727,105.27676348164654
351,43.73064076645139,24.332402242394977,53.08027762413832,115.98566804860727,60.61852670303179,114.84483641994868,145.15387601906855,93.44434984793588,91.90189857700602,80.12476560715582,80.52178482501841,28.647135192116465,57.28041969742256,81.54395206023379,87.51912283760933,132.29729153530434,196.70029393523922,160.6209905440903,169.73715351160453,91.26135317487535,110.42955688931816,134.36799486148215,132.9304559827763,141.982107084829
352,145.538140543672,149.3069275785093,116.25447908514509,132.4123613395052,35.43186091218274,70.5804655726592,26.78680266678934,41.030819937852314,72.23943232073407,76.51346869385686,132.6956042339544,125.70802123140749,141.37616645636265,126.55239803695375,121.5386349301196,129.60619598224974,155.04989620128399,149.74203690806888,135.00640968406614,77.03847858835859,86.09808085774583,87.31316012074919,84.54104799958765,65.40132763289272
353,80.33794379185932,82.81186762162035,84.87476903872377,162.24076318876837,146.26150544030816,148.70756429401615,135.29961793994116,101.39351697827051,106.46350399359915,100.77078517606239,76.92200292785006,54.570441199225776,118.30480701482287,120.2237006409178,58.485703805178765,116.88999464516311,194.4527250449608,223.36656751713866,202.1307271759665,135.5807908076767,147.9711875500107,152.64061808187054,162.67162114644543,142.13064105310286
354,91.67886317910245,90.4968193169708,79.48810805234828,101.29822168788212,66.29121995617045,138.16122696059875,141.9157200815363,127.35172718606287,123.20101000172625,80.14504355150771,96.01101423223565,121.84645200759526,161.00472980052905,128.42110224640564,129.7143929162058,127.48725647435303,132.82617637391212,136.23340849477412,124.57149832159274,36.99206171000419,59.54615806796124,59.549005727181815,76.92339902743572,79.51156942987558
355,11.389864537069478,34.95762404536224,68.8487982544585,124.44594407426467,60.994470889308715,96.94887929789452,133.10495592732462,88.25950847231105,68.62177971344909,49.04198490223169,82.5662283490231,64.3898182135433,40.4537361172534,52.63336487152317,71.13778769967476,86.3447192846906,165.20236919940848,152.02854809161838,133.6964103646581,78.67489468766512,94.9229176245375,118.92005256224351,112.3293414740264,104.37782355283217
356,81.56299009176459,105.52977117184584,97.03590846509812,107.99944837630912,71.33345901760424,22.012900884765116,40.88274654359271,54.9460566792873,4.34148352181505,33.328769367418076,39.162489913739876,34.65036011601498,79.90353861957206,70.3438510165057,63.05376043731808,94.77883519635176,157.45922749957325,186.20153583602996,165.51762596558478,155.94996940574785,177.44815056817976,130.13888354194373,150.7071981420895,136.28662382647929
357,31.549719893104267,53.29908107067547,43.82820701400175,46.04596564026147,22.892298352269194,36.697372078609945,58.95849496367984,75.27272034065533,84.3924517207207,59.427914676276984,120.56423788050402,139.5567570281542,127.96499137144697,130.02608383275881,145.18518220495218,170.8751665273703,213.44938732896114,175.27204111455754,136.43569093501904,96.42592940288313,138.22969026499314,114.18587172209801,108.4131710159117,121.88548509650299
358,81.52656447647288,91.77272088101225,87.02422914640607,103.84851692109635,74.07406615918745,70.62108719635165,88.37944335175531,134.85316498479995,79.19303405399144,97.06670456975041,111.90953013886393,81.16278766276227,101.91442280721216,105.94562978630576,63.211958037104075,106.99674761146917,157.47420381291678,144.19976204507967,172.9611097523323,137.74199517910802,139.16079697090865,109.16883614235985,139.6996244383888,155.96574818180147
359,42.86642745175513,80.0575107925973,4.307648549481769,24.296900363601907,4.573686291611324,27.602479975241486,53.664317895034465,68.9612289405068,50.29550088030773,67.82797134768352,50.446124667837964,56.121346952129265,103.78088934525017,94.35163648322471,64.41499129361345,99.57975779493663,150.93671482430366,132.51789854959154,149.300047018556,117.22142779137192,141.60976396839783,139.72726731530324,156.80289786763436,145.8949746659249
360,49.484963067724124,69.59149356848013,40.42043935212162,51.6375292376937,41.820928331766225,54.04400174122787,-15.156120114337412,51.43332267766396,59.212838921736456,76.86882781158569,100.58091374181596,99.6135518651836,76.65445311926935,121.65142527777695,98.19346526481809,125.28683168377108,176.22519097299275,170.9679097520955,95.01287157583232,127.1637801233966,112.65827335825941,132.70710311215896,166.47687813868032,144.78997217126107
361,101.07366066015089,97.28657346064175,88.80947792299038,120.19580815211381,60.86148169534351,105.37872736595918,154.83307397455872,83.80819608380355,43.892860437791434,81.20863461420325,92.0552152366198,95.3031756473491,68.70097300144944,41.332069251753026,86.79934390818444,154.85451117236585,208.22526370037812,234.18597224266767,206.77181486733355,211.36893330229572,197.59344086460897,126.17449027245254,166.7095053650258,148.52160081520543
362,96.60760299610524,103.93478788029151,123.7413954211915,116.49116120035907,58.96168039092467,65.35669733371765,125.85944463931006,109.21924680855292,101.28015063590813,106.33040812727903,123.15277410170363,133.12713763613831,160.91129456542245,140.9259415291147,134.61661426439107,138.76089305021495,172.6585649124614,184.69620471130142,177.21199834743072,114.76208800986942,153.4938497551331,138.04817391679933,135.68774430135642,82.70347937101403
363,66.96875508952868,60.20133597590965,43.9441589096148,59.943067464035025,25.49967492861009,67.99551164514199,95.86547642055334,106.53664057031499,67.97039463277255,82.58834146281247,63.24456790564393,55.477330950732515,78.07957002824949,83.07024038866345,54.96145819700813,74.12051440671064,121.8014504136086,114.37026485065368,86.75001692930331,80.03888500790501,102.5063879710829,107.66569446586243,93.32114863882884,90.55634488996301
364,49.21455638573639,89.67128942152081,133.39180421336175,170.40900160892843,81.6602482815974,88.51947673365272,125.42749878414438,112.4537199073428,63.670799954891876,112.69861016029338,81.49855278105655,56.24901179101525,53.38295298885273,103.52056666664441,105.82007676111735,104.44809696215611,113.74180632208268,103.95042703138076,102.78558961296596,58.726539744189665,39.708124386776376,20.104760534531493,79.47083960000674,79.88943569535431
365,61.2994022838165,58.64212219937277,61.61368997903956,88.63998736830649,44.183189698435186,39.26970666553697,98.36712064420196,116.2088135921667,66.77921546042249,-99.12840466363016,-77.17285109482961,-5.729281178782415,45.318273880330594,54.902425590300474,105.29342844055115,96.58780179002027,125.70609763969664,154.0238766570543,136.2592364766672,92.75402095326184,117.28892355917628,102.77259338063304,308.4985106601526,256.04782851023344
366,89.1278972898831,89.3470063251165,27.60525909721955,37.36988882152531,90.26656319621091,77.12924033795846,60.65160375009104,19.575662352789962,40.90570332808133,23.76942505304787,43.82893326823974,4.5918538914644245,11.435786835998059,74.85212279475144,121.76995079893965,137.7831211756423,191.8841139034028,150.1012084058408,145.45098976276822,118.46694830587963,123.39336253278823,129.96001963619915,140.97626926359376,118.03966912787017
367,106.38545352270688,102.99464487435718,126.99844905784538,89.40487611356492,55.98378202589516,59.365521927894065,87.70789477513448,122.92964378867043,69.33999272191794,69.22870256407188,47.22311439275303,74.10345115998598,96.522150072975,105.80523446853476,126.20111805522887,102.25959299158586,127.33042043579361,152.48383166527836,156.42745066970832,114.79975907638526,103.01511635241093,60.92900934986335,93.8621527221288,122.0659391922527
368,130.10943920863977,109.84597302322507,108.2834987085051,137.84241925997054,127.26111293443628,180.40446324329793,161.02288418108577,138.45058478277596,256.2640653311022,199.7813552790892,144.15070288218513,122.86606086544302,87.30420544104665,88.24727903621995,120.8384825803846,121.36141753782167,167.27160925569333,156.43977893783773,156.90916363983357,85.76812536635447,92.14820010622337,62.203994302136145,77.826745239166,104.51459657847249
369,85.92211546377409,64.08791498022332,32.25983383762325,30.14600022548281,48.508563007039086,49.264477626302074,71.99655108831271,58.122359382944545,24.933169940680997,39.33109122988802,50.6311735997239,-8.078898090616121,52.83749308061297,45.81265041641236,43.87231318689878,46.46606904779147,95.65593153447115,103.83607650444802,80.75271272670894,59.9996262426324,125.26885378973492,123.64007163536913,101.8467362531211,102.60070455902493
370,73.009876592291,69.99563219259164,44.39711688326674,66.0959477434347,78.99694251507198,84.1839851552777,90.05643124169826,45.587284701327874,41.26236777239612,49.78144956632485,24.204476754946782,78.67752513868972,62.39697708001251,50.70905701138423,30.510828903242142,71.23070669689247,140.60188802607712,140.67831972598213,135.35836126766344,55.295112817136015,88.86548472734579,122.9535296328708,118.90123857137738,112.88084154262293
371,58.57711111515688,51.40517409820792,85.71524696869365,133.42375015986312,57.49255102442072,81.45495420230844,101.80031057203601,87.55367564497004,101.78777940919906,63.78610546236882,49.19473088438945,98.74487934708537,97.51768600578771,76.49820939814776,48.99859776464584,105.17776894004942,173.11734319497378,159.86658705386685,120.96568884162936,76.99898407434318,75.51268552309149,80.12190563895035,121.07763227932158,172.7741575222878
372,70.81668814276195,90.5593737754073,96.51269036079422,111.41685500039544,114.63134493710538,122.78540647017553,156.8016181092999,166.21114617583686,151.32910606161852,151.5646845890887,133.52681830995107,100.65355937694167,107.23349352854996,129.70407432299777,124.90775890836625,118.46952083160113,171.79955895989622,169.63164977909787,128.1048935906971,125.82667746093563,105.51580715987564,106.3159029563694,99.67415670483649,87.67437887021859
373,16.27459192429985,1.8044933886845769,13.601310697695183,35.85984123443138,51.834264025469835,102.26653868684929,134.89133771231093,241.86547634186894,169.30529894514092,136.4582506422506,82.08858982181538,87.55241545190793,94.87759492375609,128.36658352045458,128.09722414212501,128.85987531250197,175.51001066534036,181.64812701401266,205.8387251440661,136.56585779842197,108.1670582153326,123.44260892457294,143.78540521678934,121.48404051837113
374,143.68616647144864,132.3487741097265,104.9847479596711,56.24016783569482,51.648881118709056,72.16698996363014,94.57008793553489,93.32119405244471,96.06271656815844,65.03325278671733,33.12061258755592,81.39474770049247,83.01283715666955,42.41682007130185,-3.4682920948745135,27.659675663140504,107.81101183890023,108.63652924273711,150.55403556051087,138.7592847717653,125.74401408285492,104.53629507931619,102.67211574169038,93.54071538706944
375,34.11126459858995,73.53587894442703,50.36987506687586,65.44418005786092,89.08501684716342,92.1610313229701,69.50230748784122,118.39832686738899,139.47312796949387,20.522569442154655,11.454560170743179,32.30037800662263,38.17701583326945,48.69011713551287,54.371075810614236,100.28417599998774,165.38054654944517,220.84930984321497,145.23352518413975,64.10341516026223,52.93627063909117,44.17588251579608,64.53807278903041,62.60825977056102
376,-86.40266113838669,-45.2535520228968,-29.433783379927334,17.3456617143772,51.24220409030954,38.90228558518413,82.78659642248641,78.91727739646745,78.81889698867457,116.86735514541725,97.5415208264701,112.5545248452699,94.64288262375932,82.48639560776589,71.03571135081663,74.22996211740895,125.2984865787587,97.91737541951234,130.93719876128495,76.18963074470298,88.13053211998798,89.92539556064594,98.3944060193527,66.25069056143734
377,64.360773841668,60.253897236313676,90.28563250004743,110.86294149119563,48.533697752386146,73.35232919573312,86.0365236260916,56.749781950964916,56.63261244638903,115.55152562255736,88.03354674358498,58.10369039743151,97.4635905992408,123.54945979132086,95.28887597859719,95.74446334848778,121.66534816905056,158.97743105665648,148.45372391389742,160.51069294354323,147.0393042906438,122.3405980676363,154.33544628454817,144.3041728474446
378,48.02811563760356,71.46759349666581,82.60287564744539,78.18336124583195,38.423974460229196,42.373110161136864,131.5368685378656,107.21884925652917,120.33879398451576,87.91416010965885,72.3481793440807,43.55932808047791,54.981469405368586,77.89811550721683,87.85926238192201,113.81770806162893,151.0094146982556,206.23223195453625,206.49723555619016,110.51680142557058,97.29436865324286,86.91289250689995,65.1201751855152,50.62671002688428
379,16.297151764905472,90.52342946361314,12.11133390664262,33.76964499208255,52.02391143890817,86.23612296379824,112.14787420216994,117.07588337821183,123.36495336600376,109.53176064985226,178.68799498001863,143.8370072707677,96.61374594662163,75.72413332400195,93.00898213677723,59.45245218489596,126.1104157426687,153.95743603407914,159.20951088945762,132.87746278311926,56.759592821665066,68.16313771573715,80.36524726982933,62.8289709564422
380,107.57998372369481,157.03275182208512,109.6231148020816,107.34500851924011,71.43597612942595,128.16233973241253,145.39757804971933,130.78630948089022,89.94462204432723,106.2002726762247,107.39679868085392,140.27315313021018,150.58353899875868,132.81904513229065,135.57249730570112,158.09244538311074,176.17197657584913,173.97722389134256,110.96554539439883,77.9802065612843,71.95236410223744,100.76940290945717,112.63273545475371,51.70051738107161
381,25.63222223571921,65.89322282277323,18.322920616591958,57.99424994591171,12.081789294275595,85.04408755418288,227.9040461811628,148.13050330150165,158.413653338779,171.97457185838144,139.3268006487528,88.78483313242593,92.04848824313125,63.345222371045814,73.07672022492105,77.21176230077486,132.75545098119514,108.93631046374541,123.64862582324915,34.97563820170416,91.36319598219329,102.49607807182608,133.78566973375487,126.20223182340422
382,62.78676353568031,107.38479861587801,134.02898946151737,154.29876750194745,120.598346012952,126.6051552188278,107.95007493300226,121.20793155793295,140.56048818841197,142.16618359246985,116.76896687517751,143.24006858161619,121.06150523634165,136.69198771696637,136.6205678245641,169.72602179642564,141.49595434773593,178.12134940308016,163.3861715334311,156.53691681051953,150.0840488825019,104.02690534371659,119.63266019766435,80.98505267197557
383,99.13257494337425,86.78153638030979,39.54875101899229,52.205825196059905,86.45384534098469,105.57849501712629,74.14733492965982,126.00004403338704,128.01138895732592,88.57778636011172,70.75977247089774,21.972380034790767,32.39143506477967,38.97680348152733,128.63472429464403,144.41200165254276,179.4114791674234,173.05612731227123,152.6486875679548,110.88273206938239,133.06776788956034,92.66104041639898,132.68983632066661,72.82618731468601
384,82.67438107173861,27.06126089696815,58.727682222506644,87.92947498452162,95.3972584240835,65.39443678596682,118.85509923637024,119.98197298680199,99.84550597486285,102.51820978466577,94.23221010287926,133.5729279510152,116.37141424658225,155.96968676707397,148.37438598199375,168.8104043886791,185.82455587199726,199.30062020120874,167.16696089536583,101.35382587626505,122.5701467093283,140.72118364330595,109.87651572948347,111.70853353229026
385,117.26870014327801,121.40383683847536,150.18085643835792,157.46519629627326,118.05813306340613,181.04535027353853,146.8866621626106,152.20961317615632,161.48799280171332,120.90858935847156,66.06624912390515,56.44167849683461,104.69139682294747,97.07993618010732,90.79066643002102,147.79649260932126,182.5285837326458,200.19230385721096,173.6594709724639,92.9723502124981,139.70736903313355,111.51858903305485,116.13041281333844,127.76025805995923
386,133.02039352846717,121.90095253067608,46.07811307191682,98.51415927610307,118.34169545509388,114.5699504790201,105.02460897242828,111.0182321484533,84.30071872411186,42.225072206033985,45.10074218958157,36.466300153617475,95.68106039949106,74.30577568583924,69.18117456812669,35.15849992288621,125.66070640004119,143.61114893096837,121.98271313224554,94.83736727976863,89.02461661548332,69.9146350982718,123.5556480830148,123.01029003986831
387,108.3311853705651,92.86390447546124,82.10644828888022,134.21176839708215,105.61422278053993,118.65636018994519,132.17889005005492,133.37795190226768,111.59196901332965,113.42725359269126,73.76048501048126,85.7432902989662,89.7333083354126,91.93729041202857,59.25290411452376,43.74847312427504,97.63434550538247,137.94828173340025,78.86908305623047,63.265416287193446,97.44736728807214,41.41661415008961,67.00690327492893,108.19488421000574
388,9.53344464055963,0.38835101018486284,36.01998656228041,33.24273702000621,48.47550020789946,54.02316953782497,75.35064399837526,54.186483980756876,35.15078519432869,63.09964416678477,38.80159491673923,39.961496371841946,93.51946696637457,116.6653344430399,100.71954927265645,168.96950527016548,225.65552602491908,233.9968504793939,200.5671516620039,131.60434838869972,131.3774082151135,150.8106020064104,172.4313790772954,182.5762626186921
389,19.814007676392926,44.53476753853761,67.28189815446504,105.7025260177761,105.25935477958274,146.4474195109696,124.4542344336593,137.68169550628474,74.95358151811034,117.77084962547299,71.78904113152174,31.26475134709265,83.9172028418892,85.96162322238335,97.14867947364439,145.30635969178797,188.29890847092318,197.76668755323504,146.9947633255897,87.29933696856118,57.243905372834426,90.46174153333891,147.06948913396778,121.62025432534284
390,130.69466318313889,123.64784149953422,71.22117956879953,7.618027781780214,-5.940479251520429,5.40352579536993,88.24126271421116,98.44452652334428,80.94653486222069,64.536804538879,90.52048419869305,89.75162728865507,101.41972655236549,85.72183997668137,66.04785255440757,119.43249881095646,163.93238418293822,146.19048122803287,168.70674045411494,120.6844296707689,139.66580052811426,129.92463010312548,141.3303548422636,130.27633474993274
391,-8.968735952654242,7.76071572523955,-4.391615560207342,37.2979877690145,35.08526736843335,23.47204572112316,77.19856833279064,100.06908165511986,75.5013630588083,59.79717409989737,45.90033863611932,69.9589572473918,42.616187477568616,84.56416998412642,75.55279211515744,115.83047793176829,202.98983847970032,166.68714554832468,146.94393924644098,117.21406457662826,162.75869726919072,149.400898703311,163.62807341772708,185.57772765616338
392,56.503459888418305,70.62569733439568,81.34922161256465,83.3582537265131,102.01363303923037,152.49926296458983,145.66005596311896,47.771366407223375,56.29255202750265,23.455179485052852,39.69330227717398,38.920762232167775,41.90481671122308,14.443913624330776,37.279554801805304,76.98715433905892,171.5992385156696,149.57256724288123,100.29669853823268,120.92262615713652,111.36882414019405,118.0171913506673,166.91510810784177,149.0137822804457
393,90.32301133225955,70.00009692957165,72.0098109257455,115.13975752145913,69.52624375177943,57.888109724723876,88.83521215925929,82.80060471098278,87.33517075256538,52.755639742539906,8.794738509205828,21.24170483226893,24.043164700922418,74.64381563828661,108.53418413966286,116.35848384554897,177.74575069764614,156.48039612117492,124.44318899105748,109.85681834897571,138.8916490965326,160.34958211327825,147.76190787165086,127.18386012356308
394,76.62969072565214,89.40596447895197,51.464831500188055,38.71484248057057,52.0465881071547,84.88674769374943,65.71971696901844,58.861987141747264,59.74137888804553,19.04974560895115,22.09632133437919,12.593983484377802,10.85022076708033,60.31236406921485,80.92779406731182,105.44592731975357,170.45805971531468,200.7556784664912,130.80707649602448,72.70761330696672,101.16729415459893,101.4916311425875,158.79231655208372,144.9677595050459
395,76.53600861801122,56.852889391160836,76.7828139621689,60.62175792574963,25.395484972865475,49.37178921278623,115.21482398790467,134.78774730948578,104.12066421177902,91.51014359591507,59.16939157484691,51.429041474721195,79.87005199821392,107.1814340243292,142.38090717296387,214.93405733546444,265.2178272680653,235.18158147805167,161.6670320231947,39.30247788791661,73.45599715576023,77.2736824379082,80.41325150328733,121.1178671654555
396,105.09832585764498,136.05995933338738,97.74949119681673,93.62970348533253,73.79656539134318,102.34677623853938,116.08403226787465,88.2415304055075,78.49918532340737,57.313055016526484,22.674739744047727,32.64405486486761,85.67202515691508,57.65924872724467,68.09056513444344,139.91731567441292,146.75568497233502,135.6158761958245,147.5077261891593,128.85772817675942,105.81817861743701,117.38332666390713,153.32254512751666,131.00893519005564
397,100.27931420680166,110.88898961135949,54.05989974810772,27.703961299135038,9.992318302944128,15.237420765167457,59.57437385627182,40.26457898874656,38.312949696813725,-4.606340227792771,35.07749630087762,38.622101986859626,91.39034412024233,114.73317897413328,159.53639036754083,132.97935735892733,235.68434696685682,204.8370044352086,130.7257063270648,70.74631557661303,104.75852398217975,101.28436183401872,111.5178130053355,102.00850396381207
398,50.78401432467919,69.51278666198439,42.59089027815475,62.42044155314345,57.52748721171608,79.92768732346183,97.99441407028131,95.39818572771844,120.37900942460026,115.83110392608303,115.1080904537312,91.50754199290373,113.20703371854103,100.00161604400692,100.29457394548047,116.65363133176022,143.2209935903138,154.66230196858078,95.1522762758292,73.01109397487137,71.01246290687794,68.3635059278207,126.56657030586804,169.4448944502808
399,84.54938680202967,14.190205379004034,22.76199644365296,76.4466501643618,113.8053433801868,89.03731439923519,101.79994921748049,93.69581714736468,51.94038684677234,71.20049851498922,91.44098871875201,96.12075534252185,202.03503392784813,170.9069277863172,125.02398483561888,142.19353345051198,181.08318897455172,198.62199015999698,164.525355686154,121.88421582819885,111.55438372360419,94.45977606381089,99.62093073922276,110.15626221280453
400,53.397833607399114,68.80444064880588,79.3735790266148,58.786371920638594,70.31139444672496,47.84921145967137,70.16110737351165,52.651297603349335,37.78546275250091,38.09271018328306,40.358065645203624,250.62000917788458,224.07112505377296,190.01538199047977,140.03943882342236,129.72039676222667,172.04845097284522,159.5817356687423,138.2180114558365,84.7302029559517,101.87313053606864,91.81494288496509,75.32026015778348,132.64456562234926
401,147.05058937398823,148.20135702275684,147.21237642996613,112.12916513595505,84.91251149902186,80.25487788047157,103.97768107444692,92.59637840140684,82.08375289000206,78.67032743792134,72.07316108284856,90.78559150246664,91.4196668239715,128.37700489364767,155.9804498431767,148.23679174518176,227.27398802766885,244.97206793728876,195.6461711172457,125.82899722603504,139.45330540955206,107.57373941245031,107.62545763129823,116.18101598685931
402,91.28897245722366,110.75472791874765,94.14002953615972,102.68548806038399,85.38322334332386,79.12302723766325,98.43394603599444,85.38911831627132,118.21537457499943,119.33305755898434,109.608059200754,103.54325321802091,85.59395634272056,105.52444681016163,83.72517182051917,150.4544297719137,222.43772530857362,180.9873691964741,115.16719818085619,44.69981414444049,95.10135042630951,177.07444598430567,173.0987619167864,129.35612465268068
403,57.945796229651876,46.863873485460665,54.72988762779706,42.94210119463303,31.191417360913547,33.66887275066399,64.23357857354696,89.71784239359278,145.0042928278944,133.6665431606824,115.70078498376796,157.71461387351331,150.1236849965237,155.60952127811512,153.4993475889423,155.7331513817832,197.4928767831324,202.30453003236465,190.2455009971504,167.20339338914,173.23660019322125,160.60016594857518,150.0765412247934,107.53405984518159
404,50.85788459733398,57.21052238745331,35.59322221074187,81.1389472643418,47.42398144454132,85.9369267200521,112.5195802510502,136.26616173794295,134.0237576752298,111.16857758933288,107.73059986624621,87.23340442911777,65.3106195758997,23.768797244487452,49.87702415014202,72.94929292719095,112.90882065042389,113.96856463320243,108.37936771001338,70.3304110925122,88.60312666815304,114.80539921664305,124.32796594050075,77.34358348163224
405,83.27524976511896,75.11806875371624,50.70251383294779,102.12923046681938,102.92229969519178,110.34641945346155,138.7426227317917,123.72823934988492,81.68240725963989,127.14192509084211,57.438753257196474,82.44335370782119,64.83273110139584,102.12633708433609,94.47541315447228,210.18151825377672,233.52343915150857,166.22289142420476,177.99884106770486,123.67603701763751,140.28442874518043,95.25252896776949,68.98109356361152,90.02823389733331
406,104.7439682519099,99.87872480342222,70.57095538906118,120.47263738206955,74.98197544405126,108.94269408431146,117.48432016119467,102.28811631114115,102.85528266572534,75.67754465983768,57.756263276302434,44.785242322782636,63.85800610387267,71.28994977264625,79.18073952648966,83.78052636443613,185.74767276800867,213.61940754326784,145.8860160669784,161.8455419373547,102.47418936680546,81.43174724573483,85.84324352649108,67.22930098248274
407,83.27013280543567,112.64215051160106,108.53278543445343,144.99723776363564,116.21300851561985,81.29566980474615,78.66525041680731,69.04523313355514,44.3733902246326,71.80732342784869,103.77826164632842,148.17616602770295,111.13640924460132,88.21028668563882,115.99615942337834,148.2991888279707,161.12345514688778,160.23402202698568,147.77656787080244,101.42349796230474,113.66267945120953,73.91860814503252,83.28683582702064,86.16359292991662
408,70.65263131938138,102.69370412089363,101.46093204405743,99.86940087014413,101.1512203304631,45.781526165006085,103.00427864188765,69.00000550566952,79.54269587145151,59.75809802719853,51.76949202988482,15.536523426506406,63.60256212224946,68.31970571273403,87.95392898975408,102.76378014557021,134.3272873825694,104.10221238228202,79.0697043128747,30.945687925593717,78.33235220388337,77.21794413809816,85.44646008908424,137.46331540989235
409,78.36518988042289,34.90236265054781,20.489122028132144,48.93851804742168,24.79270217245068,56.20741205179677,97.08442535488945,85.80849033855702,72.5699013136371,93.95062478927713,19.51409886241501,36.02907552978037,59.53973119689577,148.4191516399138,170.50666451436092,169.39550714146364,178.6682328227309,208.5619713528224,186.9876618879193,123.537009604736,132.07897719250658,152.0388260110742,131.37534328951043,139.49787521992735
410,65.11348233660098,61.00857640181438,72.85880299018919,64.10673867698182,64.28220976653603,83.99671926091568,113.41497596782351,137.27597752066916,110.25166730405984,110.0027218828804,92.62085351299491,95.829717198037,100.82225137891872,72.54211868731836,145.16926223768718,144.9930487512169,186.30662743200241,191.5128907021952,178.57704559213562,201.9978059206439,188.06553803268483,183.86995007506627,167.27961333804353,152.03339208395434
411,62.2519848431849,72.053145537648,58.9409448198044,87.4591108466275,72.41341271887039,95.00546929283762,116.94679694690481,132.84774908022882,119.78487122748373,108.68821643228151,93.47440967277514,103.35211911204802,93.6977000857439,76.50452040230519,97.04173123422196,147.5397677854795,204.85661722646745,218.58842814387157,219.95303632794378,149.2621011361436,165.16410604344958,158.20381676153463,130.0269474758362,85.47553285120597
412,86.31447865189271,108.56598082099075,101.26683376387142,140.75463962290507,119.84672201980612,123.55719841330459,117.11290259220976,84.76131391202676,112.48863634706832,108.84433452935217,101.98342650035518,107.90640306365066,86.46304793435684,135.2564378681994,120.2302540173599,144.80132435257391,203.25947118699364,203.07324551055007,109.83045954166772,64.46832002316847,113.82365112204715,83.43778552780336,98.59243754131043,52.209664833439845
413,83.66998691715673,96.11469707449267,95.25336745684041,130.86431454426372,95.71929464654266,103.67798753699026,178.53263582424512,189.81267230822462,137.85277709689024,158.09014045911104,100.99671354308721,29.046070336540694,72.52190631714211,124.37017092091077,103.09337969459973,101.23825711347783,188.43647923759437,193.12891869608538,148.97699069682574,97.73489526525746,103.82237476905681,134.5779663629163,152.4357496321773,133.9438618516727
414,86.59434857986031,83.08606319588564,62.47104063312402,103.94567799811855,84.81949749908084,36.38332437252592,71.26042583399538,75.38888932302797,84.97117125669327,79.967549101366,73.11171193644434,81.99428450503899,81.41616244269795,120.68614727548872,116.6861536263627,143.7574364857806,173.56860832513513,174.44122451721387,136.571515751071,109.64589345068453,77.25208925855792,111.71165322511584,77.91055889176545,65.64908265774118
415,43.183783998647904,15.5887113740485,-5.79398951923676,40.401627865540235,9.201094671839215,58.392765565408084,74.516209665168,73.80339728865658,54.55425282571359,25.669135771262596,39.547892700386996,57.375563371226455,0.9479043775198619,50.587846517460804,56.933404212493556,120.80336780176265,185.7738853357049,205.31486082512663,149.51573489097905,99.55976518279516,95.53375696594294,79.92763219371737,84.51240343252299,115.30599628361024
416,40.35205413394155,64.45695215803374,57.44980766939331,35.02416316412416,38.235030191980584,64.23214053371943,73.0480442454332,118.94923315001542,112.27395662777164,116.8251699210191,88.92215596643533,67.48129989138678,48.650546397602,49.01682088399586,60.63979427615597,100.47035531165771,160.0107425521947,144.87377152516802,138.0916774920872,120.48774605238756,141.21004410568662,119.70485141518203,135.02828183478726,114.8241203907543
417,22.439860492699374,36.28568744625716,49.604407682600865,62.01376717775178,46.199774637290176,145.62773883030115,163.43773907018027,170.89789042317614,122.01714384351365,124.11592766900947,97.8433002201898,119.53401623530239,122.56591015023487,101.45375137835057,92.20180671512185,142.99984489894064,158.12111616420867,199.35831611321024,188.00811392096585,121.0543196506433,113.9563912277147,93.12403418105188,114.28413591041186,96.31784103633913
418,91.41245364870474,93.9516694573084,114.49134891267815,98.33360678226742,132.82896755909738,110.0094171789924,84.3307991368917,97.73632230778347,86.42732363167575,89.49043737550717,85.72220500051671,46.68063743839339,41.37966510697303,68.48248687461925,76.27990624299713,83.76384261671818,143.5449384163675,170.0434249214148,142.5251423906647,99.6319832922218,149.77727018542834,154.60221693718984,173.90412241383552,155.5783926283936
419,119.32751143187636,124.26149796950989,99.48135346403738,140.17213322310107,93.93252609711706,85.19494988312312,85.87337099789359,133.94983869168948,102.72603021013666,53.61442054595993,29.694369700342662,81.5471299387286,72.74920374317283,64.65519748661787,75.44855974538258,112.50890457574032,200.61517211746735,210.0964386206175,203.3350545601726,169.35891409522262,142.20882539390112,82.54426166219037,79.35590022670213,19.510298569168924
420,58.140529277931414,115.27806494824937,94.29672171711546,123.05047703615082,20.56253462546138,67.45314043966218,112.6926421477243,82.33524052458225,68.29341895999627,77.01527452541126,36.03887573694794,20.661951976015388,50.84929529011251,51.65778134176101,66.47520129330118,52.071757397639914,141.77678797389365,152.26548624037366,148.40510561052633,85.96331988042576,135.9632474698796,96.56951021433898,110.10846010667517,80.28013487200865
421,98.73360549226167,125.16666525291757,328.2630410813797,250.37048863706622,194.8969926243294,161.30613994241375,155.6505365493877,176.65918577380057,182.9434825520796,172.98687136609547,161.20669700112603,152.2087789412685,118.94197924754089,106.28997011696043,110.6946146342322,142.45113600025732,202.1938402807396,207.81645136035135,211.68843718980065,120.12889905415925,152.50780939073871,99.52529632711176,89.17420549080057,68.79185143618837
422,34.04318470525976,67.78022652689893,66.71016462437831,68.04535966904251,15.359217030961986,148.01212040826738,128.16213846483583,99.73264052641302,89.9864688922303,97.56494916679243,87.81389783211108,79.07564628912729,86.81325389017121,77.68701615477158,64.12231676670638,96.10912327512821,185.29655371593108,195.42352946803913,148.2115082205256,96.64024707817141,95.52846876650153,49.67362921799219,77.86460167191692,76.13411548018871
423,89.52943787164506,76.40699988483487,28.590173534847352,51.683774597495315,60.98011349615918,83.12403959788318,167.51455559779052,177.92100079460687,148.30506102667755,94.27298941921998,104.08889829198596,82.41475823241593,89.07666196697161,173.12349555309808,179.3133722008352,180.85787738068586,196.29130646070377,136.0022212158097,140.24800056260298,106.84357965203803,98.77778305335778,63.411590556355186,6.6596967794782245,32.65564479860856
424,58.769050147273674,103.89018485185508,82.64876985707922,94.51430590793105,65.01705554138071,49.01767993838452,87.20043267424379,109.24613757205151,67.84683644726374,44.33520713889049,34.70015358966871,38.060362491423525,73.40074394712295,63.01869526591494,180.4611740869041,211.90140685429964,248.43525902459672,229.36712656181084,227.25111772952278,134.10176800623523,126.52222526698799,98.61871664562815,146.05725219615073,141.25279171019537
425,35.95353505453891,64.95282162287754,96.41158385459792,104.10920250376617,56.82987629871599,-97.35659020924835,-67.95656387561077,-4.260360718189332,25.499998472219424,-6.031942357382604,-0.830215803400435,18.97991539905432,19.282571410560962,97.89929387756968,113.13331080397074,124.39820252332576,159.00651330423335,127.87717817641519,81.11325867949242,75.74395695754016,102.99647130632361,141.47020508343962,136.8093360107128,122.11148128445285
426,78.12106087451879,106.22242771470562,83.57323965217952,101.8097196493719,55.279843561914994,43.83969048800055,90.41081668172183,83.05530549520526,59.005956683218564,80.24141531566188,69.73936058633642,23.862475026802414,23.947741194023365,85.34564910170633,90.30429056393359,98.52915897023114,147.75181108258047,114.73562396277048,98.1316901562775,65.62537652278962,99.37175421763902,152.42274437002305,150.08940041043977,100.76788961842252
427,77.16476227996142,83.68295326108584,64.53601271937735,135.70123518935384,87.09859773482471,77.58404705483345,105.20138553377681,130.51572717951265,149.9541339674311,152.06984249797722,127.59616470977235,101.85924303832789,48.02501193126409,64.5008556269585,84.42608085651814,124.74168662288055,184.1904263872229,188.3796900504253,131.042637419676,111.58770990355843,138.16499233087526,100.88058605908607,90.13090571327079,127.17824394161829
428,140.87190718334972,75.0157225309626,27.870271353375188,18.227926955667215,9.26598578918459,66.01025437956238,64.62737928570256,55.29702716829479,94.50652377521897,34.96185786411759,71.94064107591103,120.42162456935657,97.35653456355203,131.74553911964193,164.6773538994429,183.31774406847265,194.47183330796747,190.38948245956183,165.23165709759098,100.70700239213119,127.01658504002262,123.75086562988764,136.6979378700531,142.45481292540077
429,21.618388188411473,-18.50889241476557,-32.37505989151484,39.61758757934924,16.388784378563862,30.926532726814685,85.60901963212176,94.07082809820209,100.01602099591095,71.2670750652482,66.82560817667114,43.65977373786001,20.342075812432554,41.45482470403331,60.87646805053133,85.672708743528,146.77989852231093,150.19687268535185,128.5575792364847,88.84972794072206,129.35827743960965,105.87291520505389,99.17905468779364,93.87895716455256
430,46.790107770458555,57.692228015272576,34.51130714760776,19.217219363452273,51.957991327621585,89.82849355562593,126.32080291934193,61.31967793845339,21.118370835881223,44.6669694268073,28.64119652492589,45.02310689298782,155.36347423855233,171.11777842855108,162.30134097835753,156.93421745661948,197.372464122389,220.84724637007068,205.00275733996682,146.70658363825143,140.40449687442887,118.37649021515143,66.7732139827053,78.99672116924845
431,71.18225632151449,47.676893482408055,62.52565803627313,57.979570707614194,96.43950899817763,115.15974115544523,84.5162815827666,86.24024547816674,76.71849827170792,90.52234168641088,103.81383445393669,67.2617223761808,87.90822029765363,78.39646553059323,56.735488146179485,38.886604287274196,107.77832054902333,142.02848563540226,115.45384059112881,30.314937250297106,29.250144839111,66.83155110169437,112.92446739705615,138.03862734723472
432,68.72767001456889,90.52529455091504,55.4223872347694,102.94249174107917,93.70434275214012,63.85488494971358,95.7353794642872,90.75353659247587,93.54885527119218,86.77321121803763,81.30134786538888,34.24044022822818,52.17225199451656,15.469817734878944,38.908139404474255,91.15403274748127,173.38613380386184,167.16315123465887,163.00040081443785,88.07086999250416,69.8222546374621,58.06772190536181,75.10218925496233,75.67717302828115
433,-14.819872819732922,-22.045440903771976,-6.773907580275264,60.083541012405945,17.405143616198714,56.55625244854626,41.714662478950146,49.71322845448458,47.595427583155065,26.767326813359986,41.86366128213846,63.860268211633226,83.32988247477121,113.45854323728818,91.92036650373667,84.46603930615125,149.69844149893498,135.16996007565612,107.74634311147689,22.858331000144403,68.03577284923301,67.65712214868182,119.79959669299251,75.06626961237943
434,76.41139458040367,56.6955867580845,0.7072231061198693,-3.5092834142653544,-6.287567960622212,15.00350939456969,37.19428638856533,86.17682863673684,92.35462991319741,96.79717129196368,80.17331049437318,54.20637529246834,34.55286353090551,51.46786836532145,36.47251783514956,73.68117542313013,105.31088100373384,155.4935048503853,169.8333943040349,59.7523685495712,127.45380719977891,107.89441888634389,135.09374372798732,126.68043715372312
435,92.69151032516577,62.72901456970999,58.40856791115938,101.95687327768479,77.3495391301822,82.1960701569404,108.93463040242449,90.41675121388114,64.7365007486435,73.76576555529248,85.88451178592413,128.8059419065646,144.8952453773852,136.44400741186118,160.35777927704385,163.5410486462057,215.1193369373956,178.9818409606092,173.12256235553266,131.13607475204293,121.0334859377214,87.46037072418574,82.54433554070692,100.83298129992099
436,56.90425722318538,94.40711938459393,68.56659671131708,41.910622547306886,23.77891021024317,67.02553403121803,100.18010029634803,69.61002772314166,57.71594908850044,42.825313015016086,12.168684621265797,8.811653622126059,8.942186296864875,24.7573308872241,52.588867083088836,98.43293225332538,166.85769728212097,176.58930631377905,133.4547355285704,127.66531488867479,135.91134705161699,117.83730342372284,149.36174764052947,142.60380621772347
437,64.57093909371024,56.16585824056562,18.24855278361622,57.07385404791599,43.71560684452689,85.01695963443794,103.56386462867079,68.22515191204218,65.23319841530174,69.08733120095106,40.64478355853972,10.307319545853886,-6.2796393924072476,11.260677957708992,59.34034853115389,70.90383402987078,141.35110976457165,141.6545721976754,136.55712087958057,131.51846773117438,145.8182013303457,108.28342472621756,80.31535333720693,81.92127948507095
438,69.74313790520745,84.70478431923327,36.70165566871197,7.067438466200002,25.931902792395867,62.520958040723315,106.3432429759184,70.66195716702066,72.11363757542847,60.65794545702506,10.777069444477434,17.105513866113597,67.27375547324553,71.36879990330853,58.74329269875932,72.36658126032172,160.2177025863964,147.05549748280154,112.173634077674,77.82040868413006,52.50146046450146,55.48183366086664,80.18391461378864,100.34851893732443
439,93.90923571817677,101.8391247222524,111.4627345862767,116.3931302631117,71.6061013451856,96.44586300620773,118.56533168133531,126.60886784216044,132.30102642735955,137.47972151583326,118.03759309313497,126.80242941965291,147.22476401199464,148.8032676894615,140.07262347012184,145.64698863070055,166.31366048650432,173.61152551724223,142.59814994698996,59.86598074222178,78.6716822725786,97.2544288100912,42.242818467424414,43.63008469629985
440,73.20875626387833,59.78809878546019,-4.375889854433922,14.691869626698534,22.194801910661845,79.8555685387577,127.0339251078484,197.39651993357222,163.10093966191135,121.97747958492529,105.21842296356455,119.6273065914333,128.22012401530435,103.87462137310702,90.52130842461169,81.34870749960523,159.1155410236255,168.5869881243701,140.1083921603913,123.81246454052477,142.13695318539536,124.53858428442817,121.70248807329729,93.38522173227389
441,95.93573110743421,73.21361179637223,52.74477858614484,84.23321074513925,32.102539854595896,55.83880745704316,78.90129816532962,58.95567487327926,69.46103447297186,40.686618304311736,25.60332010545295,29.864135464102752,10.074761707474394,39.26750685561014,94.19485288433668,79.14012712344751,148.6517932493828,151.03243130939364,156.9360462639143,108.82888803051348,90.45087402757484,111.06031872898708,160.88110447679287,152.6639165778362
442,82.25546197259811,74.3040336932562,46.454793313139916,58.47351972542976,62.47834928197234,68.87523190925796,93.85218701797073,97.11619161034304,72.13099247848852,86.2338142498285,72.49254740016065,101.84976107975726,119.56961037512364,101.47737541923033,104.59619419176059,139.75117274326266,177.08969310226365,171.97584926565324,128.39082220550975,121.25619261025557,75.53500196406466,59.440328597182564,95.43746521841284,56.45365229670664
443,39.40025254670131,49.241576377893566,45.33813840587433,65.31315392834226,56.08994703337554,65.97578316068159,91.21578704595726,97.89875492173289,51.794300775399485,36.96170599106015,84.62469022154484,71.55751458207858,66.32607959916842,120.37457082794634,92.63825772345308,113.85477336255224,174.89296641740617,145.13034722615458,118.46368635663208,73.40091073885498,93.86864190632345,115.67767840381075,101.29432827129077,81.45983601485854
444,86.4206772185703,140.05707543652335,118.58219053534626,113.29740514118433,94.8922509456838,123.88347935852458,150.31536257165186,107.49845458856745,28.127575292948016,47.73590719191134,54.12199564568,58.705058467932474,21.63499241659172,33.00427681632037,33.020233987770595,83.5639721044161,171.17970639038992,208.82210283137073,169.37031416271248,77.20640023449879,90.94384948306521,109.89836187265017,134.69729406157816,152.61483461884524
445,94.17923756510771,75.04058040665333,43.89931065520051,60.889531151236575,72.04649075946126,67.21169050496081,143.71409408908238,139.78335605885962,84.93998985765938,63.06857602813503,78.63023279358417,45.693169648554196,58.799618636479146,63.62904312373225,70.94345765002119,82.52371051084498,129.31288553475767,140.32704419392513,144.470969349194,49.37320272727928,70.23759263163578,204.01663150420308,178.34093721855828,156.44596204633916
446,76.63511826042486,104.86579720086718,78.64971516761614,123.63883131320351,149.6954267720841,149.7259507149799,172.20697720274893,156.57576735566326,85.18336554929697,73.36458450126587,59.07255911835966,53.37428905349317,68.00394932833181,65.16771339932141,31.14067819640462,78.44362488381316,193.34473128887873,145.38269640820283,152.82826845707714,126.13755034522104,149.89160447839845,85.7985863332512,125.81036454651841,109.04070870697834
447,103.62325196180117,142.22985199408714,122.33952624631883,117.68985973000721,62.01646916186098,98.29253664095552,118.0241219281634,139.12586611156203,101.91713476661837,48.46396231463602,40.78851799823912,54.34507868631693,54.74892886183038,63.782668175801646,100.92850380479888,132.7566457020414,192.79497618350086,208.80018116474713,174.79584419707265,82.87281595655446,79.31372705950302,133.33980687716135,128.95760809233235,112.2560415177096
448,69.26663183328084,79.37830313311025,77.15020656198959,73.92097770012616,2.14438501426379,3.259354571267906,31.80761927584028,81.233931516297,65.56045188333314,84.37746148592753,102.33962759057016,108.36623398169773,112.62837078928703,97.01275848423228,123.59377134272758,116.67863928756775,162.22856562107913,134.85948450085775,156.37126245943276,89.15421711492294,110.19559072711652,81.59809836908433,106.25705409438,107.2107704340698
449,58.7923825466555,64.01137897165304,70.40337454962403,104.07703580630688,74.915843305601,119.88267768189075,139.88952647272203,118.0823588680056,110.69083061312868,103.1291693845141,118.66404112000461,107.64551673005931,70.38907135896767,75.73396141642198,77.39595350072342,80.99977654737276,146.49930624169392,147.56231279299837,133.38045191926437,73.60820458412492,108.2544658396793,126.20556136855313,78.02418307742161,88.26132064016203
450,27.671605353888552,96.54058644268781,91.50131055177636,109.19544911014572,79.45771521898787,77.56893450175252,70.3790673137971,95.66274481460486,137.24809061139385,142.81104411438818,143.59644810222005,140.29994175465993,114.13134468384848,84.24269779809597,88.15899551386137,107.90476695291288,156.48319600333252,136.83599086052772,104.31141361132035,62.35028199103643,107.12496148023385,81.54635405359994,102.27527109934985,113.26221987658309
451,59.42623315271746,48.76388152270099,33.72201429439187,69.60185310977741,95.75007396908197,109.36579539291805,93.54887170193174,65.07698745400212,59.40614208715064,69.33225403115074,22.782996072454466,68.71924638761949,138.55224986754504,124.23571781317727,133.62930214443188,155.8580304906502,196.38161668072954,179.69940748654733,115.11677339412293,64.06446372485453,143.87686521423515,132.827076943224,116.70196623490295,117.5110862165361
452,145.72841929571217,114.05544626022396,81.7497692278416,104.9930075530551,65.73487633639135,92.35649351333782,70.5919172673903,-17.25868978960034,5.096311255648743,-37.703236778379164,6.284369849931636,-16.500732047231537,-11.28042930452142,11.813459969671797,62.98428947227734,96.9203645691927,128.50923147406974,138.23618976356445,118.79565929121614,49.82503995350746,81.84191231046228,69.9862773294037,124.35493250413879,120.3498045504038
453,39.077522913361754,23.409838017046532,38.262598244641865,31.76113135950596,-0.5967675896701365,48.50386266164769,86.84702126714453,60.713664194408906,96.70760851447736,84.0666774733999,63.10014373540649,88.81254129938694,68.84675680489579,62.230381905708526,56.61495660253837,96.4762392598856,182.14478621077401,229.22105115334062,161.31219210569304,107.33455640381366,88.20345308012845,47.269430083695795,71.28450513739378,44.57317919585158
454,70.5190844165011,91.78772645544629,49.21853639735145,101.00837652485328,39.95181530129111,94.84236373131796,105.95488861707376,85.05971766026992,95.85153898706533,33.32563491070503,62.2319234596787,53.496148414722,50.93365456852742,62.529771494618466,72.45002371823853,59.73708631546885,89.39588226704224,141.0625754064987,116.3249194091279,78.40341839330475,84.71590655375692,48.5515193476533,64.84388437855088,47.42051497315863
455,47.435992039914495,64.16822558417033,89.8407870594043,86.47990465133057,60.4722357481776,37.67130534610267,156.28738737633964,110.43115693226189,147.70608477611702,127.98755654558032,104.79094725466898,87.64600017809343,83.97267941880601,105.17689767430055,95.37114919449692,105.1348905185467,160.57315276595216,161.60341905600603,138.36397013777207,102.31982837859148,94.34922224858228,101.8974860474665,147.07853159821354,125.05251483464505
456,80.27903293744976,35.62170935443767,47.37856015120509,44.017677171331194,51.60394629328559,37.517156674900264,39.57634160821253,2.737835122098005,21.447353070879387,26.89346822936063,50.33208992900472,64.42118608095012,80.99288187295113,72.11975460371622,67.8316273855894,103.04931011419089,124.6173287145078,156.30328660598929,96.94552215321528,56.73408137361604,15.165420919628446,-0.9613352915591094,51.18111182003812,72.02832462516378
457,87.45576907862703,52.5628866894811,63.09827404211972,49.63968243400667,43.532317881052876,56.57767569973391,117.82140986680102,115.02280941540637,109.27355606624474,84.25488197990256,22.365361479895093,60.90801473227896,68.07634181481426,72.03335054983648,66.87259407411165,122.476527898123,149.8785926840613,189.55657558405696,158.74279097622167,97.36649101840797,109.60436125770627,103.75715477037377,91.53450278031448,86.47552728143165
458,88.49950340159837,93.35178504139381,96.9324371609876,91.06757593055457,34.73572215138974,70.07206088378982,118.8049120290975,144.5411803355376,130.16175134986258,97.3133704021748,68.4524371426919,91.12517824193884,106.14656573444756,145.3069146800578,124.97490837068835,103.78625843183633,182.28279705184212,169.10438040137836,164.18995902743106,105.87928448310943,80.03780184817106,91.79924240100895,88.91315044592346,99.92605905213468
459,122.40497190210763,121.26671372540616,100.43977472858666,171.22227236079394,143.35013268727232,109.7854006068677,101.57053001024295,44.8868466147665,67.02212829785675,55.790516600462496,55.193770343226646,60.66191929059261,69.91953668247984,96.5072478572064,54.57115495687293,106.21688503420228,151.08204119516816,125.15662587803908,146.73903963112417,86.56418540204209,69.76861754211387,107.55091738299626,78.60941235701212,73.91933509289936
460,52.84568707177576,40.4532357438444,34.330292617253335,64.99723021654225,84.71927700702565,137.8608233537973,86.43720276523337,95.9400491471529,68.94143541189138,41.042552473543054,38.968130829702204,10.510036788188039,17.479048531947,31.933888031122017,56.69421898086949,95.50345263018455,134.07346398009034,155.73799725458738,126.59368956550854,106.26807498089359,104.97299533736208,107.7761135506516,162.9280626189114,128.01784417914146
461,49.001304475523554,33.21849545298004,17.375833470142275,33.213252606931874,49.03890105211964,111.42954431768808,143.4696495636826,134.2811530381125,-14.330451189582917,28.81640367526832,33.08999848386967,67.06183545578742,72.11166785938632,62.37780665392745,83.74384238593574,145.9252080191792,169.7303937712104,152.72797707516497,115.70014958206244,22.309106166720355,55.31382091529257,90.53275471014226,128.5203766351343,123.3376696078225
462,91.96216436551782,112.25644094489095,81.29564832435034,123.54063446104645,104.3676729230082,113.43050042527804,105.99124759045641,74.9359944769036,44.042577346111514,112.269479927328,103.49816173741864,69.66848466627039,33.17243144836879,58.23894552497893,63.62852605036404,116.38734102494652,135.10771182404866,96.27051825732191,93.55444892139123,122.9679065626302,131.37535839027743,73.27150636222062,96.07784551451556,66.16498786683084
463,63.70923772397004,40.908207447704676,66.8802413976318,102.2620702106985,80.2469994203395,81.92209924273169,85.16957067855427,88.44806998461618,80.81309718899783,32.88091710798645,77.85802188755238,5.627979342086974,-20.411694357314374,59.58438912338467,105.87341314596036,161.40877232853506,173.00326998532722,194.20099861688664,133.38597709638944,66.75142366885092,69.49926287930985,26.719050273741217,43.340009406815796,47.302115137798914
464,82.6383821572936,98.12652889661132,114.62923591233003,146.84811206768097,84.88679362327514,78.9412445781276,125.64056893000823,130.64231580718217,105.65895324028921,88.84149116774984,66.65671265543524,64.884137586002,105.64778481517264,77.60252455903377,78.45462661255175,99.46925606458755,187.7673093940438,160.7327395764902,167.6867990928113,145.95096116077733,175.5565789929992,173.25658242186407,113.77425427198605,117.53311847072266
465,48.83668219802763,73.58551887557839,72.63515962586798,54.129053105802406,66.31581850498137,78.58072906672916,111.05716665984562,136.6171369916991,89.58102457481677,99.01275106083786,103.06889227315992,104.00413044913107,86.70617076382219,58.08484459087065,89.29267568880952,132.41645485983562,137.64521034257223,180.07555920249195,128.65100778171842,137.93528141580302,113.49678236030388,125.37196406283189,143.79939016141395,127.41031294265764
466,58.04697882229602,23.95370544623917,31.887107991551417,72.06581963769122,60.580069232928395,77.90758612324127,63.73490816862634,38.10306599676984,35.64332230957523,44.410244671255654,81.4454351118465,93.97869978006472,75.34930568643034,84.03909296671105,80.34405133869926,129.39678799561926,231.22070709768016,168.1024497017379,165.03008134747841,112.30090153230304,100.34778483501846,59.09274519049196,98.03160750650095,78.89969671637655
467,136.29466368273066,94.37452966751185,68.8345818673223,77.15552972195597,70.34281389401399,85.11388765336223,143.4201498005832,132.1221892766711,106.5983649387212,82.44973628877594,29.90472178729884,45.9027748414694,55.61069010151377,51.81649745000601,91.60046463726479,102.2088078521308,105.13378608432846,119.0112742527855,46.336008787346685,27.915933221461643,46.06456461464738,45.86541630543144,63.555007207161,68.55677364582198
468,80.61262625523229,26.30205299868284,31.648958406421215,59.486467243322416,57.34003986199831,62.512553243822616,106.98472578590483,150.7223387617137,112.71477940952082,95.62131642259,98.53775902521673,94.74217360693002,84.43803392783454,68.0826703545375,60.034319947098616,86.64348609154713,131.95440057729206,98.18759396121837,129.57229084404776,80.23632394098595,138.6153453537409,107.02388362460097,118.36710450824025,92.92857572286465
469,66.30182543949124,86.53022014086268,31.6081960905367,59.58944599298415,70.79243668693137,28.840174501195733,96.27347901851186,99.86292666994582,71.33485508599979,68.99871703921205,60.927013300643026,110.57180363575324,123.50982605867225,129.8097244501633,122.18619028750527,163.6353558025401,179.12462905133228,175.76309467291276,122.06237861236856,104.01433079070836,119.3777098821063,91.23455719094368,105.01474992623773,107.4474002631729
470,82.78890714831047,76.63927638229104,32.37862044623573,11.265575881878277,13.472241500237047,36.1426306669206,90.41445881741944,72.05659586139097,37.32846192616081,13.715153754281829,54.42791843415887,117.86604691753851,110.406047793439,119.57397495570656,166.25954689613678,196.9600219812549,157.81860380159156,182.19826133640257,114.10533576966009,67.45282678559464,100.27256410311074,121.21242142575744,147.53491896072723,154.5347351274033
471,96.15333897226665,96.85989367986517,72.43205260791443,32.648748777069365,77.23267062341785,54.10896901020569,61.574091071244936,87.0586169453285,82.23666734017546,89.14534647186984,70.3534572725715,63.83766373178376,44.561341699869196,41.25739016738017,87.80034396453863,146.14870653099373,172.01067433356044,151.87219858448375,149.97643333006653,101.67438270217626,89.13967944256528,95.51655136412008,127.65915695351839,132.27725179024407
472,32.47356707462428,81.61309243167292,73.88479166543551,104.98049911488448,61.94096176445603,89.08428932501731,113.40201809505064,79.69120397815645,78.78755128166466,57.36046486622781,73.27635940749107,78.0387331311681,115.37922784392761,110.25396524786514,84.66541596247316,138.93776325706273,170.333625851906,168.8562061240763,149.0762496991693,147.3389287375756,153.02240111143317,153.89646389042605,123.78304485673254,107.70275908174517
473,-2.317668828530344,19.851572427099924,58.33012131507173,83.29412570759906,59.325541456038266,92.9649954411311,116.20960034020608,90.0626242743225,39.635012974775464,9.656978772977624,15.65806001448918,32.15732636444833,44.49947981286737,61.90760607806992,92.63569209670304,126.39298612852326,173.15754216557264,167.48167658857776,136.57270925161498,108.11995296798553,57.106653115057,34.32344418122815,71.88549516194038,101.08278952537972
474,50.82254121686434,44.8609102649598,45.621279963983625,71.89532539610803,51.82552253909361,58.738309062749906,41.57205469082767,88.56313012946755,84.15530640799105,78.49710225427866,82.68497522146265,79.68547968400793,83.81195205661346,20.006076095032576,43.948874332639036,63.48921620478148,121.07539285241299,125.01029130859595,69.33383260828623,90.05683983153395,77.88663629454724,71.00494858116048,71.81637064191017,52.70158429630319
475,94.93797233687837,101.07387255321282,120.33141426675604,87.69107393117831,57.046079583819335,81.81034027004289,90.62516516906344,97.77553511043325,71.35419224049159,92.49234490238535,76.04542392746431,48.08453894735228,53.560192235933414,97.15740535782373,83.41138094241067,156.15088147988382,207.93347328976432,213.95401229173063,197.50119191859181,130.66476840751784,133.4931726758334,121.89932146831717,119.31776747878169,111.5287575081277
476,50.643403290644855,70.20340915748694,70.56585437108669,92.75173936459996,108.02127392877517,137.90170831641842,143.69222979412342,145.21266346932106,121.62612861757043,88.16148987721928,73.81297248846047,24.506642172162437,44.86254028987587,76.39970848292437,84.4504983242617,79.95943358919416,137.6858324243841,208.87253960273483,204.76461060671164,117.46634045524317,115.4915171853763,95.56449840673365,115.86618997775655,148.41922277801908
477,52.385109304185434,81.95608686881823,91.16294839519212,99.96232097069777,91.55366863796229,104.08319264418134,82.76205101102616,83.62443443283945,26.036704461671334,20.044903331139352,41.00050313320032,13.2596066306197,68.23399262434289,21.751184956794788,58.91750991629663,121.97616781019903,195.3195860417258,200.45054597382912,166.40247001087036,118.08535816032924,150.48439009131232,120.36002382538288,156.02137452127403,114.2047442778502
478,37.63956291521874,57.18014599994281,83.19095511825455,87.45585114840593,97.8039622566827,87.44288081663636,101.91836863483087,116.3629657473617,118.47656120245796,121.26225909043876,127.30101633434617,152.19050696769688,173.46641849365062,176.5051189882781,134.14524348472366,156.0073379877359,229.61850819439957,202.6967092928475,151.10566832288293,120.07817566244904,97.39102339623307,107.63149459598318,98.25281743530304,88.59100550261735
479,89.8736737746635,151.58863815165907,108.11071037915131,88.35092701701961,75.53511569968549,96.67491343020401,99.09772954880546,117.62165174722236,118.08161516187545,116.77635039237589,68.75286831630407,69.85451957806524,63.23697286814594,77.94778832971653,84.47097997261655,107.86431900651253,144.87312787543593,163.4432157880453,141.82968584401473,134.49016653255293,161.68282463967884,157.14545611593843,102.10428767746748,99.35914292296627
480,48.44496821384368,118.47729933623398,83.80986394391729,98.42456738812777,73.08203160859105,36.64981362810002,82.30910572378824,55.626887739324985,94.16428719768473,108.15379538897355,109.32931466429132,82.72231236268357,46.1971913701421,41.37791313474345,90.77417296547586,125.91226433507119,144.03067486245132,107.53387103655643,92.92783561055074,75.09785977940106,81.14726915154546,67.28473675800524,83.70711371311216,93.57466418029769
481,60.02553675305853,35.45367563904357,55.44218212516385,56.69598756832762,58.41068692527375,77.26602791604076,78.75301614194167,125.03543724006595,83.42173785779407,85.57437686883948,82.40405676216496,66.57494888693074,81.31525369339622,105.52992935158485,109.64414789897313,141.29356303688266,147.86260569296311,151.4050971490384,80.32799750635837,20.264591707883753,42.98897746875791,36.39932694919456,76.48018930595714,70.45743342236025
482,96.16160180262891,104.09095431273624,58.4269130299185,61.99368033068785,34.11055188240437,79.40207797607832,145.85012122982482,186.91064925098254,185.86437153194998,145.86062417214032,91.59572240291865,75.1615696901402,122.04222116624624,97.49293316383077,102.19788521543143,125.10134556426145,144.13521844773993,163.29765668673147,187.5717104593665,123.81684245838889,136.00476771568748,134.84617539999172,145.06236268981428,165.2048538922277
483,73.99147055108506,118.04559365489908,67.97036167414032,86.38283581448853,43.1351625922519,75.37336455791012,97.49043004046054,69.60321774616396,48.99006852933521,34.995982807037436,15.990555929796827,16.796059716944065,0.9592196430189119,20.84839890065097,36.258793650753674,98.23544044534906,131.79557938019627,166.02533600721185,159.54295871054003,113.323598219595,144.76703669120445,180.53524817013582,135.7616116796061,110.08247367748731
484,39.83534242430883,5.029349884520485,49.62049215199322,130.3995375606141,123.82179716833173,109.19619226563121,149.72944205387128,167.41565093322345,130.08403348184476,113.51303679733078,105.5741345317526,129.67019003487442,148.6319790183369,142.1225978660365,143.12313529650305,134.36784898255837,137.50323099428854,117.908965216436,103.07621254924236,77.06887217830948,39.10329499753178,81.28866411773822,108.28422261903394,45.94554497531949
485,28.718797316649813,-75.91108133737157,-38.88722200976048,16.191076788536293,1.4369676201501846,42.15662251884869,79.02407510916458,87.60742265740852,62.92775184825118,59.69483938448343,65.85047353982955,80.05905182789287,149.64030394268528,105.18216713105964,94.23859133435278,81.37876202232252,105.43928419010655,131.8917440568913,56.512696326221814,59.45606313552689,21.893856738330896,25.08666109366979,68.60163959395038,42.36432791450466
486,113.24793841252625,112.21685953247524,53.59237843958092,62.49467449691766,49.9966516625349,20.10207501661195,86.80268879780985,82.48913140436366,52.6806084162164,56.16443417751755,76.63516839163776,36.65503393463929,57.10378878477765,49.11819354947569,22.43977760653506,56.51752418914089,128.66481044538446,129.81823511885193,103.48236697127824,76.04003411888519,56.957364922779185,41.643668537198124,78.06200775443172,108.07814058901582
487,133.9077606867329,124.34705654402464,123.0992738940866,131.28215189237943,122.67523454178905,82.53376162031996,98.14938748564875,100.17140976281581,79.15252950832978,73.22455685527676,101.64553319281859,88.43938406073572,89.44379532746127,110.66596367127072,112.48629621583302,94.39095576327485,151.61712832093028,154.86228974738768,155.1977981299064,139.51198996888292,161.66996484027436,133.5160216683804,90.2415078609111,76.60837279990803
488,57.36380335592156,91.95126618033153,96.33649915858214,137.9549933910259,84.53715962969994,76.03066574324015,51.69462935679542,63.60585165141668,58.31884185740127,32.10279031677424,49.72662882623249,70.41101236837568,88.23727153162388,135.8701850842895,139.3401585074044,147.53494633661455,164.43879327221265,188.51196860306084,169.61618055338863,140.00758965136976,98.12932304081913,96.9257539498528,91.43168819217966,69.293371889033
489,109.01170532429171,87.8485456423996,48.78899158836691,46.55355695991015,18.70094518231761,-0.16962071405997392,18.23993123903186,45.14641470679691,80.34131562683184,96.61471002145541,56.87096487456755,69.92300857243342,40.99993384230714,51.11623412935262,92.13048144840963,115.7493983728439,151.9058292223638,109.64217691598786,113.63827566337002,87.51814854070867,132.77930964566224,105.20707574065973,62.945124996055426,76.92133395789415
490,26.887388476858867,16.83059999460616,42.7659649608533,35.125757244298065,43.48418976949476,87.32513700923253,151.88529948705713,146.4812187330348,104.55323119903626,81.77116381591199,67.67295387453487,45.90810048458329,86.58009241545687,139.82254128884375,127.90485411574518,166.24111468145378,243.9770207177938,205.16498257802075,158.37864570917233,119.9435974683318,91.19762956992685,65.56289563090242,74.19139029084295,60.8092286856458
491,19.693664159923642,50.72591167307504,46.99890664449357,57.27048912081798,106.76663963595016,131.32501120028826,120.17183076694116,140.56087981323458,114.10691109129344,108.51613998582033,93.46999122234793,117.12019745688787,126.46979318062381,93.20279463341072,110.18466240965367,103.17812486088813,132.67899222059805,120.0946661878553,146.3964124658919,153.9199136500238,136.60663012733363,133.8152011223017,119.83417266095151,118.4335601959519
492,88.3498750612061,100.70563149667697,60.29902648936329,89.61276702977598,52.331291449004055,43.74265177166922,27.10832988171782,68.97818834814831,54.06621326847029,80.56825324119119,52.107264175968695,65.46275153563961,53.06697991930797,41.348705624371235,86.19206515494749,146.6599204796588,164.2285873441435,149.06315167691685,62.09587174836044,46.77062927462631,53.55663502845375,28.82025253368117,23.973565749189348,48.78914973302118
493,100.44864770382341,131.15923414672693,72.42702167288257,72.7229859459462,24.167284820532153,64.36227246041341,111.80446559797025,123.90337903596202,48.790553784765834,46.26197307531767,35.99813333526486,79.35832088806143,62.98216602064116,116.16805030030037,132.07402957186372,125.99841880045673,160.76903610612067,196.45952851943565,161.31685820005708,85.57957451704641,77.83345091234168,93.26633421091759,128.05602027533914,163.27494072600007
494,89.5124957438574,67.20949529274138,39.49916204244359,124.36014361261684,114.25888273828235,113.6620927622081,113.20145287383637,112.47895105923223,107.7891613912821,83.226029582013,41.34494332334104,41.0266851032558,60.63800793096112,77.12258117881176,101.03423933158673,137.62964581771863,191.7212033228233,213.0287458101982,182.28921007692657,126.7778749518041,103.21716950660621,76.46540589963035,94.57866794802203,105.07167340954375
495,120.48256566247323,106.70781986784661,106.85222883989063,105.96257742684823,99.01832814301305,106.60628457826833,124.23912547349266,93.4196974313812,66.72451701250667,62.24224724425809,65.78768661273969,103.81905263599613,94.05178379277814,102.50719681337516,150.60932729105724,169.5613886486475,201.84645415027956,173.89669264890904,139.72720650081385,84.69033205728422,115.21228780198953,125.42794271297252,131.5154655733174,123.1603666441676
496,69.69023668926441,28.91864560881227,100.44978327329771,103.60025036125506,71.25199716547637,78.61016588457377,66.51235607249805,79.87657081886796,73.30402869445396,46.0619150652158,37.4390243749005,46.50265029047712,51.06336745248262,116.0386225884675,97.1642266145954,63.83718963279254,144.15389917228228,144.7700408725327,137.97482531155208,122.89784938000861,111.26754653370033,79.54987162271598,89.49062730052886,93.11241438482108
497,102.94183938478616,122.66030691016057,95.17879435407114,60.33671665020416,23.891113232580302,46.47227107637861,90.35867552962175,75.88898041797887,61.23888071525125,47.64582301875771,61.234991908540636,62.48346888562925,76.64158645898229,65.92681890435267,52.82833646491775,64.55397119314661,131.14434594017825,140.77400770006986,174.20792703598516,142.20181351716565,108.50438277784495,108.22135878313858,122.85231760317083,52.60114923364438
498,78.04125234867104,48.73581017588941,33.13620976878868,26.37631717255877,18.044972485949053,39.74007176180494,50.655597012731995,36.27542537506625,-20.397157623109948,27.766968784954926,62.658289147830246,89.9006444526571,59.266910976999554,72.41034283881832,169.8679594715336,164.2678133737092,201.90394811918145,180.24783276327864,125.07639664312667,124.40156462904608,118.95629362468756,139.90397995885496,163.70971913622316,193.72514781721708
499,96.32804338328657,75.73168209207992,38.30113804799616,58.51505138624759,43.23778328919392,107.84098574358252,125.24768360995829,159.739420180425,127.36467265334849,75.34976855927,112.13841219878265,113.07581378888153,81.43705316121141,60.89342176394541,93.35379454619,114.94884110955172,141.0999861452691,173.04657254532927,184.50628622469588,83.51915246915635,35.64557215545304,53.694253165457496,40.3460563627046,42.76620341828061
500,72.03553505835325,57.43130757600506,41.36362404507511,23.57901181367687,29.323161294228427,95.70216164749702,133.26256644476274,136.94833917749463,98.60869352606522,49.33687280182418,90.94029546553263,112.05305221673892,119.53658051604467,106.26397445754233,82.85774298378064,90.55947147575384,139.3649058254645,142.86327338862688,103.14882536807615,128.07185055266507,119.7870776814955,119.34761844096894,141.2969854814934,142.1490372045904
501,126.96576712527883,118.97095156393831,75.48802152101504,89.44396264196027,83.58617678391164,74.99174954584447,123.27404173475301,98.90913966086184,153.7061406698681,67.31161206293011,73.43815671082052,28.78503026208285,47.00544285386907,-0.763899748281176,95.65304166264617,124.71108797163738,154.76629423622106,144.56077357532612,98.97252346842521,67.45231144956878,50.1540173649601,88.59013382184345,104.58139743953812,139.47469026031888
502,54.2487230324399,70.99099148684486,56.83438929525592,85.86352489944713,113.0691647009142,69.78779366052724,103.64208300426259,115.94010266493142,114.16058706774703,100.97086015060722,86.52762387126018,57.15342239938074,76.38377526745641,51.14065898948034,54.722115821971215,61.97233940250561,119.46534173923968,131.03499879557194,123.37679851114727,64.04050257906366,58.157057275621085,116.02853314157423,122.40594318611879,107.8284307604493
503,43.19960424317183,46.02064015634062,33.33649615775562,90.54859728061315,59.70014296316788,106.19717392540292,107.95724362496455,54.005687024769,28.586715272267625,43.27770635503131,45.19111372775743,37.77601653660891,23.39963866810399,26.772459351149493,66.20107336225692,73.33361031618459,83.37375954251294,114.51180026921352,79.06435766617446,79.67723310481992,78.74827416476978,103.82893297926347,104.90536712753807,86.87685898322474
504,20.23399980062058,39.47585538918709,33.80842659504117,99.63464369307223,82.28717258203933,96.89749107137189,57.41059845651993,65.32506798394695,107.77092512445402,125.27016835463375,89.90130687065023,60.06649309931786,52.08842744764384,79.59957454553229,68.32167342163015,44.05884440929613,107.81717784369704,163.04707386821178,192.96048250932597,149.9603675961153,119.81505271521128,139.07959066507655,185.61533056291648,157.3374176312659
505,112.07206191331994,164.47023026166994,123.16209542866902,91.91684489722066,60.07734140397414,76.95627738351112,75.79822257031908,62.48575389552755,60.989330680503436,85.2147697324047,64.2088326388393,117.7369645973123,117.06951222736964,35.122109979940475,83.54464050760464,90.33074504382817,180.2312796917357,194.37987650671937,159.1406814795328,96.06702307710549,91.7624304013575,43.05595396539665,91.7666620260381,64.18161616023976
506,33.74992984877773,71.47946054079098,85.27597103380333,133.8388174016688,108.67608845205443,141.64187123190317,184.44228734987973,178.69957022069488,168.426102855336,202.74762493767818,168.85195771763796,98.92950473732073,70.52335491920914,108.09834775538307,93.48367098951381,125.26350674223366,137.18359814840213,173.93604241646298,169.62411277199834,78.05089227017933,84.89887048678847,104.5565444028049,112.81191922581944,133.23563928345717
507,51.00904602440497,41.37755074628404,62.27192451268325,51.98453836608411,8.20669137514033,54.302831918162475,83.75828932951865,86.17397820525898,71.87702661735914,77.89069668355279,102.30873457707933,118.71736380615559,117.38518451063135,93.1615924459332,91.14554838225396,128.93475955343214,175.69779492890285,177.85801160640727,163.67806247171748,73.33114143680027,111.15574454031672,125.92101956837075,130.98083304471604,152.08391838804494
508,92.50506091852537,118.05143964624867,97.65964081450082,103.4661037213972,69.1077236048352,50.72836269374845,92.9012733087018,83.93953362989981,107.35567205423474,137.05247593921985,137.78993426385517,135.5764971316957,107.44030356411619,122.36430115978851,116.59842091226805,119.92016042275056,135.02661873834742,117.95616906100257,81.02711756614919,0.09834219176930503,18.871915095414238,22.199821396008105,77.17782229960189,86.21887480344246
509,-6.735405946889074,69.59229383508523,95.21758896272725,135.4567934724016,110.89283242816182,118.97137278008023,122.0388524446815,69.65491732701163,68.44089282859747,85.71157509421013,97.3118091434807,33.618349701635026,70.41448384786811,129.20894637622283,114.12287099972258,142.5505383773454,175.0470206094999,209.12237652360423,178.89051944411233,153.23374689726964,98.38231155316183,112.76507528072183,139.81832117285114,115.23677576000748
510,64.35784812746758,59.38070946732692,51.27516072296822,89.12386580215416,83.84120303329897,81.66298087445892,99.36736647242411,100.94035244205247,101.72353293101344,83.36701946333991,72.82240428719646,51.11019134234397,50.05244837237794,34.27741499108208,84.59786852019036,96.71896391711314,144.953053178462,127.77251306217065,87.86384324200279,52.070683623641955,53.3045955155768,44.59909018029552,65.73581473945603,64.76340484148585
511,77.82887677475598,59.91616732421046,55.45569790622933,103.97035413083623,129.49335876650343,66.72546417974857,86.99127851664451,92.66909676684077,75.27647345028603,80.23028968555835,88.86877741502848,82.79107539255239,109.91071154763787,112.04145872909253,135.0286227871499,130.44218550518593,232.65984005893088,195.1683647919443,115.54163515755506,80.18311178557336,78.19296073509447,79.5064166742137,95.86236154575299,96.1827012254188
512,49.50417261028911,66.46028381601248,28.96941962494276,2.5576834000244446,30.814013834245742,77.72502247764547,130.30050219057378,146.66027174088035,116.89166322154443,93.81196533058116,92.28550025111558,78.7741017930942,84.1543358474624,73.69218609459126,83.90392967183455,59.30280204872606,141.13323328165473,138.82710724233272,122.02757496844785,48.27839144714292,42.95924803070558,56.8710430712374,85.01685746994407,64.91722955102028
513,66.8198410481608,50.43223792648467,63.78432818857949,111.5327176118583,103.34376468480113,97.50172979776727,158.90534959322233,137.23215827415163,121.01186357651879,82.86357459170499,66.85052732258512,55.307122403259214,76.30296299989847,97.67094175863046,93.11320800125222,74.96409409127918,139.83045644273776,167.76653195851677,148.82013392752174,101.71793457463724,121.80629532837169,128.19448472996035,166.129626828675,98.34649389881594
514,91.85747047290175,56.43472779945832,59.479932737469476,18.413126912595516,-6.113925448182897,54.45971331136306,100.41784352778956,77.26227334020192,31.230408741807466,28.3579984152107,13.075823814820012,37.28875442914223,39.90613091444631,21.491024170566355,41.617845053493795,92.2860064832557,185.95876009092564,147.69128193581108,134.99126429349826,51.97800146222815,44.14920986650076,62.19436908692449,118.45991081178255,113.79914915714781
515,93.02681972692574,61.444490045965715,11.338632758022733,55.77039014208569,78.07276268031497,78.6508936684306,74.89445428951362,52.140081418452915,28.12831848398531,51.395446549363214,64.25029310208585,50.62033098150131,44.31023341744868,52.20479165960938,4.974700392465564,69.01500322423881,131.665738278489,122.62048392562102,114.30983122364077,75.08512519296714,72.99560860998184,36.59584611278471,108.81917062337729,99.51125025685967
516,119.37696038190549,134.8981755751156,125.16168300848203,122.84966454557447,68.89072354089666,60.604396760202654,61.673119994326505,78.01775251704655,55.00140045987388,36.91736759207828,56.9428451201137,66.90265045905933,56.73537533802878,102.04333243336819,151.91685760986536,205.5057426028299,171.66270015539345,148.5792337594908,128.52876068830696,91.52622802654965,97.32917734963421,88.16283848181327,74.4697067750301,91.43912353066042
517,89.77578588764675,59.54138793681785,54.60268206842452,59.06879020483412,62.903701769952214,88.87934471126131,67.90393744113074,101.20072538052231,69.2020293853891,30.57885687070418,4.759057500201308,14.450606133493167,36.223560148556366,31.049189896207807,67.27067473646872,75.25882512016058,128.42882857898678,126.2623780684844,126.7862932763384,86.41020848854588,117.48710050237354,59.98379495787159,93.61896347443647,73.73100157541248
518,68.94679183644746,31.328522213966238,-0.05138111307719839,51.08508242215159,40.70392456816508,97.44012374674764,123.79797629806933,85.10711764120077,98.62679951055212,125.24717048091122,78.37548358789047,85.62562568950574,48.06236634782556,74.04882288754337,74.33552647055988,67.40503637297357,108.20279898434039,137.4241434509448,149.82171865570865,57.129016413564266,81.11500622411738,149.34213305877242,166.5241150777351,107.8403707916342
519,194.64383289915025,151.61398592028527,134.97181212962488,140.3997678166232,78.54954772512482,89.2498188816822,100.98776499517902,177.58049170363893,109.79025525294168,127.43852127759611,94.38685918004865,118.5837302085902,118.6174721712485,137.2694842561259,117.53203501134958,103.39962792001036,223.2204646827053,194.77803077582342,158.57098034845035,102.08509426391308,103.93183079823034,76.26012401426836,96.03612465470611,93.69168057917861
520,72.37124650671586,110.8048676553934,121.86519306297944,110.01345056066911,107.91860611471421,92.33179790477294,99.37022750382306,74.04887635211676,8.076700729665589,16.889308907349495,29.35740267804284,28.07980742068964,41.45173233779707,63.902027825618845,115.75543761419983,108.83570683229236,145.46072677452773,202.76126040090793,195.3142219399598,108.38054594823745,104.78836737970417,102.96892196800698,87.62398649911998,77.91160871013258
521,94.85851277072189,106.62019199958247,112.74169024443813,84.52210895251241,51.43077219049247,44.87868482345391,50.37061101809576,45.4473012416182,15.370886616548745,35.98446733351298,86.1415953233274,46.56709936803878,82.66894425615224,89.68183198194095,60.297049064854164,84.34733101696582,145.51867694008615,150.0556411294761,106.8011865054506,66.69936176260941,48.11634901647814,70.73046357366526,52.593460101440925,67.5394561721692
522,111.53863006103151,95.97314923291418,35.689445743298194,77.80862850408923,73.1819409141957,99.50290887849201,132.1479099530392,85.31250711762273,74.32629336354778,98.83152894647733,46.115368314521504,61.64995551848629,70.1466818945413,73.43756946794772,80.60965912970565,91.26641749917033,135.44281085438334,186.41790709982124,157.18234788256228,115.90933319907896,130.52163921887353,63.62361789124045,123.65120741892831,153.84550985573884
523,39.934277688254255,66.04038037078158,67.84043202167423,99.30089884901327,68.09630215000709,78.5677206411681,82.97193158562854,78.9429735129127,132.11749446511476,86.95930583277743,105.30106721924886,120.88671529266215,160.7989332007427,106.85354191937033,82.9300196797048,94.52502294920079,161.3175085884932,187.4052464340823,138.727892492064,120.558905893955,126.08525885507673,118.47700298870194,153.99492567669054,150.29323953011374
524,95.35782096837994,126.08188283529219,73.94941943687509,102.0305474733868,81.99107089693712,32.65050662454084,41.016435636423004,54.74109900369599,54.78423289842645,43.97832062586889,42.14099779884763,65.11451213521438,81.4479272820369,86.0194481703941,28.02665667028925,93.87331243710325,124.96530459598307,103.2943796045709,94.84630946648576,56.545947552126066,110.22301483491269,98.26987739590591,76.94297464494286,67.16204756868805
525,119.56778676629033,103.9970414163223,75.25019079344287,118.19085712230753,84.62753112886872,71.58379113528932,114.00873285923637,114.6111285492183,75.62716185288657,61.84204793122199,78.79887279711119,86.7408789700313,72.74748069690497,67.86109090045933,65.88592371777347,100.08399887578298,184.2443739586408,169.74371053947104,161.21935767104245,138.39742348432662,163.83685863532622,126.3474383664188,143.1240520390048,127.88860505788188
526,43.579186239406866,55.01752398608572,55.70442740828651,-0.06437156373804953,9.70635533703149,57.27398211350512,93.65569366305273,119.54290911815855,79.38125835148435,52.68028330151776,56.14463776908638,142.08037570570792,106.5094985955277,128.9919228351661,121.49427928109675,132.56112513993332,169.33291486499743,150.50934628200858,168.09410230043974,126.44722252327279,103.82927397811514,67.26301037245113,61.81984654375562,73.31472488671353
527,57.94526345444174,72.77863071608427,84.66474244002126,66.73587144727493,63.005603986404154,83.06289411636853,95.25760033358513,126.94809165922378,165.4637451809726,135.80164975567723,147.33961711760588,123.75082610821664,96.49318590915735,113.2464787381549,122.63281010012206,87.06667092426657,209.0088690754598,191.1162551114773,136.13292936790697,103.83135058705922,85.38774452949913,84.06025330488427,127.59259897265122,133.45587389858682
528,84.71422793899438,107.31091535456972,107.75359019155644,135.77762630941405,113.99990511268904,127.46386920817909,202.4018600453988,154.20820664495136,73.87926371004531,129.81902117310534,72.42703368155583,59.1875106279231,42.91258852916321,42.83649630716811,82.36795535246131,120.12485164415192,160.8209400758334,199.02262909931358,132.05869296340222,131.4729369912332,127.85632650183163,134.0247359482727,129.19700799901443,65.5967498996718
529,98.71109567857644,76.36232822096498,64.16827909307881,90.41143041025168,70.19629681781699,75.17154181310927,86.44404320057808,44.737281100634505,67.45134312504358,74.20404063291211,63.34338037305439,63.41347948837155,122.723410279343,175.50153903158366,137.0585398663507,119.69000318193387,147.58146434496405,139.07478105221097,129.19014355828088,59.5765183422084,118.60825944497208,156.38876818172204,138.91278163984518,161.54493372900754
530,94.30992679137907,87.45747282807864,67.48802765415023,77.45950824621526,87.82872852860493,53.443176079732204,78.8977627343277,126.61681108589396,144.30416440123912,87.94567931220439,96.00534755429075,38.28963475327738,66.671669040615,48.24524280303792,103.52025257311234,108.77520838833087,113.64849107836511,126.52155044513738,130.38661067374838,134.59988601161217,145.59565480096896,81.63248892436378,58.254750545975725,72.1529385291079
531,-32.57633471515193,-46.13853282122133,-0.4361501243590311,19.85418108844523,9.543222249803108,24.647939258734823,20.584109625007528,42.52995626445889,-88.87472648076815,54.74045099531433,72.58594536115716,65.15305174234673,45.20368508466416,99.49047600738405,63.8449811642453,100.71378194340427,172.08508961521318,178.66066482659116,92.56459041714157,79.52365938168751,106.07963051290466,99.46286340517122,106.75559654464021,121.70921868255972
532,32.92592998483129,64.04167669684075,17.155706593247274,88.18979273121657,55.75688516442408,94.18919573641071,101.08539937792423,73.36120507339638,52.04143820770748,46.0945189249924,52.33574664200039,50.25273312992236,97.72994972270514,77.01404853716639,128.0590846090048,161.36808038777792,165.25427877831666,128.4609565581199,140.1656910362563,50.13870169101495,58.98784328406744,70.02709889248368,68.08644107770324,106.38308060794704
533,110.98420433474291,116.60594283947857,84.74933958654105,70.1136159722014,63.78759957895532,62.589375181897125,110.89237428675574,64.20285569763311,69.75698521731057,38.695257985859215,19.171504879934837,24.94411534378463,83.12491788777939,87.67128742289088,124.4674736729763,83.31721953684323,135.96479933863242,192.15547101467587,182.09009191838635,99.25983068662201,116.01850886273562,88.33294179863707,123.33494800951996,117.66417208703925
534,82.52193926767018,111.39925883834006,116.14911716764117,128.3311192648091,106.51059055665807,119.94015471372552,111.41888638508796,69.15610990646134,49.81107805662547,79.00941486166661,233.89740181299692,212.95000851898914,183.97005747748835,174.11786037365914,145.64943194027475,129.93188803641618,180.51088608612244,206.3004341870868,179.57130580229168,176.0075820867451,114.0569629928884,129.85877079630953,130.83803893676014,110.49824308492018
535,100.20566638088252,114.33739613935624,91.71207703554299,46.47079365148498,41.14809393415359,70.47992523509068,98.25900461151925,93.26574845175784,102.29513709020937,78.6962368375485,59.511445123859616,57.1457562113718,123.06320134232037,132.56953953515108,92.69721003495039,123.49090943803941,150.52838892230406,185.94625958369178,158.02239698069178,116.08357334544687,152.23022427097285,99.94178237960269,84.57738655131075,47.994925525564106
536,75.93787882924633,64.44925930235257,65.63022762446725,117.35238368890296,108.22557211951737,126.74442071440603,152.58280456359097,120.82581064090493,113.51109796196617,68.25094831569237,59.31341887251217,26.339232660800093,42.12632182764987,112.4119520082918,149.87236514106957,142.3012045911837,216.60208283985583,200.7597878818741,122.97991983871825,82.0641126768002,119.96114990681228,125.549413185719,119.42458806166802,70.3913413331176
537,97.9597803533375,60.06934399866631,49.016218231218495,108.59290725402013,91.81678709394947,67.0505181658689,98.79293664900214,126.85757638742872,39.97928429915125,38.633039627568465,46.202547077614355,76.12990837392543,112.39383098923172,94.90837707105666,88.79172051088764,70.33449185396552,98.61704990083906,105.46988496727832,69.91092121373816,30.323897004817468,61.29833493045639,20.67512675184841,40.70951258696296,84.18669669614312
538,91.96456432984976,50.234850103724845,57.418952997572596,67.95968464695399,66.38396891382745,102.23910577357665,99.0149716243366,102.74057779812726,87.24782057047187,13.341436660004476,24.596782761378478,23.587761097800083,69.20687627177777,97.08680523063296,106.86707442508454,112.96828425593239,149.65891880183315,109.8538233961265,80.59202863169622,60.98916899082184,38.45211649658933,34.29240157818841,63.70396629593564,54.97495089674209
539,75.2995666529107,95.20686291371332,82.88937510193007,131.71406449069264,152.60156020513557,194.51437506826426,162.85752569869584,135.72326889701998,57.33150414692426,82.8919920026253,42.710769822341305,86.80446807126128,62.86147094951048,45.757949908950266,59.26974877091731,56.19920669261646,109.91101687283219,103.29561162740359,80.81958781213427,74.53921679410263,53.8001677961533,81.90918803400385,138.15288193037821,92.62583866452322
540,21.396063995844088,-1.461594107841151,45.9555976122913,74.68010169186458,45.574572802581216,52.08596685412284,72.52722944583134,81.15597460572334,92.96372716910668,76.342640304539,83.43518744814982,98.98522314686349,126.07047801814285,96.91107126155167,101.6744436129793,140.63655622716524,167.3011197717326,169.23107254120248,201.0348882616296,177.2672975946886,115.90734882198362,66.78816009237968,131.08066998787095,116.10256056159989
541,68.10370619695304,35.0870341381549,49.252634749490745,81.17013681330491,79.3280266094695,75.31492481531468,100.2719556019502,83.53667025903098,42.506147966953506,48.65294553919714,74.67900215869713,105.08673662503324,87.54222527070819,116.6797688234802,108.56213345579559,110.64145992318453,146.44608140700532,138.82122206086302,140.8673923454037,83.32969243019933,107.86326798084899,151.94640657080777,116.79496645937063,120.30218058461422
542,55.18915401566582,85.26890058196861,76.06871984900366,141.58312793937571,119.29522992959028,98.83208500289433,129.28145570868668,55.91680964094862,69.9705742010017,83.68815853673472,50.7534723391064,7.242738723260089,76.3499320222349,80.91573955668346,72.82301268736265,96.83906394027386,161.6936067809447,161.96808871982972,177.57527385206697,118.17806966562566,107.2257248959147,94.75650083132871,80.1803767070587,126.18963106333314
543,95.96959603883728,97.81282974370623,64.06711152470285,97.77225722200751,123.8231911390721,100.35385103942556,84.53357626869469,72.7000270561914,68.75897570385038,53.766973717252014,26.758312511934733,17.356804007154913,36.17787130796697,23.92119877913988,64.20444336330982,76.56083684599577,150.59608038733612,158.35562188061544,144.3150972000344,115.86263280610999,140.41755071999205,71.15319632013842,99.30662984384085,119.50008171706081
544,29.670412720828878,-0.4415660755780948,-50.543601664213625,13.908484282520845,-19.910733104204198,3.0524058935924643,55.710686741461714,-38.730377183552875,-36.13887256788611,-9.762811805988306,-2.508767920671289,20.610147378827186,31.171411142602608,65.3781229562967,47.16833330912713,53.76597767060248,122.73932136644054,164.32919105070042,116.36081902281283,77.14274143978588,115.07328957757971,140.88545317938622,132.18082710285125,119.73293198503438
545,43.18856069399092,38.08456490225586,24.870189149293367,51.41207332822444,48.462600084623766,-1.1556840913916204,65.4249822628121,11.024152329580133,22.59494674120107,26.252070922193873,28.11845267652528,40.957202783439286,47.21644586197705,68.30497147858736,71.82982925215299,122.36171731734609,131.977314811755,219.64012930335568,222.67764554192223,141.1625823757613,146.05940350988521,114.53795116719682,112.03227732976801,113.25870105050446
546,57.997754376322646,15.987125384769406,0.08262209141201993,43.261200573862,56.26706494380128,30.85067742807184,-44.824135303372415,16.542898820008773,51.8453767657479,30.76403492116826,33.55851000442192,82.3787181661936,92.6959767988942,136.8763228249066,122.449804581948,135.7661720987944,167.6934076271548,165.5700642366411,139.42621589756038,95.62622785121319,124.94877611428377,104.21312916777308,145.31781632182975,135.52216928941456
547,91.29305670307649,118.98686601899402,82.1160465008309,80.57171575222218,85.30092439691273,132.70153194467758,137.93186430424686,112.57461191638802,86.45507543286308,35.01499397821355,40.74391301239165,63.5618090923435,111.28378405319326,133.35842572445569,126.01723468732435,134.34742550510776,152.0848464020568,143.39947362117402,150.8488860655386,115.80399012634173,125.41733609774471,108.38764198297966,83.71952217792895,108.55728099643186
548,119.57791390848692,121.00223765588245,94.22736652612915,51.238121051379956,54.49668232709812,95.46095607257185,59.215970919867345,70.6406200263174,96.23626632476874,100.49628963237538,65.77578703606474,70.68651899123856,53.89590154326652,88.75120775116332,70.25705815361545,89.26205033073323,176.0571742167573,186.48722511218392,142.8592329010664,120.69060616812713,131.97588167877387,109.02825472189721,87.97176443147691,85.967753717957
549,134.0896939779622,134.2641289885694,111.77833767683975,82.90188539250107,52.7104173341414,89.55449136572429,72.86079552032984,95.48197036849629,79.7599039909533,116.61101016781348,115.52409367024731,90.24996738284769,51.25928612143061,69.54354915610949,115.5368331867155,103.94974629080453,173.44841058864594,170.89977453035783,174.56126219188073,145.53623412970882,163.71313339883486,154.09349744209376,170.88424631085007,162.40761182251043
550,88.29480987313701,126.61125860553052,123.15917776229796,111.8456640126252,95.98961394089308,123.20763495873835,175.59534987836906,192.43682599168187,162.496252136712,121.5920112425309,92.62360115916766,56.25820385689026,51.88616728604687,71.22440449419575,56.300453731929224,85.194525899143,140.54964497934427,161.77566855338512,130.19094905541095,46.116588868047714,73.20026871299987,35.55818131873756,65.93469701812568,110.94552430546898
551,114.75134629735511,131.07141515274301,103.20678189471393,125.06150227630094,70.97117221985238,94.44889760505679,122.6373058813571,68.58936779595257,53.47067327725229,62.3506498486949,74.60923072238249,68.95729124389885,65.27867557123093,140.09221735924024,141.33560558049345,138.2719968589845,130.55046958498286,172.74383042342967,136.5330456193422,82.89713752565837,78.12592815689038,46.37316615548673,65.94869398742867,43.87274698746816
552,72.4167965996126,42.736085627107656,33.297092774653805,107.11170387178586,78.84369849344948,103.09582569721942,105.65263891572286,82.0055005537806,114.95909227879406,123.96809646455677,131.4812792125699,120.71749456638824,107.99621807460208,102.6450680158387,70.25477554965403,114.78814337683227,160.78695145329536,149.72208784120662,135.66652338470104,100.28754956824083,114.14656040354782,123.85012693650975,103.11897078472715,77.47549600846773
553,83.56270974656336,65.18029006585523,23.50439339790293,67.06146103140361,63.603513010822354,110.41012459099892,132.37954675145946,99.83581897286234,136.96718282254972,114.85455915906067,111.58366032074002,170.8758912580218,161.15570015151258,126.69480996012925,121.17916145709985,132.88112384317114,192.9191244686907,161.13125807481603,174.97773844218145,110.30242299108616,108.70785100254449,92.0360325757631,64.92788455460693,37.93373701022989
554,60.76062940668261,76.73804501224163,63.01816519978134,76.29510140471193,92.15211916257755,53.89599363322319,42.109058193240045,43.099171665696375,47.504972438866304,27.98282110677438,39.01942970471218,48.474354103856726,88.05950269457819,94.21614542955126,107.17084578460575,171.53554263208892,206.06240365294576,224.05391967328598,201.65877766549892,123.59657454176471,80.75694988943792,128.21097286622842,122.3375369116544,99.43722766070945
555,40.53296956519963,-0.6068133507203441,-36.33149700266998,38.20823224961773,80.30518923654105,61.44034420430711,128.72432717467322,149.53647646853472,138.604223881365,205.2872739021583,197.96402525884986,149.3694479681998,70.88741274378378,58.197002326467,79.29284002176281,93.91241196356515,143.42945845838995,152.91712163109466,105.8234844413966,53.6261395569111,74.6514144288981,69.97790751456415,72.55432164700329,69.44960317443933
556,48.538678535992446,25.415849293740507,10.805417903241604,77.67669441820512,68.45040228798122,90.24168216329197,134.2913199303059,68.58480726691047,70.02712808093007,53.330991465703846,40.06706243996648,17.609728085452204,58.23506002369285,71.18654830342645,87.34001634412485,107.10131734499562,105.20806930181888,93.62527468045454,118.33405795606745,94.23807858021708,96.90089559089104,95.96806075369231,75.46712678742459,73.14110188528795
557,58.025288474123215,68.62553394495386,39.574861981617055,47.880578612457,11.527652081892072,37.8918389884463,39.37197717920965,5.26712540935516,21.35095328490661,28.830123239667657,25.76848508831931,-9.046593375715517,13.48556232727691,67.20144978612014,60.50573502563816,75.43698381398531,177.01947720961272,137.68398918422054,105.31068354679041,74.25861232252375,71.37993828690448,99.32988465908242,114.92353035852169,113.36941240206772
558,105.66420367646697,83.85179324152205,88.45249696449605,68.86550279900304,101.51210767466972,97.82920534685444,127.59331245878306,145.60002288401182,86.20211385679428,75.91913228835723,54.98288852574721,95.63550485107453,139.64311552011907,111.82073685225681,139.04231423218516,141.34423776533902,160.10988380952043,107.69444983200505,117.76171257137575,60.100740073088886,94.65230146648085,99.88201768979499,49.67220949381765,76.9380118443681
559,28.846120692426325,30.407260946278512,35.95396412337921,72.91604185434845,54.982183412432136,66.2723182884469,99.5217847282059,81.00098827743794,66.22080900548781,85.83566620014955,77.5161423197953,62.670138833184595,90.67155423526847,88.19589826986564,70.32402130558083,76.13875469905562,136.93531641422078,149.39906455109025,135.51713016683024,97.5396313966082,77.37476821995608,60.485493976463204,80.79409218694352,122.33924893140966
560,84.35564882537966,101.2204367258521,111.08340068504916,92.5558202414986,130.02154221972006,115.56618047166697,142.73691080004855,75.27553841182505,69.82166414871182,42.52865172064389,31.27898429554221,53.330725122113904,75.22488383106099,81.87924657364148,45.662645369477765,112.00249468912436,145.1210067771757,118.28704272064877,151.87022305558943,90.99849680227962,86.18867715581207,83.47615882414782,78.17460717639861,109.04955901886999
561,51.47132832768479,80.43497165544748,57.48752404844724,80.17239781399972,72.6353094458666,121.01215933530894,133.13150440069435,100.2690273439627,72.98432619272451,62.06454846698032,69.27847365568863,49.308235521858215,43.44828162811042,69.8774974875202,81.39511984076071,128.39019667158595,150.11071774610855,132.87132994462814,94.15621804236984,97.52274884820551,125.24021775258238,139.77278474227975,151.99818614554022,122.34307212518391
562,66.29518204672475,57.59111803707339,38.83957718716446,52.14744748300279,35.171289323175756,75.34504394711936,111.87188027654206,95.94553855211677,82.30775167364125,72.38579755244005,18.742757465016304,33.58154840121858,47.61468841543538,45.78836556549864,60.54001750015003,48.028335333179946,149.20804048910503,138.755974375983,140.10615431739387,110.0125557520133,114.175328818501,124.88529546603806,118.82713517334955,94.58469879810346
563,105.46737128912291,126.25198411710036,69.2500576585418,92.38461757589154,26.123473539425788,52.20897382923124,89.78664649352952,114.12166942126619,67.858895102814,86.39389388909295,105.23485835524782,74.47141332505323,74.97923555688348,58.49397551704232,91.10741580527036,119.7597269506641,146.80704050168399,141.0401502029232,128.662606725516,104.97923571719576,84.50677432644221,87.27479635124405,103.6165304847874,96.31633263895057
564,135.623246663692,60.236953702565295,116.42844697292175,129.7357560399961,83.2523080605851,62.00980940919189,144.1311207789538,77.32284440134801,70.89186472006949,54.30737572993916,15.705699778207943,33.91635661249355,74.52698084080956,91.29622862233967,80.97801818339136,119.5355612275521,119.21137639050878,163.02033782239803,100.40123991571,64.33863996610184,65.95373151288561,99.49863914268397,71.55292016112757,99.72637615387488
565,102.80093507370742,126.26185093123627,93.58050989190072,97.47500426803346,108.87145679804244,73.33382818883479,108.63657271013548,90.3334145311917,97.4620260291789,64.0122516638608,83.99918921915756,73.17181056784459,46.726365771700436,74.2094163761656,76.12895840740993,110.41934847658048,175.30551870661236,189.03585530869447,170.14421574355106,83.3925921928967,107.55326821797098,148.3517215787233,158.34897733610921,139.91639085884998
566,67.11291633331803,52.61041879495876,50.00646591386442,103.27835776860195,65.94234880457604,50.15623968227287,56.297044579273965,80.45749910595296,56.47532366596126,96.43211157527881,113.70383096011909,74.37079148466348,114.2834212021314,148.25499232457753,129.78404277336045,174.16432444608705,262.86189404413176,233.99909713936108,162.31971677087722,92.5502040564309,136.14844231542122,60.27522211220534,88.23917772817167,90.53352986657958
567,105.57110230490876,125.46319544455562,66.77333980887201,106.99193341209417,149.45988571149502,101.36194425434232,119.49241085047623,104.56281752071412,100.49937641338447,118.62671805554787,64.34109627173319,74.49691106401798,60.72400842182539,41.384088674891686,68.3270112839893,128.9025209904753,103.36894770626125,144.9784944067416,112.46783478824717,55.43543808649885,69.73932661861237,51.288750519923035,48.59350472442844,54.23224992057588
568,71.65708109530682,87.28207740965783,38.94935180780247,33.76782312340215,60.15385100474124,78.64747859225542,68.27822452984631,145.5443866196564,108.2350452383547,106.64455752393278,119.28297641885325,110.35780827102748,132.4462896203411,67.63491675972814,72.88418629434564,80.71314548651463,122.0274092902412,130.34943220671207,129.37298526554542,92.74498183929147,52.42345010380869,68.94028080375486,52.157423559790196,69.96123211114362
569,82.90494607499966,100.83378559679716,77.17982863056531,54.66173358230756,32.76786007182261,33.6417163248532,104.9932046257097,70.11461051431907,94.87895800697929,91.84133393260167,40.09852665136131,61.01176961350305,66.88067903792967,45.382484370078174,75.73886255723946,84.99542716338473,122.21960479337965,135.90111812688937,111.22256969462137,82.03803766259624,91.44808407412648,65.65190915467002,86.81629691251918,80.291512834059
570,75.86089224258531,72.26113928292028,40.23163776042832,42.378624623575334,103.40405455812926,56.12972699966459,60.90463216466114,79.44277152193767,85.44518660497015,116.15340203492036,112.25190761847304,131.42568512517346,93.70279314354465,126.67279533419664,78.58239807086403,120.68347282979272,183.0484910845509,159.95227367433498,102.0367733074393,83.34075950229813,97.9305815935758,70.81841683455646,91.03635429212235,42.96220600753129
571,67.68266866624842,97.78924987469931,91.0029711782787,144.6016603697156,82.74766129756303,64.26871234033398,104.60633947110802,129.54210178382826,97.50578195190543,89.23103803521933,137.96829369152886,124.58513235700019,75.4271793740586,117.19835168119027,92.7867934437803,149.7732082429365,157.97891955202783,118.84069015476129,102.11622709304002,79.64312906425484,79.6473994972381,89.54123997298139,121.0195863383473,151.67468058861283
572,32.49143473601978,80.47402735750562,71.75543878424594,116.3228044730435,105.56612648360007,102.77767876091798,157.7906604657113,118.49837616928045,105.66168310910469,-1.0114662662796263,53.757665878096915,77.96282188652998,56.5781256519583,69.67377681180292,76.1268644318057,104.72098869741404,147.27542175507816,133.1215581140467,130.79521362610137,122.5282742744681,127.73238660056548,133.31904064917964,151.29794103512705,105.61124798848391
573,56.63669711797134,69.23024602539583,70.2133277246773,105.09425372243032,66.56749027643039,56.04508084607224,66.38201029361467,58.23002615572516,67.80398353335441,22.02016416268733,9.542012356162743,63.7847363062161,92.46930909296933,68.11826121045185,109.22340291015794,130.98219790492396,189.38959339000002,187.35140766256671,168.99880871431384,102.21506916384179,109.33191648175662,68.11682418223528,74.19605776199822,66.69605711086797
574,34.740920445940915,67.20633559280026,43.6664217528271,77.74586950948371,56.54205683409239,77.35948833955318,68.67673255245909,77.79521560278431,66.90656614453894,41.966563014445505,40.67469893412821,10.139285567038826,32.608947920105116,51.6227629965912,30.81244731073182,80.63656525128393,143.1877040121057,134.0990449281129,106.74642671118096,38.355098537983594,47.871266549046965,32.05232129026385,79.31005627353042,89.23042723154816
575,21.142874648755914,83.62799201971143,80.76735854838032,70.15125947665881,83.61433964985777,114.59668598765376,133.08887290565534,134.0876679696902,98.00351813166313,68.78268222783608,62.91780577931134,56.15940113862915,89.84912696970612,119.7793231981853,131.2950062474692,186.76832437123312,210.9022950172025,180.81301689634836,105.48753112787952,83.03941532428112,96.01024147404749,68.49386988038236,76.23071418595879,50.54408758320612
576,53.90056168684163,70.13725651155298,20.951804789159503,75.2499978430503,94.93412481225265,77.6769935605895,116.33106205999998,92.08709999962255,75.37824551089761,99.46186311247928,42.82453523592955,61.86248538337918,65.05188137205634,82.56927899446885,55.36774281683143,57.220460141403485,135.49246756181319,97.58043300847379,118.61733125068774,82.17665722679074,90.44137370382414,32.16235179105898,77.30203555973995,106.99331004630507
577,102.70062324777265,110.54228496205306,101.7056894393807,120.65040909581575,119.76575407749657,83.54732305153706,123.46311627975406,185.85390821050856,169.8740519736503,103.63056617164104,98.46978975812357,83.17837244697071,84.75063837002189,56.24189751703677,104.39304332977143,84.82398690170965,160.9145337914628,112.99984284201531,132.92437656365877,75.73024335669014,135.92866484534596,117.54847700988688,137.73347642667085,163.42651979457398
578,139.45607245761553,119.98082986581592,103.82649832823375,80.8058069252627,70.19328629929146,69.79890104369049,80.69176015056743,75.57819194720776,40.70114439314462,-5.704896004467486,28.25164738831114,23.560644863345388,74.30439359845262,54.229268475373594,32.80110327429274,74.49948282243837,139.94537922637514,111.29758773187842,140.83736454602996,111.48176397850773,72.92251880207708,45.22644679461977,89.86367171243228,68.35304128343392
579,65.75898019767226,50.34511893063157,36.215176166426765,17.535332781948853,22.82270066680328,22.458246288891843,61.37129749751983,37.808093616554984,52.07311356414209,71.83476928937924,104.90090302079767,92.34885953995938,106.45286369633467,162.09848614720914,108.7187721431528,138.9524757281931,204.65509998696734,233.33989689469598,178.44463733041005,104.70849173059614,143.9633716730412,109.14327369125658,119.68317784090686,122.11702276863468
580,74.95622429802278,81.43338067412193,86.05674082013324,63.40458670957132,41.374688868024165,92.36469713651299,111.34051994740965,120.76819032441257,80.1906075741838,121.227896680923,73.47917140953206,51.81440952921734,50.177495250861355,48.81515005028713,79.40125384653801,91.15893303755028,158.65050473452496,174.19082970215484,52.383728268549376,46.24771782242631,44.66538923415276,71.85081616139789,105.77035387015616,111.56604100215367
581,111.47867918221482,75.41475811843173,54.366950955166246,71.77986444190876,88.14004432007044,72.82608035789201,71.79590869673613,94.78967296696106,117.54907085923239,131.98890756343422,63.40501871235432,69.0303832946253,53.12231502081973,65.0765750028771,32.73142862746033,98.44122538598273,154.95238660254446,147.85124959986928,80.69864120914306,86.59634183300852,57.828717803495906,55.83458568412504,101.93721233640173,126.38508860701404
582,61.49705338260451,78.7785898600093,87.95299442578755,83.24412859404522,48.78492435120732,79.54972955508015,93.72048310955294,55.94268175401313,69.99114216032922,42.60160615583341,48.12880780728818,17.805583593885828,44.60280382453044,53.93761533230078,65.99217779661797,78.76858029162769,131.3694457120154,143.68802651386403,153.76055047884017,82.84963596281763,83.96018941422554,94.93116846955621,117.68548439770521,108.68105101020328
583,104.97407631154525,71.06067102595405,54.726873110790564,68.70587968345369,43.537845256851995,101.05736351556163,144.63974402520293,173.722549785751,146.00044092593316,96.67309062806362,73.7258761946661,70.96650692663508,36.48364436712591,39.95296299399449,45.97921482324585,73.56876533623154,116.20115847040982,178.78229660124046,135.76367625734719,116.42357231619869,188.35234435564996,166.44792651482527,158.23576153393313,144.11406589902236
584,112.93735916576398,133.49952763915388,68.43780643838103,95.55843503667762,92.44726382654443,134.89314692599748,192.0723635099243,146.97431542002118,135.53852839282212,84.10811584216621,67.52481748162563,68.89351194964713,43.47207527049158,22.399187833878898,37.1311037854111,60.42517615540938,127.69394165795138,98.6150364086837,54.43472970604434,21.264871707120633,62.80270717665776,95.76907822399605,110.1481797772411,115.84785353658725
585,46.9230446974107,45.28687573222473,39.610090449438374,34.862700394586554,11.609529388103034,-27.959123126272132,33.367092733212374,1.911421723836412,12.473757272781967,56.68400453699188,75.07701165623021,72.1660022517115,90.99815923924778,84.6697166003585,69.7702160218636,119.56506727027434,171.09034582343608,185.52888862939648,156.4200540240787,140.82487524492294,87.26140509736403,127.17224286958023,138.57550828619682,132.48832151555382
586,54.27152095421968,51.03396236299275,50.756233170523615,65.32504195476415,51.029656073778185,86.25765293874568,100.06075729088231,67.45335877976308,90.14342546559445,84.7333550592801,47.42619560113696,51.54359935361598,61.129326690603264,61.755072131605466,69.19967331727833,121.24798519237828,192.0503115215545,192.94831781097383,133.1025152133346,99.12196799492341,162.08152789304845,155.87242086888466,99.62007152319876,100.09556529474021
587,107.23329079578484,145.11181997046162,129.8754474891877,130.2603403904091,110.16280425090835,115.39430032755264,145.13099496464537,137.30312567947914,109.29419043153752,152.42134543747883,145.5540845600931,83.69018539537012,87.81801884862197,110.93966648330397,57.598963031255735,75.16175370072591,142.510175383081,148.36034145763844,165.92747100555036,124.34220008605547,116.07357705312296,72.37758157380087,84.4805074658446,91.75748466856491
588,36.941344490731424,33.179166284982394,15.99716532848656,37.4863893151667,24.201790500273475,49.91459276479786,82.9713628707646,84.92548988296532,73.62880232541609,64.41184555575359,60.439365936869685,59.888996863194244,55.38289492216485,45.0960539399768,97.6758065154998,127.66370313555906,173.2412866459134,146.94529578405263,132.31709632264943,82.56286637734603,83.73839723087005,100.38458321746216,34.573364676993506,65.66031671902735
589,125.12994417821051,117.44470210307075,147.43720977032078,129.5211038444728,129.8663002715483,163.305332478359,165.0306218940506,160.211462819872,109.5845605081988,57.595269960623384,80.50557987890433,66.13525771322878,114.52014074152657,74.5575134428395,42.82299484692317,37.32271195530383,117.24511206481338,158.77642648462046,158.06121127543196,102.46062319598431,122.00157517854389,137.43098871372018,124.77511186096464,137.0449978997414
590,47.179519804117064,52.457633986642634,-14.88100780426555,38.8367614117502,44.35696302339542,64.00232287956074,85.26917634189637,57.654569900433756,96.9826367692284,78.12965863448952,65.89263138409223,77.52235868140237,81.93500664129652,44.43196116886114,87.58501864695558,87.06247974491319,140.11981145663276,165.62966799506694,126.11191496989149,71.22332237019636,79.06073783862696,66.25362314214905,109.38074616872373,80.5805830570234
591,65.69446643485965,66.1428600567747,67.27399021059229,62.26989837944956,56.535770755411086,40.49309603172292,78.1854074592805,114.68480365410471,107.7195786841483,86.61791415001407,91.44925438804256,107.61374962918653,111.15712916250605,128.23253364916582,202.1078232544025,226.48965451619063,274.2998940097565,190.6814759013225,180.42918508795677,113.16846318753959,134.4249471522856,107.36542017760935,107.12052971353495,75.86189823406097
592,64.05632588211361,47.27421288759526,67.91491540759158,63.2173661335509,68.59051208948723,79.05221557546437,131.56862458353754,123.85297006212272,110.58285050937606,109.5971828791541,86.73079209902652,27.641565152389,77.13223717218656,72.36883438352804,121.71221918286774,120.69509314751066,179.95771592811298,168.55076415040983,179.73134677873227,112.57300875757397,137.27104835503818,127.92596341838474,128.2445096494213,54.08192426325116
593,28.925950046764555,61.6523225680057,-0.9624595540701648,95.96951150039753,100.16934107390236,140.32217877330845,153.8908595232337,117.46925787661198,127.8594985345249,98.2307938102891,82.31583594810462,90.36051707220965,-3.6564124502051385,-9.298736360187462,52.975355762305185,86.87294243433179,161.08855731801793,177.81919094483143,111.05460105471586,67.82671877230192,70.45979272498398,64.92966405051239,90.28536189191331,155.9629315683751
594,50.60636582522116,74.53495507429353,60.01749886227522,98.25633724422985,41.54330382922258,52.919566338608156,36.39546085603193,32.59885356766999,57.82234155537242,12.647535989711457,8.484973146552676,31.96153233638355,101.55088764536973,66.92507901074427,109.5709615448142,75.99179376789121,168.2082368855072,150.7895685260195,154.60972963371773,60.000991280324435,89.66821615599562,105.16991590313414,108.93061448102294,157.71660571804057
595,64.81691529709674,44.608665344407214,13.423000861040038,55.851102218873635,37.806428894185686,97.19424974417412,91.78094059789844,107.9092445067936,63.70166934573846,63.8814903195872,49.592901542292644,35.90979733131648,49.074205036257,33.8808018063291,12.637403796227872,34.458272925723904,120.12695476060715,118.78216845766707,83.23156621980067,30.750678392866433,59.58827546819447,41.37828908702103,137.26768580082728,152.58366200405658
596,76.1650343242984,83.21817432346884,73.98495974374113,114.36505080702571,75.02889171572788,103.69143633266705,180.17268223249164,179.79309368152138,107.14628861248642,114.06487795486169,114.69698817934034,104.02162285468596,119.28893886672826,125.6805544428826,163.52526492812245,210.6407758487948,215.62882510295054,279.34328832173816,159.25353435459485,145.6764132604312,193.6181270431132,177.70230288057448,176.0234989946054,138.44300535495663
597,104.01119260864417,111.6919073581627,72.32390013156882,83.59752792863891,75.26062823759594,92.93707834088352,102.07174127195717,105.56313123148986,94.53393895655564,88.81304132559782,105.19704857665381,62.537650447829606,99.58052745946225,59.4091444812062,63.83429926484458,116.11451055685703,151.59375766263855,149.76397717527126,120.032986706107,70.05806546896889,114.88983666113387,78.3315057726404,84.5537848380049,104.46179722635591
598,46.76536041128145,78.37287729836498,42.50050283688273,39.84556535191699,64.7130748025738,78.43102775179136,150.8230636778796,143.81739324113175,131.36571041455935,75.4653878463281,80.02131304188529,66.81718242960793,49.30939894660958,69.81987103354638,84.3702397030343,86.39693495858272,199.2224013358247,192.14455072456528,189.2602319677847,132.4802282226112,112.0434496679051,76.69722172642841,25.94782173793007,58.198241563531624
599,34.243520398942124,30.87719407439721,47.69533502447686,72.79727364436032,33.80838884732413,36.88677641347207,34.37655525773701,20.281484561680415,37.34383376442893,46.55632284980586,41.81148029698643,95.61504714759867,102.2625056705451,70.26967332511695,106.81350853563231,118.84415678933051,78.77554405805463,117.32054405205238,125.39892806839173,109.85817204796831,172.85598083788156,179.74122236586354,153.31838981056808,117.8131574248016
600,177.16718092053006,106.14656021652073,100.92371504270582,94.0363273030589,73.67587722429022,71.54122406290328,120.56514454025631,119.57372264083125,66.36908859389924,47.49248683033119,84.3828265609857,90.07130366062418,102.06994817505648,88.25141645206773,111.18066321823616,145.8653900939731,162.76714134011854,167.643162971625,131.55752412089382,81.02022415810069,108.47099831804503,84.89873132726429,78.48805010569737,108.8884206685685
601,41.86691814590603,65.63799821517524,-0.6289024060024531,15.179069094133382,11.41950096605477,20.843653768595196,104.3400908907136,115.78067195837215,108.29235575673368,81.84121810600084,93.42823844580809,69.51233767234322,91.99112095136431,66.23369418350107,91.61161634382653,70.94405168839211,75.23578035315111,80.48991579413453,97.66734906720228,98.09483044867123,87.93581694633411,100.00903622875644,111.32454493917108,144.80703905691834
602,60.843733880705535,14.435033170768811,32.98291960371383,64.7334248212677,78.20401342258971,95.27008726571846,143.73645055080993,111.1218742063447,80.54198656132557,94.42221405648502,66.16696682642743,70.94959986687154,82.3759456579814,57.85208738643922,122.85048534036059,119.14650825367947,120.89218897439099,123.98908982719836,82.64298370552845,34.298455976160014,49.91030653007739,52.115716610007155,106.55199060023537,159.91442194507857
603,91.76582856466003,83.74939423026053,61.97355072587547,60.5494097826961,47.07619097184176,58.420824400592224,63.98869910622674,70.78344698800525,27.967935037203787,68.94146757589287,102.15152705230251,95.07164924922078,51.500993346064,21.719700682700115,70.77748453973518,125.85625793782177,170.74815900673036,164.4357977934948,169.3280875351187,110.98722479200862,94.22140373545885,113.14580063987823,100.56456477392538,112.22963649664536
604,77.97803839222802,99.63232192881944,36.890669023106355,69.08507121072036,96.54998027730836,103.22813120663179,141.15390830650065,127.02255626144276,121.37680653828824,113.29756308408605,103.72684806605724,89.60344643124387,94.28047383693423,120.71376629514319,127.16550967671907,171.43956290609387,175.4069273710564,200.5478753633866,185.52285483959878,129.68779177029444,94.02992619774815,122.19913280318096,150.4931625771099,93.25450610742595
605,111.50592056197203,163.6910831783632,119.73058009474747,113.13641425616724,49.7784610615825,45.82340146388914,121.03864378983292,120.7290764153779,111.88036248270387,109.91406808637606,96.04414991592886,129.4415630094416,96.65105164376067,125.2331629725355,80.80628300134566,83.52645590058853,119.21564853617949,159.00059519984447,128.53761365065182,122.22167379131724,100.98510397510455,81.84923094619525,55.71609680450686,115.03353914734664
606,128.34411060313383,106.42502118553126,101.09198107855319,146.33922179960553,102.8639340622568,77.42323096095916,48.75627276621838,98.09375051514766,47.36309344620728,62.25487910750733,72.09501198070515,66.13049085776905,109.37550275553859,111.36934949619462,62.517475380578844,70.34526177272951,146.94909149807364,143.5501408006497,159.13314192109368,101.09361022368958,126.82647787087463,148.29476881716852,104.35559031841069,101.00980295901498
607,111.189904167952,84.29994741307445,76.9563100946918,86.46433006259124,24.393949464352588,64.1035925532191,101.45430514083878,101.24081468197774,97.91278816736826,114.73073613700026,72.77299310723284,91.54004930786387,86.5758492504301,58.00955422766877,67.40218108670089,75.92512629789744,140.08447640248002,117.95207913597741,-2.5905649083875346,76.83771901247759,55.82304631224574,49.51025619551812,73.91569659361028,99.78697387987599
608,124.54117567592888,152.12499573903264,138.256809514156,115.8429780767078,97.39994587609587,90.95237062013847,135.96938611818317,130.27203757723504,96.5937453919193,83.17207882350063,47.9218657599038,69.6291492958873,57.9467998294905,65.20527358096587,91.63424008409133,127.11593864831099,158.14593647685268,171.7249689146188,230.42574323342882,200.6441565161308,242.71897473136875,201.96839884434797,197.05640503637937,172.00024145505452
609,66.43779972168022,73.29127262649173,99.49239982551993,86.70511426158723,63.896862643563324,59.605263623313036,72.39676386183669,53.02873414652717,79.78537654310867,113.0076636093466,96.49828200622949,213.5710195045536,119.85034316152264,124.63203322066681,106.95978115638437,128.53955894227084,161.59551411141817,162.83117037598342,137.33311991876258,102.15277255592693,137.78626608441405,89.83663325901823,102.86958030179292,128.92313288371122
610,139.89300797156926,165.6450813203087,137.29777378890395,126.55537825969243,101.78757996509827,154.83624479157805,147.96357623940688,140.38309221892942,102.61976600973497,122.81238871819964,83.51976196148757,80.12667633518282,85.22351177550453,74.01317303893734,91.06247485506309,74.22250640280257,119.7964278838424,115.48369397809972,121.34202505347322,57.403996141882814,95.5196481676824,73.86080206063092,97.6260164592131,95.20574379152256
611,67.72263081324289,34.87821093056772,21.619267836396965,20.554972971316374,38.41401323393423,120.33161684168775,128.88872970128054,82.99849968937832,97.18694449733913,109.00132930988312,103.13879532227124,93.09701309288977,118.76578196086528,118.72006379075148,109.92663965967313,110.68048221201963,114.98336240539152,130.4390455954197,123.21848639439912,56.855396896290834,27.705457259547387,39.005381115680606,101.55372741719319,116.3621683663882
612,19.483527616938403,87.28494412760072,72.28408650741753,94.56869709389309,52.062580197903344,74.65161631264066,108.00803603746056,89.57284055580531,75.51390086041698,21.77446162255533,39.21118673846152,46.33956140401989,62.14070642358527,77.17519267571993,57.00218948872607,82.92024127234723,118.04646202503262,146.0133143175432,118.73309545852483,87.84247528811532,119.70367800521291,133.39887327748266,124.60134274541215,147.80626735878832
613,74.27154125584663,132.88856643655956,95.9182538167646,139.9745216617032,96.91665933376524,90.7151932147451,149.78270737662743,90.76423769193035,140.96042199484432,88.49620659161616,114.30266866465212,92.31455788968412,94.63483086820898,73.19410214305584,85.7414515409599,145.59721959142675,177.245866002038,191.38212878761573,177.09560664689025,93.64168212133151,101.17315722110288,82.3379137355921,129.63996825625574,109.72350737988117
614,127.11941321989943,89.4930927699693,95.84833163780225,80.49831496015432,32.07545653537998,19.438207705552678,59.09593891322644,13.628076156269813,19.24521861917117,50.070206921941775,59.096378809273205,63.65286524724086,101.17676694361276,146.08951889289824,150.2021821323886,197.3715016270699,239.89667592907477,194.18824684318338,172.447631377545,142.44094546829632,146.2454961150819,116.59101417886814,124.2343535861169,120.63631425173311
615,75.52995592034739,106.73089060425986,83.34351656750103,103.08906943884253,50.8160106449029,60.8473601617832,56.087717406447126,79.66927632230173,34.90512103318211,63.4803225835906,51.98438097714935,79.58338853721428,111.29335094156136,130.10419952077277,70.53547084756474,93.7872013620772,172.96239087338012,165.12687259041664,141.01030034415592,112.8983342265121,109.84391151147449,108.1036681218344,152.097645451113,133.01715495142767
616,72.13561143649513,167.22694598864447,121.68871675907829,132.47416365305838,134.84946805497117,116.98655573956549,173.79539069888392,146.75753311008236,100.67868621804256,77.83873761348656,85.60207427168152,52.97391883713309,172.30117129452287,134.75494756669687,125.04178084720789,82.71664451613218,140.8641944099496,153.2907714604676,150.4273943271313,68.70021850026092,99.20414079882406,119.66651655665461,139.05854882670633,130.60678158154235
617,70.6738418361833,94.1653339596676,135.97336085056486,58.744071751102005,29.73559280694402,94.28735325947854,128.3807469085761,133.01221418645653,137.00404335262496,73.52483130385777,65.30943072088142,58.51464624948749,58.35593832742855,86.63110159934548,114.5075097894219,75.18423920257302,136.71892540646732,122.34199873066193,84.87756257506538,41.268858975986824,34.62619192027569,39.368053921375136,72.3479871509152,77.86598588969372
618,46.55240286959823,110.0337539521216,76.34442337268175,63.58387584201982,26.729049505916855,59.91368872628185,69.09468172498883,38.71537097497214,35.689401839055215,77.06757377379039,91.5692197808301,62.90796633207563,88.88736083966738,110.76655252946946,128.36851156301432,123.13726773282681,207.39642053498991,219.29068721736354,197.53440828607654,99.44727929436041,91.498010064943,101.89290464178357,113.88910607001915,116.76944033805107
619,59.06263453974463,41.6138970160805,75.22727724577065,67.21890058686009,34.03319114515456,56.60274727334294,88.51179299196359,100.96879291240374,80.1031292176667,47.56889703817896,60.182478627614934,110.39333829997993,133.43508592349804,83.44716767155555,88.25679903658205,108.88029610561894,154.12649831570417,156.02390101077455,165.4603091443309,150.54029143043076,135.04316974392515,123.84458507453496,100.40579682222484,96.87826931404533
620,40.72945443805195,52.474553010301776,59.088302002523754,86.95582736742645,51.726635277845446,50.39332195915931,44.11341268187405,143.66299649302783,142.22713586692316,104.52405704862306,80.4277377428916,43.6579665499853,42.78269667052909,60.62347613948738,80.29501222702788,74.71776966914,109.97925134868626,132.99643978230932,112.61508963206411,63.21549883241029,86.02229047688742,40.47499650223375,52.296083479834735,52.11428513729244
621,93.94021897530493,92.35278052806035,83.26362102736938,110.43311739268492,77.34751065539248,86.3140562500487,83.82093146187307,89.41361377257783,64.18265035416103,79.98504550778566,77.34555500550941,77.05013238795955,105.5184455879764,69.31366879926088,80.14497289861751,148.97172050354743,167.14354104087792,184.66403757530423,187.63146078383815,107.40682774957716,117.67544918487494,96.21497702048691,97.50906210819569,98.59477103815202
622,66.34300132839522,59.16634348137654,7.325432123964546,48.81791730791545,99.57959051542245,80.59973104376698,114.5783079437917,130.64424089277503,146.8803007542969,120.59590195597875,118.98287722628348,109.4103880281518,103.06261356573972,99.79369570574136,121.35700203821963,101.62239649033387,174.40577055161125,178.1683285034847,107.24270175538841,59.6864722989196,63.73964045420669,79.17726680800925,119.85203249559372,80.86848459253831
623,118.77260208020101,143.31637415662723,105.60719466483143,101.26437715774826,125.29692359056537,167.2063823138219,210.29576442319208,167.5173306443715,106.86301144083092,114.33217828149068,131.37961540314137,101.06440847035476,122.50099287929073,113.87404657850581,98.98466903669244,137.05683193462198,223.42883494576216,243.50818353931894,212.3803636281972,164.20966549119498,175.6977813241171,148.0936404932243,141.61300490319104,171.08131881060334
624,92.23788994524392,89.9686141003574,87.34379618671804,107.32632258387397,33.41154386726028,93.180964648043,127.67587116920191,110.74722764379447,68.99055368231464,87.14940041481702,87.62236329494029,97.03821942313513,106.03177187602826,94.56262319714207,47.9467241742147,60.9426296643656,77.93478542204487,133.56476676023686,81.54545758321021,85.95291687913398,152.03117742818608,101.61426736153545,84.50079829772903,82.62405789933973
625,58.01445039950076,61.00101768927989,56.35693146019338,94.7827555038876,101.13947658499376,101.99156279837433,156.50092700595403,112.72493389660916,152.67660513418377,69.1080726292935,57.40338201428313,25.081715812085875,89.12859752162655,78.21914932871908,69.03718171933696,118.17047248020165,190.8405380744577,200.34269718653275,100.36791386396779,66.85076501700168,92.62798483563645,71.43249965268328,64.01846799050065,26.186175059334403
626,132.76326260029998,123.07881903424767,106.69954097893643,111.67520823331591,88.55012151705907,91.30931734818346,132.54529422648216,132.25457144045373,97.83287962740964,43.733490865851124,34.798659111136104,6.791062652191414,18.043009154891273,48.57921849773466,47.9364539519641,104.95407167251477,134.70368048176368,112.51481997878545,92.39532274209229,72.2668486587705,74.88903965884474,115.91154682874497,137.10311162353364,97.24152827952258
627,87.53638395818199,79.91445559567208,74.87089825833507,111.56031667000485,71.86667666759001,16.91876954140404,57.503146195777916,35.49328879615659,6.357530088019246,5.88097529738809,29.548280283657427,57.124043175532904,66.56871819343274,60.54591156283414,101.8978638663216,65.27704918684103,79.69534484537668,44.63904873702049,51.50845284378349,26.32731756379573,56.34698186540241,83.97883103196256,93.47904719179957,117.39898173394732
628,59.427971460966184,60.06587226471909,78.60423465519654,70.33435645658919,58.630991081976646,59.747335892846586,39.10708012594647,54.7468848249484,36.30686047793979,56.20748910509827,34.410521214770085,177.74393655463294,154.23899613437692,148.36147360625247,129.88474885789998,105.5155177197063,144.89383712250023,148.94286392815,149.61939849070006,94.36744518847254,73.01850552072585,65.63107049647515,88.42840332613571,80.81796939961563
629,75.56120568503228,71.47978177708447,34.909361905029755,77.09833094345225,126.15620330447499,167.68866777601022,149.79123414055937,142.3486003731315,164.82059627280088,164.53671234244388,100.21894863985221,78.75055250868044,92.77294254230986,107.27599050711737,114.21464986176015,134.24229164156083,149.5035174518596,124.37439662659659,125.82769149238614,31.18545795763019,79.04109351784167,70.07465614860061,87.73319880568371,59.27885206042713
630,65.29826346032189,80.76491945073288,78.7404315990494,70.85301990229362,49.208023379648196,129.37736943082928,173.12288481645214,168.44055665748562,149.1676998226251,87.15547476286972,68.0234958968471,33.89094284828217,51.24279775676197,85.42461881300834,91.01221495529425,31.692495460816758,84.59742093103215,71.05878257302425,74.42571254618798,67.43294959384878,86.30009345875983,114.1237530936326,118.25799082869307,123.50094161962302
631,102.36089433941291,92.84290825855848,102.82188066590989,136.1369511760085,78.60861738213133,97.27086947992176,46.51639942248262,92.20687107692092,52.319059641625756,45.58611368051594,25.82188000524495,22.43883341568946,15.9045260775722,2.130184033007481,2.764223843710809,60.4284414626367,121.33374859582017,116.8166256079725,69.18493153078529,50.02073093039458,102.66961415168447,287.4554668124732,220.91024545178755,208.58960458628133
632,100.74332335081712,115.51257350938553,86.62287123091275,61.266577333300575,42.756450719526384,47.908242299397685,109.720584164716,140.79336942745346,102.47184649921628,136.4637722978217,97.69309202790436,66.43150476656947,64.1649230760948,79.43102590569231,114.92378728443163,111.06015272668449,143.81905140862727,166.6349626607781,150.66730423160618,96.30267114748283,105.91804868565467,43.18828565306083,39.677946872089095,38.9273946672038
633,96.39635681215191,121.51484348747925,124.05984466430803,113.55621710653507,108.24424198652034,123.7195361555584,96.95865842771315,71.89466442672452,90.69295870961258,70.20798774752822,54.444118760458764,64.22318459414215,50.9544440057652,44.79296802790612,18.591458984125964,68.50713666896235,102.66113682462311,144.1019131252807,166.14215042739193,148.99771696661497,106.1858509000406,76.26811989118357,104.82977971833589,43.276727129546416
634,40.20738145334863,89.93529932490074,85.87808915430998,132.75621208328423,110.952727989273,92.95166907511373,110.82087020119131,80.59927702683925,117.42367907571393,96.99527838776959,72.24215135685003,64.45536081627962,64.19537026456986,53.27033727650601,70.46262092809509,124.60782487198902,158.2800360632105,146.4137974141997,156.9070215924299,68.44956701254502,67.43258640709959,125.10694948456702,112.36823860117514,118.96429999921334
635,19.54739334436887,36.735013995009254,-2.9095518288961557,61.562995663989426,6.355740765458293,31.6231716455148,97.37658727506121,74.60463139940308,70.23675857107995,75.11112741608753,67.69511040806914,25.728767716891227,51.09918728168391,25.077796514039846,57.46130446015366,107.27466641907527,149.54866735274223,120.3639037901961,80.284857328377,21.267510212073134,48.60314030584289,93.71796776230246,98.83583919241119,67.73202755589882
636,18.8471003338924,51.61550035545381,73.28931534405675,85.97760800611553,64.46955450644614,59.38815839220989,125.54283098948082,76.06632528751362,46.5468364049288,54.45926152198734,25.879982185757157,45.784162358522686,58.46636918972568,68.03041071074594,92.08160586732095,131.17753791559352,181.30846080308382,148.69608744563408,150.16193226497487,127.5342221028009,168.22820394176244,114.2090671292472,158.42524688921176,134.29918886236555
637,77.83626500609743,79.29613925213131,60.06533228677489,30.64402263447373,6.066418223669139,31.53010178147761,60.45701347419517,63.40961297414369,39.80095310212353,54.00462261258331,63.812442023259415,48.39029601464536,59.31805480187299,44.5874764496375,82.37461559328864,116.52265309923479,136.93973379812311,185.50452909017338,188.10500950484072,113.21968552344532,96.25701049337262,60.77189611609853,77.43991025873655,91.30583571589422
638,116.18262925622537,132.63989180519752,108.14739733117236,130.7909384531111,132.2326800242668,117.54169004906929,128.07836661407097,102.97552669814003,284.5902608918298,211.4739853849312,168.69862085602128,117.61060414059449,114.00364435879564,191.4250351807704,180.5290003879714,146.87869523349823,196.06518802506605,122.74306153972829,132.44885291864884,102.33124171591855,159.11962964701038,120.39391060806994,85.05020840375579,83.9787009127178
639,51.27324170299933,51.51323331295488,65.73155968294118,109.63882097356229,79.97396217409697,74.07615260850392,106.73810590724631,64.07616486903581,74.49927303320163,100.21218058712394,105.95515125118483,74.2761606437968,116.4129741110392,156.44373613544872,146.18605532245286,158.41845371356936,202.81163138084662,167.54812297928763,125.74803686663492,127.33838895523832,174.25106277297806,135.29374773638642,128.5494164233716,126.03415791196795
640,82.29295218264913,101.55471249551479,151.61470773695567,169.539055693764,96.78721838240159,98.37995016054236,82.66485628736373,86.87240499279675,52.129966277231134,34.274928720346715,34.05112873492946,14.547849729147927,65.86793432966796,46.51523248817715,91.6798458495469,124.21982482261939,155.50012067429296,189.97884951088722,112.4051077930167,47.5030513589807,96.5797891319761,88.16259910380674,93.56945007472201,92.33744078836168
641,57.18959209244862,101.4210146081013,78.9807168850658,120.29826048297448,89.3855376119501,66.53289550097506,118.39249118698723,107.24950706459018,116.57997094279125,117.88192799612139,124.5517278430324,68.86380941130653,63.349107009593496,47.60613177777539,60.76132312683075,84.80149581342579,141.64530091243134,170.11225584217766,162.21458170625328,125.7845712814463,145.76819808766575,119.85776697293201,111.2832811442174,144.94751187264595
642,79.00314370882627,40.640563487183655,14.939115092853882,53.954018867977915,46.99456772222903,76.15669712150422,59.3593403483969,86.82043236084414,86.74368142998198,94.68645362288976,73.46147405570665,106.39205731038348,81.06321510804727,77.42592237730312,50.728245380492545,52.227955771050944,127.59611480676497,137.1469505551531,96.51826344956008,80.64366122876197,140.13906458098566,151.78585728270656,137.0070363446096,108.22365999390239
643,95.34635011554003,97.34427873335324,99.75282972494719,88.89484561605774,72.12396972565432,100.76973092482373,108.0037705873392,71.8014918593253,67.45795717290162,278.6849748716537,212.0604871486839,169.99323952075463,102.6988226898903,118.95222978399846,93.05777703322059,138.79168290625378,210.62576935483173,174.5702201780132,102.07195940546066,53.921407225487,58.97853173136431,62.711801259566215,110.55272861953232,53.264990712607066
644,44.51757810361541,23.600140803964493,54.60229475139903,53.22097318710365,26.544963230458436,39.821720186141825,69.08348882609994,72.3872218934909,54.337165290225066,78.08788532050384,74.01304539051772,27.385378473526423,27.69056057865017,44.40903616555031,47.20760755184332,122.52442732265064,180.92041089455518,165.09060669787266,143.92536592007065,104.92171824075211,108.8932763934189,105.66989118098576,98.60493590632919,81.52178247902519
645,62.04533108470284,93.27950402972886,87.63461521155077,102.5550736981879,90.84151630041015,58.16854291196437,75.34991286845043,103.95807849759974,87.1505381084771,105.2269689560005,82.87087599769066,80.36501960280928,89.92867108698006,95.26020195186337,87.43293818458406,106.60813816372884,149.0969625419621,158.1510611266734,112.47971825223918,154.12429283721713,142.36127082179385,110.21244422715912,137.54525911442846,153.7825707415033
646,43.44492232375347,44.76725877991773,101.56738042680581,133.82598852532763,101.39014996007387,97.55872042989772,108.5298512468301,105.78010014029157,139.57965034583458,159.44723813129085,129.96816434786962,121.60715286686043,156.17703228944856,116.89989796337285,209.90742151338753,192.01365664101422,235.17400000646674,207.5204226961469,143.53265603423486,80.16516674434591,114.56483710781501,90.23315313146446,91.31897362646417,94.96644238757352
647,34.61004931865062,76.78617527979942,74.61783410197268,78.7649791018811,64.83026231464221,107.404751701769,133.80254511098306,123.22299728840412,74.37311443203507,79.38875636016736,46.972163591223534,79.92824470489299,115.15829803571452,108.40869243620989,132.5514672355904,154.63785155995993,188.45515351081812,171.0332862525044,156.54276909905528,91.84665222410894,139.49104791778126,135.97752079820162,102.0357284026745,90.06418301153467
648,35.8090462984887,50.400764463857215,58.9809356563531,72.50450083023844,38.770643878780014,111.25137878840177,155.02763585056272,107.72420880000685,87.95158445529552,85.4194262025931,48.01609381922639,96.83462963809035,68.5102551840664,81.25565056418024,60.47013991227223,92.36511321612022,158.69935895034328,165.19973193515716,146.53420485910758,113.29682628008516,113.05029079346464,146.88062705174178,163.13113838117465,102.165178216697
649,119.63338054057179,87.74555582707728,81.09737908392248,35.97892152900988,32.49217789613866,54.33546278826853,90.57920621839602,65.66967623823409,65.04843064842989,66.22604873625166,54.60547763755437,66.07710478792137,105.56876756095534,73.34504392641671,100.67219324489945,143.23158440682238,171.33153619371134,155.87492950061895,141.56130045870412,110.88806841064934,105.07762703603586,90.32057476588585,81.70996258804487,117.87684493055681
650,16.25168362290713,32.93495603662167,21.47537400238624,33.12652017424231,60.68062221538075,24.91062979050667,51.57943761214865,74.76817200365625,64.83362737796196,77.38490239346197,83.51048639374046,39.917403904018556,69.32130327830895,71.97819483544039,77.02810857983332,130.60059526968405,176.4271472499511,118.87425784749138,121.98117878152138,128.2532875991946,127.68985577525653,70.23273847597125,116.17831034876973,81.45801948323256
651,150.8097021658497,114.63818229724646,106.30327378043208,108.82954721392393,54.851713706042275,87.14851176773752,140.43047834642982,107.46019107220728,164.66335373208636,168.19394460927944,107.48959940185965,62.90564320436859,85.3660436920367,109.67997443604423,100.59841319988688,116.3145493000561,161.05080366219138,166.71940121471368,105.43370413330936,22.947105857838167,-8.93722556322814,-9.923023373283911,68.28854438925073,101.11047204349431
652,62.76558400373146,44.93343219326792,52.20330710087436,59.90362582090351,81.78236127841316,92.4044609340402,132.8040358461028,176.66274879145965,139.2582377033273,110.2285215744473,96.1329054655341,55.39143107128802,72.61290636067298,66.95163412572523,49.76109267532944,84.42710099372513,139.14451604057317,194.10432668485356,137.9687961103729,32.25094219657247,74.58414143422553,75.31018483138693,83.07677527863694,72.41347505003755
653,55.91241142669597,74.25055873513195,60.224941175636914,63.69515406174553,76.26223649237434,89.02481050633594,88.55432843047095,76.60518010842905,32.56727937627136,30.11315131079595,66.57394176301884,75.1391761177019,59.49361066296444,75.49817160930131,100.066717413584,92.15653781773668,120.80114453183373,146.334157884141,142.07594026531496,79.62941035292509,100.30570978314229,93.51858452624954,99.11028336633102,98.88400203601174
654,142.00824019494092,91.51640533028207,63.10436427870709,82.66532970620328,50.240201514447016,68.6001851063789,123.60546106744066,102.94197415349689,116.73434109264596,138.03735097638406,110.24985265670756,99.45721362204156,127.39134443007805,134.25798976573827,99.61169581670276,112.19317582213432,155.39834153438542,165.93310112438377,154.41809350742022,102.65281711060769,95.51127739553216,58.67971144579829,52.61357459097955,33.98363170333229
655,72.00615032945234,64.03947832053305,10.273696026032155,49.79939167903025,39.498645289286145,49.972570379011096,105.55334319489432,71.76787014323175,33.18669492082731,21.552108248100097,101.03972828761195,121.30922726176482,127.78705202309212,150.73150477936,196.20139909319937,165.31541915200432,243.9065928496107,204.14346064351145,168.07651701687934,71.65907709631884,73.68056121325756,110.12711217606349,125.49412156041217,130.46528688498879
656,89.98359998589187,107.87935194986804,114.33721464539857,130.85953350643177,127.16346088060557,151.62201844386675,139.59885773130873,136.63379923810987,99.96595878900912,103.05378612437946,89.34442004677004,60.79429138931985,98.3456179215894,108.45649450275269,126.031436351811,176.9177550703386,165.94586744442356,158.7015821967125,132.1102143164754,85.4617266937597,70.59475969241234,43.054374674739776,90.33795863732753,53.850623397992834
657,100.35255519014143,73.04250072263203,90.02162878561342,91.64510337911156,92.47422415089463,98.50746469497578,111.66996416477345,100.5337395863698,79.09493977311709,76.15907386965473,54.56026779908266,53.10142754912796,55.35493801279078,75.66890435163285,72.74901717323489,111.00389278152,144.25719673085317,133.62888392625484,99.86940941876627,73.74969216359021,108.45227777665941,117.33270648600589,137.50867942879472,122.98270219454295
658,41.993630461185354,45.017063784762584,50.60712134393292,101.68401098972947,53.29672203702887,39.30074132204157,57.019597307170244,42.17523242176911,107.43726395046039,116.2979237264561,86.32395585510153,133.45249136725465,177.10984840131488,181.94535417942015,197.222168638911,197.7211603063805,250.49651532954044,241.50539777042985,196.7395599124655,143.68633455661464,125.74002505438628,155.84326196011577,166.08885239570455,150.53973544326908
659,4.021563496462335,46.68317317322335,70.8570812118753,62.23291644641495,36.65531111540672,66.9745556156999,84.72553676268183,93.87302539154571,59.791181167865396,84.75359942623268,88.55114894343806,79.05997758580625,104.09823970015285,67.58228308918805,119.97886622464249,130.30766200934474,235.0935955874824,199.92423001930632,152.2692053453034,74.820077314113,110.07947091146946,72.91365853570566,121.42787691459708,146.3865407096082
660,110.62024592081487,60.415906686464254,71.54424124302543,35.00184014456148,44.72333994266187,87.90612613097005,125.88276040470731,147.9929221785552,121.04119379884887,143.22899997978794,104.85544438625479,76.13297106888064,106.49349458478076,121.88565058669258,132.37982254204064,159.01597577215898,230.51452965232698,191.95873610296547,154.81832033565382,103.53351745789254,139.23174535542063,131.2749595267178,148.55331799003287,165.26442824333756
661,89.1044431301205,118.8005276373475,74.85272415266276,63.10174176204989,46.26413990118837,39.44507003797801,69.9786355580992,43.703534065084405,65.8636694809566,66.65021145815788,25.951990560081143,0.9330383168406371,26.495895747632915,74.15307057316862,71.19643419057569,61.35375489621293,135.7797701885431,172.9412241819856,125.0929623994483,51.837840810435495,103.48081639708208,124.01189724826008,138.25044757517963,147.71154277104975
662,73.65015330048686,75.31057085357389,71.21432410445556,86.10494771980149,62.97743157341846,118.4907522386957,139.29852854968115,143.48030565201742,115.1637430889435,86.08160548322002,52.449155425442285,9.489647943017381,20.177997640594214,54.12939511707778,84.08552721988313,96.41970201670539,145.92666876023586,150.29635469461454,125.70867381851569,96.26729260793795,78.78745241276413,87.35349147698133,102.07914126850248,68.34540480214235
663,51.45146232777724,94.21551384388809,67.17534740183595,104.90644906322675,114.94759416125066,122.38401069860497,185.19276725606127,114.16005601677938,52.47483148190369,50.81066390874098,76.43388387752488,99.08851426272787,105.74528008149238,130.04140441929258,137.0659753432601,112.41098417884366,173.431367736654,157.91570850478445,166.23717965954899,153.9417866050025,90.47755645965343,44.87484052999829,49.924590065534204,83.56768845504651
664,-0.48513213133171007,45.90505112790197,29.57996458831431,47.313377377932014,62.63973046193061,41.78446333343999,99.63429457399289,100.38097448617934,122.20842718815284,109.19673622051357,90.33687959741358,23.716741071813686,55.07928676383784,75.05420027696917,100.94865661804617,96.6743304766242,147.93641912601228,107.98117741665908,89.86815579407889,60.97381074548054,98.50251053239052,72.07927561784348,121.28812219375324,103.88156382279088
665,108.2124830484915,122.92257383767407,96.96953799646128,133.11651528465669,107.70031297191562,86.66021337731657,79.63918666080684,29.172637476634605,17.47657233037991,27.724327183960973,39.662300797489756,99.9420438397928,85.56354715677774,111.10459768139576,144.20943934490984,144.2101981070704,187.83907269754863,140.66960702368823,126.7128774168761,54.46297422836686,53.96408557725623,36.50430810822368,73.30479931797169,56.91081971018716
666,45.514254274826556,116.16542763837529,113.4074648505798,89.00997744701755,16.292731992484278,40.53872716223718,74.20632643242016,95.19421765670799,136.73433991776201,141.49174528756328,74.43856098613115,79.97787041104647,75.20333400323298,84.5478557830408,101.05690882008746,107.31085803449497,175.71603837236486,174.1896660085106,146.256835089457,92.13613102535305,121.09976698589031,98.84373924440254,101.32023420626709,155.65459438917534
667,53.49832238208863,62.98626739861511,63.240669464056985,68.44724955821437,84.57640995960173,51.05205310931716,107.72610248015599,120.26961127838598,125.23619390552116,104.00016997485343,126.73177813690572,103.2776990834594,88.02386664805746,64.54337183636852,86.32454053573782,117.33832847097898,143.9576320534941,82.92062841851414,112.4878914566116,90.09665406334364,61.59945369094878,59.91193702450886,66.39435276129137,80.7529696245959
668,51.24479315207696,64.43005331594581,72.89970017629287,40.802939274631576,22.552398724387146,30.67529559347576,53.84496116339521,18.209683930092922,62.633270315679326,85.67386453637039,85.63758113287011,96.140197571948,118.12881627302424,102.23425530444483,117.3826936914102,138.31545990637358,163.542779444443,167.14453871955874,114.86626174691166,12.868218912086633,42.11343781771571,94.519122126179,83.34291900405857,119.19643941297971
669,113.88720758660259,122.57047534547985,110.23039645391218,140.19499730563942,97.49740892381809,125.84409989859425,81.61575252404359,71.60757406652391,75.69646177527864,89.68813603959289,94.63394665234077,29.206049014565643,61.01053381165179,28.104665907720936,21.747540524160655,62.98074876144435,110.84397535456992,125.65321858429402,168.35255153228377,115.95927702338994,126.65094751673934,138.0057308052741,127.14987176283749,120.74333094190098
670,110.17951815855697,84.1722654583445,69.32026878583135,78.58885988039877,43.3021803860063,45.549664188966595,64.56485894917067,65.66200424468508,53.88644308347882,77.46641731746254,75.60074853199792,103.98698355402269,52.17573217799622,81.3700182078697,120.7727672675257,75.79099306548682,202.84858377714946,215.3158875249533,189.89529181248514,116.48362919241495,127.65037871378071,96.08978877428719,108.89815988761109,95.15685165661492
671,27.927503101420484,53.4808227847353,-1.8984981953370408,60.735962398649875,25.4280614174451,105.13458232399319,138.34497178183494,129.45968446691438,85.04194865977801,63.1724515394192,43.19468363855789,43.61567064484558,91.86084216532069,45.09684815512553,71.21994740902036,71.73074455389153,131.70586792459477,129.25478788026766,105.37656319375684,48.25536838283878,66.24668176564032,47.42383278077734,52.109165205669555,68.58220252249905
672,91.09703994090471,86.8467062539316,54.177082370255164,103.7956076112913,86.97900094494736,102.81023055658217,148.97788350893518,146.8087589070581,80.18689610964157,84.86915023490097,52.92888443499258,62.763409756386345,84.31850967821221,106.82742080917268,119.84605666695651,157.68620529351924,174.31337128567344,201.24374205315814,178.19299572231367,128.97481192226363,95.50303570684531,107.12291722724393,127.1812429860411,124.83285247171747
673,19.74001749637359,71.20269927826392,46.80653169893789,44.92524054602882,40.15277179806557,81.95682535377294,123.71452170585576,101.23573755857986,122.11287402802408,116.36054054523484,111.75375209213294,111.05782292642394,71.979282247974,66.60331408670712,95.06774889537265,142.1568942447835,148.5891932497333,194.30830273610698,153.75599746515277,71.0325588567857,101.76616709676384,53.20989612669799,66.70671163474654,40.66276376067739
674,53.48319792665556,39.11288520960925,17.333230124048214,73.85040461430236,23.456915564442895,76.52776619178859,74.18888541989384,37.808712779212485,23.102219238584105,38.670071094798544,79.20646634382257,50.7106697143251,72.72200531206802,81.09090586639972,96.79352526013757,112.48438050900998,190.94946494341377,205.3227496429206,132.96307571944396,108.31925953145121,113.66368381741044,80.73633758136397,106.90126908918654,120.7657157905902
675,85.69370293100529,51.93718613428411,44.00153928695286,91.19604660403604,64.1554900686032,43.90780749484049,99.62386075717562,108.68038361726958,114.78034346129577,131.3383379912405,111.25813454325323,145.3471371137305,152.63107246248626,157.64468655525963,123.91721347906231,148.68437285484995,218.72908100728904,160.23432897977654,122.88997161026431,79.58502868338232,129.25641252518813,101.71928361369812,126.41513699777548,94.14957768192271
676,61.44805087398211,7.006287385892449,45.85679055035632,81.20853776514332,78.77729115920994,109.3373331022301,110.20671624789234,52.69393351655508,66.05285480372238,45.03511953108478,53.33665588360403,63.788213864493436,53.02222616473359,79.4960151997589,58.99036643010264,106.12686615793564,171.37290589246632,160.24417047148714,107.34115913969941,49.84710294995732,87.42871805986135,80.39860524932172,101.429370400326,53.823236361391544
677,74.00447610281083,33.053951256545425,34.84993940523114,55.539469349392675,33.001316992769034,40.6235537417834,96.71584762132305,69.06910291870952,46.38807557173769,62.87327923775581,69.43038491366367,42.76130615604665,43.95701011623292,86.4950600225138,106.4005086651129,151.0475084592073,175.52657165060714,163.9988962840963,142.0523302757818,95.65857705933115,144.72397590707922,147.15306985259255,118.05240078997736,95.06540243256354
678,130.91341622034972,62.1141218045295,75.44746251214177,83.31595810924773,59.068341815927795,78.67780385483209,111.74676406626055,144.25840889362678,139.3619287572149,102.74533369271671,138.82361192602505,120.2676416963609,121.44515745777088,173.41516728361884,198.6540886571643,208.65099559676014,243.66517871733316,205.90761727002217,148.2886098446962,118.8639455973142,108.08202607946694,68.08788194334942,63.09569094470448,83.27107506350231
679,71.40385963858024,89.26541282623853,124.33905074568462,83.11700495735016,34.84258611963758,70.79171309448941,147.36294704746558,131.13331634625686,123.80074350112066,107.35172679237655,65.8264610584367,78.41561187038329,88.65190775278442,130.689549144649,172.26962886650773,153.10545522349196,153.79123674985914,202.66080765972762,176.85865279775598,142.8309832945276,159.67998202377987,90.90580644476817,110.19329463023905,120.94652465291863
680,125.57852776785509,117.28941490261707,73.11585585100407,37.60762148389224,10.89954203509879,32.85572586077082,55.017807859508714,44.28216957614053,29.60536836527487,114.53362904443233,81.4997765396722,107.5156118725323,85.74930134393334,91.84554348529338,94.5069296210431,91.52422673827374,113.45142498857277,156.47641309936367,132.47879361767397,128.7705299851851,105.45144672747458,120.36674593050208,117.08521290795049,103.89198120878412
681,8.216142927704865,4.681484418291447,42.13748019618172,68.41530522253555,25.988071162027943,30.941536383799757,94.02991723904827,93.47475227210943,142.82886716863575,149.35796841578394,118.85488764625194,114.29478978020242,75.71502144742274,52.06345061014543,25.076365129000536,106.64292645265385,146.23995977963176,217.9184660755654,128.5069641784622,86.41185199978185,116.56527990945031,117.87272495621019,172.52766916066867,158.75973273652914
682,59.430901923612076,97.48060356605188,68.9549542459719,87.61715744557678,62.964047789310584,66.71026816284439,66.07612349650196,73.10156003024439,66.28876743989267,91.63542342659338,82.815684823567,86.32912508298236,105.58740875312125,77.64737969828369,143.0612334127777,156.74416417313094,194.85258468858711,173.91481558222154,130.12503472768418,101.26661541801384,95.21935935609376,100.98148664224422,132.9791933787426,115.8907372713973
683,73.14599170854602,53.75750158401797,74.61439426900654,76.94319061271136,64.60777911272763,81.44977939075734,94.61123790661307,54.412022085461274,36.489590081952585,85.94748655669076,72.18031260784394,55.41824846536319,41.74358299989664,86.96585284474625,109.3767259079642,159.64815705160936,226.89497316168107,212.78385327337543,180.71989921203837,141.49139936677082,146.90172704406865,135.31298326829912,166.33108119433535,155.82627950257563
684,43.7636026509623,51.08369071250189,25.353647818880177,11.71230738321482,17.589959406389397,66.34693056344325,60.00658190466275,76.2551036265952,120.45389744105378,91.53574264789033,60.212936692584805,66.65283740616499,99.61055290217901,69.77982722125105,122.71630088119979,156.09211237807102,194.52947054853695,150.7564650986879,146.33487028559568,94.0195603368035,77.0157861497772,110.24567849866915,104.29545588799482,119.96514009561822
685,99.30352683943156,94.04568718946453,102.50637533864567,69.5031284819143,99.31935457047312,100.67050218901969,103.8488925315168,107.66267197398085,132.0211147000873,157.1526567011618,143.09251872577323,103.27882843496465,107.2727956745983,83.45693433325405,73.60413404846439,70.62245528344563,81.73180882779118,143.6202884177449,117.42902260089494,106.52777221721067,111.13370323519186,92.08796326517763,110.16042825391602,73.31314875444822
686,135.85332470843008,90.46101278001555,78.90620147535927,81.81025141209773,43.090915991441,42.74525006116659,106.68665278442427,120.46828328170861,34.90112749236544,30.812345058483913,20.919052240667355,38.654274422905694,73.79690715825714,114.67613003011985,109.65052610624157,97.24175417997272,118.28013396272556,169.23644815815902,172.56949024048598,100.0390242911315,119.28770899927198,143.7607039760498,173.9518508489794,111.08503678001725
687,78.25481229863304,114.75571615912173,133.33163352313977,151.79865526835647,74.31092676368144,97.92891888190277,100.26482776384383,87.51533720070424,63.77465655768035,70.10796926865734,81.11319770272574,73.35765453933908,121.00495743984007,109.43916920723123,87.98570887613712,94.04398400621106,126.39539302935489,111.55295578790266,107.50808200427403,112.55543898808534,140.76319373892886,115.35825634126962,115.6929449921685,100.35706813537614
688,58.78318166548277,93.69984466678247,86.90054696297612,117.28847494933493,120.10013256730018,131.1528726021604,190.85737788342732,122.21625540702229,90.98321801195709,131.71164307566178,147.08796123378903,127.45914539565109,77.2087223036091,87.96937799030326,103.90124308895615,109.67027878454473,135.3152571905879,132.89502454078942,113.98390075127736,79.50389629059262,65.83784770926698,105.87855437782827,111.01306579206978,122.4587659264157
689,77.39831496757924,90.01438777313331,73.94852892933642,39.59790569664204,23.789372290243122,81.53218500127959,111.37149417357332,74.99985696350907,93.47388906885895,106.33734910362614,24.054234456181803,51.01327164753939,63.33196197936881,93.96498257848275,155.05694588154927,163.4970954102019,170.5214313466305,165.92953375400626,140.38776528462753,42.98899107606677,66.9602042945395,43.5134378369613,97.23423085120356,106.01754044633998
690,43.660587635835554,81.57790783745469,55.88386198626557,42.51244024376676,71.71430368941759,58.653185217317784,121.31014883521624,110.90988300823554,120.8981360508269,64.38985907715839,38.59958613933347,88.07968516713115,62.84837779675499,68.76827154097845,68.56593456013141,107.89086381960385,154.74766924788153,195.85490390408506,182.6150527750153,88.6603872972523,87.76205805098797,99.88959695886226,152.9874914473573,103.24384079002665
691,35.845665996764964,12.579173114349544,-22.598095789486905,35.86531962691409,42.45006125096904,61.528277060118896,22.812409727560592,95.83205533715318,93.85942751709435,100.55628189363082,70.14581503935439,89.13074437249445,143.35063053035694,144.0208318395803,145.6283117406269,166.3574099922795,185.44830809618446,183.29868547232311,146.81453180744103,69.25582165464331,126.88890623154683,103.91537924946596,107.04729853667526,53.879203337249194
692,101.14418399517507,100.80765790633454,89.40418615845554,109.77709277147596,118.78943131016837,175.65553589379476,143.66488375639227,97.76400030697991,84.87071763677163,62.53932411867771,48.53882692734223,86.3583564177764,104.0141839987456,88.09402990437191,106.52594622027365,105.16275484910146,149.91084590695658,196.89220160575113,114.50289890413833,49.82583876283483,82.9268932038834,113.29151106568283,103.56993852207438,86.93929055493774
693,60.105122477074005,33.01647040283643,42.284231002359725,36.98141050691284,12.694490931402399,27.219750972135934,83.53761334845285,81.54777710834378,65.19262282648015,31.56902274639402,106.9468707123206,92.47682761437798,106.78952097989591,103.2674153506167,68.52170949555746,87.11169640234046,164.59456671819908,191.3468488122272,214.47755963799517,97.72109005597063,83.04118131965285,129.49328655619934,114.95278337361219,104.86963776733602
694,99.24138391936765,78.8905915542527,57.910101557775825,53.553229915846686,63.09963630592708,39.88114468210085,37.60872234250303,79.50336662399522,43.95580408941915,64.05518366499943,88.79581027020878,101.05132973659109,64.9185429948487,79.38797841829076,134.7299273055628,115.1415626006347,182.41823210292137,198.25554531777195,172.8128209583083,130.99997314605483,154.0844753009971,87.94762804032577,126.12525471741921,104.64405804720406
695,58.39260503110529,39.57609343834847,69.57807824621649,68.66640099752051,74.7353614191932,53.672549989389545,118.18819709367685,97.42003579519893,94.16332116576663,100.38964814048818,123.95033635677447,75.82014487377344,81.56906985005597,39.01522184471618,55.856283199446096,101.17351544731686,127.26204364518487,146.97016270959747,146.3994862992704,127.61650509232473,77.20449255200208,68.4638918819268,59.32339637977029,100.99147195989707
696,122.39459209251656,125.17378859431983,77.90724207275812,50.092030603337804,31.94351890451184,59.71792162610222,115.99045310487585,96.58179409922508,103.97194244944082,67.99308159840797,73.36373510281908,53.98728100642122,75.27493449206008,74.98773061340555,86.98363051111312,146.8079986873873,198.34291056730956,193.64191532469277,173.42524520588069,112.99711187384386,82.28139443315715,63.44956003719304,97.42836566902758,94.4324365501329
697,73.93429236682884,91.48886671980787,111.5271798769152,59.02612755013865,53.804268424871175,79.14072067334246,106.19873560948666,86.90354449525009,46.34087399802102,50.87027374891466,60.689769004493215,134.9676686965273,94.76490099182317,90.14836765093114,120.84620956569643,167.77939762904637,181.98974323110838,190.8547475179422,118.70597853127882,110.58585760487793,147.54489299169992,146.66875111852931,111.1717592869999,64.08805597042553
698,93.02017001995331,76.29237492044118,88.54583710268633,55.458302077270496,50.19349262481329,57.939264502097046,49.59707743477671,32.316282296514615,71.81312347845153,29.035036593531494,48.12675711725463,44.82822547024655,101.55457006002814,67.07528375781416,85.61812501780804,123.20966583519305,170.65573762632363,114.99918729492839,56.011364609703776,47.666068527758426,94.25401241806185,82.01637939608183,112.3196976686951,107.06677512029287
699,98.50489405092088,93.42739298533286,80.73510954170469,84.94990436549153,96.61447033883779,79.20588301227549,69.66244784783866,74.47957814267447,83.20049837711287,107.3165147275298,94.74911835732144,99.95071128131849,125.05925173285623,119.83995357036136,112.7688865164057,102.96604813343777,153.6648411950939,170.13582695801625,144.51234536460674,80.04800866219563,139.85048004615624,153.65707028494612,133.8084929695355,90.25508561174487
700,75.03847252725706,102.77572874683747,77.41808253006644,95.16764056466121,94.5008789881288,140.7452814635434,142.58304893724608,135.18769789282516,134.96243740583395,108.53818172959794,134.66366006993914,128.82436473410422,111.45336479352144,125.07554081090984,106.4935591062745,112.7865816626219,163.2233152929475,155.3535738488151,128.7755607397978,114.5649477647795,132.21315282478795,116.19066334340995,118.9698393388662,105.0845283742187
701,45.71087853120942,-2.741272800232224,-9.763621500522987,8.67185343431916,26.060908653998624,46.248326270251326,57.35017191757947,41.92890205778991,44.05998860609074,50.17665552800185,77.17423041958364,81.54791654152815,97.42675184582113,129.25749066055783,146.21169337972614,130.92674615710973,178.55181506508407,108.75133037912906,112.19408658569259,50.579741509014056,69.2468020086936,82.99817066509904,87.36737408042683,78.81406090881663
702,34.296099888918846,36.078045491402406,34.26205797089964,71.34807371387973,70.43296860013827,110.93252373650029,105.56567121771434,101.43385591315402,128.375007444461,88.94824244438777,96.0707826574548,105.7572652222492,118.56055414094351,103.3423743054763,96.2387973676975,112.11073221988912,177.19650808638568,190.69312648022446,159.3447344842011,148.86406789124155,162.08145192429538,101.84351076525485,159.36542734759013,148.7442827670769
703,76.1138241004497,91.89423125595235,79.4413600477,95.80830995957689,74.30714050716809,77.33645060988967,113.3652553244165,48.874326720527165,37.745815681841265,100.56983491039027,103.05169325746627,92.77151397871816,109.90867135105115,130.02412090093605,78.22680212690699,117.11335790917134,120.35015843689746,103.61455202936114,98.44225852053886,46.1405258623469,52.2365813564203,69.3657544677576,99.90234627326268,83.821187367445
704,68.04012566396007,68.52940689805196,65.06078247016973,95.91751950593356,112.13370046824863,146.17689462043847,212.87649877620015,148.7579747377103,103.80672513542854,109.92577630075266,111.33368961491854,79.68479128511038,62.87225237245561,102.23646329070982,83.52508502808536,79.41383723919341,144.27080969131504,153.59229348661373,135.39936873287286,143.52220219823448,122.81593586526888,124.89752232457442,153.9713565233665,126.42810027087646
705,52.31307180518246,75.59602567938069,64.89296777333931,80.7901437244206,80.72865655301707,86.50301196373695,115.06960043901688,140.9758097666524,90.46675891362638,105.31468663748863,98.99564475751093,79.22464748049906,139.2365246488224,130.64647349852083,153.3564839681353,188.31464958766804,240.1976371070756,233.92749543995083,173.65689347282267,111.58900313786188,107.13319284320043,79.1264811135239,110.15453185764513,84.2572543736756
706,112.80698885101518,89.83717530263633,95.31477369762403,136.2487200011442,147.78328098162265,144.61534858422664,145.27691801207698,112.72373693556337,52.91063658312149,17.13308532288417,57.32083244580842,77.419041012605,111.88865667355446,127.1714037650005,112.28845964941232,112.38459637022609,163.76974547685816,160.49990848350203,130.10093027390846,67.62776809076742,94.9134925092146,81.34459507608416,61.10557622926888,37.28979719749967
707,117.16800221011127,140.75031320096488,106.31292781628193,102.66699815859802,77.8862813073601,120.91663810173822,173.88691161630368,162.68751026275095,118.81586911756877,112.07736790391934,113.4573581128837,75.5686163423486,61.4370000734215,99.65718257773786,102.88384961174181,96.81695146567354,131.58037239506604,133.19359354531676,120.1941517295048,111.70914157024274,154.74148575263177,128.74107993272006,135.21785057389602,88.87709394688048
708,97.73779183806896,51.511450966159984,58.75960469967725,86.11253555829744,99.78144312186194,151.6450099923522,127.50597876502647,142.34514492016987,132.472249224622,88.58740797785933,65.45895827696187,105.20621403418963,124.16220847124578,121.4194498709268,131.4498571011209,166.88582700032256,197.35883746996615,171.32564863420484,131.49430349913715,49.043278183667724,66.74156577008424,47.54182253854048,107.19777413323013,115.48934961192423
709,100.79040055906805,114.75246286312844,49.01537734233608,44.30550730926757,47.12816805171958,39.6144185829767,29.086701931746546,44.351246342208654,56.21036234840588,40.91058485679581,74.5522609917087,36.97917643104604,71.87660438602853,75.21733788475268,106.14552607407519,83.78560767553249,198.33715492475758,155.86629757254642,117.07743833726224,30.13824252274631,21.84930982567404,53.611891901152866,129.55453066007456,106.72613240872059
710,81.42707241056246,104.83898032471508,94.93469471924479,79.8367274118144,73.19849789652842,84.56283962189286,81.73412389450172,46.60283696528983,33.22919921860295,16.5731597550814,21.29039763847979,29.63296635764722,67.00032675858834,47.73146343120021,93.18397020283726,88.57454189003624,161.54133101680398,149.0586601846568,126.77124467603745,98.91080199172131,87.52120205583316,91.29146056748912,127.4453271046105,116.39721579371334
711,82.34302918385039,45.81103335859058,11.662794493422567,51.17161513447351,37.85554939623087,30.22869013445318,60.50327947817709,136.01889904330125,124.63655213088921,105.65630328252267,67.56657817156113,44.918602589068335,71.08480290731897,82.02312149223113,128.7830995323009,116.55092146741335,169.69637268086333,167.13386492917581,123.51981888606745,98.46543145874254,113.10333831891414,104.78247481210346,123.24659490464944,123.98680421980595
712,130.65068840649826,127.42961679490233,55.22083807360524,86.96784577791381,107.40450514279104,126.91030787225974,147.9391490450841,100.06638881877058,125.70761978369032,98.1754567007562,79.38372776430708,82.0141329220253,88.2310464774693,66.17650422646878,97.69035431582084,122.09888973493476,145.564722693977,139.75444393686587,169.50485313327954,86.68734320791978,140.09941480841508,148.75308288484524,123.98697836536988,126.9390706019471
713,85.34581619371441,107.33726479375709,72.82413399108276,63.591243625759915,70.49067774070896,55.44964176547565,95.4775379518128,72.81630023777615,38.628378136745845,59.87513780944993,33.696617417370014,53.943754315295465,70.06768979641157,103.70704945667069,94.91841678447331,122.57375711283203,139.43566427771518,158.92717892554953,141.37622624534984,121.94656406867215,103.61774079887815,114.87542603787887,117.27999452850186,161.0133133388399
714,101.73306709785476,106.78323866127043,51.72807235971521,67.82042199517483,52.65480131582688,41.35967467364927,18.41290716706615,16.429607760014107,58.26818049262814,91.10348189737016,81.65637242059216,55.24049533842736,57.94411821616002,74.37141913598421,89.86934734516338,127.33887700826806,152.64633941236968,201.6432895302855,144.9954832287283,78.2776287785142,81.06416747639133,90.83339008264524,130.22302983260158,75.76779379003833
715,56.50461513572702,93.51773036914413,87.38024582928944,82.77673881555269,93.03181038637365,84.27396709366823,82.03445821849758,110.07072385061042,85.41787299695793,104.01304329739129,130.1859758120183,130.3487279216431,110.20391569169541,107.63427977728115,92.1139779225073,88.9335838125302,195.20878017218263,198.27657159003698,137.38622123794065,99.01354268146464,138.62391848377973,123.21841950800639,136.47999464476626,121.86967640989855
716,59.981091467667206,144.44073891167045,129.2583607318446,75.01745247913233,43.02566621598615,97.8160418236809,107.53431244647913,86.83233193410672,72.26423457289076,44.56363569135814,97.93568259517878,58.88857253265931,83.66848458785915,70.85999386004127,118.01568530126774,115.41083639016709,146.46816985833306,145.20607065495528,129.6774891737281,134.18374686789042,132.47409935605842,154.30673394478177,139.33941665056525,116.14254861150773
717,90.97588809143848,69.9851056039608,39.84374274337626,63.78444764404122,46.03579405485522,43.13988645948271,42.17450387787589,80.595706286702,41.11212166005455,77.57323525561488,22.58484061503635,37.56998118243524,79.83093492687291,70.69903258243559,135.10250875903458,145.78830921027657,155.3613846715503,152.91990210321885,109.24682344843981,63.11093565373569,75.84954677777611,102.91595770980163,131.3455160504027,172.7364864570401
718,38.90681536203638,34.3814333326996,44.867054286128784,48.94175367190278,13.547327286927398,50.2891862035402,110.92582587368496,102.3434417355439,66.19123626469228,-28.946057807999665,11.244447963255965,74.68709288628091,82.9421133351418,82.88890302695796,85.19710461805178,91.13216248354524,164.40961578341228,156.74774111718742,140.16473120611437,59.982847446035166,94.40210623902435,93.69681326244994,135.57064474837128,131.67491026052986
719,93.72725712171776,86.68065856017388,84.60850020910803,77.97399349704338,64.49612243876446,53.3000653250148,44.80892277451802,101.20799051603345,56.468886401574224,52.891816436317775,68.1532748395118,64.22697222461176,79.62311019287175,82.25555609762351,114.82127637270364,143.13366303320848,162.53300011039505,162.10013712703457,107.17193974246808,97.46694641550467,98.47680037502411,63.57152642038854,87.76299372887986,100.73457635429484
720,94.60402112137717,101.63365313185571,77.88749601980354,63.22277664668247,42.96119745635213,81.52282659288221,61.623919809456666,82.11158813887789,66.01706506679096,23.393719772684335,47.815146805378234,65.09367294299831,50.860529883856174,16.906672288692775,32.93973694945741,65.78645892856017,164.42399786700062,164.04400504355777,101.44878445844415,68.26493564114372,64.7715019084429,94.38632253784817,106.87333872081454,121.87284412109759
721,60.09287222210428,45.65897947100471,51.06224912259932,76.9938602564799,76.14398036538574,119.514234177211,142.11162211583505,116.90380895115736,110.62971488736547,110.34326486460917,69.3860659063593,71.49570975146874,39.534610627794144,-10.221014446311074,13.883031487568928,85.28183195678012,120.44265512080098,169.11618044132229,157.33891952588016,105.7486099135673,92.85783129429525,92.50940315871414,154.4084309489809,158.1566863748015
722,43.29864295538733,57.40088842369293,45.844464904748406,91.60962255127245,96.58587693534365,124.85805235543563,123.80083552876637,109.29082853576175,33.97744985812043,62.97695236176013,55.134435470696744,74.81386426137868,52.48656584267604,52.941257509693926,66.56412412655288,94.495713367489,150.0695678759429,137.6546411571201,124.40551447487505,89.15020574977736,76.97594665254596,90.15645322276723,146.99249257643544,146.79993738177052
723,32.638874824361935,71.78884554570791,62.06396151733642,70.1507636159179,60.0216556729435,71.06842372726139,72.46237774963268,86.43116962167014,121.56142841013624,128.69579392367297,104.84185824288723,101.8877210890946,109.13497350421399,76.79280412127846,108.4026287835423,114.22913519920942,142.0504444075722,195.95282898044778,170.088566713082,119.90451154453322,103.36570505981769,110.17635519729322,126.22079901161413,121.54908803107938
724,46.83510365300564,57.8143949258036,58.354531465936546,71.96415698581797,73.63119370876701,83.06570636000507,88.73749716659027,111.02618202936749,113.84715024870805,97.49244562265665,38.92842827774082,57.48549121526585,98.66583956282385,62.23698327345658,90.71802406312369,134.72367074280595,157.61534601063403,165.87108916153485,161.20551966234063,83.56387819713356,92.35725747194752,71.74922627361616,75.07757461799481,92.23921908863434
725,41.428293889106406,51.104665871652614,30.14491540998533,41.446837399064776,50.93822213246882,51.27783185153948,96.21639449920903,133.13015436246891,61.30382788931162,78.87508247597248,77.90466396447418,88.07710121034768,99.79516495083303,75.51763123103369,66.18071055415098,114.86434819849003,148.50563220600452,158.83534745019693,166.89437095488742,129.23453370697337,118.93555912838828,120.1321777678744,136.64676559714002,133.27319637311973
726,143.43321261553814,113.17025719831963,112.36613987862012,103.95701945434735,96.12774295090591,115.69744936642422,125.29122364477047,133.50158653199534,99.34289444332279,73.39249266811339,120.9311903868979,97.81659708245517,44.81344356308482,59.625604500667365,22.142718172974156,57.60788091084913,137.90784057712963,157.37696687746057,143.12113504751878,110.96309540701947,155.8474230608912,149.14329697453883,143.4961900049601,127.92245518260327
727,87.07458950621452,95.25478822907014,83.49988417553617,94.46229249222877,78.42655792081015,121.82029037701386,153.04439613356777,138.0072555762772,144.30609759667243,134.63969959583528,100.25926946629451,113.6430576912706,110.29879510276842,99.76614579211082,100.73243826338343,134.08543469510875,153.00495269083947,120.3658597077236,91.50021846055795,66.68352735798585,83.22167433494569,65.82249113169188,100.0750625163981,63.12022225315847
728,64.93316661866518,84.19400177925806,80.55109153517616,97.30682470276275,105.390434571626,125.6349729031962,166.68236838094623,159.9693220311488,162.72608725297465,129.9884335424862,101.51356585717018,69.9491317739957,85.60823411603133,105.72541049563175,139.07037306365555,178.1682094914981,171.98382500785513,167.5702365226979,153.31661042231335,129.6014933683689,146.04455466032397,108.69618705624366,113.33777609013694,116.79676832450217
729,94.99182175036876,93.96821579711111,70.33956367530463,-154.33283316244805,-73.26800117289646,-36.3323955020992,8.981806164944473,-17.338760699571637,15.990527229989567,17.704011437326898,41.53916477632738,35.600000600328606,34.388859676336594,31.908117171819057,80.03762176062126,108.95877475467864,130.23915757130968,143.06067850884693,158.51781922920821,154.31766217184196,73.22591758187697,77.92649501783276,48.675340556055204,133.86408495401878
730,111.97219395695663,118.0106997632916,125.70962487323226,136.85367922250452,103.31051794588367,124.42220649474359,144.02764207473388,119.11397811823765,81.81516342261179,58.889166124107675,70.98209827509442,57.048121363883055,50.3148114303846,80.42235358500936,49.582058031008486,66.62453332489481,155.1880319596264,162.0292340600015,109.85167733919366,28.45182453677235,16.520947304075293,24.64345955166324,61.50254057156115,47.77047150473062
731,30.960855806447412,55.17513892739711,33.986841503477336,87.5125325439288,96.76433843258056,101.15155043235849,103.67769405997969,84.92557764496901,116.40183324086192,101.36013350688258,98.62235464834174,23.486674256394394,-20.843908783385203,25.18125542477459,35.180961125225004,61.10632123915426,132.040161955379,160.1745736526213,159.64451785485198,92.11951091130163,108.14068744604147,109.69499226593425,84.48886127565784,86.45385643178892
732,118.2448030564272,87.76886127907562,69.53181442732641,27.281771309237932,25.45883471400417,31.564528948830414,82.3399346985988,68.67486471632539,86.5759570215574,103.79566222745724,63.09793061510835,41.64489626350222,70.92030896223687,109.08646351090363,103.82169751445448,136.32885765479142,151.98524725020826,178.5216989840748,119.43425134403964,99.43275596547521,103.29511184402472,83.8149260566925,95.88172992211709,119.06218345496333
733,40.62577955122181,105.81449160239984,85.92309244499774,137.43378166984002,107.94696114067168,53.620443716258144,105.32319824611608,129.45103454178542,136.61038686323013,167.80606752030826,142.8142211838984,102.56858607790927,86.42613717404916,92.34022443980388,99.44354003556879,164.46940933902943,233.55261224628094,193.63118066899392,139.1320085440512,97.90123040498543,44.02639203143782,33.3660070217812,83.02380977048585,71.06765472506783
734,59.335174353510695,54.58391327476744,34.98072012702825,35.98789302100099,45.60187750615175,58.61868881506683,97.0187105612797,89.02445383839661,108.40231383581606,118.33221129942817,82.54780001202855,112.43261474324726,114.9897326922133,92.07487556956362,119.03212462589445,132.42089096616246,211.94320481444967,256.20012333822285,222.8936038455475,147.58095615116397,88.176347933516,84.9953492303018,134.91506933422934,136.18894697051994
735,122.3649653525838,63.58702734355672,76.3755568561302,74.72613501187199,79.50604081590458,91.461540486553,90.67869789736667,120.46567832539043,120.98359321860845,71.00800592171544,87.42602319290293,84.1318082780952,71.96198362043938,67.58411770568907,50.58594025777212,68.03417572097453,152.9826737142178,158.49221783211138,110.02259718203585,40.92682193165899,68.61218577821143,81.78816070816669,140.37911599146574,146.27008240104954
736,59.239989587115204,39.448095683364826,39.545744589440886,58.4023948745362,67.49254971975958,65.7173404167156,95.94558999134308,121.1023165909609,103.940762457663,87.61871751626113,90.98050624328172,142.90108751316336,88.55539031481308,103.85793518677932,130.83418962360793,109.23608980032104,164.8900787914787,231.45272865753043,216.33150641500427,160.25813022315447,127.66234199788691,146.14680221921634,114.70608818581371,110.82085381994169
737,83.42671415865404,81.05008946566024,97.52042603584906,105.96090683919351,104.25160965967396,109.95007477644907,74.78411740232173,75.1029805952322,114.9830615161235,127.28235664914756,126.90583229147398,106.87146476459607,106.20465356214044,101.79634841398615,84.17594035888312,129.16349767632175,140.47880384970023,125.54563228865945,93.40089186534402,82.748148758885,95.78602215733646,112.38637246210305,157.59081354788162,162.57157968049944
738,108.15954899813991,141.48949367898075,111.48353571107992,134.37856675765562,82.82901950737482,112.14912823332868,124.84171183094867,79.99723582095567,59.98444778869633,68.81969058974133,60.77881686716518,27.312401633717755,54.87869456843961,92.8016176563052,96.32336870170292,109.25425407191184,169.64639032126655,188.1626663465189,175.0122346274665,72.60298255365183,111.37103569759792,81.85673033856742,143.77479597246742,115.08295168913875
739,114.57451085222125,109.0346676309098,89.43510408044378,-53.367210981045275,-43.95841754991264,54.18634599867636,95.72804160887387,82.6835901509217,66.54400669116276,87.73418819224835,29.151891689655073,39.60640773029496,70.2316057529569,67.1523561540832,123.17925729651131,70.40299097795281,165.88058710604832,125.28327535588994,97.36151903245238,81.38232160728958,123.92620862096656,109.68327777958707,128.02038635565776,103.74367300803007
740,79.98566726655768,61.66867343190748,36.514176707546575,49.832973606797594,-0.2918144343891953,64.8805598152287,57.98584528302965,70.67598514105968,35.19167317861227,55.32672260307361,72.5054150518295,100.34466704514752,109.12862316382504,87.45989740992621,92.95539672250376,97.25991935395253,190.9502095350097,206.1643576982163,192.97320788868245,150.30079682216416,135.10654076358344,123.33966847096781,102.53998667162924,131.9311365902369
741,15.868041270639907,74.27617090276786,52.71129924586859,117.24223553481013,112.05761066537758,141.76567290627514,157.39921644150283,117.89120864285167,118.79634861671562,104.05258369555155,135.454841896417,109.27021573547667,94.51877303275423,114.52854051704804,111.62750251626758,99.05914386332569,130.63543598059582,139.05480843850037,187.20083534648955,119.21473496301657,131.64439164967686,150.3121630662948,151.95442744826155,108.06042558344832
742,42.21861600856954,31.529528895238613,46.9071826907097,90.5941200991075,58.78352795757529,69.2645344925557,109.46265767510907,138.1587413599139,96.59696969646788,80.91030404782245,86.69502412957557,96.58044416310196,97.94529604905455,109.72236219679735,117.44819677960307,86.20761194917009,127.13862389541588,146.52322866579365,144.131562096623,104.9728431591938,77.81369158208179,110.17698208785747,118.96620180804914,83.04700434611516
743,72.06447306781342,74.8965305198196,96.81013454450932,121.57110873196535,86.06978142135395,129.58445793316469,125.64685066722396,137.99969147249118,72.56019585283015,94.82725311827929,99.76828893535853,76.8779225703345,31.142775695504717,113.74279853413327,120.64043812835928,155.93508040719345,177.68468298598359,130.97687814321614,118.29415460547568,106.71507110388835,99.26470689952804,96.25839557733725,70.85001359930565,107.40657818178701
744,51.560262648464125,62.38661253819485,46.34227816403207,97.55125867369243,87.37331787775669,113.3594728322905,142.05775045443704,116.39501790141676,76.56133880182651,42.81365991295879,18.293003866164007,12.557417464724267,46.302194229800236,58.6912637769711,79.61172671830495,116.09706344346316,113.25111493721874,161.24533045059687,154.0702194424251,91.73018253219087,86.09018996641885,97.78568738537135,73.14112018480486,62.95850042741104
745,62.791612481440715,50.86343404279744,66.44106053124182,84.95366876217824,44.38149483804311,24.995395835592134,91.15509648149137,52.95676010166969,95.58335216929581,74.91976765912707,61.00961989889843,84.68135678802074,100.91495614302475,105.69976563361138,104.80733892882077,137.67778841655573,156.3951912032557,157.09799991477377,169.64784785090802,95.91245465352605,49.92360108574896,110.77269094921819,115.01137326226237,151.61908016060033
746,-12.316442984478783,54.10304424661809,32.32308458978866,42.43824560876253,47.908346376631854,13.628522437078345,100.23737850402395,125.82296758120034,136.41396518723772,127.81251030051027,103.17413388386805,57.04773992652838,87.06222889715916,95.35311168805006,72.67896998656987,92.60804376881671,96.46882348134591,103.08740386138359,102.56500360701028,59.19360722682943,101.82299751536425,55.23771789399314,82.48199519723028,95.83241110812153
747,48.323928535341196,28.366284429042402,-151.66536679543321,-120.50183698421287,-84.7132745620139,-39.3961411671298,52.275365242457426,27.685278734083184,28.45425776572963,19.77340593754687,-6.137470068724994,3.054782159368955,71.01563399724961,101.06541305820554,92.71903586440024,82.19070772729768,115.39105405571637,126.14033540941045,157.23904621299982,135.56408208791416,108.343459996128,71.91887157420916,104.09476932285746,128.14556078093244
748,51.71987963844617,57.82811206970859,38.30216598982225,72.50045038135194,57.117259703713835,75.00530593838074,66.10541104848508,88.67162771015187,100.4050992058307,79.55559631462819,34.64884638011036,42.817750007870686,92.62370611208996,108.06133032473298,99.22200421772727,92.97706983289953,152.01337255372096,193.70549451670183,140.8513580666468,50.7447718334438,94.44900002756427,98.18738669699803,129.14582131408594,133.0307529383017
749,59.776929268903984,69.53924836692921,61.83709889263507,92.62581174137814,41.775141597109695,53.48047066684734,97.35235672087839,91.7798748894796,124.47908970625068,98.16574710410104,86.28966745619708,143.0010885719422,109.17312052676058,108.61471814457656,142.6959915637927,122.93150916119896,191.29977022214882,204.41556532422703,135.95325286360548,107.3421817014404,109.38185668674768,102.09531749131371,114.10582601995394,106.90225341308746
750,51.22511754117413,70.17982526455677,39.39691067424545,64.61712690029321,34.07997147924149,66.0237220073641,128.00415313499644,119.82409941817554,86.17901630958112,97.53847341532762,62.398725147238146,37.84434521766735,33.23130575454807,81.8924378768845,90.75151172437697,115.28954953063754,186.3272434681221,199.4933079292189,162.14218341779087,114.6585183622743,81.6512478969552,66.42081628255036,70.77923694621217,87.16951180013898
751,66.9416106376582,98.67371201327819,89.49154549535045,99.09645883849296,88.73726675940691,62.7943053381245,136.62722390748357,129.85345507782915,97.25831241163759,117.73226366339964,102.78767738403502,91.28260419912817,83.95214330555727,99.70252095841761,132.35508033365596,161.82226478665478,197.905325006218,171.7891282840268,125.53857364380569,81.01202993834362,117.65430589297257,137.09585230381376,157.47368422427195,81.91468203664908
752,73.02888051870974,90.59123592264297,68.84673602739826,70.64938451501956,24.90281629828843,52.35987854550178,98.7178699286848,121.97138611978019,87.0564648354902,92.96972855067516,-7.250141637406685,37.4687079129325,57.39275769694164,62.834226659138416,113.6299933816033,84.33996048075194,131.97022705874525,114.79404281227445,61.71355754585704,67.62404985006941,61.83824533874751,39.78317970683042,58.98921036532282,61.988203368821914
753,44.36679246383153,70.97689553603367,155.23850685783123,153.03458866216718,110.0478856058589,99.65983888513327,90.38762859873495,94.54005307826044,94.17213850153784,69.22012969759113,90.62964018296104,141.41172937840787,148.45811466021988,117.09305907688935,105.2426847704615,139.66573965355622,176.85564935087228,163.09245482003817,109.50152747737717,79.73207516209403,94.24214556419236,82.77349769171502,64.89151248032488,73.81244843604834
754,78.41163692078393,73.88614195424962,34.65260470982465,36.00631760117584,22.294313649769855,55.7373423227847,97.44407454631502,67.83219545607527,86.37289603693576,135.00353861928727,90.75419471423895,119.54768768503462,125.07830575358415,60.713107509101334,103.88920599892572,136.93300738883326,133.3971225152161,151.06745779685363,114.58493784795299,73.63830169491976,98.78066758848769,31.304301369497082,97.20623565410096,86.76021128061203
755,47.42610031200768,101.34239498955269,89.40211706867858,103.93244974000447,114.23928023987992,98.16115772205892,76.68718910832686,113.71575318235361,101.8265944732722,89.64533308316278,78.7720538121762,110.12054141838644,86.59953477715005,124.8860866934667,122.37049440007388,107.3789003748954,152.0863798798037,132.89491488565122,97.32754263237769,98.10667443739652,131.30857626888607,119.41795799174524,100.35582433364344,99.74357280430988
756,80.94912612052259,60.02697163421617,114.50339188074062,133.77450043648804,73.59862315754542,66.75105347699053,97.39962075384386,44.02332503035297,37.71814571098025,61.09772424141976,66.51931599572883,57.635235002954474,92.81491772425667,98.20843443770218,74.83297535751645,85.63014291278753,136.72214550239454,181.40961561465343,132.35830733295148,87.66905395659953,106.92940926357593,58.97132517685335,84.57896655084328,80.16565058353542
757,104.72395085360276,112.13509365580492,59.14065965614485,53.189804332768766,42.732427444092856,84.65671287240856,104.29588119962136,90.95710767590403,98.73750899420679,121.96909333693989,98.52783807577573,85.33479212871909,42.03016848974016,94.40714287351874,113.68149376234423,96.59117335208491,140.6637109053529,114.02266377859517,130.74955794278165,72.50267583267036,127.82775251460595,103.43447822053926,147.4543859620102,134.72995120689774
758,40.40684802548197,45.13936763480848,44.68668657096005,63.66719691846647,77.5743321427949,131.25403183284942,127.09834767955795,130.82609969249705,152.19350696399977,132.44554904273463,80.00909092429205,54.700989218219746,19.218992491779687,41.456685395100195,63.090886262430516,124.98749379949243,156.93394099554095,146.55712390321807,99.66976745430128,81.2636051713038,89.17637865181352,94.68707498692027,131.96575845517833,141.64643788459918
759,86.26743416129406,91.31439858125553,108.08645799948216,99.53178881719734,70.47341251558699,70.5744250783662,106.17274366920564,88.39431182562313,42.36376371810972,29.874834012082957,39.89720559674292,19.157284565527362,45.88501331668986,38.99808265970687,99.7929061229571,84.28549757371101,154.48650122247287,139.50964184838463,121.02988989491776,87.84017001046801,89.00688846783763,104.19407828700267,122.55318853332616,111.61520837600263
760,79.37513629326624,96.96835508338401,92.0333861165121,80.5073256304663,70.56425730977261,78.34950369894948,136.2678439771795,153.04492863731915,120.30185504100936,110.0417885337566,112.95135648082935,121.21606230973647,119.2097708720543,95.3509382965411,139.0081391811849,169.14713831063295,200.1921952856993,174.9199617882135,161.2863845865436,130.70260540793626,165.43667941423467,165.1959974698682,193.92146107105097,174.41729043704834
761,67.33099718433007,40.93577078460998,57.20234895665286,87.13041089158429,143.63630912152132,117.24109951020608,159.95985464330295,184.63938570247922,181.86531255970615,154.23445113072512,84.77647808936865,119.2939503375997,82.81521556763833,42.731648819042036,71.95987942166539,83.24731647892268,74.5838975929565,63.73533497669828,80.74039046658896,53.680891355864055,60.22967442682949,88.93256030281773,124.54204950265381,135.97513522878398
762,69.14974478835802,129.0970159820986,117.96922349469526,133.93437247738416,77.62011576539557,107.8733704816898,141.20742577026334,101.06822446558627,56.66893626380983,68.45830850256392,58.60344204008495,67.90743321286322,77.31159521179735,112.84319854953102,96.80613544610533,107.32621269670732,131.63161653813864,163.38330012543025,166.86469824153411,84.17234309387092,68.33306454659564,66.944194666371,68.25337534860931,67.3975654544468
763,108.38952953851475,106.82773254376119,81.43448132728706,81.73628458552444,69.78944232220411,58.05386023722846,79.2728773455829,66.66542543640958,115.20934199268365,113.85365694972847,109.04326687108104,53.891676384268905,61.810573416067015,123.33801386422508,81.20981395913662,97.71145317356928,176.13466647888586,164.3922588264534,154.010609040097,107.32192451454235,117.18150700869127,127.10105782837209,175.7962919612474,155.41930849218363
764,74.10301260558788,80.33675100990628,100.89958641158461,118.18342878062305,73.23616319971389,113.8349376681918,116.32787464056369,80.94663012613186,82.5133185419808,63.01323021371286,58.61633018337049,59.26656997915505,120.42434108698072,90.3075056141133,22.880389245779497,26.75222352273947,46.851072051429554,78.43562971349382,85.3926956940652,94.27197533140807,86.22515930395608,78.97423094555825,81.80902526029271,118.45701034358865
765,91.23841452224354,111.028927286634,110.56981004177536,108.09782913601902,79.27828256107676,93.91812411583741,79.87416328291391,66.88245268262774,81.0015752364493,142.16213556350937,154.38575264675296,114.47560255480877,134.7320607092159,159.15532176031033,108.19781545397055,152.3703052883021,211.52557242974464,192.8630299530352,176.51195558170963,145.3984158172171,146.47895045848156,172.33487897857748,163.15804860360637,173.33999650139458
766,119.18648723008017,68.88102036833422,74.8735923427896,87.62140860962886,64.0112154843488,85.98117259254418,133.68891576975807,95.54340087280993,92.34858683246588,45.159452519760876,43.055737617478144,87.7629089273237,84.43173290566699,113.23429888163736,60.67463342349848,115.033412915518,150.4414181283384,128.57895725994354,112.13676921585818,92.55465921546536,91.96426775126938,97.50514498989246,98.64255296039649,67.88622194198214
767,89.3125564904422,90.13682860597817,81.90793387752305,86.424956468291,69.01873647521329,95.88915875530083,126.75450831649808,99.98902643946687,86.34394268435871,94.35672997945345,83.10361357102931,69.35672125296183,82.21478572548784,90.45321553468321,112.2478692815725,108.20116781417897,125.61156822358284,139.75446044573818,127.86749023719977,114.83600598345231,137.86841952616882,119.23289299623603,104.22145953316438,129.48318622791115
768,76.75025537558152,105.84061031709624,75.4675569923663,69.46213467935411,57.618449169596204,83.76559591965884,78.76083808823037,81.3188460155671,67.35187566745594,52.741835104319975,47.594623088911014,65.65251311906223,49.15206218540122,88.53037885400464,57.55967062831194,52.10045936467489,130.31649671207114,155.73082017942872,137.71008778872977,73.41154880828418,47.91308253318418,46.715657884337084,41.66448514370178,33.39524546967206
769,60.655091007068194,70.37389539477117,68.87796195069068,56.145426491949735,40.34891428437742,68.16071707717246,81.9536203704597,70.79738468089934,84.83972865973467,87.53981248401887,102.15285375073924,119.39559421098001,99.67357976961634,87.53755945381997,32.58545012246001,59.737102142742486,100.41441453204904,116.09558115156615,80.58936784656925,50.66066011329088,89.72466274442766,112.9874352554985,134.11399330968487,124.71366507070366
770,79.79567622156394,122.13141589788691,70.41911988098946,37.999104493792444,48.466631728254605,111.12970751885136,128.89111451072762,138.6285779790754,111.17557642154557,111.53291822323601,99.61427457162533,108.17683626352152,49.75595257597915,42.03871074016621,32.261861112338394,56.904701114773324,100.72020033141597,86.00688889509425,72.88024028252475,50.20687172938278,93.70411342128857,86.5384745897016,121.11535302898636,113.74089839820873
771,73.34617782936435,90.877032579189,80.3217384681294,73.46490398598414,83.51395546142867,108.02754383859906,97.65900791691197,117.84134729177815,100.34282279595462,110.19345588696308,99.20019033598258,123.64072871023458,131.6659189206533,132.12668912568353,147.56305323269987,175.71946625719863,224.5963538056285,241.2629293642479,186.4343601575472,138.18120463214987,128.42155845727532,49.528431717207646,59.94813774192586,31.52193545894194
772,85.07847452794606,69.35688442228465,70.00495415020954,79.38310129761138,123.86326867872211,119.9051737776651,142.73895215872957,66.59244383479641,44.71019225600817,62.84640823292144,74.85182097350022,61.8710687798121,94.65542806288833,54.06188162254581,90.39080940824203,86.28349712451025,139.54040010443742,150.31388114302317,96.76790990592914,94.9725367243376,86.20825356848104,93.48560813088757,100.30089860015455,107.62451676569182
773,57.810800638219305,87.94983253717136,80.3535644379029,149.04942992130177,119.43586939657276,106.33543467981627,130.86534158051182,136.7238532264791,96.96283989255109,107.1423955888773,98.68181616901609,126.54302230371815,111.56664058208531,102.48576596575165,48.958135160368144,25.629512197287013,85.38924874051902,138.94722367068977,106.7735957337585,81.49536180792967,88.64184912094413,95.36962815987847,103.40205220128335,97.76777717224962
774,94.31277021097296,63.94840667337135,74.88413776843804,60.98370996767958,-11.612252875344964,26.75419789832226,83.33065015525986,69.2747693642716,62.88066697691019,60.83971671312392,50.13264539559308,86.8876296326936,66.79056540552399,52.30616510070446,74.15131862055453,85.49736000722527,136.94092668622136,166.0363065915636,162.53034815023815,130.63382684432625,167.56584963733638,164.31861875135448,156.19431935651306,110.4199005740831
775,50.72794175273353,55.01253338612926,49.55746796593435,76.79530152643949,85.268301299381,108.2479745418679,116.15089806393948,136.18222126795888,108.78250433276595,124.02788627982032,89.58545538931841,84.49349201701881,60.83687313569445,67.7021855976501,136.562989253768,200.84243673549085,178.53765791161317,168.55428105551812,146.34430263095905,126.40630231532764,113.84781620506983,130.28166792217462,170.76315192855105,191.82290761464537
776,63.123520506580704,107.65912206029037,80.49957634930695,137.19964208799766,100.00518310786288,121.28750341388732,129.08520012111413,93.54252400982526,106.93953792491,113.5195670569811,58.15221917923763,68.69181364012464,106.2321488438543,99.5283269351425,79.1068893737064,93.34795249094358,193.4546347039672,178.3835471437115,189.31146016295008,129.56930178384266,115.06016403972826,78.12299307729354,75.17550440906007,80.67315016148936
777,124.6211621735106,81.31915129554811,51.141614909819126,66.49756207600001,72.3360535006153,44.231718975158486,116.69316635760009,96.23120674571412,102.34509236832555,120.56833846299881,130.59797167386427,104.38729745685646,114.1615120304551,116.78780238363666,97.05795877271312,135.98096460459294,146.50863428903543,126.49232727112003,118.50010119004665,63.718812028624065,28.075257512000647,91.35175683055161,140.23759451558058,97.9697108062951
778,48.69657216554071,138.52201041506368,89.81413281167282,96.60043719031891,65.65403607545068,49.6308713616522,57.94541245485596,25.88780066947666,52.0338721053837,48.69094115270752,48.08037215818336,53.54144447934866,81.02139942185941,106.60767340023247,123.48743521338795,168.66083947394148,179.35948586963363,135.02319601100638,94.32805814928491,57.6354834815986,74.74873353621635,91.25112182308439,89.15308281705195,58.455868710108625
779,28.599006542591766,24.378524445937494,68.68732873668279,123.5325827196472,56.509317785236334,110.48561427014889,103.42244160611921,104.94139229743458,102.36224930203218,118.74080767170554,117.3959785628659,124.3557763468158,146.52678823087626,145.40133446436147,149.76152091893096,175.29791470258445,204.9075295183846,182.91389476446537,137.48864797606396,107.36710527397248,114.01699873040366,100.46770775200295,136.53031534469312,129.26565557640637
780,123.48272853999019,122.10670138367918,66.8537506699372,52.761433695394054,52.40005439338352,62.05797260036096,98.14395662830647,110.61545387848003,99.98243226789772,76.48593161181553,147.62769592557612,156.59641793775296,133.84900712400838,114.89062775543186,83.23847560519917,42.29509742742259,170.80499104689366,183.32245151821252,133.14422019809285,92.86723584501303,84.73003333490715,95.55275344873513,91.22967633030683,88.74338765837892
781,97.72422291834737,97.6741022178028,76.40555504949603,58.249999352463604,95.39747871611539,113.35019195353044,127.39049824085103,101.76523808024987,113.48174451278271,110.83874324813195,94.56400786568982,138.39627974201477,172.98196456915917,182.30970933452176,133.71420328085128,160.88387579423372,187.72886913587828,174.13678026297103,154.58397207289661,112.72023097265686,89.44718090448987,76.08176981547822,66.08435784776745,83.41810431278033
782,51.451038308066636,40.30924894504808,97.10260083143466,70.19757015572416,43.545429113307094,88.28016385062658,107.63625190120545,112.40357707318651,63.08086746256885,82.16843972452259,182.03226601337278,172.81941936472816,153.7403307000917,111.21883979937049,147.92444510613672,141.4768498243539,185.669269264177,193.50290839295732,171.94472629154035,112.32771093400025,148.26566565330563,119.74359807783637,90.21303871716513,69.88550186049892
783,85.07276161927959,98.60489826191753,97.73273513581233,135.01708323407257,65.1974818745238,95.52166530470832,103.74182007354007,183.0940340745771,109.47268204435491,48.58308103955413,82.6347800859227,51.77424501571463,73.1792040142025,101.01377908627829,79.91058078154137,82.28828633141332,123.37984001629067,161.17505226002288,93.58505658021495,40.35416032439885,37.290076336246585,29.766885913423025,93.74889033528808,96.944170788536
784,54.85364112422433,56.91416348529491,29.85868121796649,76.78146248983825,88.9159670362634,69.39118084610827,72.68798393867851,48.47354652739038,-9.936068867913463,14.01095706244503,29.22928753405658,13.690588390532326,27.019621282275104,89.49766478286975,110.60551346844662,122.03057999960758,176.08814334684604,176.58792513466886,155.14826915310746,109.44624446563601,109.17771394373301,85.04017403754169,81.69375374718749,97.07418744153209
785,61.99385898693625,31.380578753508246,23.308081437744654,-9.926169741358876,20.687408847636455,43.33428718079684,98.23306606799417,-17.88542197040435,7.144115936510985,69.05078375112763,83.39681238524483,100.1098485648899,73.56230183278048,78.93580057319159,56.40801164984608,141.33435913827915,182.91294170240297,165.8683743493393,163.42518276750286,87.20339521111778,72.06539402309308,62.856748831271496,57.293248047858995,99.38263741431484
786,89.49617969712936,78.62978035176027,5.607268329079176,-12.781462323327958,-15.604712308937877,52.97882265146498,58.34324201328453,86.07706389481942,98.81877649500491,93.19224857315,72.02085201274238,185.49952171252272,142.34204613330851,155.31832298606201,127.71406865062787,134.46029830738163,150.43384730943546,182.73682252387016,146.96413615980447,96.45234283723433,91.51908220380864,123.16101264413992,92.47214332377914,64.551411796658
787,78.317403073131,113.44967360144845,106.69605351851311,92.05812059999705,82.89564030113064,101.4548236157457,143.2764589872644,115.75675583231059,63.63938611935416,63.71793282102589,58.14777808442026,12.38650610175172,7.013294547943204,50.5349311919167,16.69032428976122,96.0511775625132,152.68582907323753,181.2228737727077,154.46321791456094,137.39825851607802,164.20967010314982,156.48466295711202,116.938868194216,137.0914489770836
788,44.08199443778549,93.66352574908925,67.15998094199777,47.971520776174806,44.83505102478703,67.95147122137,96.81272673644247,96.55409554431617,100.83398996803696,90.07600182438121,66.20254102946546,78.48998000397715,19.996651501293705,0.31506088160914203,66.72748772854014,125.53985201077828,185.20953079787614,194.06565051811882,197.34193469803478,146.82092631027783,151.54545245181288,112.40216869996421,108.34136046018502,105.6207389777384
789,91.64848097656005,78.82298993454847,81.4854245904011,111.23697011177053,123.3062442145655,107.9435335968542,125.18604202028493,100.16662864807913,97.66524796220226,103.66559111933063,123.85798532430876,151.29941164258395,143.14539358719094,164.2941724147857,140.44638400761508,140.9293872099866,158.97843828485637,168.8846600566534,179.94048430100042,143.2450726054919,111.14276014050947,130.66540778927896,132.96582017336874,79.33814007814175
790,50.95634632033094,62.92034478251243,47.47863221085572,45.50818624790902,11.565451796166933,55.6367427236447,117.90330899124433,102.91761708841587,64.91117239050112,98.84435892666082,80.0501555382618,43.854648438925736,46.499004697447205,67.92141894997613,35.15203510073718,56.97267917797937,154.2821259597917,120.29769226056845,95.1983369572456,60.19411926177797,72.67511187068787,81.2556967315918,106.80392671654684,97.24300458867117
791,72.92331002293196,140.07879113920654,77.74614357507294,73.11310180198012,63.35173394472216,87.6827564362496,111.07085494569884,92.02428284287731,40.674069878472636,77.09442989405238,62.852365649394436,63.17291396610457,57.4221254262638,75.90000824051083,43.66902463461231,117.89138871418547,187.6956825851468,193.1085484953473,199.677692277499,145.645140592327,155.81242215044972,136.57364389200814,131.45905423187477,90.45351779390853
792,73.78786704222414,127.40052024840946,137.08240035873098,113.30245159068522,92.32615797731209,94.86929649767899,107.25290869743722,117.50308988438769,83.216783683246,41.629570354711134,43.360469804174954,34.54266128881109,55.5992245448584,88.23034434198333,130.3189033367509,157.70381323023048,183.14617135660433,155.9791333042524,146.82417152983078,133.78239561956312,164.1177323228644,117.36207320155579,125.40198111482059,117.24582526150957
793,110.7161048162324,115.12088445460392,100.28793543268375,76.92962324758807,43.762735088720504,69.84218799795504,68.03127916192011,90.57243860707209,22.988078345252468,20.07970154886722,-18.88400000399406,-14.912046979327428,-6.036278189757894,-36.878870024557486,38.512840556759826,87.3731922161576,129.20238456774953,147.49787370617744,122.34293899026216,55.337275813593465,106.36627777365553,117.97177700592094,154.20575458685795,175.46140251365287
794,77.87441042562052,149.29849892064126,108.31517288794754,123.57919302951849,96.1060884258453,105.66583947791791,120.14687549411701,115.34121489504946,117.57857477384955,82.36667848687657,44.68660769806486,87.1026898212928,77.04814526167975,64.19952141470456,55.152623171131985,106.00198021979048,145.34164817795101,150.0975866519329,151.3621709693145,143.3109949806928,125.5044366227223,109.18161449755917,132.85841592792022,122.28691522285709
795,26.373069172822923,27.84643170473791,7.166304148957842,60.66369611270177,23.241231174020683,25.56156328959522,76.01942597633467,83.14066438583939,37.83852377032534,61.072167398220394,38.99448756391012,31.929078017029518,-22.599469323072682,-21.143650038652623,-3.3177818223292093,35.34272133610233,94.79435927427278,77.83801976786029,54.96222642712195,31.905139163108885,53.5987623021576,28.191927547796013,81.64467819485097,121.52912289248479
796,53.89993841259846,47.85703705832984,53.838661345763455,91.84661078398679,86.74803540488107,90.04822506586324,135.74426586714458,113.14049786271511,135.49942951585612,137.07363874405587,81.35655493651973,82.64124342507026,87.82339482310745,39.88322802352177,74.09847287495423,106.06569136142701,122.49830695238813,124.49831364690525,133.77287154017145,127.02500979338954,192.6759390121338,194.58760702625204,154.72936769783234,126.25497759741504
797,87.38139526831313,77.06344748644017,65.2605040745626,38.93438787439676,37.71085343565714,85.86879033196604,97.42582479511766,103.02257107469586,80.57768755129972,113.18370589578265,84.33530162470313,73.82699693578317,95.36564202971387,103.95827098388642,158.51299045716013,155.02895483976909,161.64573634925785,175.59890762104087,140.39068088110872,105.65620633779993,78.22181356579145,95.71757128387276,93.41437932693653,122.32922840188041
798,96.54594609713398,72.9159938317094,83.02827549672,102.92293242798226,95.86521379718086,91.58638863389169,105.27087754966921,68.8430321041852,114.27761117915975,83.18046232799006,78.26235783868549,68.76210040225847,61.356070554792794,85.13092586640205,91.29515102975681,71.95050398677068,134.1537257113896,108.71355863389157,85.28850326426387,95.92239748175353,88.46508132689513,89.08916776343528,119.06057344382131,120.84486328359279
799,119.67630925914537,105.72027998722902,88.86012460428675,130.18368490272363,133.75267022241576,117.59898889256047,160.09812253679445,118.67903190072442,86.29210427099353,98.64107058157876,54.91326256486926,83.19103909946026,111.65049839158685,124.4431702224465,69.47789986496528,99.705886641679,139.80696565222752,131.7463250130043,140.45965291923852,150.16650610702357,121.59845092952524,98.90789206502178,127.58043984308978,121.55038215387201
800,80.44576771767588,97.45195007796558,89.05453862115094,79.24252079109793,44.94397342446729,68.78393249854172,73.51495346726009,75.40411815069797,66.53218198964484,67.93146866824785,52.88874124013825,46.221502067509604,60.85934789908659,39.7944424895617,80.04445920297307,80.49890504921989,110.21193045163876,104.51166209849363,89.15240559930871,63.45292006838448,125.96755228282464,153.535697849524,137.29251545295386,73.2124905380083
801,86.5985311470484,64.66182352160384,62.840122201708425,47.05557863850913,36.192015451189015,27.05665206628767,56.61772351233074,84.91903054218434,77.6500535559296,88.54267663026229,63.990327085665584,20.840399009684,92.02157278688829,82.94700457187379,88.41106793766987,80.18978270051142,110.77685374531924,80.89536803145761,23.380105335947007,-5.330727709356523,28.79747819322131,59.25696464144153,82.84347427421024,59.91897588426987
802,89.94262589495138,122.13898624754765,42.8416757591333,68.14563021423507,106.11042052165915,98.40632096496203,109.25772429261299,149.05600152175083,106.03874813432348,69.8547478283736,71.34190107128714,81.27986759802737,135.90777074442136,141.72401383266856,147.83767860896182,128.65488581575377,164.23254318169967,149.76088854312738,134.74264698821983,72.14517561694106,103.02293138446521,79.59429089143646,106.8957756628756,72.95312548133928
803,41.67902296122893,56.76011759319019,68.70777397128673,100.83610752745656,142.16567742622834,104.07900387529911,151.10205615536333,106.28403599036636,86.99884735024598,67.0798505304308,32.66129819178175,52.59667865810846,10.629719066711601,42.26876018483987,43.877207253233955,108.17208357645754,126.51184166054097,145.28225915750704,170.42562819762134,125.6933511568468,144.03305955653002,107.65016522294,64.00890734814922,40.66542591149652
804,65.4717389196364,53.85028213745921,56.92800026480887,85.39226884560264,63.88328200950812,39.75126337083323,103.37975188963782,154.26229652005776,131.336712842233,118.13280851869428,86.6500261433865,29.075042669372507,38.42730072780666,51.93289017722494,77.50428030670642,76.8000937962375,160.7801399574011,132.54170472182057,125.37618584817129,68.03527245369264,94.41455422325373,90.59730532121863,135.14739303911927,144.26147659694428
805,65.80785545596754,84.78679993699372,101.13236187897424,99.97582224709902,80.40450969994497,45.85472600483624,127.1718011940367,129.0257668035797,113.31572968347064,113.85424781976224,95.38935237553721,75.22638577637328,63.03037036317535,49.86965520248995,80.53916852160587,110.83005527467644,168.4844675962542,186.67870862660243,147.11350182508957,88.74464299176698,84.64400495704719,60.103909677266984,103.84132719497498,92.93549006273503
806,69.72381761213879,71.07932619295188,63.8354781966477,99.3421243334133,100.61699849931604,125.68793235085423,142.96414338883247,119.43609645727994,61.114901854636464,26.143728996512003,11.242472342186034,35.261282760246175,34.17938602660627,15.077541309833805,6.958258093922197,61.02739643227562,99.95799233110539,163.92308845015185,160.1487775683528,108.51302465805519,84.20009636097305,59.576194816649405,51.207853530530315,81.15196654536203
807,90.28923013777649,36.00426004501858,36.50158690656244,51.32672459791266,79.08192299528655,69.59783946360113,143.3659204940892,146.98863430870495,113.64760596118234,83.92974343409333,66.95846777037974,19.979981069264575,46.002820164228865,92.26511792232066,113.44098213105751,102.16906082162794,160.4885035966446,145.68301017419637,82.84456287671576,60.793171044509826,56.391186906273404,82.64124249979001,80.67097072800273,117.50792613118531
808,82.57379837172874,109.09809305353679,75.28913374719434,69.99212569839158,47.449524383079606,59.91838687920327,136.60507444664435,85.25292256796317,65.67273515336045,59.030724513759736,73.750482740013,85.92583174262464,43.83530739673118,62.61796338678963,66.1875629727007,116.38374238106148,174.02270675197178,170.56156106949342,182.91086570254936,137.67032073724664,154.72582352397836,132.9635672186738,133.090935670756,100.4836954869654
809,125.61044572164558,56.31777824073189,17.257535851148788,61.0155362142323,46.16013962617642,90.14362792950972,117.32038367034934,107.3241040436652,80.83510159869316,82.32144149236555,65.06505663323495,26.284032074843395,70.56350899020659,46.47788658648592,91.40834160013546,105.72668546728121,183.83030242530032,197.57045130484215,167.75515206039458,128.31778493845368,112.94123452934649,76.00931162887255,91.1521802951518,129.00669604759696
810,74.46627860435825,71.41790990944685,69.9845073560274,82.90675201606643,31.49601554310346,97.96303660560415,92.31717324857173,93.54198527405546,84.31965943261264,91.52659346888251,88.33588045318612,113.49846232090599,118.61267132069284,72.96747545025912,73.6791710802938,61.11385010349406,116.80550426616634,155.2163831167843,110.29324839901582,54.362598475371506,63.83453127614954,89.22422652464428,90.79912169541389,101.86844801707082
811,108.87813234366168,123.28040233317537,72.00585438918314,112.48841314000146,84.92714957456643,126.58950395246033,116.79313129111202,107.44873295421041,45.49968369649498,35.292854986827194,-3.2181297810140137,31.674965327012863,92.43910770251341,136.83333285033098,115.05804531190495,89.40662406782457,114.96880585916708,102.9079070886012,94.9652295678814,34.63482033633218,66.58541887298057,100.29531511484957,116.7243532846496,129.19369875347428
812,115.71828515680681,109.49244272078334,111.34871595193,140.9859204101198,124.03336436127726,85.6050044837204,73.60021817784116,43.260435311895364,95.24291366804883,7.151569672499477,39.532983647773946,54.617790103812666,80.78418485734328,80.58000508657713,43.543939464922644,82.58029670212008,139.81566674467098,140.15066771886035,115.93144402735929,95.29318843458742,106.68581342198326,82.03799681543127,139.7254577535128,87.47205084849999
813,24.412102422792792,7.389814851141821,14.096931832516937,87.17677780592533,60.88902788609934,100.92537232464655,87.58087967749974,93.73785309874815,82.15482680563585,99.4178009413878,99.75010130795712,94.23543703549626,40.82882564931948,53.63275375816521,110.18034241296927,152.46949537982516,197.3911720003374,221.1721809058563,150.55772409839318,108.48309604028739,102.44812121083808,135.07567984038184,114.9156346307397,108.98833616227861
814,17.930291903724445,35.90374376128325,43.139627324335066,65.46475890067325,58.30206187961558,50.008722306484735,43.11792513385378,47.73347424196098,82.4989810304914,72.30688318638012,48.74263388390665,68.61345438925545,105.69800542826675,94.05396350765028,109.56223936528471,103.77036105769803,180.98966809406124,186.35196113775862,161.7403812594067,86.41254156205669,142.69643008080715,107.47301377082817,108.14061357533134,129.25821885633337
815,53.99114424270956,61.79199977029066,65.7931684127205,56.787784920012115,37.208344986119144,41.141771545159656,116.12744570349226,126.26392995057915,93.00663816347998,64.97140643172348,71.23541205286018,30.18014358605074,73.51275660215578,70.64535431165964,43.56109634719808,40.80127616619123,81.64318706808957,99.69549792860559,61.17508888922531,68.6661190063678,105.48668044965203,118.42504792536073,101.67770404181974,118.17794391573182
816,45.04902120730418,59.13124132386794,63.230409722515965,78.58405236530726,75.20352760778619,71.55426014444284,128.39611552097085,131.21689727722566,72.7592977339797,92.21189032378783,91.0367041317019,96.1696528806917,122.74402843795403,89.5872413593158,94.1309595647375,109.19720273653704,200.33918699804303,197.98521050089641,208.41512989975945,196.23034449022265,164.58205083640323,122.19436457113513,136.55345609551972,111.21441332506714
817,45.6994986979006,72.49739817755615,46.62068437692811,101.34680339845539,67.87092413048704,59.41705069157614,110.86298606609233,61.70620655909226,39.976996343034656,36.24742354846852,42.11126712238003,21.419970729633704,52.69918460859869,99.2306233654801,88.51202944945537,76.38448369363039,151.19515599043802,139.6683783526155,119.99693009690994,98.08714398330609,147.08233914232687,120.71513862061464,156.87746279488465,124.13294561508306
818,89.37646894964732,120.5563343517311,89.58731162409343,97.01826046781287,88.6631602361677,90.11871982734932,92.32469203121894,92.78502871609888,141.2733200306783,118.27357172618818,132.67154453567235,69.51082236331109,7.705383011370856,39.93562762282052,52.17771183455019,69.38880131159698,145.72302276619638,194.12190088881982,174.14764811767145,122.18924886962013,149.24436573569545,107.29932233022222,107.31570029518743,96.02391654100504
819,86.22566652529295,97.44402233595493,65.87921071454434,84.01895043218654,86.14111580877068,83.35174520310778,123.88402420402969,148.0831549537118,99.21868223277744,102.36464850165274,80.69799114623251,9.704921540577757,61.127962995872274,77.82854776303334,88.521853199164,131.46915657807443,160.69421433978505,147.9256706928755,165.63657936293043,94.8196267479687,94.89196629653374,104.18066847832947,106.30959843084011,145.13517000031925
820,68.6144845344088,82.45420880474089,61.93394674679019,50.15258333801408,24.08444548273357,63.962244159946025,121.9704890387866,113.26101120878053,115.82632646801912,129.3182787852407,138.48124869581926,58.05273976236211,75.54576821198042,51.22578007492298,90.74553060583095,115.34231072372283,163.06259300835572,165.1027770599541,142.69772981017127,136.94807499086474,154.29159692717678,73.30484772448955,139.91650229482042,107.05499843832843
821,208.1338572994969,179.76229223223595,165.57810968185817,155.41478290987672,101.21497564987322,107.97890253992851,116.43454356925444,115.69272502757187,114.03715647487401,113.9848162447804,59.684569678636414,98.45787937105908,92.56571806892772,79.23539955861382,111.12729202616123,125.93592824581913,210.80609793189464,237.89368524604856,152.07910116568962,84.89006395550803,63.766659301236,37.85452819580919,81.66523017862662,119.60952050272104
822,39.89439970363227,13.86252775187959,48.937518361653396,46.24095492853172,9.572712641138097,67.2577549394282,60.42706887261144,67.01008286459879,116.68450902692348,131.1619820906178,81.27441114279732,59.12730261121008,80.07384154049741,81.92620732774989,142.14400598260244,173.77544748336675,162.0757811724174,167.03129570397445,100.30543858878525,76.97450960195206,69.70819576683557,57.92002531760113,72.59570905412178,90.1802583931225
823,94.6031793184067,92.33081463941204,104.33498092086253,157.05787802682968,132.1998257754296,90.42494453965622,111.63550463188365,123.40258217453581,116.20350224688207,101.65167344948797,93.9684261050216,91.68069536284983,80.27928715056966,46.798379800030006,69.84983775702486,42.856517101236406,135.40622525945125,95.92760446724583,131.24310863819787,60.08946864920766,81.27720783957378,85.78425796176585,84.58490159342897,70.57221297407604
824,84.61587844368927,101.72957272389202,118.94293244263967,142.66837332248303,99.84123814740812,89.12111414694124,78.71310187478036,48.42943827972468,46.932960766427335,55.30376034290114,48.646252167757915,63.179608763870455,68.5861152454071,55.00828446777059,116.59295910123836,174.0652574090804,208.5789136224874,226.7427518469986,146.46453180901005,48.98509366869107,17.574483628904545,-3.4969755130795193,44.79500356388395,101.31844385887631
825,37.13210022225378,72.2243577211637,52.55611008697998,100.08274716225492,59.78325403699096,48.07757579532003,66.65569167204042,69.36716171883396,76.56813410588144,41.393290032580765,91.48724054702632,96.55369166665582,106.44583301707982,90.79626006936114,111.93652714030658,104.87734239222004,162.52332593031724,154.2512762911681,124.29783160086177,117.35951094071842,143.58955200057997,119.49909538850618,75.56572908831782,88.70816174170105
826,89.232538036265,108.29532926276661,66.25163247423666,75.99634558283452,41.54382535324133,86.23921404456517,121.45031194219582,134.75389993604819,128.56099274678397,109.09795123508815,86.89787949610272,74.08693967828835,58.279887108500354,87.87874726050829,87.66832335931561,135.00101778361255,166.92120057354884,161.73074727350553,131.71380109802624,101.67686618574206,93.63365309461688,107.07265833172326,154.37056560102005,161.76099551310875
827,22.072224230961396,51.509151885848276,59.474029191429224,31.586451044605184,2.2913850599178005,20.820757388932627,9.343365736322838,62.30579560541956,81.98856300762371,94.34281262876554,97.77851901326127,121.72427929827741,116.88028403705744,99.5738205557831,115.9540147233352,131.39140393592373,170.96782893914843,179.975478308065,166.17910536418933,134.6283070397789,117.11264872598339,79.8605851929218,79.73838194859316,79.12423907053238
828,57.014652035860166,77.30509717326255,91.0778920796182,81.67797090979191,81.54526301028213,62.23212666754575,102.14945634831868,75.4515513828739,65.30103338346413,91.64397530935192,112.02789405383122,116.88574380301844,120.98545703639267,130.10637506945318,155.572315456031,179.88039591671946,191.85369815502895,167.09525049471685,109.43362467188123,100.40298075411206,116.4908717843789,79.63461595072229,84.0652937560472,78.11010134381806
829,-22.999477728076585,-30.860788496558428,-1.3013239766381162,91.03517249607407,61.9903472599088,91.10594309786332,147.5728233390996,163.3310636497051,166.2419489715817,147.16781358774028,117.89279691508975,30.674644828123178,71.08909582159482,102.55294689394849,142.09344124954978,136.47230918251967,143.54978590018567,163.21165309743387,164.04305871647398,108.51342347329899,111.04311753452613,61.960521253670024,67.23805137646953,70.00058824316355
830,81.83414168598573,61.21766282256927,71.74634021035837,106.73581509413746,61.4446583732703,60.71863181071443,84.30187329021737,82.71743490626653,73.42944488929793,34.55756392108586,57.458472337240046,160.25124123765437,145.37602790267613,93.58463566146048,64.2477757719202,100.94810999703016,189.13320269753808,143.78495600342413,137.32850735510587,86.59368670836345,118.29236719459918,80.44029852991527,87.35324884832364,82.44932904876578
831,42.66163613246631,84.33949893011365,108.27380428376122,95.7037439781865,83.71095236604795,77.23685452747108,57.06868894605305,19.51160607630966,32.72303551987102,23.791916108721935,59.7550022655068,62.892628034531995,95.19631144087724,86.76861386049976,92.29866475408383,99.98008058026156,144.0764318825606,167.23931800954946,142.2820458836863,116.4254727473605,89.57095880590586,75.06395554037556,119.98339269468704,113.9292876367941
832,70.08759460447418,85.13127779698733,40.99408388234305,63.134648469369466,34.949060444526175,47.06414645790053,95.08453126946166,23.10235273595093,44.151261790778634,42.70433719116227,18.410107212792553,83.44939111769398,76.59409790726225,94.43477713195297,108.98383210552774,99.76281019139164,146.89421787214604,160.35802049230264,83.4406129267766,81.56978339766745,111.08469200734815,149.14267222776914,140.23755720615497,95.6291669789907
833,128.92556261119572,114.1832202044985,128.028795868457,132.5701330751209,103.67039755452366,97.47571528691634,114.83602475958453,102.08929940601956,92.89999772422054,37.5103837774876,34.50987344375905,14.306168500244382,-5.159834444467805,24.585619435675888,59.70230228128105,120.14648296704877,137.53938493079488,128.63554757667094,107.07817549541424,50.8782772997161,77.15449840647298,106.47468775325319,140.30420494419928,135.11048448417645
834,110.42273849604017,73.57292805197481,77.0257654597922,62.66231185305256,43.34322825789809,90.2897684215432,101.99897815658294,79.1504677214664,54.770250956931534,67.64037374992591,93.28269001225195,96.75805768481024,107.49190941144032,118.02536442129502,177.79569875932168,185.5591818143837,205.46807659863873,194.10197918851918,144.71831050168947,103.8521592376843,107.1349493882053,152.8433961657052,126.32394944597131,146.33348843263295
835,128.1643414100044,132.81274895009597,113.25470985952798,147.58304898488035,95.7470973857383,132.83795241825527,121.16899701255562,158.45977914622108,149.3216481809194,130.5335069665312,110.85166454204214,121.05910544848481,131.68535193384105,138.49783861190633,124.93875027254443,161.40272805810721,186.5506021759714,183.15806464566464,139.81950337520385,87.75457997432409,92.55997345805451,117.67465814106717,84.84257654599264,82.90246235223512
836,53.55529017742073,92.48833686776919,63.6493546822221,70.35143289517572,53.70249221597383,72.86246068177356,122.17110004247209,83.59378228798687,68.80438535183782,67.037206355907,67.20520487387145,57.31224316719272,88.76862272405423,109.97086517264582,136.72909459629886,157.03967376536696,170.34463944057765,145.57028671151718,105.4186757797318,54.726143651017466,130.29777439367703,159.04702630463694,136.1156206161458,137.63037977965197
837,55.61151358911648,63.228287589806094,37.17334899713728,15.838668584907992,-31.68421276801395,53.54923203762333,88.04997003631345,167.4622333271921,96.70030567072996,134.91295562552517,91.9589716529645,110.54252483239935,111.20654193859292,157.0342994892663,151.50613429167268,109.073013236561,96.06737885096572,98.5954292118654,82.83317843573018,97.23170489293467,114.42930470438304,125.99090356568668,132.9306530627805,82.11183626261598
838,114.97737162895504,118.02975770202471,4.195036386881618,8.203419607306785,64.09481686487342,135.05587615223877,141.01936585114785,128.43436625093875,86.13237956241514,98.6718335665883,87.10486276513494,75.37265942307148,68.05009276904323,67.34232514346941,72.68592118955488,107.4194133169148,140.59071108460975,157.56554954616996,119.82900980917763,71.2924075101935,45.63298732567907,71.94822345773758,125.84132607428825,126.05121218541602
839,105.12070329561872,72.27426812096788,57.02688598265061,69.05405082607919,49.64206498253891,50.743969359091366,80.01999916974825,75.96781215043545,82.95557147060305,94.1635767495111,92.95810398523713,67.11676062780592,92.75798016677588,94.62984668923829,116.61920172642839,145.3346676210326,162.77665966247787,169.08058456665975,136.29783398293944,105.36293071012247,54.09661829216656,40.61938888395525,43.971217489020134,67.9422645828952
840,55.93933966812144,82.13128474178237,39.11961503615498,67.2904242504182,87.71259352096223,107.93544177308867,112.43398954674534,103.2597617519009,118.79193248150159,98.01954652984682,110.94462742048592,71.60817706566864,25.032110330862324,110.02774230874667,134.1697696283665,190.92254215396866,233.00085240018177,243.39429066111623,200.50113011725335,152.05164880910775,101.43782927066707,103.45866745069925,80.547680519233,66.63800056843561
841,43.63338384266453,33.23077323881414,35.661422271578964,50.21845048959982,49.83714445056153,80.25351020952213,90.8081398660439,84.74372049593795,75.89799514481632,25.135861615380804,40.72096326313237,-9.565086548874362,33.88823565813475,58.84558292101958,83.63108607278794,85.79615186703634,133.46008883547154,181.1227071188595,130.88626641841643,113.53704059282512,85.26941849175523,106.12158684524182,124.20428572338349,133.76609053823557
842,37.867574031072365,59.48782136297821,66.11164719069353,85.61662617541899,55.02385201267312,56.6270147053624,89.21500980744536,101.94675793335216,93.03284943504521,107.59681443511359,121.25007836292778,88.14822959329217,104.14136795705093,139.05260467182353,129.1445042151159,172.53053257920493,219.41660018877002,200.81990504228628,189.2478392117062,131.1338115752514,134.86680918277085,94.99520633484451,144.23163758490352,159.5350893672924
843,23.073145519190547,67.54557069943324,49.91169673647721,54.88960234630656,49.17448034854246,70.14020143366135,190.63171322280684,150.25117538117917,136.07577443825915,114.60058398938116,109.93469586260791,63.73149741587175,11.112911150372412,45.47655389776529,40.214378661934276,81.66130913504676,148.96967998406902,172.3343753455132,162.70540187106704,117.07276110566784,153.09024224369335,129.6074911654156,100.44175950324919,135.2314545604029
844,104.86681697170008,76.89383194136673,95.72830851636694,102.31688104008671,84.17397084232672,81.15847139065585,84.38673709387623,93.50352296606654,75.70476591447084,126.96973844362518,132.23216560766966,103.40041789271396,76.47264689431778,78.41240868667738,90.6928311276991,97.01111495325425,159.0269479907071,161.63548836734128,140.3749772304391,118.69015115352593,141.02199555874998,281.0496021821349,202.22877481337173,151.88829832779925
845,0.884781143070569,-1.81799166047783,49.32721576329946,70.26133982099962,76.32058272564902,60.46921436871222,109.08448608251825,103.32226431186646,75.33442071696454,84.99430281165245,63.69764267692797,14.962730274752282,-4.166811284586458,33.10386224007897,78.19664764361497,117.37202291888775,169.00913787093089,192.60492661274458,180.44273936535814,110.43240987696208,126.82231936195643,85.77606922662697,99.81371009668848,100.74802079398727
846,45.971213986426946,27.779933060938532,54.29601505434094,87.37307162367179,91.2328348575646,61.36231196281763,88.40131302162584,91.79628836391365,124.31711477740731,101.56583269661166,95.37067425955428,97.62869403295898,103.99607792332678,157.8670074226538,166.90796902531483,194.59560734700824,225.56348051758363,164.20873747814156,144.00309201969748,35.93863186911574,96.01929812178025,92.5095189863204,108.0771064955569,81.98477313593558
847,95.68872425892532,58.07282304223625,15.354858511981917,36.37070520141129,37.25070745755484,40.0204937154479,65.25669601352872,96.34358490848763,128.219898898481,72.808234978097,49.139047181488145,39.200198669795604,44.5895343350599,109.71674562820868,114.49519332176276,170.25332516093354,202.5351333591646,173.46275493407316,104.68521494641516,103.0087190318013,133.45021724403904,141.13208250794236,143.34569519584463,172.75059153013487
848,93.64609867530838,76.91025262753894,83.79115922637536,104.83641817908943,97.39225899793728,125.59593955277809,105.53432080656624,82.17374879153081,85.80487328604998,107.6887994554184,116.09417373975748,67.51451862814203,100.7605043711639,126.66920305654935,130.97197269656732,187.24106542448402,262.58038469006954,232.25160856550366,175.0873445499863,111.65587149149512,69.37216402397577,109.95268573738373,119.85624611928513,88.71459312363824
849,101.93833585730556,105.87068617492264,116.37018810939301,133.60919562441268,89.44142226091029,101.23460209790537,118.41090369833346,48.77530160719408,23.171874511792275,84.63841931578034,71.01474064902972,53.450598045222534,94.55495167814888,63.66335673719057,44.16708744963992,58.305174267924656,98.09280166663365,92.4418528176593,111.49697541342434,77.80765632039433,64.18265848309716,56.22065349783766,77.56352295324274,133.08800973579608
850,39.313965633647726,28.37193777385098,-9.710832965195692,-10.296676961627526,-9.677585699996598,59.42007987120239,93.25458873021334,133.14300746043418,159.7522183200922,91.86794532501702,111.06167381211176,90.83224154050566,113.18385886041268,124.71663836780479,106.94483966837942,124.81675100029399,129.07905339992467,165.59589374261043,141.91785508335937,79.43228598513042,148.44003215614836,111.03684036375749,111.08187496114749,81.79930825230079
851,146.1667742306305,112.63645787743894,120.58277583735253,147.5662691474143,136.5948107116193,142.14929203577336,133.8030510636339,162.39698319430886,110.77683431427647,106.8857872758895,84.9091308640953,79.70402360594902,82.71237887688346,121.65801942479919,129.39585686312208,103.60774915083,118.46574802548832,130.16595332499602,77.4793992736085,97.96362179425336,76.61803203608518,48.29989699880965,58.46626096948134,56.32368205114547
852,28.22140254076581,52.19114475400224,63.46949882349145,67.92412871596068,49.35546231124334,33.25596749959757,71.14133409293669,85.56273684931435,94.99845974828554,93.33842372827323,54.356634600562344,76.93746296387171,88.76941283432396,89.47925320593924,120.27514245777783,181.2019992805277,221.81348038511388,217.47935284948585,161.60679138492054,124.98240108100887,124.88363394488022,127.97612975487543,185.84917413654517,112.454524163104
853,116.33280244814813,123.19813779988866,113.86893479749843,117.1849485088952,85.66293223563017,85.95469825473477,133.0663742294816,82.02293858082865,56.442526536512005,72.47957287457065,48.743551355170126,64.30566337037442,79.6363298812976,62.92415392165546,103.16866372122098,125.32454201873044,192.84815695926793,182.54767531549322,160.93664647645912,80.96415451048625,82.80870524194238,52.731144183200556,96.84379044288882,88.73228175869932
854,51.200209507490925,37.847277544063544,12.600380661689996,63.51150044370112,8.20309956411522,24.700675940501,86.48268638325212,65.10954062849004,98.5331343118593,78.21045354485018,109.7369340272651,70.8145525355632,104.06487318850223,62.54865306863766,36.3591288030774,64.09245098329599,131.83674874078963,162.70726987803624,170.59738563328477,116.51395784644751,127.50079164929755,116.20240437573048,103.4778167849639,100.65512797389333
855,47.335524841041206,50.58660450554633,6.082785505696975,51.66487349219977,107.44517101628806,148.38068555715557,170.27032968030466,136.5390482971224,105.09876811392839,106.11397839384188,55.86039485629451,46.51091739213788,-7.594589098592863,17.28065633755122,57.44039345954416,150.06544905282482,210.3185011450542,179.3732244309969,136.15970118702847,86.22093964656267,95.02012583892053,103.60609119194721,49.07600290520082,73.05780477667727
856,84.86826803937913,56.06077969040471,26.344929934894566,32.142037306080766,26.354199398795814,63.88341512783594,101.85860595307945,65.29531591597764,53.69370206872783,42.23460460563732,100.69406107297846,113.29794664314923,127.19368797928674,141.45238667275123,84.07109722149653,83.43163538144724,115.73692906687114,187.09966634285396,120.96192648943583,77.0025475572646,123.23102252215799,64.55700954790132,71.99075594640564,94.08957227620836
857,100.36115423211564,107.3334909279969,91.50569622133376,103.48822270624879,86.9266956803842,69.29099461456556,123.04597903664646,88.14889313797661,79.27885122472703,37.549565643567696,23.809630590296678,14.623727093808,23.18007542556012,8.988139705681093,66.23282019214356,71.90560601225843,165.209074166574,171.01475074138983,148.77648576876797,82.1281269305064,96.22349360556781,137.20958435998082,131.52771282787376,112.85471118670365
858,6.320787060279386,56.86521829840325,85.8428062280544,64.43727031456265,71.05711358527937,31.52509602953721,72.87088613494517,91.37964346907535,62.05348082463766,78.95713430699531,76.91795950130876,111.78894026405038,109.550762851663,114.58120248398583,82.06066713342729,95.19556094400325,144.63735114351715,130.19616177944334,143.32308530407758,93.69271554138948,74.98625560026626,70.38553994093243,80.05648143099472,56.35469918589644
859,22.69454910159277,58.544083042981214,56.618207271368874,59.08350392389055,53.152012062211426,73.59152546813652,120.4360862450537,118.1456149092649,58.83500196297134,59.30942137918553,63.98013146026722,56.92378901167242,87.22965492512162,73.54047320932342,97.0339229882146,48.90239244755961,80.05190530073466,88.3692055329007,103.4593511411991,55.17696614858198,46.285994540498194,56.40084211953319,100.16573083826853,113.49726807151956
860,34.649741423168855,57.499856738021776,36.0887181990578,46.037311904469,18.72530586520672,48.05989861094737,49.16183846738137,80.7704982541299,107.5200099433728,108.42501357106025,61.27796998587161,79.53978015389649,59.03114300353816,80.85911560808238,99.7401587339942,89.41585069719083,141.70304224349871,137.73930952192444,141.2816223642373,102.72755760147656,68.31311467012803,87.75697931143135,49.238040634773924,33.96310507690394
861,99.79417109853662,92.87079307337996,74.75776613878914,105.71312134509857,102.56546962657512,88.8808433300546,112.6711233135,43.42617228617888,39.346708709697495,41.260911288356546,8.021537204226746,25.933723523789084,11.207058203327165,34.75567484889498,62.33291809093196,86.63063093432486,146.03326337585437,156.32108457779657,171.80270303938698,101.81319437758681,65.7635613613485,68.87925634179147,126.59412309071516,79.56825100670694
862,87.58477573435837,116.28340453845308,112.47667657768213,112.11236856684849,100.03360752044122,116.35885542739041,127.65452344584443,103.63675331303426,95.60311808021657,130.01609543275086,95.31499412231769,65.6575833648168,58.91897625478442,109.96075605971087,106.36462207553195,143.00650766678223,183.76284451619054,183.55464158019075,122.49188808112686,77.63356863979708,80.67883956172466,136.56403062528366,115.3624778269696,53.72610585577147
863,79.5091497256775,84.83514525337624,91.40273951199427,102.3333135593899,79.8398538900184,70.83694423934732,96.06658191061064,92.31852498312603,133.89784546258997,78.52486859383947,42.593215970788435,16.23269303196995,56.18007669068843,41.221712224552945,48.19177487705632,103.78465316838188,149.1055556242105,113.46867631182508,64.32963406002614,49.95660878175974,56.012538923721024,55.78924241074969,37.74244972515537,90.78497751551953
864,78.03499655861785,68.24775376930481,49.572063117009634,52.32912844072604,34.830340779510806,59.784818504881784,82.42858569611099,89.00479224842312,70.56016566249991,97.08821224408472,94.08264548406714,98.40132936695707,73.67256181137493,84.93324020167597,114.06730452507004,134.0563121596019,140.21187198309008,167.28055037659655,161.42364374898025,103.64704774512195,125.24897507846423,110.77499751221409,143.93753942587637,106.69670117219421
865,106.67140143248189,104.46226262250451,79.82420409882323,68.70500076450597,60.86893367976793,152.6200394240953,160.4169381604619,149.74652643495872,141.34513131759329,88.45911678009324,88.16911481151237,125.22873920591016,116.28243002711267,90.42615697471909,103.86860464949815,91.67584312007402,127.57437530011038,108.11598818587072,129.13754221149037,97.65661736841881,42.72696754039439,70.60112695370421,109.52248026280621,139.07320075767018
866,86.08116564141693,93.34903097488997,38.297661874504435,31.251757591699644,45.30796254049348,91.02295170837739,114.30778451014739,124.86914645245807,110.53409394310316,60.98030279189024,57.5043216084116,119.44346200064125,108.82171426451166,94.68600785788149,116.51945654516612,106.55584234798553,112.89067058241355,132.75828210145406,137.04466166895443,79.42090055984349,90.3103935653014,67.69542389900087,97.77638291994971,85.26228042381473
867,158.96284068265396,85.34107861491493,95.2594893564854,123.45589845101867,76.06110377857446,108.89794169419972,113.01087023476775,100.69721775021132,76.97766585062386,45.671850176706904,50.996264371673604,56.6305962956034,47.72548781845522,76.78839106692195,89.63796781408013,136.83571173962207,176.9713699756303,162.91939477498372,118.89546187928812,78.2301116345465,99.32842271929042,109.13022079780984,116.57587651928122,111.18248709552702
868,119.62816777881062,90.14465898189687,127.68197478421092,133.70068005063365,107.13187269792824,104.39923656856536,102.45959165498776,98.43504583004811,81.6911482284125,75.85147295302698,117.05369862216476,59.63532324054451,68.96596411753404,21.16557070282279,13.70787404978519,57.9018594974109,123.87526119141056,133.39625370334835,149.98013092707276,124.19297858933231,172.49381299384007,153.02130885098788,120.06298501866175,90.78955701521016
869,10.186153257851501,30.05723615262503,24.604188134611377,58.61282553652513,93.92320772211491,111.13265981200395,145.72246850037135,119.7780573864674,131.36249387457298,123.43485085271732,103.8208193760783,107.97166401499899,111.21588340749268,76.80023393423892,125.3244695145425,106.61617425203151,130.7755841664125,103.63851527392167,87.87658688274288,92.16948565597963,97.94249151349345,43.256648900821496,116.5180995636722,103.493266121988
870,12.951950779238366,37.972780844671846,54.398472343789265,77.5735039247174,190.12411488020413,159.46697371545577,162.93634625596061,144.17946364149515,113.51563960025372,42.15826299267297,30.82689080296751,2.6860093484312273,10.582125117283155,52.46876235900561,101.89151938648753,135.49056278524193,228.95567873195216,184.10257637211393,140.11591831967988,77.97355329319427,89.13055028523324,97.69506268263761,147.69941915195352,157.69333233064654
871,-24.424307202457328,7.861696083385894,19.990363302675547,46.4233734154719,35.44582149112359,47.12485337873929,89.39591603291734,74.26561564751245,133.06569420314622,69.83401849221177,89.36624598607676,72.46632953531204,60.34479340179117,85.61854871950345,77.773729355463,116.69235244479633,142.49824600187017,150.31522078023198,114.50562567104342,107.05020531834494,117.67727072251247,87.92330505167797,94.11099531829404,104.98182344488413
872,57.74466223219973,69.32006495042683,67.25809628997554,49.244279655745544,41.49865460838775,81.54399626733307,108.61606219834262,100.06784677067576,119.61390177681741,52.18571473270792,64.3950122070752,99.93484719170482,102.53485567940427,138.22321417987365,128.80957030546284,138.9848871565541,199.87768818974007,212.64326296314852,206.4353037506888,170.34494911071596,149.25058420984828,53.71549311470655,85.39112238117676,78.89618140059974
873,107.66202131148609,104.67921407089304,88.23427781633471,83.25642577213358,156.23369700247693,96.45805015792057,135.8961235601488,108.55449631747845,78.35369227044174,3.878924076385232,11.428157604693055,26.14397283204847,32.30976401239224,81.81077600771799,79.56191034524467,136.56450059821992,187.25569772372012,160.84323701867027,145.84463753058046,148.06089364697806,154.0715445215737,148.15468443225575,183.4257397456558,149.3220265288763
874,90.02698097199541,54.87009468813331,32.01854450453969,27.2376330102528,42.0508476914865,56.772548450563285,45.971508323621165,57.460899672270735,57.87209374795755,79.99356691641447,59.06268960703142,53.33254989715584,68.89054808723321,91.23171557836854,125.01072208114407,150.68526088527517,223.7977818349206,195.82588509404874,142.42793840461192,154.93691467689072,127.2651443572664,72.77354812552278,107.80892046247216,125.87908857566298
875,82.96303356624365,109.67552370404819,56.01802380774396,90.50964210288812,82.17052985032291,85.56144544325197,137.76975999296928,132.53915169826325,131.77792389555674,137.1055713421502,86.10836025302687,59.80230170173443,88.39696621651574,98.51329785401921,89.88958580834746,101.09324409186885,100.46391043013983,57.884513081825304,71.69791737646935,8.600026845802077,12.752196723704031,62.58707122372533,86.74247169244813,47.96877066100896
876,60.603364921575384,14.242630982767736,-12.740663338739296,11.35201353047134,16.72384915695794,49.95440226643822,94.16489989148486,120.76157995120447,92.17469457446028,85.73786757894085,38.88560936623855,51.475163414223836,32.993039363236406,38.580675319089536,41.39588561239759,109.14377918109396,198.73151272527818,198.72841576238955,159.29212050143116,96.7341747763357,126.9318186670628,119.24477725418159,154.15631242545447,104.60981195205825
877,89.95922223080734,72.37913537168238,68.674257068717,95.11929839797992,92.60589832656643,109.21484669488898,139.36287239063182,118.10555910044737,65.81538555745234,73.13993887545166,92.95703205070151,102.39360209026113,98.76388429386083,80.58418157439849,107.48434756679961,105.66582661415987,152.4000932311948,164.11060959967736,166.22037842110544,126.98635003917803,119.67442125774232,73.24407469890232,69.72354022941064,47.16606733447048
878,78.0318157974801,99.18506533712065,73.70914375102745,116.05141469986086,133.85518922891552,160.0852294265389,165.72007093398904,140.42212252200656,126.89623699008477,87.56484970028167,88.17184743442611,69.9453696138622,100.89547643126373,62.724089281721064,63.68334372139416,106.4870787892795,153.07738894568297,195.42366041373845,167.47613260603134,96.08124453269872,106.22452102981471,102.32733960932897,138.52949601637212,146.1341747921751
879,47.69865963065814,65.4513317927762,118.82734557695582,129.48900328799908,130.24333972259745,115.04956273560222,184.61269870378163,124.5818111623903,102.2954707901209,114.48661601154933,54.47699428261798,81.66316654378207,70.99864232340687,41.77080463447376,46.10949410647654,26.43459218189993,92.31006678473707,96.86220370696613,91.59008875210961,85.28294635337964,91.57473601219812,97.42185405090468,113.37681892246164,129.1866529666475
880,54.933730785398,84.6443764028059,106.18767039548379,84.76994617153792,105.8668792442127,76.39024111121823,119.1942883791906,64.13330256341332,37.03371637552225,59.876785778425145,44.33187071210523,59.15720111775474,87.5218494258579,65.08481521404819,119.72401600604582,151.9430860654417,140.9884079605249,166.00940221204493,145.93241541645847,96.9533219240682,117.97292191534359,163.67980902695854,167.7102828725013,119.01018840955756
881,69.76486532179906,55.098972522943704,53.46838290212104,82.69517543701491,60.905197785458185,65.86194788038631,107.19130846677079,123.5322006050835,89.03426151388568,113.13871905063344,104.92572245456662,94.33837664742379,78.16359804886336,84.58615105834639,120.20449062147276,137.73803437655226,162.1061882424326,181.68958567152862,167.48486309143618,124.1043846043672,107.24206049928105,103.73277048128719,108.20863614858098,133.44147702310767
882,73.87040071417536,64.07330108818265,55.96447513966545,84.33723592006297,49.43321830509022,11.055405935967443,84.86200408895236,89.65030003898103,86.82847908802452,79.9603378546313,94.37969799403469,87.40279877957971,80.25852075838537,75.89256657038632,123.39447743948355,87.41336820762656,185.4189659356112,175.06808358962786,110.28623408216554,75.87722693899754,87.50955471733992,116.13205642279985,146.54073305417708,151.70929591573042
883,38.820738090288906,77.97672983118098,92.66138987361312,106.67575822369994,62.02058498588835,67.59107016095237,73.4713994986895,38.00407768298674,15.716680689571504,26.91708237974185,33.856656417312394,82.61914732419721,77.4668570392861,116.09783371235005,117.74232058546679,132.27807032013214,188.12035504696343,145.08357819897847,117.14232463511925,63.160387120614004,76.05801860627062,96.88715020695261,123.67421761592614,142.87852316144057
884,34.0199833175338,87.45462436962976,104.96816949911175,131.1796253914453,153.40125495790522,134.98249482384568,154.42969713037655,99.37743934670851,113.62825429988466,85.57967890087332,111.18726348309546,110.75508996267759,66.96706311607873,71.98215460268095,80.7212070307064,139.55552839761927,162.63347833463888,138.20095724232732,87.94521407108775,63.32687989140601,70.22705132679246,71.35910131809692,89.35825903703577,68.66646255615869
885,74.35564064471154,73.59912824767913,36.64803649493287,30.224987135200408,58.89042770101607,58.76085675162631,119.33817163324319,96.72441650022986,64.72298952063463,67.00619230954914,68.51133332130564,27.05885629734724,17.848997225312395,36.898356269294695,54.63867426262166,79.39750346308183,137.61097226938784,102.10082023349787,61.343566669855164,49.47061481322819,28.292999681966435,24.797460029607265,51.423142741629796,31.978371000375773
886,78.24659533639593,87.71048156028642,55.634365968399074,72.80823554121083,44.69290250886628,71.18832335393225,120.49452785711134,78.62616906923286,87.23628759913943,109.60205227079003,131.7227193512379,124.29172386876566,103.55846053795383,90.19836937477464,108.8944594051853,144.59253507996186,177.51998623827757,160.9055783629055,171.5328835528903,141.9956486459023,153.60477201324363,122.10162266837466,164.92563181996704,137.63479456783298
887,103.9649129959871,203.6908191305271,155.49948037135167,112.13060450037744,41.976988278587534,23.127492991001873,47.8054762518027,52.7486621142326,43.04657527928737,53.990632770171985,98.50548283763422,106.03177083484141,76.08317205475831,107.34533370869724,93.81731633907066,88.1377527166054,118.66901593201642,143.18309081277448,115.07931922994652,89.44994548414837,105.7147166527069,103.08505108501906,86.50704475799353,61.41291419051359
888,107.69336910989638,47.97518622066966,63.40021961749913,51.98926589728162,50.56592675939329,41.79642890408271,62.85248676074536,75.92627753499676,78.17367480423208,21.373503711217445,38.702810045026126,27.786718691365778,67.38005200699975,65.89552627139577,105.64101391132021,68.48702522607446,94.42538689667074,80.32174100932909,94.9435365517171,90.83876793730913,101.2236314591839,92.80040387969726,109.39889511800224,125.81373379435608
889,20.9068609143333,45.96487294847066,43.20362946750362,29.662449975237685,45.692320901354435,59.74636244765374,46.43352733902111,61.779912123382914,45.67441086821481,58.635425193360504,104.97742947662636,82.74987568814547,109.56175078459262,136.02807982252406,124.18055504975278,149.92329621191715,240.14490964184716,252.84221104033503,203.47057397398152,130.94507005941708,144.90463494254476,98.33485605289042,138.48246093101196,102.36139212545126
890,83.8985260531999,87.28934258401347,60.37112690675609,122.83195189349331,152.73264495317932,145.9956794613838,172.81484345855722,138.1418425376134,100.47496129442804,85.62587974015885,118.12330395117338,107.24563205574401,101.929550490421,66.89655345845621,63.87451506185219,115.97107117102988,175.22169729386502,126.17402079325402,66.99061326135586,64.23639942343527,114.99318952340677,157.78214483137722,144.8956499209283,133.55105200830283
891,74.25281784400393,83.53848293483104,72.07657595660616,105.21709521343664,86.44868582356588,66.95598907614846,81.11210801191413,99.0527432780564,41.688030798316,32.98104097437443,24.55042509007093,53.143693650545316,67.55626435450145,40.25633637204863,27.16418748314681,72.15259882767066,119.49003550719938,131.71076755219244,103.12783785904874,124.69324974520713,76.47116539250395,101.93986591404891,133.409546260218,124.62130136832107
892,59.0595825920932,78.48949383656982,77.18164912766836,99.96179474152225,88.25765632928102,109.12262432911592,84.28712900004507,96.96668353675759,77.49047310182286,52.683427929896865,76.54236880151308,83.45120424898796,98.00998428105473,96.92287378459903,105.75881453524016,103.23384937534682,130.18222172141103,152.11672683214562,91.74114930403864,38.411097014795615,60.21492906075384,95.14564202460653,78.00096660642538,100.26672427949299
893,23.90273673476929,45.092469400215776,105.00120156041339,124.52872594078312,121.91955699760369,142.48510340928678,154.8959154633625,146.5982426557302,150.8912997191352,99.17807938591936,108.88746247582108,55.00835913336964,88.23472858911333,144.4809837478279,150.47790008103692,242.93159355639466,271.98093278620183,252.7131225699406,196.798962747743,152.1359592338198,110.54246802203834,117.36462760335593,120.08058017224265,97.82029196528381
894,155.15730819953563,138.5893997052811,140.81043885493588,135.52200687902405,107.41179769950301,66.9303381605224,116.98008479828383,114.44681484548902,141.8160768758948,95.64793260197858,91.84196264428627,85.61485059888888,62.95033827856361,98.89827164589312,125.75787968832819,126.16810655209666,197.96460864899348,200.16918419516898,186.1331620850299,138.90777580456546,124.08315568372817,133.43173308298324,110.93018837945729,170.16556852288923
895,118.54501972862711,101.60545500054101,100.45321224706706,107.35490262375808,36.983649259961155,58.46263910603457,59.99510117081912,51.55899331709605,9.345233407437291,55.793909896497325,48.008512775465874,84.21809006515338,129.19735113399366,128.03199421759913,116.68039165443466,102.23064601217312,175.63141830126787,176.04341046660795,152.63830087083977,138.831148221296,129.2487159471087,60.30159444409953,113.22610749838123,78.08448153012522
896,77.29258148222743,64.14708586947054,113.78758151969262,88.6963693423991,83.10288631523231,121.98437524391292,95.42920839123701,82.11136885806224,73.46502988390047,99.81669432913232,83.75587602158731,89.16451904952041,60.77687540956993,130.43895095779578,142.37163866484627,142.6030687400844,154.9968557560923,136.36284688404385,125.022268610974,112.2877652747307,90.02536527241472,75.83784841843126,83.08472436014789,85.39529684109823
897,112.23573483148677,135.72226231602755,115.15548584656986,109.92752192653536,58.92838485790598,81.08034814875752,87.41826968230993,104.07844709290336,111.92747954836967,115.19840193963499,110.10921023330175,75.23674011914801,52.046373526817916,37.68407975548172,44.9320431122162,88.01623171950042,185.3809626381867,191.91915741683846,127.26171107047557,104.44073310718215,143.82537543939515,122.28869288624861,149.7868657314404,168.74113404372093
898,54.84104527130746,60.54303032789906,25.35262199008649,69.97835726186494,69.99723487428052,91.10178534526472,123.69765843746538,118.61908508673562,41.96701204423199,64.20828777715545,75.18191221746763,83.05116934255786,81.75298210606945,70.53784381761858,101.37014713000049,105.63828508995066,171.1580269588208,216.048468730752,157.64696663392607,112.26680945100134,115.54444385140353,110.22359431059323,83.9840171471916,123.32987044254988
899,24.92876280641454,78.2268178743372,65.09428763700663,84.31841228287271,58.40654817909065,102.48647003679534,126.3515333672683,129.15505792199662,139.2153422934395,152.15613867633994,144.74957927983246,113.48348318922922,98.37875120146407,96.49115342199241,134.33013554311492,149.2545567820771,204.3877993810398,174.0954699102661,131.66875468295075,76.95634178204472,100.08621112521463,102.02440705210678,67.76504025520836,48.76208093738771
900,38.08118298031748,59.0781852870184,76.0858944681322,74.72630851929426,9.57381329715028,13.775755556866898,39.373240316671854,71.69100243246858,82.54216312620406,35.009859241012016,8.852288152589807,9.832417862578481,71.2230053916259,85.94429148615471,76.90552403016645,65.79278342252994,120.14411579190673,151.27698481978246,113.9262653447837,78.161319011682,137.4408539328893,109.06917236633598,116.79337633727657,110.17578552163884
901,123.23145580750354,122.6407940823039,94.50406012047523,111.48771544060413,98.72491174565786,94.84233795185698,83.91550637231971,116.68043749117186,109.35777551252016,34.41326512475485,54.27352020959606,55.10057633210259,77.44298355917381,99.237570898062,118.38450987110568,128.8506707180984,186.10036181005614,167.79048468081018,205.53687375947374,152.7436079086183,170.0678118904271,162.44226205552667,174.7048611096887,180.9578231037754
902,117.97540580192168,151.30991836141072,73.26942520202418,107.21947131660426,56.50825526736473,57.59208950359013,134.35065205247105,148.11331099871325,62.781702719559554,32.12039973941949,13.900674586515635,-2.5168088023979323,18.25966470488794,56.20647684306981,103.78840529384868,70.69457629492172,66.47793335590403,82.33388099793896,70.35971958181261,111.82552233326669,71.72176396841414,55.956775274767146,80.29104043761032,87.9246330643762
903,77.11559667587365,51.34256105211706,17.627144298266742,32.662277007970296,49.63797252482389,56.053899316420704,116.34453691232005,144.3608412864219,107.4014788582444,76.37592515357315,60.085228462758366,59.769691225236286,60.147778752616745,38.565137041121204,88.97800444011169,112.10963464869702,147.00280299865221,107.57051008221273,96.24427646603783,38.971329158952,56.72632261718434,68.04458356044833,121.61433790610027,150.1861424927122
904,88.73465398816776,76.39948456643403,95.01718581069719,79.17907243626243,88.63292505956055,72.85606486978126,93.48144807130072,73.5135473722867,80.57186961179518,159.3542351640316,177.87646232565837,100.57572233534827,68.98933796982851,52.35228288213219,48.354576095237704,76.76222038431305,180.60663882461517,138.50245210249884,132.33296832670862,126.65568919958733,101.40962119692811,125.04754574688326,143.32260942631507,82.87458163136098
905,152.5139583698625,153.21597171080808,113.27505705618134,107.56679722753607,118.15940206771685,160.55664677089322,185.30826611934486,168.01633225515977,123.97761414082692,74.08059680451368,67.80616572603313,104.45786724603323,79.54900878740571,84.24013929991806,120.33923303634376,119.26678519362923,114.74329805535234,127.05475751526586,127.3372285400122,84.80450883956134,74.04420967646749,91.42399756465272,153.5189783689939,139.89862097146272
906,9.039152747226225,-0.789090754348976,-6.963862996821703,-2.6679638279478013,-16.947549636076758,43.52450545103197,77.64063399532444,22.025545546211774,24.946174639805847,76.44986921463789,79.70867364807135,45.639216468492734,54.628628641948076,54.323634317099085,71.03022043581447,98.872851803647,163.07831026035694,179.55163530618773,133.9000308563378,101.91676570993232,107.77400526489126,120.88661972504349,149.67459985262002,152.9921025687534
907,74.9690654604064,81.67448428181663,47.556607813815496,56.7578050855411,47.041498824395745,75.48342867262454,76.87944799540546,47.46997757554533,58.62578710824823,83.62349004316626,71.52379663533212,76.49082553061653,83.49327753745418,139.91204759477517,167.00287792044605,164.70742000825283,225.67876910206442,170.50724124220662,152.97628540750497,73.80559591159903,100.51971334378206,99.87952057950656,149.22960270092565,125.6412834343481
908,67.7481498133161,73.43809137488145,86.50212359624976,85.25413701028704,64.50371598489664,107.16498901237574,99.84974446676878,66.79276369479138,72.7474509961124,42.64192744976401,14.856845648936869,20.369511707865527,57.222583439765295,71.73771906159239,89.3475486678502,127.11186347225858,178.56795468375202,180.07758754821083,159.4427850840047,115.63201708469683,95.46341086507599,62.74642617626509,97.55217014192333,64.95678745934742
909,64.63616474280164,58.263935990810666,77.41126930411316,42.39798057988531,16.497561118683052,56.44154282985806,75.0409591304941,93.56335986898166,103.55894023327937,110.97905686840502,106.83159077496285,46.165833082261514,53.0278697137165,63.32865089780946,29.360493970610882,82.2432173994045,98.08229685929157,110.74313480139773,106.49005873201102,69.12184257683184,122.13637201859459,143.98938316514432,110.14560870075994,93.44271331333118
910,59.47597040389584,35.62308535935361,35.494339915126375,94.86007921769925,60.795131146840234,109.54092510486285,94.66824414360664,115.9975223471282,67.15227011317799,72.01804653854484,83.34614931322355,50.82015216745164,66.81515673307416,130.613817037972,109.12055437533932,150.19944406460786,190.4520291801273,167.26178122765867,149.7963180487759,64.304405383553,80.81605255753168,69.08219231929986,87.11374998565081,111.59798302300041
911,46.57368855734549,68.05493226960124,60.032822926508544,55.00573650985963,75.33037658541208,95.63640053951102,100.72583857124863,130.52738421784792,115.31675022977272,91.37619789315983,78.00873245327016,67.85270854983399,49.400127299408716,18.491096279728808,52.84019019836568,74.65927094151812,150.6065464402012,215.54210972516964,162.06275265991553,131.81546771693758,131.61434281438696,107.87631131123037,135.10636513487026,107.93232008244074
912,74.53650983617901,23.178599184175667,79.65300697079323,87.6623914306732,91.4666904371771,115.35580750485211,116.71745271937391,91.25337358699446,74.82946023633188,57.84273606984242,32.75790074455883,-2.5117536012338633,40.547870812187625,33.643132525707315,18.55063433976882,95.88934208581139,165.38833873077826,140.15062201340436,123.47997484596213,134.667619765575,121.1820940771315,141.47170527725294,168.58080460370266,179.20451146730562
913,98.12384761029999,126.1046966632997,83.83828488443436,49.74630463204982,81.64806940357855,42.33633400997762,53.62427033637265,64.32290411855095,34.054008908207095,3.507875644795888,2.540648309223357,68.32777948332594,51.70440483119983,46.71810218161519,53.485956132767335,41.896278607207606,51.68273139956369,69.79731027098869,98.42305823136931,67.22234725639896,44.901244297934426,75.31703376312464,172.5000557060606,143.92226346844186
914,110.85145356888222,113.05640747033142,98.53338004425316,81.05964550413933,59.98695438196406,112.70984132278653,127.5423360009049,99.72439114701119,115.63404178898031,99.42930839609512,58.662434109543895,68.37752796496238,103.99663414698958,36.062674826857695,19.757459584579266,96.42835953564057,115.7231649245694,74.72241382902104,34.548248374248544,43.84482989246834,77.27647268419068,62.45425349160405,80.4540592826961,63.37027028729201
915,81.25567914457328,51.45983481986058,36.3748514769609,53.6294123704051,53.335209224438344,73.98456118908895,122.52811640142914,108.84566107683882,91.68257604110451,83.84349821474669,90.02750164468611,85.07835031452298,83.46686274754902,71.02416137930116,76.6027458840555,92.96614382800578,137.78626899259854,133.997467636458,113.10643515301844,55.0484932604279,85.70680074892786,88.78246917389474,108.30234282736586,93.46087846166539
916,31.71465813169607,5.486025564325018,45.27289965904073,79.63933486913716,55.109513632199864,75.77329006629611,85.36571578018652,104.02610637822126,81.6487476387104,47.462280449487146,42.29402998557719,50.01056452535737,67.55466352467059,88.56899184723709,83.14075473985623,125.6339525699652,191.60759527513576,180.88903283630697,177.90979506895167,159.56626049168733,126.97697761306581,137.0675141987877,158.13646408443867,187.08213278278993
917,68.35170378439592,92.19809684759778,49.76163596829125,62.41951370009928,22.04432159769999,43.30278510810163,76.67454419556334,69.72801197987036,50.936555573827796,96.1403907691458,89.52906450314785,31.32202126309396,-16.231860649111795,-12.941556475925466,35.863148540917365,28.88348926696422,102.326698079231,88.50204336395028,75.69835670656035,45.40791773415898,66.6148925891552,86.3429123601185,96.24612923559337,97.5787302343043
918,101.85276837878654,107.73659283747531,120.01517608524739,121.51305332165671,125.61508478324258,116.55132299476253,113.43936024692252,128.59535757324812,82.67871021667419,97.92941934550853,65.84049179299521,46.178176614855474,60.75775402335235,85.6938290809431,117.1490749375057,152.64936812398605,144.85872898706737,117.39629349576946,86.70819056318322,41.95705772611839,11.787525560272968,39.23511591194771,74.85838881682429,94.29315730041097
919,65.51171617129997,57.2391969380674,83.56746763992126,82.35690353861774,106.01959231343798,110.73398246348557,104.76104640699562,122.10208982727362,89.69580143047128,62.331786473906554,87.52605426845928,122.22749396383274,101.44864594636425,125.07057007264181,139.08841800630665,117.7259525518817,140.09592077592447,148.74564589191857,165.1432922835401,89.74115003916097,124.17246885457891,115.67030587265339,110.35467334814997,102.41419572230149
920,120.02412634211888,95.62641457469164,110.74195613153785,70.44373512128362,54.59405408401908,43.198976399129805,95.21725153335002,122.65672220560181,75.90141596362842,38.37682334314754,48.50998806608,26.76535198718927,28.31486347653904,24.124286778068665,57.64216138980369,97.74790661011532,149.7504407778388,152.83692793414306,130.9394180955577,74.40510680025012,59.59074649952031,36.699865804642386,72.98987846383326,63.14727155156534
921,25.407972720567116,44.10254413543182,68.37673233434612,72.97992002703802,84.24806296866414,72.75924533642547,104.4943665632973,121.18019989861963,122.30153500084006,82.34591312497986,66.90681752692637,65.61952369008345,69.6263899969962,43.22605676151118,69.87434971654247,121.447301413475,136.4227767251722,105.67662884611133,82.86222183512722,37.765911217188545,91.2786717171023,88.9890540087909,151.79668712132758,128.9793427526613
922,109.19053863387994,101.96476423424464,70.98784189392404,56.9549946168577,69.35523064315205,121.14458087918854,119.08372781714198,113.36032702177496,105.65804898934577,71.74249476897852,65.97454869806532,82.8615251744871,107.86296604556671,94.81729304182217,118.4345913615318,161.60459385907802,218.18917396972273,156.7190854636937,139.33086823452038,74.93432187712513,75.86752080250704,47.13074568322381,70.0304409514793,64.03620212820309
923,59.630010706380816,79.13412144648953,61.85086158557699,97.50929366673421,97.62356136515191,138.70793093283518,122.39181510487845,147.49232154532154,135.78187291268188,137.78304560169101,148.38248102161626,107.22900716088309,117.25098823481672,112.03183100509035,112.4512217465804,91.80999553519138,135.342027432737,132.27368576837003,103.64868964222762,59.340944533723956,118.18083426893509,51.25154209035,59.876836674249475,119.7938055197888
924,46.58919182223368,58.0248199123754,91.82500127940658,133.40247548732953,79.01689610897078,88.45630045116255,105.48058897279482,109.25287541768502,89.73576122394601,99.21568109888244,63.849132568637955,96.12656120249487,132.8327157239513,104.11830242602886,114.52434081235064,92.9270804814308,100.05901017889421,110.13755720683761,103.25671445148271,63.49954435760452,121.20004757564793,100.72732180812024,132.65949572980975,128.64799713225386
925,81.06282151975566,91.36940379611377,79.68463659502738,125.94605303809172,72.00320219264634,47.91486174765769,77.65727890036035,49.78610189799753,48.61941113913729,58.65592938629857,72.0435496385818,101.15009886832722,42.30331327711406,83.08705826558742,123.63670190059409,151.8174143126804,195.23007390377745,193.38732055280633,144.6018995944063,148.83216351859775,160.70577761464585,151.98322911522303,119.0474965455967,113.33550386499863
926,46.63385829183359,83.04979579551625,88.39779895623201,79.02863941417999,111.12088237701403,115.71082544103736,132.07644987616086,98.65875297615914,86.45965837336392,63.05143105368643,78.65116519220989,75.20965159242927,94.12511743116823,81.54109518763975,80.92709212720649,140.01949607899405,179.56621165249925,189.32196576423252,133.25598654801007,96.92306490705481,73.3936817230202,74.36238033551975,92.73199143251705,118.48886606444533
927,58.02365667883846,89.55959519566073,104.47153314125865,89.2027815170429,107.35127236656652,104.52222816566284,69.16932947889288,72.5542889966687,104.5050160513254,100.81870564306759,98.72473438267916,103.01425438463774,123.59031155610893,146.36943827409684,173.31933100677043,135.72933994498578,166.31052416355743,198.2873072447037,153.7031041346787,83.36379087186529,73.39902751696505,87.70924728528541,82.1264773411699,66.81744790723556
928,54.32761614279111,62.03464192078089,24.932840232925912,65.55109434962567,61.2730223786788,83.47119001980786,160.33500520348454,77.00249194054659,60.91801606176248,37.84414637241252,55.52136530497121,75.59096911621614,74.97778276922406,79.44306523196713,50.12306428018106,86.12098585199834,160.07919854096474,144.58953943028462,111.34178164076307,11.943810698132765,52.25646114116598,31.603138186529662,55.5591312171974,102.14940396385843
929,120.89243283322045,108.17245633550313,95.45243129344694,128.00392942330677,91.23588896273009,69.44259903509649,80.59198865040928,95.49402807941904,92.78130390731009,93.78550716405208,81.80248195324101,47.42045693475933,51.527972309191085,101.01284338715101,118.48436517634167,121.06494378084452,142.68818299579513,178.7603430166854,87.65080989642355,29.200050072332502,86.03733172849392,118.8503859477214,141.43025060223152,77.77445334702077
930,133.502538591129,174.983085843637,114.08870826235386,94.88811136685446,127.44758555017984,175.0213646932063,164.43947365100286,133.8175741059584,97.85632741053173,92.99683843849206,72.26628513188604,37.14885258473294,72.05163448724892,85.68793955945516,99.2622617107731,161.0020418294791,210.4165330139319,204.17449910390482,163.0627534471961,116.94826815236422,114.7437589748549,107.1990969619731,99.79968891135826,97.71909403653012
931,84.03205209496838,93.39648104720733,18.66710909565326,29.903952677297823,-16.946769265471545,37.67968803859013,35.91406985306095,54.7633511678946,90.85864746762289,82.80373709290217,43.84779549540035,87.31623484886029,80.33191945128284,63.56498372729511,126.12164225832657,157.89285547767602,183.90537245152785,123.16127731875052,74.44011305482928,57.23434127391149,89.68764731138211,111.9098363340951,140.6088339509288,129.9550304309064
932,49.63858100805578,101.35498641003045,118.76470939401733,110.15507896001687,108.36358941380661,94.02714878539493,121.11151615986725,154.80501757780073,135.68446033819436,58.972096435596406,69.81582287692629,20.287398035984886,60.640265337857784,58.65077617106114,46.742717019009916,89.87563656122806,156.07020374223472,148.0812770522434,129.23790922689133,99.47437255110727,125.57187532909097,142.1625962194278,98.09146510356226,123.47833220845428
933,123.08518686914988,122.33754132756232,92.67604416436478,89.20050979475296,74.47642579160997,119.95871202296911,78.32780933774649,52.71026048498416,90.25524575797024,76.63219143455888,71.574169155155,112.97377289458467,121.07578757799374,145.79690433071733,160.0028519266499,150.5560826700614,210.97138524240373,232.87765917415618,172.05975457891088,144.20162248415886,147.04208823424247,120.82061363191634,107.9612410253259,130.8580889650331
934,53.96668698893593,94.33461204047282,80.78335562605334,129.34575582105685,125.0470915269662,141.76994328700067,134.58610011343947,121.48282702697735,107.64290629527108,57.9888080863564,80.76154164463702,86.333791067137,78.73763402304634,111.19565091151087,134.45766025921915,153.39836212548164,156.35268943293497,159.57549717115742,106.19066350255544,75.76281328143617,74.59846355370163,54.99524007998768,46.63396857965566,69.1055365090327
935,76.08649033239632,77.81390658065675,46.23980690344381,101.68046052999568,33.45102388238654,61.30790380137338,101.27852937036432,89.24230463654926,59.92878450224309,58.65181891639917,52.987061439987514,92.5765780480198,70.87722604820007,69.60435363322087,62.0213696508878,78.14471915263837,145.8794994324721,183.67601690170846,140.9548196416453,72.05395413647162,91.19973075486821,86.1464421771713,127.57071745773811,102.49687798427519
936,29.939176752124922,52.09996035993558,62.07664977520393,67.45005998167403,-1.805754963651978,72.59310707414261,91.79096840806085,130.5536820007553,80.49716692944475,61.31415674378776,29.898506025359353,33.60651940783959,50.707534507437884,42.058791142839,102.73716354470221,138.6524227449851,184.1087814622411,174.56683286408142,162.12193810969097,152.76099870548748,142.45706919756697,137.06408111413774,119.69977934981362,111.95813795606718
937,81.50898459734164,99.62616979605866,108.39163923270479,158.7119952771747,163.83703794821054,112.7795366133058,117.57943073594033,168.14616133714907,139.75636619407203,103.21788559461996,149.34132501647116,81.88335334116687,105.94988453417935,93.5879868582982,97.46921755959461,109.45366663758307,162.109310566777,151.2260024293592,131.1345542234978,61.748187040209245,87.57175438228487,95.5781790928036,87.73844821029508,88.38609000086981
938,108.91622669055073,85.4508965105541,87.95168845752556,58.86854071775593,55.13068198369019,77.3662428794607,91.7755227597599,99.32370651808733,104.71097784629234,137.84508355046006,156.08320098760404,142.63999425501402,129.2539066013303,96.73686484913301,153.89590524152862,163.923344764989,315.092903095632,293.2122884673594,249.42373795944764,177.74296826386896,153.22792898322254,155.7621954906416,143.04132212178314,78.82137346648022
939,63.041619806774655,121.734493374551,100.282342425526,149.74015884194645,119.95041339128271,111.00872124024464,140.3807224584876,165.09848246258707,152.48306937882444,137.32415427886787,96.19008884528961,82.92272147414866,101.28154294472185,107.70103462878237,79.78828576660504,76.08837350142443,139.41846262581993,151.20722974742478,154.4069883016265,102.4588117666798,99.21205492491907,74.64789904168637,102.65664919734017,84.37066667283841
940,23.218911735419375,31.762152856498226,59.44607487597783,115.04682908375244,59.76062989852376,46.7828391248907,43.04869792773062,54.031147825546746,56.00756154902559,92.76358110358856,76.8673886460438,43.36459802632223,66.74235659772552,50.07004299804713,58.58936252258302,123.86973069577624,140.87286549903453,158.9724994915592,175.54810315597462,89.89392207335894,77.92409053272017,54.31011817062982,105.07644878159718,109.3318918444051
941,89.28747825636901,107.72020574894825,80.56838796700794,102.70361162174764,48.963892186257425,71.68151406779755,81.31835946304022,103.4204189922565,76.4919247179539,40.76614277147927,32.97558458599576,34.81481759344051,5.585682916433242,23.45121744689464,42.59651850253928,92.54047811457033,167.63812777959888,192.56154336902915,164.75603413180585,152.99742432997417,110.44662916914031,114.98547012571973,172.22978920040242,124.49027311506967
942,18.735984427807594,43.094518419524036,51.487961180480774,29.177767235851917,27.299707396756432,37.20956358957034,115.51479770168987,61.31209834219777,61.93184741574654,69.61231482478479,74.10641467708435,35.58048453547912,102.10475725266281,71.58909528611724,107.2933863680134,114.71041132825553,197.2392179061476,174.26439963383186,114.81006614988036,69.36261212324105,100.10405985510117,89.57227168674477,74.81541444615527,94.68305385495228
943,54.15253084512897,30.13330109325456,47.75074614680291,159.43039045000242,151.58811529233373,139.65211543941854,106.30491620779503,81.90462209052579,81.28740846307939,102.5629466353662,118.76222263536101,133.10279035529163,104.80898431696048,76.30258354747792,87.10125869357168,105.65886899750811,203.65260394323855,197.15063750734782,151.68832450727783,87.47676165991014,90.57879570316304,107.88019340230124,108.4572559879577,117.84849413244375
944,41.6600400523568,47.07522723983419,44.026942557332006,23.15460669687709,51.82993623848854,45.99949703002579,93.59069725824595,109.37801780013393,79.71638485993196,26.186675352310196,27.28091717046668,71.45031129698529,75.66735189888499,93.60088222014808,95.49239652384176,86.51862145199343,119.3503880383227,143.563932887039,100.26014514515836,45.973626525189246,97.51653946990146,65.54919618513652,120.09804524698372,99.29274483961535
945,57.65466337421591,47.64138244428966,63.19158695873297,89.2668401289489,52.964390151027146,73.76595330251617,96.20244062302496,121.96169720616982,139.8010755567813,114.92269734569234,114.95968635061834,145.76449783041602,129.2900085048917,115.9683456523927,137.3305393512229,126.03209807415195,121.36841011289496,146.12199532217852,160.07682085429985,71.15857422289073,134.80792297296682,112.89596698967642,129.0648869654236,122.30843184830984
946,29.18110948751513,60.10815403012529,75.6692587157714,109.32265317574908,49.75388463404455,99.04259235368792,120.70501075628161,80.96989543037962,33.06261734257552,56.34585870875455,40.95221831163282,51.06545043889564,43.98935661346049,72.7955506987668,35.85526615019956,65.43531368603806,155.19886848293393,141.42222283720113,134.04174373630173,112.26654888058471,34.034132267672774,37.096676492219,68.80557230040301,103.01232592805184
947,58.98192963565338,67.94036347901991,81.56953807729677,113.53422679728004,94.96498647430847,121.49912090089092,181.61892359095714,141.47476123681935,132.7426009282224,84.8935116024154,94.44585964552387,83.6484436696891,135.71643569841336,85.36112945176373,85.63871218370433,119.26516124818718,128.04967636756143,134.71007967246604,120.49999674870372,60.174420075471396,69.60797024824336,92.09161479302382,123.4047573678509,125.0908774425071
948,102.34660974397366,100.13485434766139,92.86506312132627,140.53817258331776,120.7873429865195,138.71305389486756,154.09854827711038,117.57767963820956,106.67119555892884,97.07638447407355,107.31642939544514,103.00974961068422,76.74737045119785,84.26391512749127,62.47344461548956,130.112105378125,146.52693862340288,98.87170434741176,67.23542655259543,54.84951456117503,64.63227664507212,25.905986097235754,56.66882045671547,50.370194374818226
949,98.47335398086199,87.80942078604099,20.672358758693562,89.4624120340226,95.31462548655887,91.93126625208158,95.56718300007466,94.05947972071922,33.39741798743913,104.62708610606165,76.33831766724316,60.79001063063608,65.18924260212182,95.88331769224872,112.50491938956685,132.45880906866688,153.35012165503122,157.8697903276485,157.76696137572816,70.97119544404643,63.51641643996464,15.89912113192483,61.702558443872576,57.05433090329682
950,60.92291814449351,54.23934427119493,63.18104556283383,102.44854987515966,94.5500096376478,94.22579863454786,141.19284821540094,83.21210098655219,75.05727046389684,73.10911119058927,17.706477671773328,39.78372826920664,23.3391511325395,35.020507341062014,56.84670886993155,88.8355955974144,111.78884679788784,125.79460970777855,125.03482698444097,50.52656964659232,98.46865653739097,104.002507812821,131.36713154252368,127.75851445083309
951,14.618365422189342,34.238182043818405,-22.64394798419889,-23.498479092673364,-7.837815686703848,67.35850554060714,73.76460874439309,88.23721101840219,41.241913115615716,44.479474217513335,72.36507705372055,77.1894561514193,114.36373933592552,129.97930979544753,85.09736787945275,125.8918406447699,138.5437186123328,146.6049223659657,154.71465399176762,114.81926201098145,129.5926857277284,123.03752926337923,110.6525032457541,117.64841801447663
952,35.209774753194885,53.65714363444926,53.20920590861375,121.38799774100409,66.77521773371589,69.38003227317938,79.95042956806375,75.62902716554291,76.59142489037035,119.99873048974594,91.30754702557488,90.06088030461495,100.34401150506648,105.53286852551717,121.48645731478626,110.3831453882531,170.92744123233115,132.41095299662024,99.73858986015676,104.52858778624716,95.86196978592265,120.0902895831625,108.93759634971562,141.4477514904501
953,97.67910401510238,84.47913313513867,66.9275626181483,73.07918082308835,48.26899240983333,85.7416699367965,130.30158147039165,126.43845045408437,123.89859694767932,117.81276466126636,112.83056521632766,76.8779492600282,73.86058709684144,80.44978380705236,120.08386470557659,108.33991153102689,140.3144243155903,128.77440325296402,98.82974933303421,44.626453574089965,82.22471501393909,90.25945997048575,86.55425634858935,94.27306436892357
954,66.57458205801224,70.99305300229155,53.42888555145889,104.29962965014128,61.70476241465499,69.19175833981859,91.17477402088261,112.25394943829562,72.95612915927208,61.90364888383243,52.356960151105206,101.18399941753853,126.11412727714813,144.95894173182108,142.91715083300397,147.5086566738826,172.8786546114337,81.48319588725829,81.44751094458569,44.31950175288081,75.15956606088915,65.34599028469347,112.37259367390672,92.26958740656993
955,12.955400298567255,81.80449805513166,95.80413162569232,38.1318935147637,101.10490391933037,123.56679813343484,156.97395654025917,120.21123348633581,93.71411064156283,102.3021180896555,81.22060235372152,64.6698283901967,60.110111076824914,82.78451380343961,80.21063450779334,99.35082594339204,150.53134124247867,160.45449711303365,132.68171819379558,87.11494528655201,111.06595908393561,122.68337355313444,140.67151941086092,91.48096740025284
956,30.841845214419493,53.17479137836053,61.17718255737429,66.44844890378917,42.20509405292714,92.31455439279534,141.3734481853487,148.90851883447974,138.91621709659842,98.19953779913337,78.46353038665076,69.22984156155765,55.83145357590968,70.3363199971459,81.82787052401797,91.03121502934087,143.98715125299893,121.50576631798889,96.52491170348875,39.08325803334273,64.85611697129042,33.812353578050896,68.6753192407966,99.06264642362423
957,78.64522198449384,92.28212600987874,106.055575227043,125.4744695638527,88.49102459925413,85.09234996429134,100.2792619472961,111.82765749097479,79.66072434531985,94.096032872216,74.67995874017925,92.8695519812216,101.38865075380342,86.3072380673032,83.39149904431025,78.0517779342048,123.5254223532634,106.7611855334359,84.77450054599944,47.86096660705207,72.60178339915223,89.49012692981265,65.83977976909287,33.42008850215636
958,60.7209926971632,91.8111529679767,99.31669206359102,144.69644860158604,123.80692355463863,134.44543522679103,98.52566656878047,68.5420119717312,78.81980955303032,53.01967294075702,56.65794809141342,19.224014654446705,0.6961066707399226,22.128731111062734,39.64702329514792,50.63818807734791,114.90265554608563,130.42752490427523,114.74583037039443,20.41870717237468,41.42864079365544,106.02132916401067,38.01528097487821,58.712353426767336
959,48.48395356116308,91.38447046826501,77.90944895623149,121.77248001359277,63.718396319418694,56.81286071604657,112.65784459646906,122.02619264566985,110.43819157158094,125.83333203747257,97.00305569743853,71.39925996113263,123.46029382100646,67.01793050026698,133.8367260173253,127.35109690825941,179.38480660440922,145.57417895227792,129.1231228742548,126.24878778034278,103.89416204237631,80.68994483140409,52.1311362954538,101.49480421964029
960,89.45432820603494,59.15897268602046,44.47139351105231,53.155059103494075,53.1408359912448,64.07100510221905,117.41728566616365,136.2921219840025,135.70078965913083,92.52941293100855,78.20398569203333,46.5612561755211,67.49091746489306,65.68773590647194,88.27953349692399,100.1957279849331,123.60766700883998,150.79788176724188,117.89880018183408,77.92276795064417,110.2342257481681,71.51171320067706,105.80622755357376,145.1425046406564
961,145.107700795315,117.44430973489277,94.24813059467652,125.31694251705605,117.33765828236216,132.04332712843512,145.05192995413583,135.78434934498299,90.11257615217644,96.16215888133789,56.93194380224952,73.41024144002631,110.37180218088177,84.75561254750403,114.24610906115703,94.67165632312476,170.28439502079493,153.74745608290564,119.7429509877339,50.71211196278685,68.506756428242,62.61269378535691,58.78650871686071,88.58493478407334
962,28.08847866484477,12.273856657834699,-49.42698410978235,-7.550731187634071,23.013262918420423,61.475903407813476,58.83287150991139,61.433888630854014,61.28859802046906,48.17599183210718,52.15041496706152,66.44615355342856,51.74704943308457,90.63862327958321,143.53088047428028,162.84747907640573,150.17771405905103,153.62338715152305,135.994343812461,94.47454722831854,75.53325776907901,91.11141176173136,138.85356247815076,120.27571540374896
963,37.560305982909284,26.705485423416583,23.468048382181614,90.4688961476785,65.86319776110011,64.2403220597019,69.21816117346897,45.58132160107824,47.80323474129636,27.30594266454881,52.23180554903426,47.162451009410916,90.92212706217208,93.04662256094885,87.11805073198673,88.28895544961702,155.57384681376303,154.50914666178238,131.0833560958904,75.78298337805894,104.34221700485867,59.81609450262438,123.65645430616928,137.23413985399114
964,83.20181341994285,94.54525809225424,52.869231073704036,28.59305710147062,45.540445229536196,75.97976247389263,139.12734827234902,130.41105683692498,96.25209999269568,112.23271902551953,94.72818397628846,133.78654890682446,104.01543363366093,77.9258732657735,54.27264472934012,81.60711841614162,98.66428425026831,168.0110500664174,171.24268403226756,70.6145985273943,56.77615171333714,21.756271446506815,79.63676327760402,85.52822549734431
965,52.221062423179404,17.07342111734785,20.923107254684233,41.551772215609354,23.5307338767947,94.1780722228333,94.02425689161186,134.89390282355447,127.90235317790882,113.11881281014843,104.73321113006514,69.51078423957142,86.3752275196957,80.04566489414309,86.60278292421714,116.65329238531207,243.58266120508944,166.03044189269116,147.2611433467282,113.89278658195188,99.38147751077861,101.33589263555552,63.45004155929427,73.20779865967145
966,110.43119989002298,75.77533050078073,56.73018983999518,91.84683194938194,96.40623548581597,92.71267625172783,114.06359991357769,77.85002402124167,69.34684798343102,27.805876992229862,8.430901198496827,-29.257010440635383,-13.071695738653673,11.76875404624127,53.80088386657042,80.9194251003663,139.57768937859066,154.73955378927408,165.66311165965445,143.15625895532256,147.25745651845682,94.9933780257447,101.06938943990704,109.35978891147415
967,123.35959129704575,106.15071611193672,66.583395910474,82.55347805714324,83.92216515222297,104.26487858757486,117.18149967198254,83.71803130245118,123.25792039927276,117.05200931655638,95.907366755578,72.11375676554242,74.25023578159703,99.87399011139233,59.32207437430331,108.96023175602168,153.0531120611393,125.56935724585226,92.31597428166353,88.08683369390222,62.29181209566355,219.74451196745827,249.6856548847859,178.98992709512203
968,97.22846404931983,84.30641112194367,96.23864261621573,99.92993341713246,120.36181913363366,95.24882595681223,106.32231047728291,104.97975439816535,82.4541456612195,57.07367285369138,32.52584690015842,25.953681235136514,93.39889767811873,46.08394355913324,86.55449130143104,143.29394408920294,172.15419621745292,144.43860442770278,90.72598255239203,54.98101162454204,113.61371354675077,84.23425137314368,111.80115466718462,129.2930073269523
969,98.97978671004375,63.059192424655876,14.468286519116411,41.03820211636588,46.43231441150389,87.154541844533,135.11407815827573,95.13892822128466,103.56908500577953,43.09939947905774,75.10370520213269,83.09389929382343,62.80785507499208,93.14117412223,87.83187240303046,87.47069611122578,154.4691568617942,172.92748119673286,157.859750153776,133.86840534094196,154.16260045769985,178.7950618510319,204.8871905712773,136.5765477971927
970,85.44512245141273,43.22671893482587,31.817779986033102,58.732006355819905,57.86519615551253,82.4168082445309,64.29709848489277,97.53895542968763,95.71356226871332,95.0850766720448,100.49305281844583,100.55241310650035,68.13772029004556,87.08557015881891,120.68204822531759,138.83661734203716,160.56758001526998,148.0851632298237,138.44071798022023,97.04067209962939,108.23089042963693,80.94833295241037,118.52383965478747,71.14985269070786
971,92.61738774347516,77.10102960907005,51.94446005732186,42.52643805207627,23.67691091902161,35.574606008735245,93.26488887532786,95.29803044298475,110.6020422370116,137.2647766199786,116.95057007053612,72.50743794817834,56.60471149402575,87.1664148833808,169.18967677647302,157.16500759811615,143.06724032972127,175.00728711076053,164.2516002033447,110.37217686262771,109.00776861265817,126.34002650656646,114.44723327148502,111.87405063851678
972,53.43390037542807,28.767083042185583,9.200680618134392,37.711060859410246,79.16651076926777,55.86704076242677,87.09766792898135,99.70710600461592,74.01396407382073,24.469291726928866,3.8776593096769716,-16.595675670853396,-0.4820394630913114,63.25455958551946,102.8706020943183,103.60816119631754,178.7937527836986,183.47888950856196,148.32030306436485,105.83068947997576,90.38833550626916,78.98860782750026,104.2953191670539,96.55183210824373
973,37.89886860536375,28.284125637217727,49.251330985291666,82.39894197300939,91.37025203690328,99.41506775125792,135.60126025672596,95.3324600101194,85.0796842858844,76.0488538277396,117.46146955516387,109.99795181727521,130.85742366973642,144.80922582480116,144.48991367692997,111.2000559442368,166.27813920155148,170.98216532955618,172.20720049809074,88.88561293218056,64.3507891208634,46.63591755587007,67.03042864634017,42.88950324776404
974,94.18318413816276,111.68421197746096,74.79683296400981,119.30969726908287,106.71461636444644,108.50816823274111,125.35519186411163,117.21342967566422,137.00133630349453,109.70477589871035,141.56427929619906,130.59020123880626,106.03562748821174,112.4575939855257,126.17905362167511,106.44034032988137,189.3102498506704,142.07839833408468,109.24970027131694,89.56594629872862,86.83094662767444,87.81014148361761,85.06964441025428,111.71734337361946
975,35.29130034981151,57.349051184526985,68.25027723195694,64.44673162877768,15.473256782173024,47.412155624447735,100.92193992403364,113.68891062902584,86.51083438936885,120.18009141554123,86.08653650794702,85.97666463207162,130.12264853626266,132.76766923100763,151.74250824512532,105.73136224690137,145.01553061409112,186.60428027843304,153.76466496695787,95.68859140232011,49.56393440008179,97.31249193147906,96.50466470505289,64.82650525045284
976,45.899854354851,71.4513946669398,82.01309931870304,94.00304325864927,114.12493764012694,122.97158909902873,107.83393694800998,113.95460682650467,107.42351903630572,107.7605266365295,44.647465557962676,26.88267436179065,77.80005639036779,101.13893927405198,115.06858914322942,85.87104572807608,178.1396199672022,151.76174635728137,147.23224719413673,109.92098193226462,74.1087358551782,-9.980315602578642,42.80173331220996,60.94968363535885
977,35.26623984267698,70.0958550438166,77.510523439221,63.20896963057125,36.19495510866092,46.182929688556975,86.7835080683715,52.836662807204306,46.090846266277936,43.63452380624555,55.8868256211652,50.80351105116793,106.70306139198937,81.46294039607784,58.001573018126706,122.8971251209723,186.4195140896755,212.21822460614902,160.23201041932964,145.00970827938093,155.19414335140516,156.10509669660988,176.18019876289864,167.6363645195455
978,105.88323107959961,62.328338445020755,35.60364451430408,46.381156707205825,37.16697214733351,41.623944030648936,83.39922043808738,50.41145084640781,62.15259214575036,62.99567881607084,84.25487045533072,63.46307499320158,27.6502815060958,48.13210770929224,129.558002050333,146.27668851898255,197.21539197113657,206.36826271998592,164.75537812058207,104.42016091433193,95.06027569141945,88.65384112886804,136.95050687349317,146.4409273773972
979,44.36086530289923,54.99809090646716,26.91615898659721,25.938490157238,39.50283297288293,114.27505507875168,152.73839672259447,129.4257766002963,64.50847701322793,63.022007051327485,46.204897606478795,46.00268914757177,79.48209803130558,131.73088141694637,150.40483719562906,140.03851822339487,166.01692908205308,174.6313288391992,156.04546366180375,75.76755804332552,129.165186953439,165.27609424015873,138.56577541075288,149.00100060546018
980,71.49500029012611,63.9541543432108,63.22496570658747,116.55410722251611,129.07679858338463,143.0761089762533,130.2746952445556,94.49286388812422,66.0255022325027,73.50658176965104,34.86226372534532,38.41992700342385,86.39417443640843,98.70237255464852,60.20981984649703,91.31495163978603,174.9933570345928,206.28607896090844,149.66387723486733,93.00102820387826,83.64220949743446,108.25004750766279,68.06420650520938,51.976705572442356
981,15.758886789611509,13.950890514665687,11.424279756493704,42.23893100043857,41.43485041357883,13.674526376552251,132.20349533779142,126.88541481018224,109.53963732639552,136.32522733364067,103.04363549661957,102.09459546809146,94.98510306466295,62.38560647889003,65.64531022587732,144.0554003266709,164.5291492857978,185.18851211225405,110.2513950400666,61.74502510358019,81.26209797722345,72.80300531540648,63.42413593949486,67.96217154566907
982,78.06961695022079,108.82210907211777,126.42301563726214,123.80255548157086,121.84596671383031,159.0306181039433,137.1133812599822,141.8474887967278,128.7564361002748,144.6219173132107,97.143548319156,110.50731646977202,103.1094171448125,109.81898809590876,122.09968774286128,130.9447272795412,149.73822722611118,149.05546624480675,101.47414811288039,18.969543606765413,36.945807380153255,71.29341031693573,100.41122300677831,135.86580217373552
983,98.48731601525552,106.12611775496836,105.34526904528354,88.88075929878343,55.56279430767462,32.61381727439218,87.59591493572646,86.74141410910224,104.52983901277148,69.36488837316166,51.47545194778729,-56.58737599899658,-13.674666535663803,48.16502160038304,114.10775190828488,120.05625442343819,176.58810137639074,151.34786746227215,109.31728211610856,52.100243512510204,58.83266760241955,105.38027054901266,141.38164025942524,100.94272287343705
984,120.50803955526493,132.138767393896,96.08074523281638,123.59555430995256,88.95510252349402,95.19543930199147,112.3945596936017,96.46053202089709,76.01867933349425,37.22015486176639,48.27055068424093,55.72175840291283,79.95228935768107,37.619975657887665,70.58720258550339,87.3356127358938,160.590572452142,154.67871618496838,136.1203195774625,52.814849971379715,84.63107884118754,44.87092209689837,61.668865844727065,52.45769523569131
985,77.75629027540396,62.271172625781865,52.58851564520446,31.648989487521177,15.967375565745478,37.00361184420301,158.28973333654517,132.93523109226302,113.22621356852659,99.61939509830916,76.38900724504737,100.06588052058329,127.46149149906543,125.10794251015757,138.05228862597966,134.76185166682754,201.11381871000168,191.41813442687464,107.60899884400345,47.537727208878636,82.64247427449249,81.99907492370632,129.3907650505984,96.38596343979148
986,59.883984909741415,62.22180596343267,67.10775707278202,80.98093654423683,96.81567760865806,68.51344596823276,61.861588618419546,71.34634819766812,54.944312631361456,60.94936508792147,74.86515727471047,98.28717195178871,84.75924608576155,110.37344896461381,111.73164751612254,103.99978798961301,151.77885937151152,150.5848474361228,115.20543799612449,97.47422627390948,117.08722956474111,125.30502070885089,154.87995039739678,151.77035666602552
987,62.21865242389873,108.5097754544331,93.32502386155576,65.66369100591356,56.78947307404363,5.892839007473427,44.226974145444906,36.20541106985766,14.048170556013346,-20.756122302058372,55.3276408818079,54.870213148685814,76.31083024952552,77.15313216483926,99.99104261281491,99.35386944844326,155.39052180208142,189.14925404667417,165.82738715442977,106.34706277182708,124.01579325539318,160.3607277168894,177.77840933965672,140.88465819904275
988,77.41850687996889,90.18159072708366,57.589532430604265,55.68144547952148,9.610356025751855,63.54009979344326,67.99998361954556,86.0664772049151,78.24225614175484,53.659528076678214,58.77273220980744,117.05739781085214,115.2656059473509,144.44329707829382,155.6877485931255,165.41917693146962,130.94351696411564,160.4603933261017,158.73865993009156,127.98501477649602,131.74911609181004,112.41087715450826,56.31040971030026,22.113871152947226
989,123.46006183072394,72.17555606943442,89.71339122921526,106.9494129865712,79.35251709485112,83.33974934680283,129.38113381817817,96.33784525252455,75.66144170291066,71.65572297858246,17.56988600311069,58.369019349371335,63.810298028558094,70.18532311420839,65.87660699944442,94.30904995766498,112.16422024355447,119.40848182316334,79.21382358667312,86.096488211419,133.9118165155498,105.78399256681148,108.95763663672935,129.4270973084096
990,76.98142516715977,35.217623975140675,29.133057729965472,66.02612549543181,29.129702801093416,62.580158223458994,114.2424814727301,113.65019855721609,101.60133711986167,118.9339168260596,101.34155319461102,109.54413725376837,82.18175397059665,65.88418628327179,106.34135768137149,199.5365111307556,142.67791155346913,133.69038349235856,142.6227240290312,65.56237797133713,80.62800939744615,103.92736692675153,108.72630729477994,150.37471635910498
991,56.69470706431147,69.58583666322134,44.82915714254622,62.927680141242035,66.51027035745406,99.67878615002375,110.93297143346113,98.67333829779729,58.10727529905158,78.79536247954418,81.02186319085048,95.47100178401541,106.85428695159025,81.3900722721998,77.01874917375613,64.78725123005938,126.59335733008393,134.1306495076514,166.64123259990035,62.162405832683646,94.50358075750015,85.8871349031227,100.31256656879637,132.15913443386333
992,31.650431317093876,30.085885344763398,26.308839626200815,51.7284720993079,33.406326491860135,53.824261425833626,109.5416354949349,84.71638956181962,64.9590203501067,64.8738121791601,52.71712599069562,73.02238573798473,101.37251010490826,149.36465976994012,183.77758334437476,195.0643212798833,203.6258715042316,217.01976609910847,150.79331907639704,104.54445462368243,105.12365886986136,116.90063009016352,114.16231720838681,65.67115281932205
993,76.80746300078435,72.24862363228483,58.848680641417516,89.57140768717882,62.49374065739106,86.08165964404968,114.89688784927083,70.49473993402067,69.2590274139072,33.49364113296943,40.33472313744942,66.58334097302385,81.74470999908706,109.81366483200125,118.34508579241279,137.85869724204068,164.12466224846398,179.7352068030001,140.76250483683464,66.75001262655522,74.67195930824478,76.66137237803412,94.6381081176155,93.5772548625686
994,97.08220423439829,141.221827107632,115.75881084514283,104.17615792397407,97.28930683882479,131.05666060754612,95.27124927791445,102.44825376171559,126.05292514169084,114.76352521563018,86.37175416689597,99.24807546306992,76.80376927276225,46.506921165578966,82.05954157233764,133.5414620687855,177.2974584445885,175.68892860942378,122.86638889073018,62.48480754090389,67.68284009958529,91.91111105627803,138.72119202042398,93.94883003623289
995,122.39017447242111,92.07889863899547,63.07881833220045,48.232327298263776,39.308305708051236,93.2628732401691,58.11466998626838,20.85278463566972,59.69655162479931,105.6105097295436,88.42732904644905,108.47613499995785,62.569905294073166,65.46037142108102,76.9034751298074,116.12616301027552,146.96849620915552,133.0034246797943,81.00493390081607,8.03717529023001,69.99876334030225,107.89372256158029,99.00165488864847,129.13758401142042
996,48.484631676224296,69.67939309646167,90.47556252287669,112.14585236850493,80.80070141216216,90.6854644586572,76.11450112077888,55.82915076518319,100.53545196676706,64.99082895183568,60.17339881435382,44.43640574649602,78.37454411751915,82.65906238547596,114.38624020515016,115.93333390998572,111.6408010680098,165.99823426629166,165.24377633927998,132.15649334877395,84.38675563956056,79.40823962939106,127.39464489356774,110.0429717086555
997,113.23324269894403,94.81070774010477,70.23981739165245,88.78467255202725,69.87917114467687,60.75110499262759,84.9052593292828,99.31462278056829,114.4350458527406,81.07888438357162,84.54374306578066,74.8289059203274,107.42649907050698,72.5653204358341,121.63085220190706,129.99630671897154,154.7731471642006,174.27304967341007,139.20382370910096,115.25128673490828,125.44627067169961,135.79871520319944,91.60414871535848,74.48949132847162
998,41.10400349739867,-7.978520749064046,13.059214279518699,26.906320087530176,35.713193617739435,80.06104437894365,105.34966584586397,116.64699765492402,134.74032109221298,88.17225208884933,41.9625312937876,31.8061647840668,50.995488682534685,80.89333302632345,59.967801462068664,121.73127557528804,131.92900845601048,143.76133061051695,90.8449451939852,49.218315300535906,83.49482342026687,91.53181249604016,90.23100694208199,91.86676380305042
999,42.120105358723094,49.315804321138145,83.80038311196466,93.50049106210552,81.09609078839036,93.57838626982202,121.19919849424085,63.502295630730416,81.67452537606374,73.971080905223,53.383009785579084,69.87599366610223,100.17390814276877,155.5239189240139,157.30174639470061,170.3601827784314,169.4497507813324,136.20300143576296,110.0521572797438,20.59456224118631,16.345113421645493,50.70028208907146,118.89403403801316,95.79848618901768
