,Hour_1,Hour_2,Hour_3,Hour_4,Hour_5,Hour_6,Hour_7,Hour_8,Hour_9,Hour_10,Hour_11,Hour_12,Hour_13,Hour_14,Hour_15,Hour_16,Hour_17,Hour_18,Hour_19,Hour_20,Hour_21,Hour_22,Hour_23,Hour_24
0,105.04767486065847,69.83809459546157,48.91836090067341,92.96584460103571,91.8973856641735,110.21761478598825,94.82383318508802,67.4360905870792,6.108971770118437,30.7012973884464,15.328727060825894,21.44636962664667,24.02235354891645,-7.10277245676814,33.028429645155896,77.02231537551143,103.30218737240934,131.9739285749586,160.01531887191288,178.69274921711218,147.27332915263122,136.39708029590892,102.93367789424249,145.732300483033
1,38.348753776768916,39.94736991981234,42.626907815893155,25.1735679271101,17.035770815778328,78.56712495025364,63.81023383043029,67.19800776154284,40.90267635449398,80.37010704987159,63.37619614972038,52.6104925315985,26.135631228677873,6.1690067494864,11.58458683564259,65.35234778770011,144.03507396130533,160.55440618347873,164.73093437676192,120.53082251280325,80.13033128614614,75.66808503808781,151.05668132628634,126.13765047041136
2,65.84665895867356,50.611933573154346,61.93895312668698,80.87845497435649,111.35192963537958,132.0522327645049,111.69388535160496,66.50979904479244,-14.611545625997742,-31.490543704731074,5.048100839111598,6.038255697491813,21.494069186304642,81.80301695649263,86.58746708791847,111.47878118099716,178.43969427238818,158.38275794014575,162.24193624070114,149.43729292866996,185.89104244350426,146.74425973417104,161.86114837679338,172.9796134282725
3,128.17482981449615,107.08034280797594,82.83892108580531,104.41952588350513,64.8132844820002,91.26218806636051,38.281387710093405,-9.058130768077156,-24.27725534329425,-0.6640938672177903,-12.703480926165398,17.416127352059135,23.014708799173977,11.702536679719994,51.29473964466264,65.82700899535098,107.129082018572,284.7225009105914,216.62297078844665,145.11251066012548,153.27716859904604,121.85121161713718,128.6605556421028,141.21527028704
4,58.652581706993146,91.58908641891006,54.289499945234965,79.23671006952503,37.59558226459296,92.52630091112677,56.63779560076839,41.892737997588604,9.724434098809402,-27.090509728818482,10.981959701041788,65.85681574104048,62.669088822142044,17.328704237128317,54.11516254485615,59.90290207042837,95.02019851387135,153.95510096771616,159.75176070963104,100.49875390850774,108.26690340553134,93.45478046724821,143.6169316496579,136.62025982187856
5,106.51579116599589,83.52670499570341,96.28714788838838,124.61416150145911,114.76766629890257,125.79407116375106,104.58338667194667,96.2905110020254,51.04984550976995,70.6783367520089,93.67935501675652,88.17490762249989,47.96102149638047,96.88588493078305,111.471073160081,168.99043548422566,182.9247360963606,188.65091526038572,218.93729406674652,195.6379110478154,176.23893451697538,158.05453988089383,184.89038469040725,166.4075272633611
6,91.12584105369405,98.72809022088552,55.88411671819454,70.50160996108109,91.00423875792939,138.165927355576,106.65123992084858,48.21190607104411,6.073282314203414,-49.22366653994546,-7.9544347250104295,21.341354033904036,11.209914697630232,46.74258071214092,44.49713369328988,87.44792272570366,71.55672164275313,120.12535738196893,147.34630215714108,101.7169926877566,138.71055955161484,130.46579867406888,146.48722808446794,152.87563109991947
7,39.011818166696784,56.77111793799456,29.54931788945496,59.76440238150981,40.98552007889549,74.51211530650554,73.59668737584306,48.60041166316043,-6.154993683075016,11.13623239510985,-9.013117662021706,32.36423943398064,26.71703021537506,50.91507290474537,68.7201079940159,102.64986715162657,146.4131135102209,112.49031944300137,113.76449941490236,104.58158248903894,110.82156783036814,91.72924563021743,124.39384780573903,107.59662395017759
8,95.21287265503584,104.63846545228328,112.74059838017291,114.99505961301595,81.76723087544175,83.65858198387136,83.16009505779553,71.57696921379915,41.76332054893681,21.94849058627584,6.726772219439816,41.82982936278026,35.69337420883639,6.310463576416467,22.739025617449894,81.7684058593899,89.95821337048102,112.0866346690386,70.59058481087257,119.14446605990747,89.37510747335193,103.93449057470411,99.50834318617595,114.80511042649606
9,75.22183933223924,69.34395287134488,33.407695668367936,31.593455103809397,16.792245781863187,66.35255120095964,45.2751361527488,46.52346580838879,12.569327496057486,-3.602837317226424,12.091139914118678,54.89582909256814,30.99122680164505,45.51130130826152,52.97374999230352,116.63294778882312,171.80170226961417,187.80967584269254,164.2103258555193,141.42815684897727,133.62127514290918,108.3359720948852,78.66376094286508,102.82092842338693
10,73.90924543464175,79.7296174840472,67.96312041049201,120.28424552576891,66.95720721487814,108.29190825626458,78.34975053654992,81.50924643210321,37.97934345384492,30.94112217647839,27.00715512470719,67.81776280014192,73.64081869746391,40.84880251527432,61.23364104149397,97.25433421737482,152.06600281028904,168.01161029651212,198.71218815851088,149.87865244181597,133.34588977375626,165.85446983191366,171.64224969616043,192.06820461249472
11,70.25851131318882,69.73687470370702,55.374664267200615,137.56863709309508,95.08970489269271,87.20712495907878,68.17453917918554,17.16988010944212,-35.87400928785627,-16.735666275918604,8.126015062880601,31.995490443158264,19.59742626684352,-16.26898752834288,0.9675783262293365,48.856923741647705,82.50541762437955,122.14274324357255,89.05331285118562,89.53585270934367,132.11699043393526,106.64920929357422,129.77289234647554,131.0088834786452
12,88.07701558877926,73.64063459712776,61.755255634948796,53.49540579229436,83.48548724048531,163.14203611329225,161.3468963092597,91.74689414105896,73.67197060636654,56.75846863912109,68.4713765965682,38.916923324520226,44.195379365875084,-4.96121836417009,53.029777049500126,135.3410817055619,189.04563985908356,170.8617918863315,152.57425513111662,99.53257891714594,105.68235452089644,101.58979745807181,115.59616076636556,113.18898609022453
13,47.95799117033266,45.95316735994744,46.4496469392666,83.39144622785514,94.38113026460519,137.2492846172909,109.16118742693041,81.05175924837297,46.29400713432689,14.091694499555597,52.46399020543342,24.0694482405567,-9.069758853180197,11.793999814412588,109.68075930959708,140.33070112609153,221.9484885192416,245.699611694287,205.97354787346495,159.70856809376045,158.30874092663944,120.05026074735824,118.62663375091839,126.54927226482407
14,84.32234811711798,75.0052490337835,77.46734968306556,69.60622764903984,3.606975622867701,29.411949784478736,47.0939819271718,41.92485581501447,-9.711523536347102,26.556713847584206,3.585752271583438,32.84771288505908,55.70864867292005,89.86917088416743,83.46689876432478,139.86376650547595,153.8264384277585,143.9617273507494,135.99543931197022,105.6566971246596,105.79752867574712,68.41054529522876,130.03570875475356,124.48150431520543
15,11.774145029491237,201.32756151231564,179.585093685656,141.89487031374085,92.18360287006993,100.29505042430824,73.48590968161135,58.87272862740805,20.893636756595853,36.856248134771185,41.75291482825101,13.85181061131447,-18.718638828167123,4.8501242923478465,-20.521941470569537,34.34380139157115,89.3833255680459,137.6291446164484,69.84406914167697,64.17491931935021,123.13178216817363,146.71874135107055,206.90402387202977,211.3431182240285
16,101.0612171267089,101.72738460458208,51.74064128671746,58.8390114201613,27.768240009316948,81.0741795862497,40.44698164971743,-2.593164474544551,-26.590269182572634,0.23621081929456267,-19.469669469408792,15.284095956847349,42.53237913662154,23.402035698357057,54.63814569337944,51.02614127696527,102.6531999362233,136.2755348826736,123.87671139947628,127.47322183761553,99.91423179238772,107.90184176953305,58.578648159321496,80.79286464355772
17,42.30399357795452,31.4257706988758,48.132457080257154,85.58867131502474,68.48414555929922,133.22097488226177,97.4937169128226,81.18166219016706,33.15550088717138,56.14407395923676,59.97882423683264,65.36278353454036,33.57573788180726,15.37327365766222,56.57577833552388,116.47401827877412,143.10373647983351,215.84372405403195,188.1136466952696,120.77663142693888,121.65646218637451,88.01814373864853,104.81127953213002,123.79760247188023
18,99.65176618158262,83.44697359642429,52.62344903257215,59.93401318612017,53.12150479361268,66.08830796512294,49.18147468728957,17.795459373663427,-42.65324461326233,-21.808254047986395,-29.772934089776562,7.654765131135186,43.685529935335694,90.13051061025165,74.46636729243674,95.40159216613438,140.5965161951047,127.42050807096831,112.77616924507814,64.65500383485227,57.80111512910331,55.72957627127552,84.95921475867443,145.16029893050762
19,93.38797232191665,66.20936740054678,35.632712430879685,82.31886382020267,64.58920690675019,119.1338525131076,86.48798961103307,77.46544556443521,43.179345944612095,59.04155653662821,60.203497218080585,79.68952797079842,74.38848028668144,32.707694173782684,26.63550801641085,93.57543712917271,128.4913855966179,149.62310224714255,104.57151969450935,146.34296372376167,123.43191898962907,83.2178444813226,73.83387342174403,90.76794307166787
20,121.48867738414371,94.81485050591309,17.558778465372832,84.41804244058122,72.4952418711406,121.49118502743262,92.99907027290142,69.95916403075182,74.4105756128869,67.23790915581469,36.21171909561231,33.204831241919045,35.3074557355574,33.674889241950105,69.54533923740709,143.7621775117533,220.00933802678975,181.9343212997199,157.518272924227,126.68386802878135,128.9808300680349,106.63453372574996,98.37992487135783,113.09852216401327
21,96.40686288409877,125.32012591303871,39.95394363590734,69.97109097643711,65.80968449961051,100.56537722041787,56.191507382890364,1.0259692685923767,19.36122618610252,16.551837815240184,7.702989673866593,64.41435497180484,49.683172566142716,86.95260727075298,89.06211281484735,112.91942368940245,132.15715385020061,164.853591677898,139.0656855731367,127.08962998193174,145.48764466016604,101.81503094597946,103.3603183300474,133.57568145176614
22,13.96768088526774,40.32600723073319,40.77878950559278,59.38193970199203,52.97045210747624,108.98969782127654,47.187564366043645,42.950790140009985,37.57670132567455,5.362404596621268,-5.577520013236658,-1.2628478797573095,-24.3873135093772,-22.656646977188498,48.79842338012286,123.1461865125786,167.06636042044906,167.39311488946748,148.95063230496558,143.439695408217,167.78173588453114,137.61223542368688,119.67413224879319,110.98619382308407
23,158.44145299201278,149.80486305133377,62.30412016419992,52.78830056955399,31.144894384021008,39.62619187307772,75.25487970600739,-1.6946302469773045,14.854892650107622,35.685096854831876,1.23583026934854,10.835605906375292,40.31708820432716,49.90722303129043,80.69219979448113,82.3641335973492,220.1713820139786,204.689185442687,153.21857830811365,130.60581739358685,108.28575575600425,71.35863862791669,89.2903459153977,117.17731349509197
24,135.8418797146234,79.58239315741183,32.346538737552464,44.04845369996106,36.66562282991513,61.9471229559232,44.759168808020405,21.213857836001097,-9.411014283296183,23.10990626606254,15.96344314227625,22.56757404501826,-34.09146771229328,-6.01450621660204,4.248509750359183,67.11192008816465,88.45748893279732,92.47065709883617,89.50748572040948,56.206671744061126,76.41823961697567,114.56504860986456,89.89252883196804,125.16328039987039
25,53.47820689926207,45.478941955942076,12.295410896721485,53.3707379604034,-3.4242869733352705,65.95304128834589,74.1472333967896,67.99062897873246,59.154633323652675,24.345676838029714,37.391104364866216,63.85900927071503,50.46860504531162,18.35696603075189,58.98641895211766,135.6240557414074,127.82818263957589,118.91290394665934,185.04380711677254,150.2719809146705,141.24774942231898,125.34686611117898,140.36852773374773,188.30336361751412
26,78.28058996093978,107.76232995126102,95.26773744118196,128.84878898884216,121.36188785829896,128.37924520481238,87.19151517896489,66.65449704400307,48.590959687362854,51.145815867785345,32.29970935107686,15.246246187003536,4.424956678340294,21.45068842777729,11.260982705385771,77.84942540731288,136.42375238975893,131.05072312097468,123.98054942850985,111.85757592148859,131.8208287397549,106.77380566669763,109.68167314796247,141.60477786463224
27,30.402117515384234,61.34375471800012,37.41713738642152,36.753451110970055,-10.339967954071469,20.257170023954075,-30.134049961978647,5.03265199864407,27.026634886518934,14.307661166590336,25.904968910659672,44.268128994515706,58.95042470473575,82.17575551716953,50.2906650745654,80.30483162266174,103.38618124645603,180.47127255309476,214.49158118221902,201.30994109224852,179.39187054293552,174.14171177731708,155.46938455167611,117.25834392288081
28,94.91738478852596,85.68445273678664,16.49654381730489,-3.0113215507709583,18.22012464396675,56.69312938286893,59.32963551786727,26.618122086692892,19.965171470775882,21.403925355698195,6.228013023303188,62.16313948505005,53.816762427398515,38.68175627578338,63.33982126941255,79.0350382791369,161.55246078687424,133.04240767712977,134.26150348540364,96.05755887729461,114.53886149821403,107.11656800408073,143.6214984506101,134.73305954512426
29,84.16830900982838,47.441433813287105,-0.043743610406728806,34.5623343125261,31.90678260006926,37.20510109999094,61.749043483641415,19.98689381253503,-34.01174018000235,-29.493179861875966,-18.968709392085565,65.41031451240502,174.2029796274926,105.52872670313108,76.77684748227331,107.03183860874098,106.39296328140858,155.29906047202087,177.77184684414127,146.04478493730355,152.77976160527265,146.37475530971142,164.247602097903,145.65547844043306
30,59.13553662304235,52.30000542698643,59.96496905696996,74.22395791745366,98.64233205404591,102.00559044179126,118.03594563962089,62.195153586524114,90.78089800693708,52.466225426687714,90.21309483230841,75.23291914369358,84.35343541164929,61.89518572704969,105.43601767117815,123.28399573501756,162.19171231162747,128.76286306950794,79.07536835259233,77.82960750053093,56.38699291679207,53.74867577715318,58.21797225051254,124.6042373607271
31,104.10965046742197,84.33059312295528,62.93342548617903,104.56472957552901,91.27836874023069,121.8261313738937,117.27469077974757,118.72292766913206,33.52019312856205,21.444089180721893,57.8571631500153,97.052604783253,109.89365575861737,86.38575906898517,73.64626466284048,90.97520035223158,194.25240231149473,146.63484981110366,117.24066021715461,141.7816299914058,139.21715082774,128.8175046414544,130.12365103723658,104.4344537016221
32,38.899744129831014,43.384484162679826,2.165674780636536,31.42340684954774,63.29200791828583,119.738685300051,75.87742384284579,12.21248569946318,-6.389981359255206,35.544631473628144,7.045427294410565,5.540734165282053,1.4005478104161568,-0.907755996977432,59.20421291687599,104.05399242418828,135.08538254963773,133.24915197782883,133.33812687904035,132.22601003003726,169.2308091960387,140.8807351303633,167.4543484635209,153.13974171262126
33,95.35782453348018,98.84537620946327,103.7292011128975,106.64940234231554,79.0411908786325,125.88045711933606,120.62699225401812,110.05156323368494,74.10278283529085,100.93757144777737,119.16027665132368,107.8882174633554,96.00439276845802,93.477787391213,94.36292730283637,177.7067257536638,189.78750276959624,170.91246793464978,147.3276253002731,100.51176246488683,113.51781141670605,108.96139832793632,118.85431282015466,100.52397687428518
34,63.91864153795278,96.37326813074394,94.38010273990571,106.01932099354084,54.75437817020534,120.77749567005878,148.51927364975785,104.58715392196419,75.65424222867667,76.77858226909493,58.26649884944028,76.76205138349363,60.316457392032326,12.053640950601267,85.25476259353233,108.44004372537027,113.24462064927383,85.93589607841996,120.99146910374573,97.41086978133853,106.70243717979677,150.76742379720253,143.36187408873195,121.10871086312738
35,150.77984356463472,129.42294960063765,102.12502782358845,62.9333282714324,77.1684413440589,67.15376266990859,78.1575167832372,46.502261659670104,22.095318865423835,20.121226797867756,60.803853249797015,65.87702586370645,50.69927116504175,36.10080169030266,57.07246244386316,36.30159662930159,85.29575027010442,142.28004155897418,123.16442890793161,116.62926749000837,102.44496154982548,59.83879717122876,71.26027789291263,112.130578692991
36,91.12267753707717,137.56888307666682,117.84852533788779,157.3131379677052,146.44772638786,119.09604724041053,80.62896062549754,85.07124652363022,31.643935927802186,18.688903657998836,16.122169624497705,30.152288528081304,50.393935028550274,-13.747762111392387,36.37636866482053,78.7656358086517,106.71278845347452,135.0375483251801,106.64894664248922,77.63748638463838,109.15327992078716,95.42155268359218,142.0936709827963,167.115876088766
37,90.12535363471662,98.82273399899212,52.2899800781738,72.74313475669139,48.79894724253163,70.9409385079888,38.36737107731623,32.57692098165047,17.068693983277957,42.291058830453665,53.83704356208856,81.8798392982633,68.73678918776588,53.86386589064496,73.7755835435099,166.5001153632016,203.6811914172897,209.81979598358419,175.27067460735043,132.23109354856456,130.79289260567472,112.04280292732268,113.69603469838759,151.379315620327
38,95.8046817714566,62.34649282623532,50.45970639493639,65.93942138552572,93.51074565767146,130.51105284859,56.14206867612282,27.05073694882729,-36.797244434002856,-2.294876580192952,-31.639266755143808,19.952417999404688,24.437795165168886,11.766999908583792,74.93451634836323,129.05230415822467,147.15005701899744,202.43749196391897,192.14509017485713,164.60758829732555,188.70487732788547,146.63644342806407,199.65370793119013,213.53203265888578
39,7.422494409083583,62.92258530738262,17.85331308013071,68.82640843177799,27.184274576788386,104.74739709976922,137.78014602492354,52.550444010607414,40.34752947405748,24.143198965754006,35.925044197677764,56.47566973510156,27.21573529441541,24.14193514847921,47.748775395108666,100.03622837972452,170.5919537832886,155.13900566323727,81.51043540508485,86.19278555305772,95.54964547702716,83.79126065329908,131.68882988989196,143.91997123602616
40,65.723574788703,96.01876887574723,92.15936816178478,112.22413786551536,112.90178596128669,112.85612978214621,94.26855352232448,58.50674413544322,69.69040584829756,80.47017487183479,60.37949281622303,74.81704722488476,84.29523100241585,105.27994169301908,108.02662689687305,138.16892745819513,162.42041136888585,164.84937065290248,164.7369666296698,140.77517306322423,141.3630297705149,95.40625825651449,138.05691311568387,125.40496368378427
41,78.84919042763217,118.97366336260501,83.73578614514115,41.85531623929149,40.682409237177836,89.17273551194137,71.45810134502493,71.58945187427139,20.601200020932215,64.20092158682642,54.646184091694195,33.8023137615003,61.13423579151551,81.87402919649712,86.95236848638066,146.7118455554893,111.04779711230256,43.70913361391649,95.35273665351598,106.11479022132933,78.71843310929472,84.43735697080344,111.95176575164103,146.4621116299491
42,64.84723318560626,27.689793439582246,47.30591529994557,57.489637167886826,44.48381196798545,98.07353225248208,74.19926350924004,42.096478288906816,3.525762086213078,17.466493214730562,51.15279554657898,45.93273005215866,67.67364823633659,29.741663678937616,34.983023448777146,87.8319941278476,134.46546208617102,122.3400651408892,147.60074199518317,129.50227147424914,141.07017360546217,110.99746810887883,70.38542045181812,86.26660544633202
43,88.52497057516538,93.97622858568883,90.38376665482834,56.78196834326083,53.42235916942461,135.17741309400697,77.62411109480553,59.67258103790629,88.42165955318885,101.0921589123684,75.28055216276653,41.65214657013586,57.39950410767071,51.569401723298526,59.40141362911646,137.57872708249775,154.40300068375242,186.7555785585172,188.1928421298504,199.93122991813874,216.87991930846997,186.40156285407502,215.89017219208742,171.5363301041827
44,138.193691776066,124.06775743176563,104.55917086750983,102.93501160345531,84.8356924033651,98.18102595971874,93.56732179375135,91.38707103033009,28.5192289202972,5.100095050673993,21.979589684260937,71.24228566151494,85.11975073665741,54.93986196604266,119.77527227465643,142.13401776833624,321.38694332135265,243.30301781625468,146.16209595399292,198.1332734112809,162.044812531979,141.6665199841721,144.38804008810797,165.45142475406058
45,77.9884992721245,66.16657039129517,63.281832938176585,48.344741347269235,304.9179480784127,253.65609108403314,147.4354084408475,88.6151999113689,63.33224069853146,112.5276692560239,90.54652909287717,52.655710616100116,12.883980307955785,45.463256378258365,58.74093177267612,80.70771561512464,132.2000444917134,194.2991577339039,175.24380876765335,134.2117600126119,141.79595938864713,92.67758642603638,113.03376318153875,122.91357726848825
46,64.14750265488834,50.64072588572951,56.00425196753782,62.45284366215074,66.1153824270024,103.51539200786274,92.1634149250113,37.42420468843474,13.369948145875327,-10.012666091549356,-19.84183457284989,-0.5782474208921968,8.263187901795728,7.847201856305158,21.700604263091062,120.05858730886663,158.24350672077452,147.8450145864857,138.14780390167672,145.808725076572,100.74357539481962,93.26320944437481,71.67322331113378,123.76790048243214
47,34.72875543420541,33.57037219141298,13.717804102594599,87.35673914235444,46.28501119119196,97.21998146980455,81.81298788099416,22.276780657931237,25.86701701287792,23.703351192417927,29.069868888739045,45.833938667287704,30.629601254405227,51.55851400064988,77.93404140908005,107.15318557518917,125.4563149809218,159.83647036813795,175.0835557014551,97.86816684706137,98.81821239695721,95.69141288376598,110.40890015784277,94.36425277436553
48,31.712686659773084,3.1716070067308095,3.5864342042509065,60.66726761892356,59.578518199082325,119.45560356145597,81.64396172825084,3.865602197862941,4.414021402099223,-22.420051428666746,17.743934769958745,46.773149919020796,32.45041494787132,54.04342708120398,51.2148189220655,110.8866023554619,139.81936265994992,173.68381863258696,175.00122427938007,118.37908296458338,132.44442691109435,99.32043644678079,137.8958738051501,161.5366808291107
49,60.67044277565274,34.45137199342799,-31.034564235214013,19.8077247951094,-9.121944327418944,62.35724149894168,53.87967808473701,75.63579351353414,62.69266416703033,48.081891450895014,43.246902485231466,41.97442010868482,-1.3116167963417027,12.424802870119926,33.96408099621349,114.47511899422899,158.57157236933799,177.1236822000043,183.93719064718448,121.90825946255417,105.6844941286454,141.50954936302207,152.71927196426688,149.58929448237672
50,135.7360388709111,129.30468903976544,87.23533730138591,83.52125579309333,57.0594872937038,117.81356733298804,111.61427912724398,68.07779781583017,26.915040869853268,18.725717403211092,45.71825510271958,44.99443904081371,46.21995954489112,53.204455893097105,60.64181304748983,139.4247572897446,149.0546831765336,139.5181753268199,101.06600825139061,105.19177136008528,137.2434766601871,87.35663982039465,124.01464499967256,116.16119525705967
51,82.77680208809777,101.08625055088797,96.30753256140568,97.41072605424172,11.125536157788822,58.954240102326615,43.86020712373531,7.341159461401887,-16.223253814412217,-26.05005139407924,-3.352631214502175,60.83177622242693,43.505119571288816,19.952791814143218,3.064792340612719,35.5153138742277,81.47298255972245,76.10729097280071,104.3510684375974,83.01966542442568,90.35495731463902,96.64411438288734,181.54308494450967,197.21031947825963
52,68.18497658458655,61.569540863597425,29.814788231577488,59.13484938721562,63.141757377150924,81.0821550522695,117.26664899323018,85.56894013281602,46.00118722211697,46.80434893070742,34.75597178263951,48.733096024310115,59.61965615179872,42.02528063287648,69.7501073367567,149.31319698841605,176.04676491270834,163.35800128483953,145.11782133291962,260.7904524195648,216.92658790191877,199.03215118579772,195.65140639849216,154.27136692457702
53,71.92343543048618,59.6333461772244,48.40894210028648,74.19309749489977,79.76746815154402,122.95671291159624,43.92138287834467,-16.516141884386613,0.1373286856932907,-45.2259687916248,-47.75280143506917,-27.599620827446053,-5.859346409890023,-0.017540774974388995,19.543311386538157,118.3603972730281,144.1959992209782,100.63190198552013,149.55850231188404,121.18372864654644,169.22076737996616,164.7455245094526,168.98096712930578,150.32008972064085
54,86.82890273126921,83.07141558370118,68.89437755813711,103.66898713647139,42.068433544540675,72.73158838346569,45.79727884438562,14.32049513129627,-8.949203470841425,0.9775378823566143,6.960639234903237,2.617118410391406,1.1863438634930716,49.175450122734475,63.35469305370428,105.53490050569084,133.8198854621654,115.323383736044,113.65249442131041,90.7804541129695,141.23093615283136,113.92599045105177,149.7013709382077,118.10717230456262
55,123.87770257149617,128.44867912687275,49.31579486497558,81.13604132084951,30.694107394691812,90.23000370223295,55.821554237554096,55.14334690042143,16.874632533901444,22.752157829298277,60.48546840872027,61.588297000052506,31.66080240488263,23.08784459261528,120.82765914853758,114.68080051404993,188.27731385536487,154.52253861083113,176.02720727165067,105.48076603331809,118.7756352715786,109.7151254424102,58.94283432904448,83.12097824659102
56,79.91198093889368,123.20773438367627,106.56948850527013,128.07199839576396,95.08550011866522,131.5211235018012,122.64598866497502,70.90032343267566,5.753341006840575,13.949572166056853,32.65314641535297,55.99485283348285,35.0473609973939,7.9597042842229335,14.78545370582075,37.60192310388234,256.11622266931664,212.4658617253395,195.82963188128414,143.34350817510685,113.83652203174626,107.95812252421192,107.17730061640384,88.34024890460609
57,52.74519011611237,80.80371207831496,55.55402861939285,68.11291633381559,65.73061257016641,107.15747855564729,128.02077676792297,120.61508264420821,89.6466072077851,52.164971998670346,77.42597671753359,60.285185140519935,82.96918826612055,72.53262171796396,87.80872808300438,83.69503219904743,92.14964560815804,139.85994139147144,120.49195158304371,89.66150864852948,109.55455864234568,99.14896937944356,73.23839371879009,52.015303985798454
58,24.35415007122726,45.90059295105712,22.951107139242275,33.82172150705047,6.759989724157094,56.678687923034715,46.27431953950448,37.89034152059022,-3.5147185659719433,4.827285228479671,33.79552357075426,94.09745151934334,75.3309840127203,82.54633252998082,97.2640429437354,141.7001966353013,159.67958714239583,154.2177127101283,134.0324389704871,112.46376650176164,136.55149026890697,147.62965363677722,124.978878137525,127.7335477890809
59,98.34774555140683,117.77493501527803,67.76221864998399,110.55375333154433,46.21463203115043,68.59975173899082,79.20898010114874,46.437848413309716,17.383290919869864,-12.722991071253155,25.265034169227164,4.475985757150518,-21.480771618606013,77.0493982736717,61.49732459486826,99.36425442156545,169.77295086888157,138.69911524638118,101.78173572244563,86.93082469787456,93.77369455012231,85.39030607496235,79.82128432346542,102.33605083912374
60,43.93051237967549,21.44223209735914,35.773549278823495,50.139090763595654,55.94920571929083,98.1443418743277,67.34559941094203,23.70518217091129,20.73700882484703,-3.362195103370592,5.3595773074404995,24.25788311547926,15.74252657280611,39.14876877218639,95.95047449633489,135.51127881680506,167.16837535364598,168.999858194056,150.69087156232095,93.5866604310263,127.63970240321939,92.74295820667987,103.78712844162608,89.60518132480553
61,61.471794115357284,78.51034023015214,13.098980757408185,67.90122113065593,85.28354161685462,96.04681871597755,100.78189532783499,78.66492114969671,26.343197222694265,47.689320095025195,50.0106851071356,92.68546820157366,87.00424554536431,70.57602562443319,71.47312403247903,136.1452039531709,189.89913314464704,160.83839077141437,141.31327506992767,141.42707913320996,116.03813604824919,110.55569537971795,110.88420337852764,120.13150115960251
62,84.56155116091591,91.26913009997853,92.1313252799978,104.22595638339038,94.38152383265975,156.71741233825108,119.03695987817066,60.0796506290273,18.328787095806597,64.77162524622855,29.914955493817285,47.09510482018996,49.43615710276605,40.07737673220382,89.4038370138009,105.92422360310132,145.45667756683255,171.88160969154902,170.68510252738383,164.34631335218575,144.71320656065234,139.61478436147127,102.6143687163219,128.15032781959204
63,81.59900681337834,101.7104848365759,85.50208275665287,124.12226803492558,112.59483271971276,142.82857342444981,112.1038657569076,73.13958154797955,28.581812994186766,58.96176364469753,64.68184803708371,73.23119140730427,2.053921735021518,8.681905006860006,45.26345614404982,97.94735846385827,160.1501579862546,120.44232047578751,94.85869864407775,69.72444693808905,95.50436597137681,76.50849503095421,129.16575304434164,152.9658385376931
64,32.00304127822066,24.60168333146874,-2.7601006134088877,55.71911132589469,73.32578459826937,117.83363259645049,103.25925850901467,88.00151518140555,92.59350888527109,45.37797886449074,30.079123127539752,13.425238160051851,55.059731013039865,22.153572950501314,25.68006287052738,67.10816298201014,116.56089853914617,113.40064484485794,93.08602495748212,49.95645340650951,80.6041139378614,99.0483715510353,180.54385664038523,140.91667375942922
65,90.0267425811954,85.77858052922971,28.073179695593915,64.27011933439007,78.88094167472971,135.43585729739544,129.43695971696576,103.04475312500784,27.413983448657802,26.91146801368832,28.673154035274777,26.72053394486652,59.4329430846122,22.084686211926204,-16.45298619102821,71.81448114657681,103.33721680711007,125.93401068749385,127.71260745437124,129.26542775867287,115.04259068545139,113.72114437405794,86.95724232243307,93.07150109156854
66,137.20929538508108,112.29569685581518,32.22529395013561,22.72080682494007,-21.132746295698524,54.6249783412715,97.97797456876935,100.45583796661504,29.673583392121788,32.59610028513113,188.49997093185027,175.979281352505,169.15672389402874,91.1432759323216,121.78767242134342,146.89669180708006,185.11892654821855,150.17875016984004,152.73997692831472,127.29590116432311,126.02159782286427,144.25957360660874,118.7324773649998,207.99381442156715
67,99.91869835510494,101.23672366752564,75.83900672297582,100.06136619921145,82.8888621882383,96.14499136842952,123.43893933828943,63.07959404921046,33.048299600818616,53.7967691082762,26.910925168500565,18.55702230554443,55.808219451049226,56.43661748125085,72.59537188224692,103.25655097362646,88.87875796133082,89.65700905790786,90.88423557129755,113.21540783057849,86.98514657419159,112.1204673206642,106.8100231004826,128.66313547085574
68,54.38487612760787,80.4085115153446,80.83659424147912,48.840680972398005,85.46160300822064,90.16752742595077,70.00098769404622,52.84310250911094,6.585563694667378,33.70389919602745,26.31379876441452,38.38060266333701,24.345744144682705,0.9336257560106915,65.46385601349725,87.06809423267241,131.16775897906726,95.45127713527648,81.35771747461328,68.79029468251245,82.69114698513974,55.41496031590897,97.98506602459247,123.06350425347382
69,82.42355642429408,86.98185666693016,58.80555826584223,116.692555111057,112.49775636713699,157.52534220479842,132.11384096468777,69.22378114318126,85.01924838182181,94.6900552933489,110.30157129106361,78.5669752959067,75.5547048010942,49.80332973509779,21.555320929133355,92.2956170904441,139.033549234515,138.39080596712753,127.99047546410392,139.41673320012487,150.0129674393407,115.53164245453138,153.15412817998586,110.85907670655183
70,76.87173959337946,59.95179446649967,20.87312978229655,63.2116563507168,43.575085818093065,76.88781258675499,46.02911101044736,27.603214017419536,30.524721467021976,38.99499488577301,64.41335615566163,20.79288106138371,2.1231490346758406,42.147981978490876,48.624029676252434,155.10940795003125,183.01871607550595,219.40229802663032,164.4014438256183,108.09622194535697,116.57871911262033,121.60932359697777,137.6009676068278,145.8914333982205
71,37.128291542895305,21.200173357008353,-11.301070397837094,70.11905409512227,42.998873760144214,93.49605277403789,40.418784232221846,59.142371499618406,47.94787106949654,83.24806908283202,30.65760042067086,41.89880015228488,11.700804861335683,32.59853131169598,-33.283839870743385,-76.95161682889442,-14.261724585456193,38.3154161837753,74.27292188991439,89.07310501535716,81.62810203696876,96.0452265015024,109.51980334348407,125.5013002678073
72,88.413819724344,81.75976525516671,70.40338844007957,61.843454104248686,69.30620867896525,54.81203884637376,26.617273905106593,10.072451745058942,-36.38141106914853,-50.27335991752954,-15.114405417542173,23.168598768738917,3.182882640476464,27.518329141154144,11.324210264923522,78.90670231333729,130.41225568667747,123.3239766087447,151.27276775791086,119.39021710704772,139.7773257511562,83.10811922985694,99.71309218770048,141.7161910618313
73,56.21368594718657,64.22114753629955,30.484850172131566,58.784471546600045,16.42013175373775,93.05679294893545,81.19739118355926,49.124948814243496,-19.847335037526335,11.70310454391992,25.771422561635354,48.454274218294195,-11.523465863447683,39.06051086695011,107.96210183324462,109.32300775532673,66.97301682575818,208.70399264317837,190.75181700169128,185.68789525092902,153.85026655878377,193.02908011128454,219.79635080099973,174.5778411649648
74,36.44567722388315,40.44717619592928,11.80684113859855,76.80834439438968,91.23536975509212,95.34526741481173,60.38483694156125,50.112413085278696,45.855140595822604,11.75426233520141,-29.534848191182405,-25.090165058080892,-65.55106395510902,-67.9042982916968,4.2512436976067605,45.84708604894442,106.03606292249206,96.47240883264023,57.43467299035362,73.00627410058735,76.34999776785354,86.55584547571814,104.40876373816602,136.97419189291833
75,104.57104467153616,93.68262796079412,54.357690320823856,85.28460372610793,103.48360725032069,126.31379603215787,94.1674255394401,73.82337759642681,41.93828222564507,34.21014892087188,45.51352927472887,10.544466488156132,-41.85466014483765,-41.74040098087714,40.45274960059582,114.93070948278886,180.6506259168981,168.81589443484435,169.97696618784818,129.41079663129364,94.16711575088944,92.06857695396948,132.79001545569133,183.7746132093465
76,40.821607864938024,59.42456675046572,35.47315397451608,69.75156252349367,92.97375976720164,99.15571459493358,111.92991671937423,100.32225685972237,38.77976966560334,42.6446975567157,40.517429291373716,66.98207858997958,69.47472501858692,49.96031885907465,27.660051620872654,107.30528257221664,163.875107420701,140.0022983559621,184.8452772678944,179.48931013646205,128.5080384498067,81.67329080513149,93.00740034242065,105.14858938098112
77,92.08701196043907,96.72160218273507,21.28477857601528,51.60334325189682,44.17004708765841,109.06538393820094,79.2402190952036,67.1111853132468,68.7089570532912,83.64926493994108,-6.528578462235437,10.939607206498415,17.548904047580617,17.19871583386794,47.05560740297355,83.8150272225331,111.06183274981132,140.22766799232502,85.06416231037105,71.75823086490246,49.340660876784526,32.56912920836338,59.88464609708306,70.89995335797192
78,98.12688379417409,94.98120417896396,71.74333645000353,64.7588514733001,45.97245013959822,63.82994375704382,26.80027606790763,16.70218559863204,-12.917180330842385,-3.9686407451755237,23.879200809050683,-3.7529693721358868,16.623847731638005,1.8685473770232015,39.20586371563886,99.48792278558197,270.61592860873395,245.87254191056434,185.1268154577004,152.13631930690968,161.31581534855346,130.688465436655,116.8707079096658,126.83188684177838
79,91.8605646302669,39.26945064242247,28.72044315536497,87.44527627934181,48.80456508209499,46.55944676101623,38.98546119654408,31.854145500472654,4.585646163756259,-10.987671683917469,-24.386163158435743,0.5424203790407276,9.270840891495567,15.610805887274875,53.372560480427026,161.16545637366,149.20033708143558,163.8643711390915,132.70938475118854,76.64063736686403,135.4647738972628,117.42909813926391,178.76871180251572,174.54266938990136
80,69.77336077134487,92.79898838377413,47.41967164293911,89.64346547899322,95.72817826158983,136.80456959679861,94.35179740151175,73.18155790968828,74.41323096670067,34.225142085205135,28.250533941617316,19.867235146191707,6.856301966071719,-5.651624222657102,12.253499902410077,97.79896741693095,188.9425058513961,145.84364494624745,130.5450920617193,77.29831529323042,82.85369268761171,68.92148249878494,122.19572147243994,139.5790461970439
81,102.39659718870755,63.26113412185173,-2.2157050254563515,55.61822213124013,68.47854388659576,95.10341887844571,97.66698268488264,19.177380242945468,-2.557635075683109,28.986922780959368,29.896113328607406,51.989961775095765,67.6579404820815,61.301814662791614,59.359956294669054,112.73828080410186,115.43978650435749,139.6803645727078,112.99881582066607,43.674237176420164,112.99715287559985,103.69735650628257,97.5962896060926,88.36593581516743
82,88.73311554353305,81.29181941680463,17.51941188092306,19.64656061987707,11.157201777880843,77.21245281903717,69.91785638455315,69.49271894185156,-6.611390980570448,16.756107420758624,28.270576844027605,14.482000311358945,-4.173687301809508,5.263435361977987,-4.855622407740086,78.8270489870234,97.22851001253139,90.21829777438779,122.84105294552654,124.43381176423722,156.3016119263377,182.62452392681627,171.9956738652943,163.72864618009527
83,102.8681114045721,89.80078873225825,43.27589842666303,66.89394953439312,42.374509880230775,96.75171948653754,121.46440497056088,56.191550055207586,-14.096823393229897,31.49641374173911,54.838449500140925,41.77047834474682,47.22972018467374,33.28615597502668,21.75443260679203,66.42197813402821,121.75434183738699,141.14042478089843,166.22822558493962,131.71213923125305,184.2848257228194,152.5878958910673,162.4461992037099,169.48627446005804
84,98.72316269823267,131.1018261238241,70.12465054492797,74.97048438547917,64.81634791461501,85.46196229906123,91.77429299974723,68.49429111404226,28.12581045748824,20.491144729346907,22.562832183515162,30.94789389616153,123.29196330277583,93.08889850885869,93.602142842208,111.1442812861267,128.556981932941,170.69021039762433,151.47591607278,100.01790159337216,47.71233142473248,64.16948288775852,73.40673243864,68.04723533874929
85,59.87330561634541,61.24827228220415,40.21535163333418,44.50100354210361,6.9352525481594895,84.56383341659539,94.97320599647779,1.0659258940127998,-10.64460163034176,27.329469052581068,51.425946499120116,30.85144886403789,19.739623303371808,-26.712154221125235,27.46688211441119,88.88689942142707,159.251501472322,147.72131136119032,124.51524129358027,145.44798633852517,132.28130197106728,140.56321684170496,133.26685084336015,185.06960642415913
86,134.2470399244187,132.61940792103755,123.05683696293906,149.48767998354992,88.2810331648205,124.02911106057286,75.53285302945713,49.00828962897416,52.37231521479484,48.543960147097806,51.18684032591071,88.28523664297425,67.95695496839662,53.25537641998393,103.84556465208846,152.39948802574398,156.9826832745436,167.0190091615272,156.98998462015862,124.90853510009389,151.90797159214523,98.20723654500418,148.15039726531248,156.72289116319794
87,69.82860906375403,73.78604603042666,49.45621683672624,88.08333851873189,45.09214726064153,68.01549467834208,92.43726501826922,17.18987740078378,6.149446915373588,13.66514570179944,39.79539166827111,97.85070515544513,74.99747069905055,35.67059607621405,53.26800199247101,116.31711600621198,68.92987629299441,85.47180639387588,81.472540112305,98.76559361489329,123.53936684051843,133.48754941466655,148.22119550634673,145.53622153345094
88,154.26625949203327,110.08986895781732,99.99809125949002,128.9572728912024,102.72331610783706,130.27295418788526,151.2323459697834,104.62498641299943,73.67884084469883,51.57496214518018,37.30860039304046,22.029057756868866,36.62223971006261,48.31165564771619,45.03448515846151,65.67031774322041,140.92324733361986,117.86788088207591,119.46922360994594,109.31145554751865,95.44594272195638,97.94852875716204,128.27010259816615,149.0985744067803
89,89.8418260853106,94.74864213892482,66.3074320868339,101.95486257991661,85.08896881293498,91.77434216436276,78.55115442566435,54.732285064639214,66.91563801659726,88.04418840256812,45.42318642278675,51.23968384647596,36.340523757603115,2.427927942047777,5.910180779025858,-0.696632514148618,82.85427315570514,98.68897239071194,115.7909945060334,126.64093903697676,81.96870515189062,84.47071242753582,116.33630124370252,93.2607648604478
90,58.93681939093395,43.87926009618659,8.810184134176183,40.52588566684945,17.104168288410946,53.72860382523023,48.42314410118907,3.9758413829079444,7.655003556625893,31.530970675456707,46.03595308905403,49.08981761779629,73.99516243627204,48.31868514971377,48.213904457188605,92.039251044468,162.72108300897003,185.23110899953917,147.7318510636652,113.33916986542042,100.7782804397256,124.65327908921029,108.28108823404156,108.56378335937293
91,49.675509422079344,-9.386002412677087,5.247655133948392,28.19271238841243,35.95525572789602,60.642177921418835,66.673741630784,62.00019777627986,8.262664987249877,58.97917279415165,59.534441860071894,81.87821927308195,57.96550150190426,83.29795693410937,105.3170399007233,142.92064059880593,122.00243725225275,94.79105999578735,120.10532374984896,102.54370495308413,120.9324922822351,79.84779474444957,151.0433529412321,137.89999186057562
92,66.82978889260434,58.8655165562789,38.4567049343227,23.281521921612196,13.772948436523741,37.5026017464561,22.273165480572416,12.709369879958196,-1.9439630731479909,15.485394338735556,26.82936987955536,31.99277534763999,31.117379686596117,10.394054235330461,-1.1367212441823256,13.558566648032027,93.20471053192853,103.92620830507077,65.09918591037481,37.094072683560185,57.163824453504034,60.79128603793756,110.83230825331765,137.01339046465006
93,78.48843258971552,81.40587019374871,63.856158320660796,64.9829794055017,65.90159949151052,80.65921273697731,92.81089677627594,70.00146163338519,0.46774009910556913,15.499686688813625,-1.073885533772554,24.98052337608392,19.259525022083324,31.4702438842125,50.57049875414784,126.18391824694805,126.0962673168467,113.10628285115372,160.79956681013496,150.62781698097487,183.97516138577106,168.39390490434556,129.49077856336947,94.88019420748107
94,26.040567388457255,39.14370627675032,-3.3928494808896588,41.932978245806794,50.712275456701676,76.67379430261386,51.816719425549216,58.406798896107205,51.2657081491489,81.96317406047174,51.24548759245461,58.136608634018394,57.79618940401021,72.72340728789075,101.34723219765084,148.9848421317115,111.75433518561692,149.87105308621932,160.3451058222468,118.80944021961704,133.3339834723459,126.93889793588217,145.49560335298744,147.45154488394857
95,74.64344035231862,80.18196457344038,52.84195189703564,74.01180595739744,61.05804715913283,91.04836683610424,74.52968678259565,71.70852190644896,12.839302199892304,-19.46476543981806,-4.68244625514523,26.318943294228113,-19.97172758025387,0.4581212842679676,15.71746629902848,156.3959863282622,184.94647352189284,174.99910460512348,160.4536896504173,125.7871566447752,94.63844299246759,87.35743256914637,112.60835709633518,131.52785090429668
96,106.42838524905005,113.62277595348439,58.055834107980715,105.81752076318668,116.90372609233322,95.54586216425045,49.7868133179971,40.025812053697564,0.3489677582535151,-9.14385549841743,54.122653602606995,50.87504770045007,45.516019261859356,-1.387262609256144,9.039205200934227,72.05677206322292,125.16450705854793,116.17860916599238,142.22609015782376,153.14498355484653,125.71306275165338,123.03728460971385,153.1289645020794,174.9890018350324
97,35.352479477151,84.90223593455588,72.23991677051194,119.36086942989657,53.73562395349478,108.42058468094164,111.58603708871135,54.81156505511933,39.987752007137026,59.6192650546906,45.61436795735166,38.48239979019216,8.701106829779725,22.904525119088923,52.67311218953722,76.87508740335261,130.15947675660234,186.72887321487195,179.03043191580622,123.8975569069554,142.49906267097816,135.95527494626015,153.48163650100713,197.34841281504475
98,39.65782867322113,58.46652280746068,27.009533121161084,53.06592949753536,38.30486054661583,107.09056288638442,77.22163538262039,33.646686801573765,12.128457553972288,-24.966412723094813,-4.471747914195085,23.04392613623718,46.373383948189414,0.3457108645530056,-28.639007670289622,37.058603482553906,75.02098735241401,95.14325134220837,110.98552278793558,87.84275308081078,116.58038939438316,121.33243830006899,109.23500736057593,146.36685827739672
99,96.90454288955867,96.64029032304026,77.66644161504584,97.27350879861595,73.17997097921386,105.77837312406652,70.72044761960974,81.84755415509278,1.1384004010798634,-5.951244364802399,-30.54450025924168,-5.835695692229116,-17.24402987641963,-11.359021996220445,27.796486681977893,121.40511665730148,161.1704188170242,190.97030992991643,172.04802277237343,141.80091917006504,139.2566727718121,112.23682231025293,98.89569830992764,108.37436061097627
100,105.66105980421243,61.36333021667866,68.0112979721934,76.15839821128775,34.01116714961102,86.58263482993347,75.34647212752839,47.68139806971071,30.02400140472436,14.7913646266094,7.868919022452836,4.440839697965565,-22.55282374127121,21.8186868765407,32.618720399479585,94.6746941774159,148.71842875045854,153.42927047793486,137.90356303505158,117.06780181618761,189.0523074049704,154.67752729825037,156.23761232539098,148.62424011172388
101,74.56358760896322,62.23168827236755,23.911052156241716,76.28710334573601,64.03094284300121,62.06308127445966,57.821822355375105,17.15869482410669,36.53763708716277,40.82634215023677,36.59754846566401,49.68328403299079,1.6773309520147492,0.10243950918436084,53.03024579127839,104.28282226272448,137.8494884913844,165.09235864708842,170.27074241962464,169.9894599370767,169.60139037045892,149.9304867650216,142.09362703098805,126.10776780156628
102,114.16599503107135,100.76948257039936,105.85791673422192,236.57625130826395,129.89313358183284,163.8516167048947,73.874644738677,51.64639296404594,33.44436386433603,-14.559551545292003,25.511209721611568,44.018556764953495,49.58900605669733,54.31549544593108,65.96181388060577,123.3034919742449,176.30745566385542,183.22661503474018,193.61386499443336,110.68597958042406,169.15480484846842,221.42779473807946,160.44010464127092,200.9409722577521
103,73.59595053670277,80.23156789197446,8.13303470375888,28.98842920861121,67.41022711245463,51.48340736645702,76.90690168668043,4.190156551432281,0.8033543135764631,19.716848395055244,15.653071714381419,-1.419976480244749,-25.166637311463575,-41.05521978348378,26.386744959319223,57.29723264734733,103.47841092777466,130.5722885062546,91.46692882970953,126.96507282897755,135.35434584710728,100.08350167160633,104.26727668982707,151.9663832745185
104,22.68514211324967,33.94013539011656,21.00661459548617,48.898579593301825,30.431908992774165,60.46643464509463,36.98729618992986,-6.0848594102678675,-48.73896058699361,-30.9374270720889,-8.395658934169113,-33.7689739527088,-53.10282673990005,-11.546401941081346,22.41801437454417,75.55251774124076,118.989761353147,173.74663431942696,198.185596155626,153.00600539546173,131.07510273520253,142.03922807340237,112.10573441526684,170.17044897942688
105,88.69524668043884,65.709563452307,-1.5651843333803157,47.356616380334444,52.669795648152366,117.42975796118355,120.59248329733907,104.99188335844283,62.624678561200845,74.74618434290323,59.553747072289724,48.38790700203535,13.282239778590604,-12.918392758330302,-4.044937545484935,65.88054170868125,126.94607838119838,173.1192416765952,148.95918619340264,106.60280683152514,96.9059080298573,98.60493332123698,100.33813021426798,106.9491369611269
106,105.7812992106309,91.41749077064654,33.510437111452504,46.71522755748637,5.435448788440183,59.5920779197822,70.54732765802636,62.86901564409346,26.25110303914306,20.979043564301538,7.042004840728499,11.44862855440369,10.345320670023568,-32.12715047749573,34.99069808218219,121.28205947715941,152.04354664366429,175.51752471902563,176.50861304913292,123.45897785722585,157.26722176844942,152.12525022627267,92.67696555996267,94.39697535048569
107,57.203129273496955,73.90084533938216,75.57491628661231,121.35600893456173,84.58913061214253,136.12498509220612,71.9364792083773,52.34579087440399,18.911980216943878,-18.690074553658782,-31.277913393166195,-13.959553226918167,-33.822727450304114,-8.721970037096359,-17.963524831101246,10.35981526362363,76.2875202137167,93.31348296418088,111.12341243079896,57.178485561786175,107.31330798626146,118.8488351255513,99.2047261728782,106.77972326051719
108,61.85265113370759,88.09693895847145,90.81379091276636,87.39772135888083,29.551627778128232,65.16072619984641,86.98428314947132,54.81804900908767,1.2050069516790352,-6.33176880707628,-18.113542968527568,2.640110688751463,-21.15152075922461,-30.636000605767375,-2.6358312964063657,32.80780354776003,91.90753281142096,120.13425334273981,108.16186985681622,100.68324293605437,108.4630961618918,136.4299914723221,115.7019984800726,117.51733991258016
109,46.21987066088549,53.29473709990815,19.838219635431283,48.75521267961863,38.63635491742006,61.27021569669712,64.87894667871603,57.018708427384624,12.26203045935505,11.784638156447304,3.2547784321657147,25.279646746065676,24.52997892467009,10.882078959708263,45.82022829774304,92.79166852772565,148.51382616566113,122.05358104043864,124.83845786408405,136.46568390316548,122.1856761659643,100.00387392611394,165.88591292005827,161.2352142151128
110,65.96191571073363,82.80262435430207,55.03337211605699,55.94801586109209,66.10558565005027,120.58361056549265,146.27632719339272,101.67297299907516,118.518335247843,85.02771155358047,51.84990183400805,98.29374689559137,87.74252374236654,53.47155497396459,103.5587110542161,184.77211892237762,152.82878649293232,211.2599149910283,184.2347169137053,150.409091730826,150.62420869947871,118.01946667621196,128.4406984911733,112.51400467727964
111,3.0575911698105216,13.927240545927404,-1.708698779043715,36.34727308157174,20.37875430608085,74.2458248089172,13.895754324897496,36.75306496017093,10.171725481550208,12.788900987847635,13.580749959352858,58.90367524090233,41.03619751460387,-8.751968933523255,38.25163088395806,96.10185066127212,160.91405773320253,149.02608964480916,110.53696386038966,97.47806850447454,94.3779591091933,117.60383637117764,112.97480320083548,124.36534156268345
112,80.24390436369492,65.67875106575727,66.83646257984998,-5.753765497331301,-1.621424379764207,92.88636533692954,87.04323168024541,55.08072583349256,65.93669616128078,46.852906007544156,59.001030259144834,110.72747222873414,80.10368927157666,2.9066066393394188,-12.779096666548675,43.19564788177131,63.80371769985409,70.8684494573654,90.60425798057912,135.8022124999523,136.35838131756975,118.37902677523712,77.87338079327594,67.73014352297787
113,105.01089112191468,115.78402419602241,44.744018873157174,79.0995536062447,116.57835833731575,119.73349040716133,89.10932895458546,68.44721900385488,38.57030884169878,29.97134181268615,33.10294521581387,18.954186215819355,25.659451730185452,11.09568701943859,68.30003390920874,100.77462016651035,148.67319212520857,141.64536238274988,143.1719608847557,151.11315273688717,181.47305174377334,202.39060496405097,205.14730254063025,184.2298045590203
114,92.95552357055755,76.41826626888302,63.28560126096765,61.588470319567335,14.939298604139381,58.43433790722375,38.90737420805491,23.050622184723565,6.6879333089740385,4.9238089770003555,28.352917733276392,-16.199970500897734,-46.863628338051285,-8.828646926784618,54.62848638168661,113.57186826897566,140.77898124670767,104.22026301131962,95.406779466694,107.43570738810587,125.05467662833273,101.21299630754001,135.70724914798282,152.94280121258126
115,57.7990899553575,56.76958840298764,70.74854832718356,84.61269535697642,50.51243120426777,63.907525788003035,80.22903178542555,69.34284282041855,20.26616702320449,31.530077023559787,64.44797399751769,95.37816984056906,59.62471604836423,47.78938760506189,21.842777810823016,44.46389528063828,134.29756701360643,144.9891393010264,142.5225378092245,149.26708464047763,169.80423115596838,150.94154755432524,176.690307128451,200.29919997310913
116,80.03008038690173,92.58143778222842,67.99141019998525,109.54479443447264,82.17789115231852,114.74670595842082,36.54671328986128,44.217407420679095,1.5661764744618374,40.00659195840089,10.137814425757881,60.78326044783446,55.715137023637105,32.223777332910615,91.06012096446904,105.39462150984676,151.3166496446226,114.7029304488918,130.97144733418293,103.50440924595665,118.76392027313119,111.83325427097886,114.77830709937184,112.43926348838525
117,129.5711029077494,128.23602695089468,64.57614662200533,143.47795735980594,132.40304922894882,161.5061138334415,129.95532091531481,95.62236454148643,41.29961612858664,40.407401102538124,61.26926298416169,86.50537810530173,16.620550163454038,-5.923440048226144,15.540325425512044,132.9940468298398,168.44085755271306,138.7910685954763,131.58570423426207,98.54124241290734,120.872412306554,130.43429970486466,159.22783467037104,184.76622261966986
118,81.78275463010698,111.21976786906464,63.48841562208493,76.70627400999975,26.46914599119102,37.8247734300933,-3.146736460792269,34.994385495109114,-35.341649077579376,-3.248895499759101,16.52907746158779,55.77021706503241,41.679448199224915,44.99455575074557,60.88749402140346,117.97907152416937,169.6282103097448,148.70313388149944,135.7170572147866,140.59284399763,77.48351197451119,52.80098150500446,44.94333675037066,56.230442905146134
119,36.3005730154001,36.64379427653457,-59.03298848298288,-23.714111959473897,-3.5814742921096965,49.615996123541805,75.4886729144125,85.80941851163792,36.90674624219819,40.086238761381864,90.48654290095737,58.69330121506458,29.75193004948362,17.10664422959862,50.68012621948487,65.5033607519376,139.15306563281942,144.6399413796604,168.774562536043,132.11812676041288,162.84495217554235,118.66000187037639,111.41914585425705,112.75059051820388
120,72.95503513230612,59.54680376733878,81.32353631671623,97.19922272760215,68.90095453742127,136.31671806596688,134.45658355404987,95.41644792137866,55.56036798825973,19.468000018709414,22.63497899114395,60.67393261834251,38.11029999337927,26.800661412491444,45.92324640922106,111.17588554487787,150.92780821913604,156.1901354835121,124.74494919176003,132.55129905444548,116.28210491848685,26.67328368564668,96.53766777066139,139.98149482125052
121,109.47977353073156,126.05122382007963,98.68396180315878,96.34284897039473,50.537233147389415,84.77519275744697,101.98678072920707,48.96436374229816,16.139547740232434,-0.2935479175786071,1.46545006386728,13.056795977464915,-33.76838687696568,-35.13715052886933,-6.985765805558529,17.00900755955537,91.39313333600808,134.02163199269108,122.24385441783917,159.83677322702167,156.25963996850297,140.65418172642217,128.21340297469843,118.70741387745827
122,115.60486724872976,99.08257250000568,66.42520567142046,80.55056971768157,57.85453614872355,116.73354675687287,114.41967855529106,70.51258337550387,41.64756416959373,14.059672533698894,66.08444055250236,40.09920257702983,-9.879494006683515,2.9347248308604,23.2462259444422,45.74736419714924,126.85285217370996,170.0625282548839,144.4529183680882,94.05579803395153,106.05461904343014,63.9309931373855,61.4774874996606,84.68198790299476
123,76.9403035616718,48.39389520195157,64.68333028619551,98.70318920218206,92.58654174674462,94.07411985314567,83.96901346596886,87.81376851134341,79.56031206492732,57.951000020149564,73.68030266208618,81.65995060093539,-3.0392765403519704,36.74814825149508,61.243445325946844,152.46971656183092,203.28419961837545,209.06106816738833,196.31078796457516,152.80673911620372,150.79765308632312,162.43115529331686,199.8988002212448,156.38318387647433
124,203.026788468827,190.14015656849645,115.12268944882408,142.51002911707536,113.07637392196352,118.96921487656977,65.59622820160638,35.614960629659635,-15.72904028630873,41.843822914386095,36.94276045162362,92.60292115326041,72.12801386620487,25.473338966135714,91.6019081584677,100.67419474818732,137.15224727597348,126.16393018293273,137.2212128175137,198.49929401577594,153.31856236850984,136.1556626005243,96.60437315625873,151.39502821849504
125,101.74711559860069,107.42178631762592,82.5756223818606,106.92711646073442,107.90064927883435,131.43469946328932,102.95262651088292,71.92218688436566,34.60259047144917,109.08691346289447,83.12722733378536,35.078463274114725,18.836892022784752,-18.55177349505924,31.185201740889767,107.00586633161403,154.60252695812935,176.0258380665129,177.5105927750455,173.32657488209196,156.0804685998913,148.90417836309982,166.45263289968565,90.46391665201389
126,82.21686109142132,100.8646401656052,45.67624289030279,89.03266511746703,152.94542646444935,203.70709643225769,117.84520687022332,84.55815932626322,166.4093987104581,80.75608788335586,73.8476101175068,110.99614221179041,63.52572059038087,45.602149621928305,66.26396561252312,117.30020537275215,186.79888386284233,160.7935559352615,158.09896091586845,129.55940978790773,114.48870042759886,94.81471542703818,87.66725975208831,104.00314860531321
127,88.30883534498439,85.1888717745794,107.74483716825505,151.38094895226368,62.52333273222575,67.90783008518919,23.17453954839857,-14.577540201564034,-3.6057515683404944,41.6124282643718,20.555213101959904,39.46525406834168,64.05602407637802,71.43543149695208,87.61787599186528,125.13621869084085,166.91663648906822,138.12281492489296,120.58707850313046,63.209548768653114,77.7288467236531,97.69867196659956,122.34708001979833,131.30623298340763
128,61.88960213125832,29.899081648287783,7.515886350469039,106.52763253972506,38.02543774652348,44.591227135449685,38.09279387745622,42.72396231804481,7.247673197037013,46.20600217981157,48.14501056989565,28.292217034129546,-17.940847231814573,-45.898525158094316,6.2533743167582685,67.78130109490343,93.39459072748562,148.42534471663572,133.68016051167876,138.4437581138189,176.37174581072136,163.4296572034081,157.70780883060215,227.5553927968386
129,125.5282746999147,108.02096028703973,84.16355161400388,133.1925623632684,96.32204236879306,46.11822547318829,29.898958525831475,36.145334011838855,-32.966821581768926,-10.481534866163543,29.601389604357163,40.17057941242637,60.87945478657644,32.30556383932665,103.038116997645,111.84746251550021,136.94474387707885,176.12246337685366,146.7868534387006,136.26106990374612,135.42753317169678,111.07293477481595,133.8241122558849,148.0329732802395
130,117.3935906693385,101.66807889983514,98.67659053344829,112.36752672677605,68.40044558313153,121.7959438764443,124.61398156884533,106.95095082513623,68.73613184115315,61.82803111851882,60.85083727081317,31.025806574129305,16.65787707455724,11.91728604513535,-3.018216351550059,17.576011037229364,85.15722586683557,79.18917572095992,121.09630808986978,125.51111712760819,107.39399365399922,109.34362088979061,109.71422140068684,109.64660691226203
131,94.05796298427077,118.69878566401812,131.83191844138844,144.5906588007409,80.3943215927143,96.66785715968128,68.86791390881244,59.06717331650585,-8.028699683063216,-11.71004483413423,-42.76931939695213,-1.300592966931326,-10.758049871095096,55.352675978138265,82.76852874758414,161.3212939022994,212.27194227956693,230.87901414894043,207.69468122739937,149.99785797243158,136.89322601306503,118.2691199522115,111.25431165471235,107.37518001691537
132,67.36582885718667,95.9640780431222,61.80328653358907,84.26845127886357,70.65173985903479,79.55821802144249,36.63661412345771,57.17850136344999,43.044512253636164,-35.4034957070975,-22.557039514980588,25.58927380451201,3.257947117404818,15.529882820143868,68.30240208515114,119.35686706695455,142.0412615566228,137.58013321056788,119.11503993314702,123.1779953904874,149.92724825519767,112.60922316802919,83.39719683479302,100.54040618992701
133,77.57365841247076,94.21809700576902,59.64341579911765,114.48838452812205,125.02795990235238,132.97524442133343,154.42238978165727,112.74530650177613,41.898193361729334,48.14144334593304,74.70428802200789,48.271831585654695,45.52791163176976,-28.099760106847437,19.51847379129095,102.5442015801184,114.52705115276368,142.08709427156123,110.05864658673833,82.11765394331408,118.42304709986618,108.77317864536839,125.6189233279302,98.00755548500554
134,55.506035544946315,20.729414051905906,25.36188605426662,50.120542436184905,63.19173663738347,125.96987282143839,113.11359651692703,146.04105045906374,62.35476694019774,54.12773685029078,15.12801841368097,42.85483756626858,18.11105799052311,10.851772244972885,32.37556447856485,65.93366956169372,116.11959537951016,114.63136100332252,78.75895056611665,55.602400022540166,93.77515016031566,125.90053764736986,112.97755267790563,146.91752930286958
135,108.56165980773622,75.08116246439857,29.01260148151838,73.90701248599213,60.561383876719034,118.51955109033433,121.62860023608877,106.40618894387612,53.28637739886253,49.415935454894736,49.23164286419103,69.47939051273985,70.46084666796432,89.06133508791794,55.06691468307076,124.92001769750341,169.48342922511395,175.3322371514468,169.25430216949206,237.90900901964756,212.26771644241387,158.79456921793087,129.98706949270664,147.5452250304279
136,74.86667608977227,111.159638069587,81.43658322423026,124.38362216298763,91.04532563087326,144.3187072406803,101.78118930864775,43.65920527151215,32.67250193656545,23.191851667915824,62.339409968739844,146.57417145693577,105.26793323786681,95.50981768679151,117.68848693360721,107.45623416847124,179.69287505604433,161.70557099918867,127.09642458634598,122.43686354530186,107.95967955805659,90.93821491797071,93.16977227665829,153.12606365379085
137,38.75715648113936,73.32671811951965,16.711956162562227,68.4521416754124,41.66304545353442,84.70981379963864,81.00093977314096,80.57617115121916,18.732993243097393,-23.86255037591281,-21.412590923420325,32.41447980060394,29.692445358760246,-11.82659278925529,22.94026223592452,74.81642529104128,113.96303276239269,131.56079149826292,124.27472467192234,113.60509735821188,135.4056865914248,92.0841818632195,80.11645226568919,110.17549305858411
138,109.86581190222202,57.275739442282166,41.89182295218259,50.22635607519009,97.86030960164419,132.52993389324675,124.68034295320977,32.352526660354215,-15.298301316036216,20.22828566897643,10.106920986079412,28.93712209445508,78.89696120238942,47.22791006510665,36.392037097357104,84.01765160672008,129.59172864921328,321.1665252428154,277.6078050983439,182.24342172327954,175.14337903486,150.41252645354166,154.08831158248796,182.50486994325885
139,78.25574516604735,102.97726333366069,102.73591096187559,110.52532319735369,64.39312288403693,136.58118961446317,114.25309577793931,98.60850592417441,32.5688761403965,72.98497477106397,54.93558846633342,60.468959245401365,60.570349462035736,127.75648170004995,107.0921339132906,126.86321531485544,163.66943663996648,135.17172348565535,130.73597262339624,102.99866881501862,82.3373282442541,59.300127402543644,69.98799192265301,125.26285749131944
140,118.5493828255006,79.06324861840635,42.96829918331652,75.12536281377844,70.71827944756487,50.90751671281006,35.07583743267726,-11.297691985647297,4.315045468181886,41.747677010923326,32.88148367213938,16.08596430901162,11.988221069421044,-4.645757516746233,76.16001232967643,96.61355285613044,125.35486424425723,158.46367302311643,142.11828106895766,101.68439402987246,55.840728228578556,46.16572365705525,104.93147942279882,67.46407395618097
141,133.57869310491324,146.91915228628125,63.64591079086929,70.86558535852822,92.44055774109013,102.07768330291148,84.38370099266865,55.132686326955664,8.135088383172913,21.50027502961674,7.84864814178033,12.535521745389019,14.267502228460955,10.773098931403656,17.74583146959517,106.17518704775266,131.34910970827067,119.14523675033506,122.77628424804513,112.96719006280426,81.68993178735113,53.75561881748888,85.14895976931986,87.30331898349988
142,58.44334058152519,84.45595092492022,82.29882642042526,113.09855404765392,106.74395495674068,107.09576666771196,94.77892713244489,76.29863791531218,27.776738100323076,28.729953451649344,48.52087382684524,90.9774166132141,95.14715200698554,31.00442863334119,19.986106666821243,93.05489304663574,141.40860876668467,123.43223367016293,143.0407252936419,106.7533805120088,172.79335095268272,115.34437255409813,122.1976326222164,169.08054000186803
143,75.5328895060296,100.86629405439832,109.76836550835205,133.66566510070987,76.548753463188,116.05181318976697,72.63540596846357,57.03882863237466,50.5098657113668,62.282995637772956,32.08307509444218,18.136946357284945,3.2646132211364502,-2.2681414813094243,-10.738233578389767,36.71916443380966,55.49091883294659,93.32386522595301,109.67266486918857,128.02637980524395,86.89275246161093,105.83967895206521,137.54037125891668,162.19260795245643
144,48.52768981883915,42.17924813378035,10.094646820652507,16.76643270959765,50.75386730915373,114.98183229424646,91.28320692624716,77.76086331903406,73.25677533964154,90.45678612986109,88.12257560624477,83.5906991307243,35.7284546747202,39.79828636709727,70.21355906991508,58.446342247947655,126.73917128317719,156.48182167643404,179.49103224781038,134.38396907110786,125.53405186905327,93.64162790018582,132.91924086281043,131.39495356089168
145,49.344742113891016,81.10972114419768,60.059500921139445,32.75780675139501,84.21209919658915,131.46497235150076,101.59818952012752,48.78959811095933,36.96208727043147,10.893703354869992,11.007151059668043,32.69180590689416,9.594430705303658,21.98276068473799,38.336369858116456,45.775373402478294,133.05060576668052,173.14971352327495,151.22509831454946,105.4641948528324,103.10429468412237,105.74446404156143,127.20049064991738,153.42866835514204
146,89.56424187231406,103.05509958742167,86.43801733485148,62.9824444502995,49.792571941089676,60.631586842969774,37.86306079417655,64.36252312706311,9.786447548768543,-2.6745951800992884,5.269786938394386,27.277682366007323,-4.773649136246981,34.300378427337705,69.80763873158867,129.73047934211957,164.15694184281926,134.3357008753847,156.19192409311592,169.29795900061174,133.6402655440467,125.09287957950036,122.54613775007876,91.48805868659355
147,76.10761286589144,32.327007472837174,2.1178960796962585,71.64752123894395,43.10788056741499,69.19950103573176,60.25698838731977,69.26055485196241,-0.61891856727717,-33.094670883506346,-18.22181956399885,40.776960994025075,17.877669475013242,39.62961671369233,84.07377254564099,129.41495769086885,196.1777591003787,189.96722051069742,210.64423340264582,186.13960645540385,158.0824273163205,148.09534856265645,137.84147977553792,142.4486123693798
148,68.42034219907684,77.49389159881149,12.867516121363742,61.23296328181511,15.264394505234357,29.05437483916083,45.3806010625139,34.16482636034441,35.25018047183811,115.73343763143481,83.25295407036637,73.44660250627273,46.884320081579034,39.67924865570952,61.480170375672365,152.93409600489088,223.90273566989842,223.55919620156615,161.0343241483327,120.70937094130731,157.33817228512953,136.25842305869926,115.94454356675821,138.023564096226
149,61.962057281429495,56.935555663800805,8.381334590370038,48.858717629761486,23.938580509830118,84.0285027613215,55.593910728892574,159.5436253103914,100.78200317909315,77.34790600262019,31.065219556713977,16.861638221991317,21.000930124482288,9.3972464380095,7.305811963869125,108.60122696358863,134.09757247671223,180.10320666438247,167.9019671059899,104.58401745550758,175.31347205066436,118.36572615121298,98.42693912816787,90.91094647346924
150,82.13758817712437,90.89303733817196,92.02273343346661,128.6564142330622,92.51461924353299,76.74049998218065,84.8863501529076,96.60928217296839,79.42405273161904,51.441747436114376,71.64091625971771,60.996689871088385,59.96198472334194,28.545897564843706,66.52578248150849,85.34793626976223,162.26961683166087,164.11353651804654,230.11753849677467,191.12871198436017,191.76663453560724,158.4052598235246,183.2124461047468,143.4688357515657
151,81.14949639867343,70.08783990264534,51.763610477227076,52.235679394550324,88.46333526801831,92.5021527953124,35.35171453278935,20.303182517707775,31.703246121721005,60.59089497035395,31.83711089508457,31.584539434593005,13.845336364649064,22.489472532884893,76.30865756264474,100.30592292281469,154.1969763492746,173.44681044335374,159.78305968739056,163.58240398881486,139.60567087892517,118.33031747454858,135.79637152326148,128.43929590594834
152,67.9268983070064,179.50817272031014,154.35493093660597,116.71063408573539,62.730046932768886,100.33084756515534,80.46898979590574,22.402869909073296,0.02997964441045653,7.432659201320082,39.20170676870758,56.30045036499985,47.03696298089464,-38.27874384304971,-5.9285390783767795,78.60341973516029,105.55580654669333,105.1820695712061,99.89646204918554,98.98979852503086,90.27679767370871,66.7411721908201,79.4368715045334,78.77211541347833
153,44.82865053213832,13.217000369959166,36.701072050806715,60.230774852327926,51.86693342778619,139.3469074379313,113.202360313081,110.15470036951785,49.818998294520675,22.981336212178213,44.67431682037531,51.16762722202243,56.02706133628742,-7.220462616121292,20.724715749137214,86.10433848366893,147.09391421667155,169.32213846047904,129.3437437463022,127.70537649609474,117.09306633749554,100.59471361349085,134.48397231830427,148.46019996934294
154,120.8060424037024,99.98550495804662,38.446699179142435,81.56903269490105,85.23140556611028,98.39412811566667,67.36208691950618,19.057408714272103,4.619938962907479,-4.479935400296391,-6.996085613763967,19.904693934985616,26.732102588560647,50.20784581902477,69.05698796098093,124.2554020401486,149.9280087327512,170.36444636285347,178.10837574592233,116.03993793051563,121.29716593889749,104.92866378610071,109.87297587519359,115.9531326811725
155,97.24383908989526,92.9265687612235,82.9861679599147,97.87355002834727,69.38816475416087,152.94307145291148,90.03880598264485,41.72319559480817,4.973309738709986,13.74957726741671,10.589443387154233,-2.470328684418668,-8.024045005274303,-35.66379381026201,27.719025856604468,73.17228871305056,87.81093393446989,61.021499141396134,81.02537205881228,77.17757479785982,94.41344518920776,84.87392644905735,73.74517963194728,79.02653988420603
156,83.53991183593173,72.83272240105096,16.023448031417992,51.11065535981041,60.1746037622715,90.56035668715656,110.9815065896608,51.437633867956336,43.66829522429313,56.320950545878596,84.48272297129046,69.78164791763723,59.45801832506166,40.75158145705299,67.36625275636169,165.01412534436426,186.46267866228527,191.51928580396196,130.14470161408235,89.80683342791953,123.19127245724081,41.59074967119915,92.54622046888213,108.5220288257951
157,145.20023270248484,82.9985722357035,61.7775266338804,79.54262038576245,79.93058358625748,100.44154113839045,68.08899107701887,56.47381615813577,-1.1517685199620402,-0.5560945955605803,-2.026925612892086,9.658539561147379,4.838307222492055,-55.15829750556986,-7.438169387248841,10.273244429832843,71.80089229350767,93.78707173725866,99.90368814523868,93.79429346866746,109.13863119395914,110.92198844581166,91.051808437498,60.30726467375746
158,24.09102235849757,43.864082651638185,38.93050662093978,88.73154271622225,60.97085851979087,105.15331198788478,48.59865042706083,5.763602418996896,-40.39034380845138,-46.133412337805545,-17.755721769920036,-9.289838855723794,1.8919772378321298,-7.798168784026419,24.53863118127785,107.24825551662366,153.80513839064395,133.41226301479375,189.4647693468262,200.56621016794233,186.22410258718048,118.4526223175867,91.1351100624299,121.59359229301941
159,82.43326546343891,42.03354197913489,19.917005204087893,23.39388265555361,-22.75177825581244,21.430021526658663,36.27369543071096,27.77067081572877,48.91057788554538,33.59486018701602,40.33298485992438,25.317902295135884,38.649498987011825,50.49583034601132,70.20472330158907,111.55592028059843,178.48476672982724,193.80158376328419,148.1771090317942,146.6265356005528,177.16283000789326,152.42352849635566,174.52139508007735,135.00253893619148
160,48.50019476504799,36.80004560571685,14.040407961489258,11.089073914053245,-9.10069752749105,36.139711851547055,40.43083588694648,27.35851278904536,9.705001732414976,48.330816552833156,27.71225509943858,25.015329098926497,17.38421385841298,25.313149695297362,52.43916206143522,120.06463256061079,119.90401274127234,116.78102213181663,135.8483938386389,91.01732501635882,73.95056748129868,65.04031163758333,131.79769139991086,140.81011739455985
161,69.88602560624798,75.25821393432439,64.04667966760304,88.32833600917222,92.96312419605343,131.88966796668495,107.55346007146716,79.63997252188936,43.72716421788983,1.048780194206003,12.20295291119292,-18.278770567220633,-3.143306499548821,16.845968864002025,39.49137966889886,99.46700768719687,137.9948277454171,126.21578669392792,174.1594302549643,168.89606076372976,183.11883360009813,168.88941335745,176.74608123506388,166.86355145488596
162,162.13677271882185,129.05837726692943,69.9348162358639,99.66267911269189,56.1708061428879,49.57512761044854,30.72492394990639,42.135009778311385,21.47920847067493,16.642766386293665,41.74394835165735,25.64034854220575,33.64629155050812,-16.562369538618366,42.26497134591288,80.95643683106067,114.98210157319261,78.95732627733072,97.1388360722377,26.806168276541015,51.967466445950905,64.70357746431927,92.80478620661127,103.29919407216079
163,70.9457112012235,103.01081280772661,53.751065650164925,93.03945432598704,95.78223180009485,124.95971747902342,65.78489206193194,29.510062681024834,19.31620066137944,43.076980873452264,16.672187779633003,60.32135462556452,36.718990220794254,31.032468623979064,-0.646911992767798,64.23206309939106,158.48763940718447,126.5667211362967,138.006730318835,109.11889242592898,135.11438034640526,148.87613427078458,113.64662665051293,107.28686586513517
164,44.88424059531083,-23.918288799815556,-7.593698008675126,60.737321748277694,35.088086273093076,58.99873316804785,56.0325813297667,31.252248700709643,-9.532118612882819,0.814079823055053,-25.047663597225124,5.319088591476685,36.18558213250732,32.78374603097212,58.88040809302417,87.78719469713651,148.58543519687382,143.01544124445215,141.54532753728523,108.05818720846939,103.55571995439368,88.81221801977335,72.85660589997012,43.825304457845974
165,150.07545098212603,131.9865107866473,98.13180021937741,124.34867026833673,46.91354806628973,63.67817143399453,75.20622772110723,24.393072397358246,18.66759998375774,4.236958644622728,23.325578375933887,38.69370827949053,42.2939986201319,46.06902811967358,81.71918858110595,78.24082437158384,76.91433937622159,82.98412890312383,143.54000497497398,146.99543868623755,134.274413434005,146.11700359043917,152.0619062842172,142.92845947776874
166,69.53488237941515,50.72515713339139,14.681201718343942,66.58832306573308,29.690739968550663,80.75296497793116,70.62132886117834,41.49471875384591,25.836667257161515,18.075885575346447,57.5046663757284,55.37349022083754,61.631985853845265,38.96122423660597,64.33566913508824,128.1742321058077,114.58892421952811,112.8235913035045,71.53861087179541,101.54825052150215,102.20793273449982,101.47898317380124,97.20932292695787,112.35734158154077
167,44.571435083593045,65.39341067151423,36.90610525559611,71.3364506853001,84.05376545279792,49.43243172330733,28.608538326766705,46.932486344196505,0.26182876908265484,-36.97026794632409,-67.54269477027871,9.376602186978438,-24.804662575420586,13.014356238695221,58.52090589754329,79.45028981574686,124.45367794446476,108.84987102751418,137.3113495213853,118.15592713039823,110.67243339677259,122.59011852228596,164.3484566840578,133.72819707357922
168,61.69464728339953,54.81796336039764,74.57015677240811,55.738143474848016,82.81165987923377,112.0134137337914,79.60017614647674,26.352230347541322,-17.70420493404857,40.47057565930403,7.152210661416298,-6.304160204802287,-15.80205160768385,-11.960614217953495,15.753771399443778,58.91922521065298,148.43666563586788,135.33767673532196,119.39412461242435,134.4655834601731,87.84181658283786,112.65554591314489,148.82146531670506,140.54441175418577
169,98.14292195681278,71.85652501866214,31.451624359388607,42.430220982036595,24.07481452412292,61.13215381587481,73.16852006141127,55.49678967142859,21.070272489469488,17.919443975807507,9.998863233821687,-17.876619446748357,-2.424220417118761,27.899733825204446,28.378516157142645,72.01490708966564,155.74583602267066,171.9223125088664,160.41319694034286,134.59787895367919,116.9418280435933,115.25084469595329,137.38116929285812,149.67931403051563
170,87.54817177408265,43.642227809330485,-10.870149702905138,-13.85198035116747,36.060021901078,51.29093999952944,37.904324734432485,-0.6396417825066294,58.55572426596295,39.52891961447887,37.46197934400431,34.969254523658535,61.92630359327539,92.87674945497645,112.8724495400645,126.7022891831117,167.8361615903366,122.16315821095807,115.04480581057283,92.21581855312462,136.55496991522446,100.05042192354253,29.44228913535578,112.90604294927391
171,69.64323070982617,96.01842580861987,78.35116625005358,31.481122406857104,35.068358196849346,68.52396063868366,42.94387993872022,-25.341877520138482,-58.05919634231394,-33.823237405167795,-35.835107734112455,32.69107435257013,18.32751825575203,-1.6185553340074748,64.11271614776905,86.48726562886955,105.73312682522644,109.13213042904367,120.4007080963581,98.58380678245979,103.4679270980428,119.54063681231628,142.89237161150834,149.94196731262937
172,108.89563775821672,116.90718107083157,116.0515833013493,131.75236279101682,74.04527281602522,129.359717050134,97.28261099861682,117.53697688691113,64.41721875179613,65.24726556809603,64.85001284756176,135.95337416273486,107.97810658695755,66.66931653908475,41.53417920570472,79.4547231525317,141.68998640673874,145.58127915488222,214.2218250784288,136.18743957892377,125.49297422349113,114.70646529465519,89.8373892966197,143.41290708879356
173,113.70026840771307,103.06765223431877,95.51589020713794,120.82212814811155,70.2998756856235,106.29019871652254,74.66210735841969,17.73646933067959,6.13959415462017,23.02054701260995,38.74198936779321,35.608618080845794,35.357497780076415,36.43591243478981,79.35188303495022,117.26199216078773,110.56422921273673,124.83366900505642,160.6516107879484,174.48070005147656,116.48260255305404,167.25789535489625,173.70906349014632,168.6891729268363
174,21.949305655178314,35.66439980172253,-28.36172016677734,45.345382198021106,29.388532527681008,115.4323018532215,109.21546450947883,60.050987428872425,18.085743562039298,45.65244140019641,85.71085932625414,76.22952511620525,18.836309438968144,17.568060927208798,41.810269873294,100.80180334864136,121.87928224434147,131.18811058542653,135.52588882409725,139.8792829043068,137.72490715952952,134.85872218488356,80.28330796925852,104.50583151629431
175,96.41429367173568,80.82241023647754,75.32829734708253,74.39392428178515,59.307983801468026,119.1326459657084,124.62210870939059,64.84697910554061,66.84213798946627,59.763674077231656,18.373127620836527,53.516854861700736,17.921178345995674,0.8619191818827652,8.86322565466211,26.269146968116857,111.78543503211935,74.50005678817098,63.6302420622241,73.53916896592071,125.57910049131746,129.3078399259327,82.59797378669022,89.91945360865037
176,57.00864906904411,51.30661734009766,11.640305166880772,7.307004549667965,8.077526680108434,21.54776375789649,12.316294023554072,12.108890830869996,-25.03722509181405,15.759098991619314,-11.41281080402134,14.082605277803829,-8.0144700340172,14.211487959220118,34.263848493172574,90.08249636945088,107.82567096423097,110.5629758093032,124.7601707325447,104.36797105072401,123.76137001765868,123.33439206701271,118.26170494967919,162.6646053099629
177,204.91902300900625,171.2416274826427,83.56155742854631,103.62290397111724,87.43549643206887,112.40738283215826,69.42635959944525,16.666125690788974,2.727145362345478,11.995619941460788,38.650971520248625,74.25491415261772,78.44564721547957,10.884122333808694,55.44059703502015,142.98753434631547,166.24195869097096,177.0031064432954,162.53926461631886,145.47706012654064,139.2185088398286,180.86521490043,48.902280248403144,82.79407667228995
178,120.5904431665395,121.23716066671801,69.78329683193915,96.65896052337675,114.1780510858365,119.04061879808035,88.1810837038424,65.22064438296415,43.15899429333764,15.176995435924564,-6.883474159505013,47.39157843776516,42.65916467808521,-1.3535049644940855,26.120271983275423,101.25216051629039,144.79066399369498,128.69239261323915,132.207782663845,165.60053231184565,137.49577063968698,118.51006647907936,159.33837076687297,124.69502046259298
179,82.72651675185875,137.52945662988617,102.09542792379625,90.30304286881008,63.38123933737769,82.3740012414964,50.70867098551169,56.12048702376103,-114.95699037187492,-27.955257877047544,-5.163977302671064,-5.843082406507776,23.072217543016546,29.783175501897333,65.07870885547635,168.16054674137206,162.21520883918006,201.93983209311136,206.46737849924077,144.48706995739036,143.91962173512678,120.29341729924747,97.59215499247259,147.96656857290907
180,30.85109279045858,26.680628865366415,-0.8814687163058039,46.2489557064764,26.43002059991639,28.590935322509367,35.71952206444472,58.47925345230604,35.81390440660271,22.227171912484934,56.37745634350659,85.94885069187583,82.96867817093994,27.966461520634915,87.39059663277118,82.80933305397606,119.10862597226503,154.94082206451557,170.31416571011943,135.0060655803134,143.35487952555428,135.53200952505713,114.68038808764567,97.32038479569431
181,121.40927390700274,102.20295006409253,70.59693151809799,105.44785501513087,100.81315615342542,115.7683018519781,64.83431475736224,43.49896720973061,28.80814042972077,41.899181035296216,35.97927148830803,40.44673971860969,32.17030841856053,24.006175822614935,26.148669713845777,61.50397477584737,98.9195964279678,102.50183355447156,115.29812119992603,72.8354628420643,65.78292064688503,66.77913332982178,69.69473982838826,95.9350889579786
182,36.32318116524282,75.66544221639501,32.99847797068786,61.840401995336634,29.21470330980574,124.84044639918022,89.59184828597502,63.415311767741485,62.24865549603348,25.598534907567412,16.853606196297658,41.44398358407574,37.51250793159792,41.229486721961905,75.53985865484924,110.77408110535023,142.74269023579228,142.79869159049642,130.67739590823933,167.8679431414567,122.56642077059664,88.48724428615769,87.95523662804936,119.27136466490686
183,56.0550269039746,88.55968240283852,71.00527749773,113.72861783108563,84.76830071773023,145.88766487533925,147.96762127241544,167.0672637781807,119.29652673921241,77.69212415598162,82.64358135958413,43.748616858550456,51.57961118602759,26.779174371615767,51.75281393953057,112.26148465691081,155.39350575712135,127.42577053640605,181.63934606884968,172.6708284023512,153.0132325588842,132.5432934884582,131.75809675065446,171.56757955620606
184,54.18335952619884,25.974504177938485,49.88565046327248,110.38658708662292,88.96334508722636,114.61955664031981,125.79624819781864,64.49123078613265,49.78259627731265,86.88677408824458,56.616433152296096,76.29261808121132,35.46582904417377,50.07478594099855,78.09950058206273,115.86995222178332,114.05208487023154,112.57863467127744,123.62434171845601,87.46875318955534,116.34279218282212,118.04488008163358,140.58610180757276,202.50483369981862
185,58.39498103055983,19.758986214586265,13.59111781361998,74.12607313861828,9.934487256741434,57.74374756725393,24.35342044917259,10.92352966190657,5.044637229838596,184.47896360263206,150.54460651434658,134.01219487218523,143.748797758262,106.70927854876734,109.43023414602476,112.04559816431653,110.04101043412919,91.03449591571204,108.72959281290647,80.41253606674069,115.5082084397165,80.69396310702567,43.069714542888974,74.52811152888827
186,89.26758878045038,71.3412160991029,31.8893033774982,55.94529368144312,49.68128945142328,80.91430271150594,70.61453287176303,18.381636556636927,2.8121265652937346,21.691899238437564,-7.449652382808736,14.524405738264537,-30.444480362534932,-59.208458951488794,8.906816500363924,76.92614569670152,73.53479006484093,143.86921253998415,158.11976830800637,165.60152727844232,174.74651887649395,168.6032214285902,220.85986116509304,185.58376340380497
187,80.94650557505457,120.89464104850305,67.08468772305402,91.8316259584862,59.74147770038108,73.52632268143707,52.456067912032424,62.70984997095825,10.635856967046564,21.71444003449042,37.4781234268261,38.58342999490567,50.66375959482443,90.3098473045068,59.39702745095643,81.03635717755601,155.27117397430845,221.08889061346366,180.22123802374193,132.52112975461566,161.69956465549149,151.0992342778879,142.65054303996823,168.02143703418733
188,81.39712630077166,142.92260816024577,95.86987872199938,92.936657991184,43.81491210636194,71.57738419162348,32.766911206939724,24.442335471387636,2.846894898263244,16.306657574312723,3.4296742886259395,39.83203928487902,2.827263313581767,13.76101553252118,65.14543373406269,93.60100554717233,106.92077013209726,158.67404305133667,145.16473902773893,153.0086403692265,137.66373710038658,99.89588214728857,130.49277952408357,118.33141438931743
189,73.82015448768465,73.6670265257217,31.52885306053573,61.517447884930355,32.81430334815495,103.57042141961884,110.35204170050885,52.00689272926655,-13.960805828476111,5.947675647010904,-0.050244047341685416,8.68491206731035,-47.71196855811394,-2.16156807147226,18.13763458277223,82.86945967184896,159.39892471643662,140.54774440931212,200.00587053338919,155.563887900121,126.51628630340305,122.64261140505722,144.27041379498777,150.10190458379418
190,61.93863707327485,47.428801122645595,32.35181581316088,48.40402187299071,44.43050468042656,80.09037088397952,63.79355222856451,49.68061490892114,34.0637126647437,12.952629949470072,42.47481145148045,48.28910991067721,11.76543107402842,-10.087543503896843,4.366172689653631,65.74510570026186,89.52411515113283,124.648412703789,48.69156577556271,24.578875484159113,59.455484695263465,89.18759866770249,61.15600137993524,147.11776230846425
191,126.41476241812867,124.43970299045588,109.50348639658498,97.9329905899927,42.99388153021905,89.74091379119069,91.8180030625856,71.08777948013152,18.4242844891712,31.0321390234863,44.42122062543051,26.342805704540652,43.58877779769404,-0.3530983228085134,51.0344034429868,110.27394771595729,156.13888314986622,160.26871920449338,119.60464632900867,130.20319354446244,148.22172161483493,110.35735759799208,141.21619002786426,133.96170790116577
192,70.81010056611096,52.28577192987143,75.99966194346403,77.32596467611137,49.282855190359626,117.72801861383437,67.4837493572838,68.27239373537677,43.141192391408126,41.655122923623225,68.3219103961083,61.62246495367032,51.60430518502023,4.737573821924311,44.12717101665614,103.60455703116615,163.29777240610048,158.63473568587017,132.93255118966334,119.47204553609689,149.61628428467193,139.24445151645077,117.68931070090896,160.45225782948543
193,78.48224886801052,73.023926920851,1.5971627479739183,67.5170347598329,48.1480877064171,103.98046490412602,82.91596443214063,42.99526581896058,1.6438760288626924,-34.56155365920569,0.40958123231315113,36.20497563888117,78.80095685897099,47.71441935931655,57.226631925995896,99.97491951525711,126.82281702930449,163.25139001856004,149.15002246573425,132.58177054210853,90.8879135108836,63.94911856138686,93.43801938970827,97.32077988817277
194,55.31984404463537,81.86960407385574,49.30948758861283,81.58857595346929,52.9320193833876,83.35801796468851,51.22308381736656,43.331448125998655,51.57133980344926,84.90055576095222,63.90382987997616,47.90995462644765,108.08350048713517,101.69551415933714,131.0480582079005,114.80728399993956,151.85903064933504,117.37632654895964,122.97139140296837,91.82441769992285,90.34874020611207,70.60127429856712,103.21838215798786,108.2217253222643
195,74.49416820377608,70.01437745379062,-1.5775615030154384,76.44850581314252,73.93477237544877,140.81715829102276,133.87382643607094,138.1831200601681,40.2219689994826,32.11538440672264,19.608816373171567,71.17864470829616,22.984205124242376,-13.280007849294083,-6.726027763949915,79.40768359554471,89.978655252387,56.70484257532732,128.54258933025397,74.8761227315453,93.88343986624443,66.66627442430257,47.634475438745795,82.49603479006535
196,82.61585851918394,85.6641328274884,76.04898264975981,86.23484332423477,53.369238655534375,44.08654068936653,31.26922356816,-6.889458282940282,-15.631425797639999,-6.761439568687692,2.415400429403178,60.148913045812996,47.26334038525921,13.235727768163537,17.98938039601102,98.06189845488532,136.23710342553875,154.3367825118192,148.84706759743534,125.45968913494623,119.51048433679807,101.61028185399562,116.03677992818464,132.15541036065434
197,80.25420046291794,94.67383344759112,91.11099531898024,137.19191049947315,124.43394408259856,115.51286770533733,70.77047522491765,27.364297550966672,-34.19915574672669,5.77083664649734,51.606438376671974,90.99394355433543,66.79581052672317,52.99149394786722,56.82405287436476,112.66130610937593,134.77788380134464,141.76941886164826,152.22663631982627,107.67932370614591,125.99235449109568,93.88433293766487,111.3238454391139,151.39728884098915
198,68.33022582492177,52.85383502508884,10.169844193502307,59.02082059952743,82.28789082877803,118.41517654930732,137.19655202670185,89.49425236393367,33.548691274337955,35.83256412710758,4.117850953395468,-2.238263525536034,18.100546799087645,40.78639346855396,48.445592977196654,81.44278431441079,102.07773462099291,115.14419190585384,105.93492301545481,63.92401715698817,82.35274231737887,74.24102781084275,68.38253281147934,192.05174284655644
199,56.19987383414701,92.95985100057075,53.82193306196107,96.68120449742517,169.7745566910369,174.1364645332336,153.65006180138698,90.0117962688174,73.14609642481247,75.51686053941103,44.80489390122678,20.720420530177474,10.770320080704703,-0.5015251758571075,19.131262642510286,66.44190030645166,127.57653960894196,134.05727782635188,91.55463276497147,70.94036165977187,96.72854039978415,99.23613922544274,138.84410828428656,119.98348691675774
200,-12.95265154281843,4.223300632612904,-11.343964599604249,67.46685483302005,25.87249714969419,56.584587583012635,71.73062739390015,92.32616639047404,10.61870976181881,64.35359218620673,58.08025785431499,86.90251032240158,57.85180410131187,23.347157928421773,31.54730542256118,127.01667301998899,219.11027687795433,242.24324249450964,198.70295843398185,161.689849549547,122.43717367064872,90.70018887981266,89.74957067030812,131.55216165480522
201,59.49545043181589,73.53784418229404,43.303194759755925,43.792862146863314,9.823648323126434,65.35013055305,69.03059759367818,32.42207760836169,70.18014120400845,43.349271854747236,-29.573352192821588,16.01167288460378,-5.6347775690179205,-2.0615583536951263,28.30738298598356,81.24600785562248,170.4400465699181,144.34261035291158,135.73775990357518,121.2406559544989,109.51235174043279,106.16805289380859,64.56303136107812,88.69323578639086
202,122.87906616872647,146.1039300365431,113.82466583818322,129.51011194061033,117.49439270396842,156.47845797804575,129.6876017004643,64.1038652315316,28.54160260787492,3.9212000171059636,27.607266504951916,51.44148247753219,47.68790483701835,17.42607065613961,22.97993903228931,107.07947380020211,148.40829840116677,174.8656825616575,191.17505608784305,205.0690708144289,173.5361092798879,144.95001371202218,128.59377075147094,143.01286855581893
203,66.51218781276776,24.177179344660743,4.471940703775793,57.81669699461349,25.495473024030815,53.43549186941445,9.938291285292095,35.14084710581105,1.5560479703388737,40.389819004572516,27.615909387484066,23.107347805382055,27.847291206966627,-11.695031616867059,17.225006492553298,46.45364068919209,135.35053685202115,190.1534121468626,188.07933012202182,163.92652603643046,136.78999300574003,83.0619156888611,93.08379630840876,118.1450472524847
204,48.554684789562586,74.48903002316489,28.737867454850793,53.83630446201957,36.619696306186476,102.76347034374764,43.93921129267466,19.94660566431171,-5.15611980718645,-20.96057505920458,-44.69629598394029,22.433482604455914,-16.84697016326747,-34.84894084602227,-7.1305203847877365,42.417799074101865,90.84355884102769,120.16242191670277,97.98084179729872,112.50194570847752,139.63282798236878,127.74739889719382,170.5042931565081,157.38939654259445
205,301.24962083164735,268.3855299763252,208.0628832557207,162.4128663052608,102.45479685149542,112.40488514023545,78.26747593183092,30.05172540824944,28.62085151197901,11.095225776491244,-14.314149577301777,-14.934643370376008,21.344428905000715,44.393455732571894,89.00839311683686,131.85064957369562,177.00839479974462,176.4604778971157,119.82951767742829,94.0290482937138,124.67594720643028,129.67449872301603,174.85730451043534,179.2245690072367
206,138.77636349582315,72.22173953799415,5.250498240787998,90.35971527630782,61.05116482825905,97.92028089178005,86.32060355208905,31.89781845738202,4.377085262802225,39.7567160854148,63.24404507750354,94.2066377023281,128.1185524467718,64.36791969141593,74.29899870108875,146.06629252612345,175.3619262037591,180.3695174280433,187.39953098721588,128.07025845563686,137.7419014863047,101.97341818374882,133.89363184836776,103.5295796943862
207,85.64137603950171,74.05686220879224,48.52858515673121,75.8538620995833,91.74594453537406,142.46531958053757,75.33756115124929,70.26571673230275,24.68287868431503,21.397684576638746,15.294200453380498,31.32617847321844,-30.256319485303706,7.6940103150165555,26.280630461446542,76.30179124222701,122.96299727267605,166.23207091132687,116.4746105591201,110.3184783239682,105.8318939563552,105.39477979187174,114.85825515568021,142.66735063834403
208,77.93026686776706,61.38436829947081,5.243951139620343,31.834559842776777,24.108628122206625,67.13465080738354,45.45880336146002,-7.265073129679749,5.4439542624329675,-1.7451600972394488,30.451999841165566,53.11781494489405,37.95585611344078,47.73764734533766,64.0935984965984,107.19072320920205,169.74431952760187,192.49021696015302,162.41260911140932,134.8602765192167,144.2604325415038,96.7106507024574,89.42728281254595,86.28063942637661
209,110.51282429398242,81.05913217363482,17.70688483795187,26.800387779371988,43.9667699295547,74.66673489445436,57.901908655909175,22.215520201716053,7.839847628467883,-2.3740283380662355,-6.778243480629172,45.87818914968361,-11.326116005230894,-45.265084651734554,-5.604169441443041,42.882395094832894,101.48465901364602,156.83177881969033,168.20434816398256,150.50647433529426,146.26423434153435,128.96465769132928,142.55742573903055,150.80396243549325
210,27.06530050618416,61.534193704024794,74.8341647454824,90.18920235897161,114.88775648082552,123.69300729410102,103.98844831004507,79.73268252858722,63.080900890988005,55.177284531557945,11.446389445755056,34.751068085617405,45.00283408864101,44.1709581868713,66.75187212844816,97.81752340461298,173.58599411653427,197.04835287697205,158.96101916342428,128.52851252335284,143.56943694626884,114.98042133807384,121.62330231311977,128.63065165175496
211,116.46610431250575,75.83896356037319,46.567865291190024,38.714060882584036,26.340667694587083,62.302334751388656,20.254052955741457,32.1861253810079,3.586126714249467,5.231725604365792,12.031690417450555,60.93607645823557,12.33499467292281,1.0788616818103698,6.959515815626283,82.42061571399,141.2567520284075,190.60464213090543,139.38455308142446,106.29752037009465,71.76466923279482,63.519960502312856,90.1147967043839,120.48121599039122
212,61.36302086425522,65.63481372561432,-1.231838085530228,31.961987906937857,15.97901938171644,50.59087610128839,14.805743875910032,-1.7267954482324228,-3.247411475354564,27.832582238057924,73.39567100009478,36.79601821513798,23.67291100995569,2.520715034108573,16.81773432734134,72.30360587401927,117.88094289435737,150.75564730275883,121.0922475726592,107.33490077463433,110.77943349478578,108.4930146364433,118.20981478858734,139.25715269211966
213,114.30691103255717,118.29463940838768,32.34696628420855,42.64445053350573,8.497307079853996,50.33065783741716,64.11034270433963,36.88635396213951,-40.638542884920014,-17.32884834769981,28.90895209412786,48.60942001735819,12.73773760584561,16.657974797169786,43.193937540033595,91.78705865726019,113.61025904895561,165.86599542370672,142.56241795050548,70.31350473094312,79.89876865356257,74.41906451979675,49.56828207577804,86.76081251514343
214,136.384170310004,125.82395184493112,68.65307160578313,101.66773266058595,58.0524038860938,112.46104768195345,75.49252776615752,52.551093864711525,56.1851006150348,31.985007536798392,36.90839054573285,23.285885745324705,8.814323350572721,25.074848968653026,26.270318930221485,81.90609399079074,91.11016534527967,98.08233932531033,103.2617446606574,118.50918589138843,117.02341751883176,131.4813463296226,170.51769219198803,185.4667893755682
215,70.79797216604793,117.67611757803681,39.26055449385699,88.58347912557481,77.44493610871955,91.37997217354932,109.41036141245051,110.18579682910253,50.349614605513665,58.349015175476055,41.56812053391896,71.20523239201535,71.975299624108,90.18780060366905,112.16955575631397,124.37725788811805,143.30884134168565,112.95813524091866,142.81562534892353,120.71704798609423,119.55591640402376,101.52136770039013,93.75039268349994,89.21943548641644
216,71.43873928618258,59.79947357302582,70.29050452874901,128.03606858340638,104.7778124713445,111.16247729445382,57.515045789169214,17.707858096751877,-4.377938178395006,44.667913008644,27.932675854386105,8.469988197621156,27.326704120688564,51.0727862813837,62.921330724564896,72.87818783656401,85.25385701750992,155.8417507986098,144.12066402168014,92.80580993838947,93.7576918413778,116.73117688765659,126.06778611561151,156.89447375523568
217,122.52484532948455,156.0962717975013,108.22179900776581,112.00636887335293,61.77793525586679,71.199080614871,36.992947308003735,10.084928929814943,-11.954434730776136,-6.785496064061093,-50.76314659197746,-16.837115506198153,47.27412713310826,65.88098023303483,69.8676989505332,143.262751616149,250.17152770191592,186.4331587101855,197.93758684152542,151.21787816548425,164.928964483117,149.70361450685425,161.05505387556246,165.86875022496602
218,143.8504009636328,97.64529310835718,36.62896283708976,66.4491590601598,47.016334112164024,74.01206534694278,51.92718763338314,63.35169005032295,-4.991130485904375,13.24242453050455,-17.945829399336766,30.600122849539513,36.45583046356592,45.09144158622121,99.35141786486338,121.78112096369063,126.94714024865371,164.89055713107217,192.62082841844534,151.29109709728243,172.6966467099951,171.31041002708906,179.77596896748258,167.45035986656188
219,86.34415525110214,84.50542770406607,45.87984316259653,93.72122164282486,105.1758291843752,108.54352928517561,48.968262436990884,9.459656407578706,-17.833727700786675,-7.823537756709591,-8.86752727265327,36.07355290356112,53.17521443912045,26.47744782655542,38.889386317210786,111.11817180192477,142.94150523824945,142.8454272275617,170.91639888904993,99.86555726533074,92.71705450877084,71.9325879366512,131.29056667047996,129.50532159920513
220,65.00109671609717,75.44275192247606,59.291127102776905,58.66820703366441,60.066916721192335,81.29161005089476,99.69741751722452,89.03820673288398,59.51262626240923,62.22735535409982,50.345097570684466,16.78207627480624,48.54116014779822,54.343602153207925,70.0821253049994,96.99589917753939,176.56333270647843,169.35702514048376,134.0280081155367,133.4062263799573,142.78577950089277,139.69843784347418,103.14455796139461,82.80269535528653
221,89.32635967305761,75.12264594407895,69.57949717974144,61.24590140305663,26.09620022343696,50.20645737262866,48.72039071869949,57.87382190962883,64.77410259880219,77.6635737637435,62.400381683690945,12.829099583224757,5.617506734646945,-19.03174443739694,-0.46556347326356473,106.94012082016133,137.77515907535792,151.06529380555088,148.4306420596446,131.1525013004339,135.903382567899,120.23123145618347,141.93398950520734,197.39137015739746
222,96.67484481097183,125.20389015052893,81.30978636249165,131.70167806160876,98.85962583802065,108.47246327241639,108.27810426839068,91.88979585413031,49.629097246809565,59.429322618039876,21.764279817363114,40.90890835220631,15.598632009758774,-14.888716781510698,17.47074727219672,87.50550142631344,143.61800511787297,128.61908550681787,104.22095708846155,57.07450572559988,50.214791339639405,90.1944520144898,108.24709865408332,162.31152796644872
223,49.478594415358955,61.10309154797986,11.742166006204073,54.19764505337229,22.27981744370743,54.23593909820869,36.91649424620006,33.264698746008115,-13.479799534359373,-24.77563178677925,-15.658839008555304,-1.1938981276679144,50.83794687236873,36.94449075742011,60.608333549414624,93.40514306951212,98.73887981126933,95.17514152681888,163.28674054048207,130.547259042271,133.58122992497687,94.293044809985,106.41664922437178,107.32074698217643
224,99.68793731423918,34.50874781709497,41.09776350452983,54.58111351517772,72.12330751343741,119.54244598310764,106.9580220208245,120.82892761599717,64.34925535692703,68.66829934225262,27.651954654779278,81.8185633523974,63.22827233242708,13.39681223693751,22.434343194046754,96.62617247856465,91.42640922851915,171.687340455116,131.05025019112293,151.7871382152692,159.9940569684101,116.37714429235433,119.93201279730029,103.146747386051
225,42.19548201924283,23.082467318272307,12.70710006746534,95.7564744162718,91.81615272276306,122.48604124799657,79.05679658830086,54.80048353628176,11.75473898179046,38.76198650269031,68.85042193769844,46.78944816158247,47.07980692790106,13.021677552500783,53.71496547616666,131.87542562595178,131.04530832770348,137.46879623801834,145.78999671774307,142.92493022958345,113.61153504758403,102.78096775686541,117.7427819713075,117.74972460522011
226,53.38902622308677,54.681412478674666,-16.32609280718301,-1.4943540391868453,-7.670414586519243,-4.138619786891738,79.8721452829566,23.784093791832536,30.03187573001077,70.35018478351485,65.37755915274053,58.38892265393456,55.72220702437749,25.040852642707947,36.71155526936312,124.84199710149164,125.46181068110864,183.70409216162702,174.82697833520047,198.01354749612648,150.32447210704737,149.68007870671184,114.55919657865209,-27.07169046114481
227,52.32856694731571,36.4470391280951,51.02344863259228,74.3354608447491,83.38265766255145,128.92812080310378,88.8674730481632,72.2548631590919,19.51884841864828,-6.428969694634809,-23.25270293463295,-42.09964264348233,-61.998512304587564,-48.08183420204547,-35.30435262020537,47.00983340057695,121.85434638588787,146.80522765640717,137.13159157056464,110.56450275723942,86.14854601738185,104.3727864107556,141.90270308478287,153.6430877993868
228,94.02998913068922,105.46098581112494,60.41583155829847,111.17563206209965,108.51474981714004,126.32658397884346,134.54724375575813,101.03079619869888,20.685891070147328,48.07537768506134,19.10021755891639,81.13955914807043,62.71006200351582,78.14923066140548,93.57127364058348,102.63751499047791,124.00192843100203,129.3731829551843,158.90173534521364,115.49309788909365,132.5443955671367,74.21609347116932,109.53757315942566,124.49304048332887
229,119.60553350698375,98.09612560208531,151.4437193748664,154.20595490490302,137.70027982764952,120.81708856379551,87.3027342902897,27.444710875464654,36.84721802451136,9.208294918485741,32.56867259645963,26.79579514908453,20.67528327952138,29.470578266629893,72.62972285783887,126.59156350169536,134.68948323000035,156.43462620518187,166.85855344317923,94.77993534083987,48.71435494319205,30.681729737690787,55.57604391808357,82.49531482621137
230,74.04379266392164,109.68385848560371,122.73936735102362,101.78141887842428,86.87139813376757,118.5130901504341,93.87583320914356,83.34392120021369,23.873495281772616,50.471813946200555,47.71632110282566,27.220817549661817,37.43394173511338,7.291969604312598,3.959724146100619,63.64310393604583,128.72435366052116,102.25162536650924,109.46109127808013,131.4405731990709,129.04686056308404,114.39466416057897,84.29495937811122,116.12888349188822
231,99.47717770891754,137.88471846905833,104.87608883626446,112.11523037913202,114.10705305415729,124.95241258141291,126.47312768220672,75.82635212781317,41.044863497949635,90.04523672966775,55.5042514118138,105.0479683838465,32.72224084417343,37.49883294417145,99.84621456471393,111.92371702179783,146.89877516700818,148.42562448613089,149.82975734932327,98.82149840196871,88.4145097459051,62.26719984273882,104.61740816107827,142.1180118469018
232,55.24391894448664,62.320718668314186,49.313458543091464,67.14212874424561,71.93908264397612,74.03335868030018,53.86339314477717,55.0089285751477,3.9814408432713826,1.7824163787207326,12.884058489846343,56.80851554521668,31.33708680219194,44.66021287897067,44.00384652981628,120.19227316859154,121.59845810669754,133.57876556093944,147.33555583181484,161.64552490457055,200.45220672349632,97.3563658913158,108.55152580394261,117.67611447338794
233,23.359377422411455,95.27447014642972,72.49607448692872,94.55254083919934,69.08113619043998,88.30086957721866,70.15470103203305,56.618512051256715,13.267838271008118,52.46466747878229,36.1616459685865,55.39012650091625,47.78221518504093,72.11929449881511,57.289704521628494,76.78281572180562,145.93891834759046,180.95789108368083,137.27930059383277,120.23864815699204,100.5055128934129,80.94609912272449,120.73622358574133,111.31451528192991
234,128.13981374837437,114.7430282379287,95.38686858859131,92.46186915342155,108.92100292540378,144.59365531498662,107.0069836201358,71.86557953685,46.53695555902307,18.05441425249539,48.20942929296456,50.82409177580492,73.6831721217591,58.37495359643725,93.0130464907783,133.06657912155103,155.38936512172813,148.84959068770203,155.8689910582427,144.02085926942559,142.88138977190178,-0.9901932391758805,23.298145813382064,80.54118298755161
235,116.74192176095556,103.2786939375478,53.27461697692322,45.22578393958152,12.712565165814134,34.4163574610094,61.396258916315126,-12.665962774684488,-36.67601525988462,-11.14340940060697,-29.870288317056705,18.44462050935266,20.595700555254812,55.12561797490191,106.5561073292926,124.36195049392758,145.18855058283967,121.36268075102848,137.8781670738317,132.30767983965384,172.30198715559715,188.71835372090786,172.55746828839787,167.72714592148395
236,32.10140137961042,12.45699004137407,18.01852044814752,43.04940733122464,43.853446772829955,77.55376655407616,24.80673985009976,-12.79938139867781,-42.061387385266116,-14.428253370596117,-15.410790661017124,-27.142941433841465,35.02381036643496,-28.903974455715282,44.65833748470376,100.21190610253866,127.88378328888055,151.9221863755436,138.4987773543561,129.70541864023986,126.28681382406131,126.65869720904739,127.99035338079234,125.13266824196582
237,85.41927098826297,99.47134049726814,-2.6954137129426172,54.12969565603068,8.36361151158519,84.98916814510056,93.20032834981257,27.701726156572548,42.61709749084341,34.51686114247203,38.678089372888735,42.326984356771234,40.80410044658917,42.26103670181345,21.830060259033697,109.04981469007586,141.7628833734511,187.22870965943122,167.66504833714166,147.83889608739975,170.14076248175854,130.17418665992577,142.0742451398066,152.29794268173984
238,99.39130271771805,108.99244099470468,41.69288556197803,67.49618279958722,67.31969898013631,110.56895718804016,117.23646191293139,59.51666216167722,29.680794497908494,56.36443990408351,78.74675960229851,53.810441570279714,13.155195740282124,2.017610724767831,26.708587039618084,83.09996033806021,83.34421482516838,101.30086392068739,117.1751677152723,129.7838730468472,106.35996415740826,79.59313172316129,113.4921303288623,141.88147201647638
239,106.22643408989862,89.20756289228007,97.41577131086909,86.9489981235406,40.91354930164687,73.14977953706716,98.12526448383852,19.50444882398164,-24.979414921655803,-5.99138801845001,-2.4947559255313934,30.136005651425286,36.0818711895497,42.95049349641873,90.10640474175833,125.71960621090746,159.0559370241104,152.64178711743094,119.14284117786526,61.162195706056195,107.28810599989959,105.84428700025899,97.68776419952465,129.68465890531508
240,201.01341782219336,178.44586382215937,124.65957817233766,128.59071630185724,77.30939649512311,96.08990996192544,62.39711426777056,53.626399614952476,53.066549816707834,66.46171970463793,41.06829635899967,59.712533409884145,42.27496664561711,-11.371968902491883,42.56915489928138,107.9968157814261,158.87820181735833,137.20025482286533,124.88984855429477,93.70612008540868,132.20621040228588,145.64473006886666,130.9230693507477,112.28786134699503
241,112.4285431308831,101.50650608557686,82.01122734835974,125.81040939252716,69.77248416873962,105.9082647624324,75.29793272271269,31.45839532886842,-20.18647382004997,-6.916433021416914,15.897300651819025,-0.4920243936902793,33.43484547372514,29.527854190742136,54.6376027036679,108.09630998532954,127.4728657528452,91.27507605930887,112.48654159715878,57.90181950047608,78.12026647263068,98.98443570662285,74.19530668742752,60.96166217169173
242,91.51781515308403,98.62253929917482,-2.868182255169721,55.27749514933167,54.81111682169695,104.45313573803077,104.26078508098372,80.99535739433128,24.50640904650723,-1.1078841654690024,33.539306908593474,70.29134736823079,104.26337406959553,102.6899889727146,123.74172636925422,146.96951774925918,165.26869467789476,163.59822816841356,171.85787660528706,131.96769410297446,108.98694169195271,82.21435625916895,89.80642325772268,88.66068914753495
243,102.21951033232943,109.32246844377366,56.77434021589657,92.23895756748874,56.740027990850464,37.547503927330126,32.16029775356101,64.63229789294473,34.47227243199011,61.458792514048326,17.829494433345076,37.44132406960207,-7.492436417726196,-9.40889242834987,25.642514184764575,34.05399044723684,134.8558032403033,130.11086003919905,139.4361176493277,112.34608865422807,125.81804539135497,92.25769369091428,119.5393892469914,87.14679633359754
244,63.02089008976767,30.969611657050883,5.207003660416639,43.877664973994065,70.3268849957476,72.58779191583257,66.35900469710316,71.06952605305565,64.68008936824818,59.32303721221326,52.88256458248672,55.1470777220305,40.718794590946615,11.320107395229336,61.00875446991392,64.89725006862952,61.73480014388926,53.12631602548126,36.52051726168793,9.353760848928331,63.74134128468715,68.50608058625195,88.16782917569282,92.83322600844554
245,39.65461364457335,31.39856038038488,21.85934060208431,53.98180126151142,58.38155369630908,52.8997262749864,38.891531909637564,33.325316331501256,13.808031537053433,29.319952349751837,-37.60715521885827,-14.225815683933291,14.015540945841714,52.995337189323266,38.55509738097231,106.11030765402839,175.97055479474545,138.27590255118145,143.82014710614334,131.3854734968564,156.20850260736123,98.75583443200253,128.59443013337915,146.80488364658092
246,120.58413215890741,133.67459715597886,61.216409528585686,74.44957797821999,62.8555750175037,66.89766584740187,37.65666695790421,17.76558047878538,-3.358712478892837,-5.10921883076994,-12.372682176018927,-1.0849015381698166,57.89879954886486,31.397863213154558,53.39176542915093,111.21657451161045,149.8723319706722,148.19095054828782,118.7878680309548,98.82925599527293,101.61813613003403,80.35773014451483,94.47102844712089,90.71607802125916
247,54.50273964683421,72.67349411417446,40.60228822207116,39.10005558188733,42.1147429286157,167.67000557935683,109.55447778180434,90.03305410832724,59.26984450222712,63.01575970719999,69.91024327881823,95.05594115235829,113.9193259137244,88.68135638597064,127.82457327797644,126.24213815800196,175.51015601753448,150.7984095196595,118.44885246441945,103.57747561989488,118.88530671791095,134.05339670028434,104.48087288360938,148.91281903705092
248,89.2671332015279,47.37395568186477,43.09808904287881,62.02828595907433,-18.791807415488236,31.70188901968499,70.16710617053447,69.43706498815953,53.29957999322389,70.19658738223919,69.71165199417682,93.83936850597253,69.2764928609538,40.22922583027741,52.61361769744022,78.30714944663798,97.96541890007931,111.68751426547172,140.74128708636363,95.00060747616754,121.46111375353786,97.07074141404917,96.19417037423958,154.454668688422
249,51.39291369591034,83.32752332483302,25.352921335563867,45.520184381738396,59.48483360229102,73.46282483156332,36.730287495210995,25.024196154993838,-23.802426680787562,-20.871276809765142,-24.694667411374866,-10.635692096393463,-15.703944321975342,-9.517965715239885,32.26295394007819,82.36682438905828,115.59385127721251,153.51802385903176,170.76520514742646,131.63115948848122,126.89462866338151,138.70854060577196,150.31580880145128,118.43669562072616
250,105.74070933845898,111.36896827592005,94.947459022823,90.32420172748472,95.81072631162024,64.92118703423773,37.176832355756105,3.032228459263223,-15.714345573276653,-4.513783440149368,19.5215199750019,40.477062643392884,45.511099884357314,-5.9670574297635035,43.23831698887855,88.37584024187097,136.7964089912316,159.39318825523452,182.3946548689972,108.99237776827346,123.22287868599709,119.76751965175865,160.51741472754773,102.39277353657396
251,2.7853574884669428,83.68410955945333,26.4062404892347,35.596261428045885,42.49678179790058,82.62765917751605,70.70215058624589,40.100976832113325,11.130717105968476,49.47490542972541,23.311113708550906,74.61038888415841,31.71396986417845,43.40605397462515,113.64611666882672,110.60531020746159,158.763591562312,163.38892030001477,169.75610014822036,170.93409347239916,204.2515528137386,215.41829892239798,202.8230481547094,203.0805034010541
252,141.58690559652132,124.21817279646399,52.54091583571599,80.45724069524728,54.07140042632011,87.65249783524702,41.32573549773016,13.496420217693398,-9.779257934952945,-20.21790006143612,4.55758459916056,4.849603264441875,9.491584036682177,-28.239350608535542,-25.649054709670786,85.82944974387559,139.81833482613627,149.1547049584072,146.93623917050215,137.12253150990122,154.96568653167617,130.92175671065274,171.003303614564,226.06737372558186
253,68.29434873294979,67.3357701342631,5.811263358786412,64.86425068938354,44.79087727928614,117.76196426736661,88.34673672136152,62.54550542273822,53.15070467309882,37.82514820805753,2.4415218573993513,52.398725120946594,26.514039543469334,-5.695443542291638,10.26769558812773,70.3841396480952,124.21757627643373,110.19235521714265,104.34179130437423,81.03425680991607,129.6494731169344,124.31309505122738,144.56296741782384,145.84879239871125
254,42.690007027964654,6.493664214425934,-1.6801427019926507,25.79191781604353,36.611850930142815,118.84266362271019,93.39575680561269,34.36034709481584,17.45033169457107,12.876912959314149,33.08174478753408,62.40775731766373,36.195755978116,27.5723089329044,33.94232003656639,50.847054340477754,123.42763161717255,127.7063006348296,145.889370483017,166.7322409919887,171.71458029536677,139.45923225131034,161.59395746445546,163.42303866166722
255,86.56381791208264,83.55601271781491,47.21281014749519,37.33242915086653,65.85249268205375,85.36989999154417,63.62320706427096,27.414370650863276,3.2901766212223507,-4.5761204507602145,-19.862840270462456,37.234278091894275,22.604161812031204,7.989112541070721,54.57844793052565,99.23553945535977,165.13127629165126,109.3296257689017,120.91556616693134,68.00227489522466,99.99671097987492,43.92032481591718,80.67503080342789,114.62371040305135
256,53.662116284171844,32.614198387591536,-12.139686529381173,40.6292335799422,38.04427423836944,55.974936595937244,40.06255636007384,18.265314188258145,-39.729219776053824,-37.411358424169684,-31.792095811915345,7.288877004657557,19.08186240928683,36.27053319520236,77.88091257499487,85.28656608310752,128.91528979337522,143.29680874753856,171.92426819508216,120.95030599917195,125.71648697940938,145.4899835344578,133.780310406282,186.6500282006693
257,36.858320375232495,88.72146751193313,42.03086388092675,67.889811829813,84.30915009473716,105.56394941603577,76.72605888175198,64.55921110389889,55.39060576474078,32.95106123332564,49.00229020831816,57.56878622772936,52.81723906410058,68.0146561766708,103.22636701760403,128.9329696838632,188.79417852592422,180.43656637726494,196.0661344263228,181.68147376320246,168.61463187770835,129.87609837280462,89.72661948407136,121.10483503647617
258,54.81641038182022,8.967987006198484,5.702493990293711,61.161313223212815,83.8580041435102,94.4806978928668,121.06103179047307,106.01634479232547,110.11546940273156,111.6310772195425,105.78090137824745,81.32420655081708,36.75751952106538,35.76535974695364,41.758006967916586,75.3798843600652,122.12392296968613,182.64539706621312,178.72101939317218,115.78693591745713,96.3271811938996,73.09685950246806,106.40954300924562,85.85791619825355
259,7.703187208059134,57.105493882033116,37.61379080447702,63.089901891108994,51.320532912853274,117.78777761056277,122.51697945450434,67.67710820038582,40.759026043853794,13.802078742073101,-0.7994015535967094,16.4625788313067,5.92404884719484,-51.513095661765675,-40.20129779704336,-0.4580684183077466,36.85145815846113,50.760685358995076,66.21779086873015,89.65801699413615,141.74378924979231,156.1632685082381,157.47370417857448,151.33087079574935
260,153.87960698469175,142.24102811735193,89.0640593968153,95.47365032983467,59.475126870317396,83.40931426906437,94.23850596957351,36.19083787894641,41.27613120535247,75.28876452329257,21.589619378298586,26.924513091119486,21.438845480930702,55.36648365567891,45.64354624560158,117.97738582206256,143.308381548194,189.9672823213774,157.22781796637,146.88575045337092,153.13054821147955,89.06727155947785,122.11659115092046,146.06766007769704
261,122.15093831621347,130.46833937521006,87.589488559623,73.71895591421324,15.753571944469428,41.205037009492905,32.491857660330574,40.56570159401937,-21.292666909777942,7.066528815644354,-4.158327418116102,77.52320185743883,58.01199176822171,67.67720126701084,37.26471433250064,77.59098858747674,160.08527253836078,118.8070530503287,117.541401105963,151.47318832427513,130.865026306323,125.02746066642551,147.3024604380774,194.06254219675452
262,171.89698171917894,137.06282982192582,147.65887167143066,143.90628335575403,86.62534210299526,140.42840548211294,68.46854186979986,74.00006846945476,24.099261161666877,1.830132698778968,10.983148579915156,26.598382876568255,20.160904535644512,20.25662119405171,41.22773121046396,112.95111107864675,139.91288151384643,129.47710094678828,97.17681685490115,44.435157966267,78.27011286062728,73.58927611781586,24.503473355497633,72.3941536689624
263,85.99770649116147,122.80908279054276,102.69824817425553,125.45928301207262,85.25351375202149,154.70605881428324,85.90641497846889,50.37294936268493,1.205905886708365,30.033070592642716,49.65030745217652,76.37975327680647,12.085533943661808,6.350277994117963,47.22873074954255,67.17635217598041,110.22900960956356,146.0168229837826,87.3699545554721,92.67827918701747,115.01049455486084,133.40932164200785,138.2135957500285,146.55740245036034
264,46.99029165690625,67.20715337282206,44.58550321758402,95.44790022705155,70.58471658006997,87.58957461389197,69.35939461054559,12.579156670466595,5.14185866110039,25.86100373871848,0.5097897987288462,13.838461513289797,-10.826296081102242,-0.1278892135641705,55.12298105613801,128.1978923132896,175.7385167911668,172.76174680498323,132.28096833129462,127.42948693543443,164.29019809043035,139.5038599943208,106.3803144362326,156.8358260070837
265,106.58747108367783,96.07348767549698,22.47167785466782,89.5715428372414,81.74295908881797,93.79328904398152,73.11154168926593,74.7681922337167,38.86899184417908,63.45436462886163,60.57853181630269,67.09635341161673,86.79564779940759,23.090145569093043,42.39526922365363,75.90709193735412,126.89593020873161,114.09777654743667,119.30030269611615,56.61276433228454,36.49654169487444,79.44892464129038,109.00988128534466,91.54772769829039
266,111.82368994323511,94.0936283308849,30.882497135926997,91.83549994883997,83.69587813565971,109.21723219401625,110.17708191813006,89.69229257026174,32.67956062864678,-4.526422207245652,2.1938477121508306,42.027754968910116,12.00823678581321,40.01055315598036,44.032831704360945,88.8016196743311,99.79833639667378,150.74816841414008,132.1841284502398,136.35686719343818,129.5941356580609,95.91958142077681,67.99477637648127,50.596191589407795
267,76.12524330098366,91.39936496397416,89.82579009520214,83.49376223316428,65.43896442797221,106.42264250974377,126.45483191918414,22.379453510134255,19.899415793698857,64.69250238166535,72.88864285058722,53.177832496811476,54.020170061989084,59.137241941425664,77.13386098080898,95.58467229724259,117.71875022027332,152.8835439725668,115.26822192537833,86.42087630533776,55.632445580644514,24.180532297821912,43.979067144697396,125.82869565664753
268,72.19883424279939,70.96792571947111,24.138973625338586,48.85063034046776,56.9060017306254,97.51053589202475,109.64552591390328,76.77996996041306,-11.250014706614692,-4.075886425595144,6.439662706750923,26.57926031496592,84.56231982559301,31.48164972492826,26.51654984459538,60.03563447121469,108.02300175888755,49.77192743767591,41.084946385606514,45.90831948568679,78.24049011157456,115.47913462499668,171.60690497174474,168.43221615341963
269,53.35078066512,61.925227764076766,41.888945705653555,96.1981470323193,72.78202621402866,92.29614003246576,95.44224808933069,65.47013759647015,6.787027847946419,34.753776813830186,37.00914044757103,85.49892426818673,79.24089191319453,29.878805740936027,126.92815210146694,133.81650182528045,177.5888760154639,172.52584626037904,126.74363506879178,142.82786373532215,141.51203994695868,112.56392640431636,138.25193973314194,150.34818569192683
270,53.89878406746143,44.62504806049647,28.425900738216882,75.37607330262213,29.722396147674278,105.21919141787978,86.25044940137808,49.11206125141811,-15.50360476941303,-34.41610539586129,1.499397664668276,16.13222854179096,30.626955558678098,7.9611092710406695,11.435552451622563,78.23023385727318,112.5589432406486,105.80426215697008,135.70576174640775,166.0847898327854,183.0138964293462,214.20046351667332,173.87271147511711,155.6992617622726
271,44.062423346881765,7.402832399795599,17.851956336684477,30.802717568648504,-1.5957118112907551,-2.799875713511284,83.08986524464532,65.47016517723141,10.940458304324482,24.9876562125228,33.36690316201082,65.26050770584095,99.41822811614631,35.81186762693633,57.385663489014135,82.77081498185181,138.38984669174977,164.56154929605293,124.64396185339241,114.61667398129926,146.24160779304236,124.30939901887926,128.42172689535974,134.57430200759387
272,12.407072999512458,36.81129545594249,14.95015371759829,101.90789490885942,67.45608425526162,65.45194775303109,80.87320640657812,43.85640324068566,34.23419468294344,37.71372258256384,62.517146361855026,38.61340534618922,14.161218585755122,30.592675636461543,96.92608807294002,125.57688540708133,144.87347691619854,142.4390935098658,113.25850520759366,119.73878836089267,124.32941719098373,101.69346747064989,95.3517499199877,117.5762387115815
273,13.664225706255806,36.12904427138239,36.39976371235939,89.33283011338132,110.74267613439794,122.97227696704901,63.64577659062785,44.09430172799036,-3.463091031564904,3.0492082887149436,-17.94673142587672,16.17962163854077,44.22969089476377,32.22035165085255,73.75428118924235,135.32023744312912,150.23821967968956,163.56564440026742,137.34588927964754,95.17339128937624,67.96329285802261,76.40590257036504,131.7686979320643,166.11308226695098
274,87.36709761113882,51.90555424247879,28.605266667482123,24.567754171248673,43.84836055870214,20.137775400136107,36.34013859041289,49.828199071892,19.138296281324976,3.904272174280095,39.711868779271995,79.46106432907567,24.885543830297294,-2.97121069162667,-11.959707410812776,29.590507432816977,125.93801657402952,122.88255218228561,272.56630381774073,221.09533557416455,202.74174629501871,203.59932526308737,203.14183617779048,164.26313793216787
275,33.04011413127045,47.39670139922131,9.2707693030057,15.913751463250762,11.287457448318868,60.92551633579309,47.07037365414927,14.735116652297961,-11.627795359398817,-14.461653757044736,43.44971188215576,59.321293125286275,34.77917689946823,35.12664221635908,76.92608053943873,139.48824067263212,179.7603101027261,147.28358730685332,140.87723945977066,57.85849997909701,106.71564522202304,87.18181587938514,91.30793504736796,123.29211232577256
276,21.876758302529637,14.649206702604417,-49.96058365596158,20.868451715259347,22.14495373687715,47.12177827270539,69.4808885205061,68.121051103171,-32.81374222620873,-52.21248059705862,-23.929122991738467,15.047429699581176,26.156008004715893,11.600074935265237,36.89216731534225,128.89541428198197,115.56449813957538,135.7993230450651,120.92078227925253,95.96369040773376,86.28330543750165,87.84879674005404,104.00194732259578,113.80735963664003
277,51.82319633427403,57.51806214378736,64.99345576792797,94.0714071779006,97.6523459175697,132.43853780867542,147.07520928622637,74.68013171729278,59.743444473990166,44.921675866253025,28.11679553584745,54.46963609147959,46.545211009553064,-2.4068644585786565,84.42589853474783,130.61686758375166,168.86889925143183,176.03700779769113,166.03825925014752,100.10551882408976,86.99742758177241,84.36175069262333,104.6828265729625,200.71942011604892
278,188.78708647196396,156.34042806358985,73.3416784926281,79.72612462024253,53.639054414505466,121.40859466796229,126.71145326057197,74.02995104625711,76.85658615829928,69.06880361814538,39.004352888846185,88.33141631314336,84.02988134546078,92.19170224764792,80.91870705497631,110.3762045262358,147.02594178542574,164.3919921139183,135.9907117243968,109.85539577261333,117.83228296615394,137.97962779494168,170.85309343304698,187.54258723321425
279,16.499331643339204,63.53485706477885,37.15489087604885,41.386416519182134,71.41485507953513,164.26644630570172,107.77631134712972,9.881262202489538,-44.88335661887558,-32.520840381600784,1.6881347292378308,49.50448133850192,-1.5731485050681329,28.977372952633832,30.89211296320664,53.002215278079106,138.83394021513948,145.61912477504364,155.0874306851046,136.41806139690942,132.24926708618185,133.6965145797052,178.73548921607252,161.73139288157495
280,91.1136213738581,89.89572029312828,35.707488155673346,70.4504320885683,22.990533271194387,79.99095706154831,101.42716941463598,53.89007302262651,12.476216814210336,5.2296527168390625,18.186391461040085,-1.7276339360656223,-0.681093863013345,-7.550412552273546,-11.452174652681407,48.76737077301126,123.759075590528,152.89292998951856,132.93218059904854,116.08752872335025,95.15520049464706,95.25130103385939,94.43454105197638,105.36346803604562
281,65.51328671965706,107.11006661139612,16.72236191995433,24.539596847513266,-16.629834179030027,48.492297653912175,71.85905274224976,0.2667512978422977,2.589357771386915,23.6522636629081,19.100448439982273,2.725279099796211,26.17151675815498,33.781357944719666,82.41847022589788,153.8852648045898,184.44132462396567,165.12003659719576,106.91741002904104,73.870306180294,106.5763434106972,99.2971929071316,97.12997144591186,89.6563001949269
282,14.265785272742306,47.932865899505714,51.19340299636356,74.33972810438722,44.173738727475545,2.437287896662866,20.78728443732075,20.48676081510005,-45.05555034169636,0.7840425428557545,41.11173212123147,63.43297882233483,37.39967988574761,30.828659097371045,55.27606921755825,145.44699367904755,138.05070287427876,179.13584872475622,101.51656325305788,111.65368709925772,96.43751551946376,139.0914785018207,157.4630591813701,113.60155406140856
283,105.3641698830823,103.86010872287346,76.65727332343285,109.93145918481537,77.30834625995584,-61.19800089283379,-20.91805932896129,-26.23609952015191,-29.662094713424374,-33.55761311558249,-34.99487614185976,66.48065367001612,38.170728549365755,33.81397740618972,30.649499591429933,78.10318304023406,78.00686509390772,113.17239717691551,100.14242808340464,127.03793461005779,151.66383378116393,132.04654511317588,98.97896617660894,106.40082177420959
284,16.01168078574726,40.6202553032095,-5.07935877287202,31.227066021723076,22.59435326141501,70.59585171992978,31.519055557654255,5.434145300054567,-1.1942695087166442,-38.75710428485572,-16.677680064796938,2.728776994817487,-68.95957654495992,-91.88096888690534,-34.75143055157354,32.69001822124184,87.41520031719313,121.54833857926911,105.31957618599742,82.19588409388555,92.75872239591568,83.00156864716425,115.59794532156279,136.36472784746888
285,83.8178798372742,32.71033471286498,-23.816780476248447,27.973808264124173,37.01182079856356,84.79107304632352,54.72210869217221,19.534555314931424,11.380204390693367,34.122652603142114,60.947760329233745,73.41354044333505,47.03758213323342,73.35379065367442,77.32253013439542,79.56133432884229,128.3709170958059,155.9149559517555,172.97521967804005,125.15538962411205,133.86384945683963,111.3417820619479,131.06668115090815,157.93670704105327
286,116.61933060732268,105.94005030977772,36.355066863699015,53.06513491596229,43.060417522494106,119.29319940699506,67.56956763385028,55.82415019500424,51.13042539158931,27.51478842456444,23.671540125023785,-7.560718628686693,22.64964528766491,50.5149038283673,56.396404161004824,89.05117819816782,114.0917578838117,119.10506473434924,114.3424568993994,120.84944160804687,83.24921106712502,39.27217741127261,56.86268084785854,113.12045477159383
287,88.04058929952382,74.13182860693992,50.80798397984263,66.20858795248827,34.93669505805735,98.73418047204291,77.64588467860851,57.83536067529352,59.33951675807243,45.52943085157475,12.731307963579535,22.840114193236207,36.0835000583623,61.883940615447585,88.31711111366369,118.71308413714137,163.46832080113643,177.6465969382034,135.1997170821553,109.5297735753463,147.8009972589728,144.3853205081703,117.01156558837849,117.676377969474
288,122.56502916929071,84.24650140796628,66.19773271274258,67.2016139417129,51.30094711417479,98.43944728562016,59.971805134255405,18.61977634241511,-27.65303828849776,-16.87371475461604,-5.6088288070294965,29.806811551345398,13.189758934665171,13.117672761134212,31.48665356944396,110.85731460970705,78.4639499093224,72.80014695701932,82.6062291591044,104.1298608559556,174.87013641411806,150.54771096111233,131.48760038912272,147.3200091810993
289,40.44877566260184,28.9943370731028,21.768664585962718,84.24830215751024,63.33677392265836,42.188590217592335,89.8540468532432,32.57482771161366,25.230470389188547,38.81258199458807,48.820808571565884,93.25626820121971,6.696225588143626,-2.7937696090768718,26.396295750043087,113.629474974028,110.3341568125835,94.0820447712705,63.30093990272488,35.3479436315468,69.016207783093,40.22068208381468,36.377444416606295,53.835434518199065
290,49.01740670484361,70.47557604752996,82.26395477870943,43.42380295084439,-6.248000588936364,13.928835728722063,0.094256055035018,37.249959939554515,-3.5716978585674433,-21.478001526215223,-58.96778637518419,24.74600184378111,22.08738499652757,41.61358460153525,89.50471565116604,155.8571392101124,173.61027377682584,170.0049648470038,143.95057413200738,129.35824023260724,121.01112378523241,141.63568569707743,172.05474238956037,137.07307581621166
291,53.285512201029746,74.10908339371947,78.34858146003631,124.7689757702764,107.25130143669395,136.95563295458393,117.47385905584252,77.1581414961748,22.277102685536665,56.11531448369125,56.474681275258,50.593368240224024,31.979156334187547,19.07220410409845,39.25531276692362,58.37616139044032,83.70091436301144,99.97283946232591,106.3332063309118,52.99689093293888,43.946388065411824,64.17526693478668,97.14268139122052,123.47412118412639
292,57.69754540218944,113.18660923149767,68.70181428940973,99.06296210541244,65.62240267108807,104.98540179997887,65.51877762480282,4.298429615830614,-32.18425695201549,7.364877750541343,11.926097732441086,45.39336007795253,81.44852493844574,66.74725761840102,104.05688225346398,181.68657913254305,180.02091293106588,182.59591089614747,177.20187465093989,119.73278964218377,154.35163876675165,140.4405712114244,191.13654709520307,180.03186586937366
293,55.41672991571305,80.52742943090688,39.562692572632365,70.02805264656159,69.12918309491386,113.78932940505422,53.31649189335727,52.732309124601315,-13.106881305084158,-8.503541187872116,-11.465576815598439,14.161499749515539,6.7633586421021405,-17.537622848019698,35.558765048046524,93.72182400488254,155.10351915753103,183.6811974031769,187.27207146973456,116.2714731965961,127.51810805578907,163.16136047317534,169.14761875340668,141.13571047530527
294,128.26302260340142,85.94363734024282,32.5810157551956,185.79036106728825,135.8580837205298,188.0048755794579,133.81068567557372,95.58898843403783,69.65126938552778,59.813728942319784,34.938379938084665,57.1535790149844,25.28707285355605,-11.054780200900762,12.371109839686973,116.21989880342933,141.19965000389996,143.2501024216863,116.14992735024825,104.33580957866519,69.5811685779122,88.39738719592314,99.07460936375747,177.33632629103667
295,75.95529901604218,79.30408918897596,18.50310392618535,33.22062470791171,33.8706656014995,67.9901360580236,75.34202953771467,75.42187778397076,57.87727598014491,66.69934795362812,35.48042471132351,91.44344777518955,40.58865069924033,25.867569566331767,50.424200154369125,146.21918320090657,230.52878999524083,189.80789123068638,169.0936341021654,132.25387866399,130.52447093902063,120.40828140613147,131.34587700026455,133.1016216761773
296,115.23558196987436,107.43543622089496,77.74451487886488,83.87912150250708,41.91044542810407,87.70864777685698,67.28705445669526,66.367772343316,44.266773930640696,33.9182916038453,16.48956288612361,79.01636269722087,18.50052843437234,23.400885004089865,59.99857564326315,103.8109312807529,183.91450266688298,161.80907149948393,104.96563463883658,103.64486681653914,166.6920180323179,163.91878221333977,120.08911754029373,113.76035222958643
297,46.244545820945675,46.14408042801435,36.956173799264256,59.79131313883383,59.79687681805584,65.57992943101812,42.76243658926385,18.305374096973352,17.863571779050666,10.863115448157814,28.139147971675197,68.73407254119617,52.05977353489098,20.794048964603235,22.704752258746925,75.27484894184025,70.82683653116334,134.25923794064815,131.86988871544088,115.78572478308375,125.06801656438363,167.23411410281955,145.5772227171021,136.43462562103494
298,1.5773887108322242,74.58823355022113,61.45450140545551,99.43470191482484,103.29872637731279,108.89587656827389,99.75644405935415,75.33908414591198,32.90463910964274,27.431431375249527,60.40240026209899,69.89466819720508,61.418385857906244,46.28584866073841,60.070759096822414,117.84168807244752,201.8503357452883,212.7064641186244,147.65934727188198,112.80395268247203,107.96162747040836,107.63409037279139,176.26783382529274,193.14805775755846
299,117.9138454613589,92.44778307129887,25.872411036700257,64.12941209158137,71.33513090549127,97.716057865244,95.04818469009703,62.34699410113372,13.590670514623184,-11.733647644011064,-14.40573020893882,50.8937215047783,45.78162349065543,63.68590570252452,53.275056367797475,110.13974831859761,85.14674971835514,130.3557627060068,149.53102842118733,137.0641356365642,73.20184793751447,90.83943512436835,48.02642079530197,96.05876269782306
300,72.85471796713301,39.58743447077441,-1.581297028905972,51.774388000340764,27.583783138485256,98.72579242939753,88.44596329161413,35.711649031268834,35.05750962830325,23.424310798377395,64.55157097842483,42.59633398737252,37.93012386483832,-44.10456358387849,3.5526875620669998,83.28879894990868,140.46041541269534,184.31984880217644,147.08245607232294,117.07659244872572,106.73514418995082,110.64225555800975,131.9630064094295,172.7525877363596
301,104.18261029491319,117.53767670191162,75.1281904709262,76.8045850037927,79.13560641191228,67.18108253716458,44.83795669703768,4.073065523303313,7.6564809800640035,20.471180368697112,48.69558346938081,40.09563591234607,49.59006852942664,65.49418436066101,75.74078071228664,107.3833583787213,96.59291299999913,142.4405219217019,187.45496421837393,181.28475369595373,129.76368662191288,56.84521562644046,54.600031454204455,78.39731386647917
302,111.13175853755762,119.26583457741268,84.08247675147072,84.13561986181685,64.97652552221348,60.58655483307025,51.7081434447194,-20.533686354689024,-37.57478622431,55.88350702204364,36.849801182997865,49.91115332648537,24.75749309959948,5.254237984528597,75.31845047928678,129.5928154070192,212.46048606377727,202.99774666335946,158.4045135034367,104.01035335194462,134.57638196796518,119.00806247940594,109.80503355167352,94.68508627530207
303,58.87316829493378,69.50596172575071,54.73078254648849,65.31934722697983,94.23861012720798,134.31113344615235,94.1689180291018,45.59131131427267,-25.494800449364526,-13.641357852180086,-3.9368768241790093,21.671147768906764,30.069752545184357,37.345961078403974,39.28415178105984,86.87278507385689,85.39067785833305,122.17259905705002,104.61183274143502,110.05153848469587,90.78517857978875,36.61883341467403,272.8314397823543,218.50979308605451
304,44.49284238102304,68.69374156567966,-24.483757888143494,46.37283091698542,77.1627770291129,134.5915441569275,86.31281887555278,113.32822665370054,97.6424028736639,125.23584830830981,96.31234510422499,103.65337375037424,59.94578841867211,39.66304655110228,69.69759549268217,135.68266397572285,128.25114492510158,130.3248944854535,145.4205107834139,117.50675797129709,146.13272454233498,147.1791555785626,158.02169410426188,173.53713587281547
305,67.76111498989228,95.27739979052426,59.72537299586611,84.41042063960026,23.219703241018053,36.92054560265707,41.482563185473474,54.219714713690905,39.12354212491432,17.0822387493725,12.68556744570484,12.433864767410839,8.821825836279523,10.046491080889808,83.11116823785363,124.38938396777856,169.6191685703766,187.72864274394328,144.85687423351337,116.15502372475784,140.00384719893725,112.17686734643272,99.03529361510755,148.29824791443622
306,52.934362689224,48.21974553617265,-44.006861396813456,34.09746143180415,0.9025912882079652,50.214243013089195,58.371818125250726,87.1548592689688,61.41939181708574,53.766933938925064,54.176096783335964,38.21134993836553,63.569204675379446,45.85639552011272,67.38467967328457,115.84412333651872,171.64946198933288,147.23678680486222,116.60788136704029,105.90738321042673,88.22397747331664,58.22597794153589,82.66407089970116,108.15259516571808
307,129.29246061334166,135.29056325020875,77.0403653651937,68.77781267021348,90.14572872444171,145.40373761315294,130.55089617842708,75.52519756830974,48.44950527998979,45.35479802256623,6.288931703678422,-4.03613271580587,25.273273963069876,50.66166706279578,79.82450653312388,149.08060964182988,175.4873439667046,162.54936881957414,130.92998012150062,95.41336445232156,84.00823273886289,91.70441127121525,100.43120273637095,102.96152691659374
308,88.79098344121266,40.777799036166634,-10.868283452495518,36.21760150748711,30.6740337272545,66.83510044338892,32.106872590543105,6.9200846805427005,27.99168217948091,25.58380074486323,28.12262625186898,7.327516978809008,2.1152623463210034,32.2422895119104,47.891504127147606,95.81020681743288,84.31870537869354,120.18331070917102,121.80750591375426,75.92480819389425,69.46590571403141,98.23943506092843,119.87816162536966,137.6177390994608
309,18.513931074199903,27.260755202068744,21.697058971976645,58.66252266481968,17.68088123055005,30.024604169916415,36.723790236448835,58.739346516022565,18.56418576115307,44.66094628056502,51.01339675096243,66.3753708592871,70.3341073504854,68.56471297769627,91.68360341616966,148.2220384931217,123.55886462947242,147.26477211476052,136.82338908486693,146.15970962996704,111.40668192021394,120.90928990557026,145.5349074428871,131.82336370972226
310,62.72815784318804,58.607510501289354,22.02185926899866,32.25201936619494,-1.3621501953343298,41.033803794686,46.57863623588835,19.77608299516913,53.11280529974288,13.390417796988611,55.39620118974767,78.58035573523219,86.30085775548024,97.44938777202145,105.74172471675948,118.7552485865912,119.04432581720744,168.6089810326979,156.51762049076729,129.06119102307775,121.36565373107643,94.00893405133537,131.16603705519327,140.74908364131926
311,85.60535786341299,53.41968717303672,8.460485461201785,7.739953082081371,66.7233002960145,88.97669993175697,76.90595083048076,21.554011862867505,31.216268918281294,-20.226722326093416,-30.535335312021168,20.288281028156753,9.025146052009063,-2.3646897364806314,12.153913422328586,67.98431980346628,121.92517619845678,134.44473694355253,120.06328119757217,127.08073617272845,132.90192728784444,126.52115098916875,125.26951243079377,118.57844548923677
312,113.1817125184563,51.62441749724735,85.55892291727818,116.30153558774859,100.32906822994245,107.33113466046198,100.9962539380833,37.57798583442544,18.905646125140272,19.93667168051782,34.261758830539726,37.349836386091965,44.05898497734231,24.214168606654667,69.61468920630276,115.24032009557556,153.93616895951467,169.05305662711984,182.24269836058642,156.89748533679247,117.1938698234104,107.13647346502506,160.59809641802488,199.01236226882543
313,106.23612660752579,118.6091856246832,100.33579039703491,74.445603406384,53.748346187526366,70.8209724932693,36.97652534097806,10.260258745188771,-15.680712077253048,-23.312700480139135,19.026172197984906,4.599655649170316,7.128885222982703,3.6532071226958536,11.185040236248632,63.47809242476501,120.83581184415907,93.22283023607577,113.7207905202442,61.282838764654215,109.63254369740105,137.6104908957953,134.63329927000328,136.4014997818091
314,14.951773865503291,47.17187133610195,1.156473530081776,44.101052737596206,74.23839961309561,141.37662936284266,115.85643035520819,35.934689623100496,23.8842383457634,25.396512504294225,32.12496272547519,99.24209925972775,96.14018969298257,59.767242225235904,45.05915971565584,139.8025078648065,122.24799576919997,161.6733106157635,178.9215180366625,120.03870195502246,143.22930480512125,123.2163242211666,166.41479447431786,142.15841995931376
315,105.87826428400582,131.91927027974802,108.48819390353528,123.26575582301696,127.51323605065788,124.83465572807675,66.80363866374049,17.295583188941492,11.480878748312064,-15.988513954474833,-13.553199097957801,45.1661190373471,46.40510169540662,14.870328741339025,51.54285926333453,93.62839961776938,123.51492338259634,150.99740025035317,118.55229692793331,128.85914932208107,103.50950373725067,65.94959276906289,67.32372237778821,119.53555030493004
316,69.25200440441812,48.40759421520918,57.00347367769727,75.87666702366525,13.975733829637484,84.7641153846287,77.95023740828644,55.80062095806486,4.7887504034284625,10.683933588860462,34.81973472426259,53.612184156799294,34.31076423898428,-9.771217328000215,43.67789642813608,55.38489438669933,104.15706587205753,132.04419276826076,174.5474660737487,174.03817609679146,174.2869279742328,88.75297771121944,85.08825346601677,108.87555265328275
317,103.23164157455486,73.87177880126875,36.356616458463314,48.34873314836881,58.16759924804327,48.30720846300498,78.01973028554929,73.72650658197688,53.30562990487378,21.714475589753643,39.21888262274245,57.037103133690266,79.0460327973243,-13.746812917870503,14.365502185105449,85.50711900956479,119.21054846132705,125.10026282753778,141.83015986381358,103.75737126273098,84.36260503965666,118.38121573453611,139.1052122943257,126.40301081352825
318,73.34695602672775,54.531063306258005,34.21684441401618,54.11616774448499,11.402737338588018,87.1412613329173,66.56463139025117,16.756480895606444,-27.28607438455324,16.953070430013227,26.8358202792093,57.500174836652064,37.78876974954549,18.618241846397297,35.474447482397174,116.47455833336527,105.44881226495161,88.41976760725922,81.3919348074465,72.7399691879468,84.71376046923862,70.86821079321288,93.5689155589597,111.45743769048147
319,93.17405295835202,52.79713075441172,47.92084128417934,55.3764137534344,23.92051739163022,14.659341350392168,7.021584851819625,10.395216057664655,-40.92567471667378,8.258365418326832,28.163580009678938,18.216955888459694,-10.818099636174878,2.4919437293022035,8.4214170578689,69.55090473527493,136.16629511661793,133.4775054503561,133.4605744506676,156.6885041283438,152.56254055070514,152.05075456544012,147.91379641333972,164.04755130413847
320,70.15166878106581,112.49162329747138,71.470772936426,77.42717151888618,57.30789602064127,102.5794219521336,74.29339052461025,10.893782392297133,-6.476122305592931,28.25044015307391,73.77866044622073,109.41403895247558,127.81510317328986,93.11422642187662,100.49700522459459,141.34586644547468,183.1720581278442,189.56846300900185,191.16417093147692,155.39128233928224,132.18898237231687,100.40171206145907,107.4464547764914,123.0023278337754
321,69.82679630156889,57.07588506745596,39.9649776753282,78.52102673397086,25.009550709253936,76.04067344337504,113.33951209855647,96.68558754055675,66.14611890222488,26.85710979589851,5.785193267291252,10.230026831056826,-1.4649470173136478,-3.546196891082108,29.868507541296076,87.86704996548531,133.72532036140885,133.6353405377574,111.21016355646748,48.04644656986575,70.42124301654584,58.31719407969035,68.24817776877137,127.61855340075634
322,101.33515416979232,82.47246064463911,81.088688835758,77.50004435872017,36.23014068871109,27.99835198199844,33.524456669897255,17.972789098924828,5.57549446145245,69.66512760656312,87.57511215348727,33.631315154293155,35.85667389901211,1.781037337853686,15.416054183512848,56.67126946837134,131.10940480441485,117.04876484405145,101.92258186483357,94.11494970343335,112.11865272317922,98.4328488458798,83.88621336633732,66.5213817928398
323,70.66757213661874,10.209999651697828,10.766618129408819,37.411005686915644,35.05407684170586,28.782062335866982,34.13557079425479,31.828818666937618,12.21407362517606,26.937307699523615,23.937232795556714,37.887117087207976,25.250008249689813,-11.101224571697937,13.551552934714117,102.24146206414204,124.57334126836277,183.61591829132783,161.46305882095731,103.21230519379098,128.7486910685189,138.32032360310157,137.4406237849362,147.55687621355614
324,45.13304461756843,105.68432618574239,134.0815945193989,115.01481462000727,67.7665924250183,84.58903357578208,74.54003502338466,94.16894334595543,77.05858041601445,78.43562751134638,113.11640071611242,76.10647882590288,66.39009847973753,61.375830087311556,53.04699899148451,94.01020682887844,147.36763326554637,133.97149086602505,167.66022049961848,164.94332427673163,140.7148895752648,148.97077676959333,100.74566201689117,107.70253425143805
325,57.31169882689325,62.324725315255485,44.90776841753905,96.61300901493189,71.29842985951535,58.89385811506325,34.69696002365585,5.541181699448636,-16.175911919436587,-11.1619565384771,16.73215094806995,42.70647836943227,21.470888970283575,19.641520333565733,45.82371068451906,76.13069567126887,152.4675393553273,186.92828640295096,178.57669394122004,105.85662287927154,117.07131446357968,110.12301757994267,102.05235256338707,116.21593483491645
326,117.36557124148067,75.7466011150997,37.25414703979965,48.067312340203834,69.82959551834924,75.97665672790072,65.27009402227834,75.34997804224103,75.72020365607196,43.0926864060953,39.54679315337701,101.45646069140096,29.32073833830387,31.577017563584832,20.06613302795193,90.32625018676738,79.82637388923779,103.5253291953558,87.51357250272727,90.53780879386508,118.89524748672922,133.58032378103243,142.7202977578102,182.6097429581447
327,171.3055670292967,114.95918863123454,65.55935366364602,63.64517988528793,52.03089322789776,77.89329541560076,55.90945179119901,6.131183373750126,-13.77403906944268,1.646175385680504,-22.507810114219893,43.49043888810946,43.39483082077586,21.669562180041808,29.346319032412538,108.7482340754278,91.54291709076676,155.67680067269785,137.01290810753358,139.68275778972384,148.65043015585616,123.79767136274774,129.489993916664,149.94669420516823
328,84.82322128185282,88.72069508470479,97.97677445296,85.97368952388541,74.06378520919162,140.03155998809072,159.0428614589315,115.55332217111794,59.91289313941739,92.87649124548989,38.59507356882646,69.07149531424633,33.13473722626947,45.57884671101907,56.66213748254441,116.3973180262033,147.9612729542449,119.53857665999995,134.1413095451135,61.8030662360931,76.5959723360908,80.05849753904101,97.34215386134969,134.76355141262525
329,46.470024727945535,43.78078409481962,-0.23580702634757955,29.097578958964952,57.39108613463638,64.07342026819404,64.54191725792711,38.25759977038506,9.872509293405532,-7.402737895959412,30.945782740762606,73.90598151210789,104.86640579066034,88.15113942091574,74.25978250440832,81.19139501764087,132.78214596165216,130.2901528086625,138.67605281032456,112.91706901280008,83.47032273168867,97.83388300891309,88.17335760304614,91.23942999933568
330,75.98454665951569,43.20375798422023,9.071583676300158,-11.16104717453365,8.77730530580881,9.245028534860296,-10.253503724046553,-20.741706207140652,-2.181071645785604,-1.6380963404036812,-5.200074320555899,69.40168308085588,44.13739981573593,19.05820109606902,20.1308649557149,130.59377648818162,98.25546734694163,85.85177391343694,123.16214574101738,145.63631565379558,151.6971468146259,103.15460303412385,185.26628156020809,188.41803297793325
331,87.11488086369289,130.85152845545844,101.8916320570575,151.67770558310855,77.78180948825644,58.478550447127276,72.27198929480059,25.373326020713208,-2.8350355965463194,68.65376567702741,67.37082966293876,37.663855733956716,73.27983655475606,58.14603717911405,12.643532863264284,109.8298662817266,128.00872977740096,107.20462726083541,54.12996681126461,46.79470972099823,67.62130828479442,77.20764899989145,95.34283316470155,129.19418781563346
332,74.22793762563838,80.47787539315763,57.19325317920129,45.43916766084469,11.486728988297017,77.13799414235686,72.21396206349372,25.702107137959867,-23.964502517336875,-0.05716770575201835,28.477226814241583,30.637116671695445,-5.549407115496969,-6.973090885771459,15.63630367050083,52.24804079183502,100.25904546595024,133.03762057711356,155.2530187582569,115.0435384080681,145.1275124962255,105.99584860345077,72.79316819116107,80.00911327174424
333,80.1812630768679,81.58957185265258,53.164106605311986,76.25050461061302,72.89113358394671,92.75052424539658,79.04158957073727,27.12942390387058,-49.8611541168039,-24.09996202559327,-40.42177208692277,39.216153082667255,-3.7045472559915282,28.217052533503768,67.14406942285731,138.46044840790094,152.52024052650623,142.9378427259222,136.12361001777262,95.65493017546832,79.6283199249522,82.43332268880476,144.60941628361158,130.83463837652369
334,112.96233570268333,107.69886136643012,112.18823329982655,90.04761229439774,85.57961082848193,81.41479474478389,77.71935922954626,5.005326433603948,-7.503084988593102,-32.65663624183178,-10.8161186589451,23.06602695463317,56.05200917508036,45.419098760114025,73.57909034676874,79.45427825578741,146.82055608764614,165.64101248482228,116.20895611549493,78.35003206583592,114.05875317216723,71.77538367056852,81.20805898905299,110.16528552661046
335,84.30903122048073,87.6013185611595,19.2741678712051,63.52448822592283,67.57747127608434,52.527711456524216,76.09899693881012,35.86880901438391,-3.8768738054868486,36.91758622222153,65.6621536061938,86.31298360806647,56.3920815064198,16.751631057585048,57.445784107042975,123.56381327993563,170.2507726776994,211.83712870362322,183.7228426545089,175.04163933928035,183.75082105263323,140.0322430127499,109.46178793296093,119.10855466390545
336,68.37480373229477,102.19035875749104,100.01684316267608,81.4050309844109,91.64879478833105,128.9349888553122,81.63579175125518,70.39284603750986,31.4343602639322,18.801855341944346,64.45781303996532,68.6682014950746,43.870290476156256,-4.58441983732018,12.841440177300235,112.06638582928394,188.15674313629074,159.91466565778825,138.29697121875947,115.71782504119396,106.72155492704572,100.77080861982779,75.9816896508289,92.6270606639853
337,41.22683330949893,36.49447235467342,40.14179199217307,74.47682134429601,82.73627859117093,163.58519830682786,104.04244635168806,102.4313000726969,78.0531842320202,106.50638545365481,86.13397759817751,82.75763018327925,60.98619442058381,2.7011994050760855,22.844866340335784,59.397435405115395,76.68013371707133,85.05343723262351,153.88220044306482,118.61055832217187,143.29360783881197,92.30086601428506,87.94855846438013,99.83091525774142
338,110.43771268339033,107.99400542468648,80.67894945708153,90.52400976065292,57.10937685454017,83.7006195276801,55.57485217028578,40.03969258071621,28.35490333899617,21.194895998512198,69.69771346555834,17.50566436018315,-13.580623958561077,-3.032023483693507,53.500978999087614,88.70405936144633,160.3011052490445,167.01508165758563,172.3879197763976,161.40684818316242,216.28641970578002,181.29446535812497,210.44228578677263,207.8425832917615
339,98.42385364778954,48.46548162976211,49.868054235477835,90.93793144121123,51.86568348582807,55.31590396824241,59.16020547643022,42.15686025191177,9.70394395349933,5.915295786803483,-28.46541870527966,-15.385929738081039,-38.218441348320795,-29.73296137484955,7.881303067508391,113.17839922392399,168.6618424615604,178.25293568805415,162.59954050372207,128.3638418889028,118.88435568867696,74.41075930112405,103.736492144875,99.79187055779335
340,49.10830508656645,55.111814427741905,5.909766774926339,56.63562208516357,49.44708858887472,95.34027621022473,83.3880611331281,38.238671448666246,31.68064486660442,-27.18469053186545,26.119873923465754,70.33702438449237,57.326905843224175,74.00378212321687,129.1538566055835,172.50966871722315,234.5785605889596,233.0875766084674,229.91456701402578,153.47840648423409,132.4459778198525,120.61964425322027,141.86199910264025,147.20549828621543
341,54.80765096428254,66.42342955902434,72.95913712431965,125.27245583521145,93.60449308478161,126.82061795934916,94.98575420799361,103.92291460226787,22.259808743030476,-14.466543251277841,-15.190035400409954,40.950239177329166,30.46789033616012,77.87548519988293,47.82585362550814,68.15026162147524,148.02135259768446,170.85030560517214,148.24093039665496,97.67396883237946,83.86473293041007,106.23454026212302,76.44648756906554,108.72007305590259
342,131.5449826185686,90.15984269588652,58.73715215109057,72.9310473902959,59.46925331965534,127.13220210451533,86.94455353636717,69.10898106046977,34.22285641890103,67.01868751557521,79.13459749797319,99.23863862992087,74.60834674145384,191.77255959163483,147.03643160071155,148.08047412808696,168.37771366222142,142.99930141038476,119.76621857355155,96.2376927043617,73.98614403920133,65.06722412623957,83.37382892388928,142.86567238315132
343,74.78223853200745,73.23243772961487,45.332697435475,0.09015954249521485,35.76132467652543,73.48700844243241,26.321249322675342,24.643056724452546,-9.84727106488615,-9.186972980288772,-16.17821816602209,74.45514270957014,56.854258094441036,28.96103490134137,-8.286442692267123,73.73758168750226,112.09299688725311,141.49932069101598,151.44356341525506,149.1803970872648,147.98365748725536,147.1108097571069,111.83592141917809,153.75243486168176
344,101.84173411570228,57.62652812437628,36.38670315179806,74.36207058387826,55.209481399596925,76.05855035222876,43.88519814336689,55.415122085833175,29.790814978355797,41.56901629289786,42.23107604174256,46.42226790778748,1.8258046426924253,-27.684016700571664,11.564413901873841,63.200876709392766,112.96312006751438,131.89751744366998,168.52998043493574,130.74607927247035,162.1835613144559,119.54431281443532,98.91494018489368,133.9849173550158
345,64.91240117113459,79.09934331092262,8.719200656025528,36.78881363082616,38.29847899978006,65.13303107369423,88.74537248687118,50.72271586157769,32.55065045774222,54.798229287913884,27.074578182539593,18.465346921282514,6.732715457334383,14.07699763624305,40.885157173290125,108.87941521221984,154.98245136637442,167.74290241438422,201.4197283825238,158.31913817775398,196.46501641618602,128.58853261447086,126.86812945504767,108.52950319962103
346,66.68125922043942,115.02553191592962,73.23682711337031,82.59529181582378,68.14960485583715,126.87508449683831,73.70975786765993,50.509677303690516,89.73207736260468,102.19580999584448,52.42812170166799,80.49661183526712,69.27162693491624,65.56238783406089,30.17446000915221,99.85769009279707,114.48162594035222,89.39039379001689,115.2871965119291,90.88185524075021,115.71105375642932,147.14043030365738,182.8792061205312,158.3354632131791
347,85.31332911083248,68.97470260938044,56.55130782097331,90.4934865310471,71.02855989384472,44.25215726845812,25.636791951070805,13.883991612807833,10.997511756763794,33.30205775658914,75.16741318966501,88.23107429554281,59.66959136774703,79.58449869582854,92.51543120316828,103.08731731688466,117.19788978508484,149.9636916954015,132.0364272497041,286.72493776868043,225.70535380127492,175.20054992268044,168.32630245396356,158.66573263525845
348,76.5721967108669,46.17811211916225,11.445251440178943,70.2128131698301,54.387657583221305,127.39361437438343,97.87252616679595,102.83788838931888,65.09444177042045,82.32170711882601,82.29339081667548,56.2364052254437,70.94681922505094,36.89423211038924,28.2857351165982,71.28416923523454,125.19877863216917,138.5063672333837,154.30025393229522,139.50168388028155,115.41384221376588,124.80843220552222,104.13799900983432,91.2161240438926
349,96.62688231074074,147.6309430435691,92.38452203786551,113.55757843356895,91.41629789102555,82.83679313984791,118.77864746588455,115.21234184039068,104.57068122456619,43.576788516659796,50.61054834707191,72.42433853139941,77.51455643261808,269.29826101687235,189.57954290137545,209.43062064012653,201.1930053221246,135.03677366910244,150.93547158402617,175.69058839950702,172.37834529100712,118.47041146197006,162.39967844571544,193.2736492984479
350,17.70438488419412,-5.4437684428561255,8.469271086671604,30.403780674500275,29.08352321739631,104.93268780559413,88.57345759369548,21.776918396613922,3.7192590090748183,34.104829082485395,31.673603782086953,62.971733858146735,35.58883776652522,11.863842528119116,43.11655114482548,102.44665417294146,173.71233054940527,169.58804966008586,169.67560205468743,128.74814658220052,100.83888126243505,105.5761917303936,152.5917134241019,139.11033283614572
351,54.407335385169006,76.98139296666417,50.03384379102365,52.57116190038887,61.027781577810686,136.21591845792636,142.64893483727138,118.21307973963216,97.25111553223863,35.25490779131536,23.853722644488638,58.87585300914937,8.41516192367098,12.54815498866708,13.805096104971376,88.62547758454056,137.25604964007022,177.00165802853886,173.32569824282982,155.61900121106504,169.65227969736466,165.80316487503097,132.47425042086823,155.5665469493315
352,95.25276241690528,99.42901338927265,171.29745117891008,165.64877451614407,117.99924275764363,148.5836072951544,80.05152012455807,66.41688079973736,-31.26447051096998,-9.169482783123037,20.578296604590456,57.502379178909955,75.44280259083365,-6.990371296848426,50.96472955630459,97.6068060665056,138.8020156134207,132.47257865849656,164.8647569639096,164.2000015966243,142.57663601648596,122.01878947494745,133.6760594865104,145.4833274133146
353,93.08607551474846,85.21441653481249,60.657670609358306,75.42362167109854,101.38731050629873,141.82477588230395,51.53828491105202,37.61666289487924,-8.027596785293369,-19.438897388182973,24.3035563095356,44.76706863809462,44.15701908312221,33.77435296859876,58.66557290406304,88.0158588501414,150.85235621970472,166.8207910789923,189.02961258308932,176.30993182604942,193.44731130532125,196.7442991492361,174.62417524592226,146.07521844867787
354,48.97058187212545,81.66482672070225,74.45306840775221,79.7652515936727,59.26168010112159,94.11438483763432,47.17551150974786,-34.214211688974615,-43.38600569296163,-27.469545908117887,-0.8342896806703912,-10.437669159050685,2.47408102140281,12.3587087565215,68.523261092768,119.20563620721475,138.91633436486273,147.52067419766738,184.8730400994666,155.61139240764896,172.57439789593232,142.42596389555337,112.50431785446659,147.0496575415835
355,12.403092724961617,17.411913797879286,0.254351097417036,40.63492775998524,91.13131894792463,110.1008323197301,105.26017042853601,91.46265634836192,12.836231836172647,2.8933752128973467,-8.513727594626147,-21.183861810461416,-18.678126630461662,21.341686404025367,49.3248777842375,80.11394227240373,120.11905188014214,102.91037037239623,138.4583405843849,112.34284544540718,125.73682516919037,122.87487600651599,121.88411521601157,154.41469385641116
356,111.11366796940396,125.35092965112369,76.82053144942591,144.9308831639237,103.49508951942039,129.43836954968125,103.36744175162559,73.83522569633395,46.12120409245577,26.44038724796721,87.99236796798117,105.7084976600679,71.92922741191433,35.70805319208837,61.34389316453348,140.99536424437431,181.46237273731577,202.80592475447605,192.32855920420621,148.05680938414636,125.70353254484326,102.29750894979168,131.36682461655306,146.3962150789039
357,37.05327650478465,49.94433289174499,92.23951484170523,112.27421049143268,130.1400413532189,124.70834391682581,157.11746069956283,102.38957898764247,64.74271343154948,62.76910666166354,52.770086957787974,38.13834649910059,27.95642831317113,-0.1700924797875949,78.47117887363908,154.24486746466323,178.57826879329718,183.25843362139108,136.29385459065824,130.94134791738728,154.91286417121177,153.11812061414713,127.42012445725967,123.57173816842952
358,80.71407763677631,81.31974537267016,92.14743911186852,95.3203368514817,73.72078551099,99.26573428355529,69.26156710756008,48.78937783302432,18.373773901340165,56.32285939300143,90.54424652186715,98.29347972023385,38.30769295987816,24.05825321213202,3.741105114302613,54.23486922160782,77.95401414437123,89.25829639458325,118.05480751906359,92.26744330673911,78.41989600351991,94.89294761543401,83.16059503846529,89.28190027568442
359,33.86979211047735,32.42820091811643,58.24061145301815,94.05384387578233,99.385213278188,106.10966144854285,79.44286960777629,70.81321744645658,9.290979363786843,38.792244656096315,42.66722394405515,27.942086953618883,70.65937676354959,47.871267537627105,102.9362912465802,162.61379613191133,160.49520418475433,125.99765049556956,136.92504337975151,78.657208671939,99.0130572700757,113.85298519014563,120.66171361277007,120.17119358646877
360,113.94329486331824,68.88337544208207,20.988347263770887,33.30263159549504,21.515041446653072,60.72620998622065,58.60591392312149,27.788752674359927,16.88523202115114,90.05671815630194,35.000590869491695,76.72191627880996,13.507987627663894,-10.619207518147821,-1.6350643319001037,101.86011760664891,100.91998335746365,156.32696543207987,138.34921601090548,159.92782059421555,155.3522716000311,131.43213324765142,145.41520594189254,166.08038797868187
361,91.79431213084962,80.42432258872181,52.422957486543176,70.42208897608961,18.7158341308702,36.123804069004024,15.850423639907753,-5.161207062137279,12.424990354160862,15.518342965032048,5.233573070618711,-18.06416620549995,47.32638501238604,53.0011137046973,88.20303472224153,118.55777272919215,86.99865655091045,100.25912229717531,64.55072925635938,77.51770482979195,107.99189613042716,77.29938835615874,60.57859296955437,93.64746907189549
362,28.462862179756797,91.3291132666642,53.39778048183507,101.48868241599729,86.0427107402907,123.28107802599176,142.33206496086075,93.79770676692453,75.30623285218495,85.6335066325905,87.3126246728773,80.09564090815138,61.09128369734052,98.29449902707603,91.15913808420751,151.56900961518278,184.91332154742875,125.36930819487071,123.42546715943533,107.14009780612434,154.61894956528542,137.8726504178765,151.87283093170376,162.54898351147452
363,43.71331656909105,61.85739879177561,39.922797327828214,21.276060122354053,49.91587961540438,82.3343328158336,29.534356472720674,15.372125638677822,-18.924703055419492,-44.5182663768588,-45.050190837531815,-21.28753698730521,-36.280618149285004,-19.187064207590577,35.36547432815199,96.99364284705119,126.02622613660773,136.18495462980835,142.8152496933261,98.42263124553229,129.20366305975966,159.32879259408543,121.9307931348785,144.3391209581992
364,19.82043185451782,10.30314707588775,-0.6886255793032845,26.959491014404783,-4.073558519562191,55.96823198459883,34.3501952093839,2.447664299293706,-39.101352265443715,-7.184019079234169,4.656320902209874,-1.8386406024937472,-17.214822941334205,9.089948455029734,2.564429283658093,46.05571689121899,79.76283004444363,76.8517260207753,85.23484365438216,35.9331259218678,86.8633428658984,26.208567017640334,52.22103919905817,73.26074961625629
365,52.01423856426492,64.94526864284249,18.14919841951236,32.10451684240945,11.94231201345736,45.01205921391558,-1.243229335688838,-38.754220135470845,-59.909805077752935,-52.94319812682411,-25.393935365806882,2.8678302331495615,56.78970620832074,55.927684335125605,72.99829856984333,131.52027300602975,137.36910675716157,149.45769830880448,147.53694586396966,156.53571452930362,171.30827291672975,155.5132375811036,122.05018884733205,112.64799490534281
366,41.99135997630328,25.39585661748638,-3.879770160315651,55.469275444194764,70.88365337787711,111.95345943035113,101.90710942305122,89.0121736679343,49.43187348111559,29.130098997356964,7.87650125936559,8.522579981999932,30.619500636588032,12.640882944906416,-7.483325923230538,54.68672098720677,77.96802752020112,132.33676274636315,142.47526883677546,122.22053220294069,98.13841059071504,62.7854537890361,59.14571985905691,116.35924432981858
367,53.155654332644964,68.30354794733071,65.92375260457354,62.56614006482572,42.03512007879439,57.72184642697476,52.78103952833642,46.300804161415655,28.60843355715997,14.379244481768689,58.842994973470155,37.21753849370599,31.7637208175422,66.28008357775386,97.93908427132652,109.11128146408822,137.3107631562349,131.9703689441845,140.85645709769116,117.33567275840844,134.73212344400025,107.72352337321345,108.58863025348268,126.59281174673093
368,67.34653179672961,101.07441523418447,87.86043829352559,76.39424999049075,37.11475440262316,82.53320789825577,54.80239137827387,28.022473684988626,0.710670134663907,1.904204991231456,22.06113494203933,52.524588379084946,35.60270308318889,10.083356004203505,18.13761478701057,70.3326609166196,121.62603033328283,103.77893567558095,113.5436966993931,90.9320197821531,98.35652785361917,116.69098596579951,87.28667584829029,78.40320382848594
369,110.65667900663004,82.95837375437253,44.43117810501691,75.70605580416147,96.53145457425893,71.31769934239937,50.82456099029895,39.67797470678635,56.97217127852569,57.952739872470815,83.77635819327679,47.3850267670368,45.69889662911826,43.45215615675086,79.84982057562796,104.67080187181068,167.21995242329587,174.92229528910792,171.35919483108273,127.64700756293543,186.94871638602305,148.44646047930095,164.6126812846219,204.42515042905367
370,143.87895349602644,135.43740965964668,51.14314457775575,43.536479157479015,76.62820216251009,115.042277008541,112.17949712494075,67.82926507627413,47.819687743527425,28.77779061495922,10.378249011423833,38.93140230050901,4.157023664592103,-10.517743247725353,6.381717172872975,79.28284208130378,173.28527173239638,196.1002383299086,172.7340736489647,101.92494886365431,95.37846659136542,116.66395747022679,117.98461909072337,133.38604713818387
371,27.51043567870113,64.52506017746501,27.0844534639499,57.717902565813844,51.38878012981075,99.92351261038996,71.12084041023672,39.87242216377082,31.259415083626177,26.79311264058759,64.38174111711501,74.65779928996433,89.92856086680683,54.71157958654672,21.12936845926061,64.5688381112073,131.10334488966004,93.22315190047539,81.54233702296929,66.20167638787834,74.43484818643108,62.811102217824214,136.19449497661319,190.65641113074673
372,104.52466868871196,111.14047362795968,107.43548009993162,94.24404341372102,84.48201564494693,132.50220080257122,122.0180780803223,101.79771097622562,61.88199638702443,22.669063523483228,15.54218102773171,63.30952208672458,64.4385986460795,60.72663593024791,101.1614674109783,168.0171128415143,192.32948804850608,149.6285068367246,103.14060274078207,73.63105063959974,75.97272598164228,80.26765017362719,106.51732845277414,94.53162541450061
373,44.32003039231583,69.8709988281974,-28.768867393166282,42.129493122680486,11.646766274772304,88.28269756148289,53.849987400198216,54.805473154231734,-0.2837664285500807,24.93728076553583,105.46688104474659,69.50454803863309,100.19612323393898,45.49681713907012,47.879312656558014,126.67409443151733,122.50104843728599,128.89295921335543,84.00112005954247,97.16503268049821,98.23497626522187,105.77887094656258,150.59107369835817,204.25613099511324
374,95.69667175203391,96.11192157662815,71.40462506498943,60.49022257460483,63.18421440580461,66.19412467321894,42.79346434412767,-11.418653666102365,-19.13111137005449,2.4955094973154814,13.65542398155468,42.03186298274285,-26.19522335415452,-48.63050085340632,54.46945522193737,86.51243590154584,134.55234832745342,142.7003364695561,141.2515341441125,114.04124532747333,167.04296974838138,121.23912618407473,144.64892196119015,147.94894074056987
375,71.67391653784192,32.77179924103675,47.86664678312748,85.12779822144685,79.69313300993889,99.11160218915114,73.22438022949095,-1.9887013585114417,-23.392949270605463,-11.137973724896526,37.382212552664456,48.95939529706338,13.738551311502352,-3.9125295022249773,59.34077662715418,150.27370154996356,184.2851725954423,153.07761553314825,143.400334775926,107.50767922992718,166.03439524264985,120.200672220364,122.60099644286774,107.68001124077173
376,27.196092553085066,36.16417942582068,53.573894033322766,83.10026990832145,63.20301821261076,77.70584591570643,40.155243028023804,-7.370094644910196,-4.7275493448625525,-25.81260415279266,3.4695172254075075,52.51636582765767,31.670145096030634,80.51874113032547,82.51706582172272,101.6228699154275,119.93688384600311,188.90038944174682,182.92169455291634,139.48220580506677,161.5497352981929,161.54609143079077,172.20782664811966,178.39257266445748
377,130.3637090646272,145.324790414445,107.13807663820432,74.94775542621615,77.34486479295546,89.61924358278654,70.0418225642726,61.916434242437134,16.86863946728122,58.4073323083564,33.917939794022985,39.67642303979428,40.189180244013684,62.40080710007962,59.04325001370836,116.33237035256813,171.77439249070176,159.29267526178944,160.21670446878468,165.17657783588103,180.2423806375756,146.62106202518675,168.4780108253514,197.2250547303941
378,94.84603992193863,111.08125930267079,82.67643921951834,145.66174646842097,97.45379085935028,142.48864075359617,160.9249704413453,103.78410428653787,28.176927087169545,9.136312550019035,24.70755196953532,20.58690636634197,-7.080749917471849,-14.393716457422354,16.471916742976,118.54059904416137,114.67929443214473,141.83486478019503,137.80424062391455,126.18971340484238,123.94958108988662,96.84648447947272,113.71675944742799,112.17583580756583
379,60.68860199529877,80.19973076047614,63.851315154377815,100.51135837445429,74.73377645887348,123.22483887551803,137.71064009452942,92.01491549330136,14.564516293060176,-1.6015424659621402,6.947502451143578,-4.938468891921751,38.34215968515372,12.77192525144859,27.630008343151175,83.83438208698627,90.39573082605874,150.47190392363342,93.38797937940114,78.28837383850656,119.97143043126077,82.53650136651032,126.15300895800038,189.55629612468954
380,47.74477317995463,141.96701094377562,111.40407323749568,98.7538271668661,98.65191967866356,132.1710352333023,79.24141811737172,36.253023854895474,-8.136579687354327,-19.379143571828266,28.807412078880837,66.80295286818378,35.365783975421564,26.78789119164151,38.289469368150016,43.34617311375289,99.87392787644923,111.50532423749917,96.5314668914671,55.86473339418994,109.49480814654906,91.74494259435119,38.32998353819009,32.87040188915003
381,124.58093210730235,109.50011379467409,64.41860886651514,122.90540955423134,77.64517064181767,146.91164095391755,107.60988732468755,119.21743542074027,68.03470507442013,77.04060459100958,21.90177880330598,56.0232015407176,41.23650786546513,0.26337884754339314,12.673948791229655,75.61663350609612,107.21391259135035,162.03318613963458,203.05924004633093,200.5495805246947,157.73433654468215,140.56973749859827,163.8787135291988,159.66419499220166
382,86.05153846848904,88.9025221550331,15.174912367350082,5.840775022280809,24.04939449539782,37.20517628280797,83.58538153492506,55.9012392007264,30.64943184928068,29.882194515880418,46.43700392244607,-5.877954122177648,7.111812981861302,30.498611469350152,27.937357063829996,94.69427592757849,120.30219549173206,163.99400491058384,149.6877025479734,103.8980149958285,108.22088830816055,55.3653330970101,68.26331349050257,103.13964062218676
383,37.21280155258484,91.55278192222849,27.298505090232428,60.50752681458772,24.335057217014786,84.86630800323603,62.120381055219596,9.110716369393558,-40.793633064576554,20.16803569194245,54.276789894911836,63.97024400328634,56.65983775113773,77.8131129367985,82.62248131642059,20.060851021148807,70.88437843534201,75.55151441878833,76.33702301219934,114.59742709995726,118.17062894608371,78.45384784731729,70.43460575954073,87.19442482421954
384,17.167520506122045,40.506391017406216,45.783246453869396,85.51090659479632,92.69390290680681,143.6304124977228,124.68791442551908,37.83591523585604,-3.509977012042981,-7.5768140911539845,-43.23913549031684,-37.70187140092754,-21.4975512676942,-10.521334179810193,46.52278829894042,116.21771256304204,125.15674164045109,157.17937135709948,159.11507233719917,85.33674888309827,126.76379124142997,143.61797593275844,112.32255123791133,104.42104108872348
385,118.74389454344305,51.633751099266995,16.1745029399514,77.45872586994736,93.84323492324299,100.67632959769841,95.08666746902068,86.07993411697043,50.476747269285326,51.60942530992553,50.58795631398985,29.53792767616799,1.7082145041047738,-25.798292339476806,25.097888550094694,128.0603364860609,128.93066426748453,169.9349860066937,94.58469161119487,95.6408325160442,150.20385021217552,90.95251932183973,136.60625133748988,168.60248051687262
386,98.28141149104472,58.58246707414393,22.463909277127875,40.365810247442255,15.817143402949355,6.951169747069812,48.081826734694054,66.42682163025094,55.17064629732068,32.40041448602142,33.276275010196734,47.11885954504563,-5.957283610794896,-28.214372164568925,-29.442788347081127,67.60939039216987,123.39650218385465,146.85687741035105,119.66553739019213,106.82559936186232,115.06953682376522,102.82952603932083,103.60431990992366,124.60592601478474
387,89.66863366556106,41.51319329489108,50.65493457238335,78.59896613836256,100.98274652213635,151.8601977779224,128.75770623893374,119.32293571736481,26.770014879346313,58.86100128526304,2.336070244280048,45.09762786445529,27.42190683809803,-15.19027505820306,19.698926771219977,77.60354589627369,159.47148840432965,154.3135933399523,146.56183487948056,140.81838093677175,126.13545515098626,132.36844808869162,113.29447491938798,93.64813474004407
388,111.65626158449383,99.56802916889626,53.80511865290545,108.2487278703147,90.8828031165944,94.88837485588631,49.82717793375356,66.52648904411443,19.785030161207573,35.38180583363267,77.55916099167267,83.68052008680934,46.76787873165084,28.945571497785956,60.94654808905979,113.70851043837679,161.4255513015701,155.41795724319832,177.14288179304378,97.25828871511614,91.96475362226576,92.16122186196424,115.59154036929452,202.67753500683693
389,84.2477317660702,57.397373164312825,16.609206772973256,32.128184420691255,67.62212602825714,60.06802084009437,75.80466724900428,23.81102037140458,8.946800114747784,-34.41530393283322,-43.47826472190256,-37.13648699251164,-20.782567881004475,-24.616555729884094,-11.961620883904438,32.23293481701323,71.94050995177994,115.80377153824514,146.22668472662676,109.2536855920909,81.53010617176952,43.444837459153604,74.29585598233302,68.71908682647366
390,52.50374037085366,73.28406347334843,78.06834033147345,81.58081660333796,57.59827780110113,74.60816490325713,24.790634695333644,-2.826756103561202,-36.093095671213646,-32.955653004355604,-0.5612522813300806,33.01874032627703,3.4207998592776576,34.34161692409397,41.73951152150671,77.80910878564573,130.51071750258598,162.86447471032116,190.69121267775094,159.4699014604799,157.37555854271855,99.16660477398116,144.13261987633092,169.91558484561403
391,75.28984325227412,90.95137693756806,67.95034682419848,117.30725213656271,115.86611961906465,113.15802330701919,80.33094996150939,59.01465263867599,-9.881089245339268,2.7679927669915863,-28.11877746215103,-13.07487548175849,-19.211448546970047,24.08912649384587,13.231544284706168,82.5420338098034,89.75516055309285,117.45991795801321,84.37643877599781,87.30531796247988,96.04616548727277,66.06556429728718,82.79596330040673,107.30477185806825
392,43.15203452538178,58.34108395852614,-17.90512230784632,52.98609163892621,35.56968538886302,86.58139766347344,63.765584681578865,190.01731473077905,116.28501189006285,88.54391306439871,77.38339743077958,94.18645952179716,55.77418473282835,25.512682825773844,46.99050487939208,110.268097182052,179.0236175982934,193.0379707929219,166.16508229078931,146.46583941907525,150.46230267935505,139.37726297656354,133.09463542239487,132.66493853529087
393,80.07504473750309,58.05205218316033,39.25092465634897,52.985060316079,53.59786625372439,79.86195582973197,77.05619687600272,32.31462972301031,10.82955470026651,1.4273030638682904,-16.924462159145243,6.205395870440604,4.199720812882674,12.826455296723763,56.66203014262914,85.76181185273504,94.95660054007044,88.54860413269776,126.46903393047344,142.60117118651823,138.21100767333272,142.43319460934137,128.46695959411244,166.34058648880264
394,49.49382917075743,76.42664519833426,126.10583903715093,111.22722603342571,66.72374343865324,115.73790638092157,61.78600226456152,83.45878608414313,27.857669308516936,3.2268002873724377,-57.06539112244984,-5.737717152043935,3.604871250465358,15.418013239761654,38.943124938901974,97.85683323600813,144.4430363487003,150.6953516237225,140.46075815461163,126.86617037899418,153.77900199704152,118.61823284069258,118.81556315222856,141.68037222728765
395,53.7739116148809,42.53520058936853,55.65402562956676,102.66999429653774,77.56391744597178,87.151007827028,121.8084286903817,97.0285111390545,44.1335675845097,55.130037716617224,69.63882592755749,42.711077602881545,30.532376698336158,7.299936781307679,22.31821830571645,72.38449315791146,82.42587124895378,108.41973796826093,123.73125350291602,101.21150279386015,97.93336756576697,93.44586506106198,157.4599543567635,165.994171113912
396,30.206476682164592,42.41800698971129,-2.3303098411561933,25.35456002197602,4.484010286715858,63.01843828619208,78.89745133489347,56.894444933149906,56.61474526664625,77.06005564554223,70.78283297451247,117.17571868799237,98.67577159399127,70.77983517773124,131.9354294351381,143.7237084129166,155.34595733884362,209.54478823306738,181.37950539339073,152.3229699444774,147.47484899856838,99.86927730594593,124.34458607936467,154.91395139450213
397,35.135104996253254,48.2033365155253,79.27681178843696,105.59807838203876,95.70202681208627,111.28873769196986,60.81096231221929,27.417977218036917,12.332672382005752,-5.030892803613,4.253784433232639,49.70620940397953,55.4463942829283,37.889415774717676,66.89436426846115,81.05850136600058,97.63401563961907,82.93404861221728,112.11721426479227,97.81937706201843,86.34780068394613,104.91608286538798,119.2710816945987,118.77969669497737
398,114.44233346725757,99.09074256938325,51.520959843850854,49.18014657432032,73.61717818713322,116.43458927247835,97.7803438492314,76.6410603072571,45.14145154794182,56.213064643081324,57.238654241266936,54.09947411507951,49.003029595548824,15.608566645070347,26.593906973576612,123.80188598763473,152.61320292299885,139.6445517581778,148.18161846394474,144.29248724557664,110.59740259834224,120.56493154126062,110.12241684409071,107.63300243565358
399,48.9684733055382,54.68163906559257,18.06204639499862,81.5691982379899,86.03610655483813,145.9379730317957,117.90705267547784,104.87791578811363,14.068170277613511,43.094796499116626,30.050457850569764,50.89848903386519,-32.32159353845526,-25.339834467390137,-19.52092517933675,71.1591645435442,100.16580392220932,128.86633287496724,152.49651046596773,116.13230476411336,119.39984991572577,69.17528236488857,99.27800029800156,130.87146009749696
400,12.95650538371153,-6.481276022188084,0.5999635966032457,15.716387552881017,8.768582579793339,66.53792729301702,32.76086662966847,22.496540185492755,3.3989608816946877,30.363747815932008,-29.74264336031245,-5.9094381788184975,16.312876341392585,8.747877067404172,43.003228394039986,54.13420368495861,109.44304918141668,106.8132437649868,157.42276679550068,129.261925457794,144.53328560289742,80.24890280813948,61.32160403580711,71.22011401356008
401,137.93401850135828,161.177963086874,85.70524759601852,96.86106262181438,48.12586823568677,67.6378815505636,16.009944702588058,85.70992153437538,-8.488075276512568,-0.6697915963399836,-5.457810398957854,-0.4702187558671582,-0.3221165806275721,7.231968483750993,39.7014835890248,114.93619176391408,134.04741096512615,137.6521959353176,131.4763135886323,131.9276836429749,95.37035473245595,106.45532873595113,111.36824188766198,126.71971785065001
402,83.29784510256977,102.04058363709318,54.668383147986034,45.9946022479909,69.00209477984797,87.52165704165513,57.89358470857275,67.92757830775673,58.799569330754196,46.7639583574275,17.11518395588935,17.605958703607097,14.269257269738038,3.386927070539034,17.764616310624568,107.99997542419331,164.42974184969995,142.66910413160497,138.56482746876944,102.03626039124318,103.23013987753028,46.39589600244531,117.88968861859175,174.04337210532748
403,91.99371990837244,112.19997300976264,100.50713343106719,76.47196283534379,57.80324633845847,85.44335325218448,40.79101965660883,0.9547697558753185,-6.61170528881776,5.993388134827644,10.301001653868738,24.405355145756616,68.70492196910104,36.42851565644371,109.72596032164162,124.95149968407247,126.8080755369831,158.54929862744297,167.89514233064543,147.72320625741702,116.50732292418797,139.36717605116894,172.2851783858451,143.31703785732444
404,99.58911354539728,74.46146703837573,67.26435962093294,91.62800143878633,56.17792023771664,134.545916575335,82.79700311783529,50.17291040107108,33.28803609333521,53.63141803649819,19.79628424065973,-19.96413060995304,-17.127766258440317,-11.071655209306403,34.415526434744216,82.70101438495286,164.16097368266915,183.83996648569678,156.6172260049343,140.9488161903308,130.02246677382254,173.04805934728276,192.23235679370305,192.96627342793113
405,72.64735007992631,65.50589413765799,176.30487583899674,142.96368817210413,81.71474780345007,81.45040203156411,117.44346153522667,118.6730337934127,20.770527868547603,18.684823071993428,61.38353418305183,83.73992774609707,43.00906054554687,82.93966131446665,93.19402192007553,160.89955881279877,178.57813697815936,221.86271172743585,233.9084202948018,176.57074798802245,184.41857111808534,78.74979699727318,129.53704604996557,114.4526129231764
406,87.73887174140222,83.3801525092298,91.57022861450405,118.69080023820551,86.08503806478876,80.77236659654766,119.06860107362434,36.615721607660106,49.64173402564387,54.41981616436041,52.84299971200558,95.73087901769136,86.5215395335618,86.57138954373853,97.72287738778715,141.4232642482453,121.27483751658505,101.8478350240529,114.3971681819221,145.97216237121685,123.5774466311045,92.26829324306739,55.92015979592132,113.21331913415253
407,54.849250103732786,62.98815405914884,2.6066277251956933,87.44857472800183,74.38010975794359,90.87494814092096,82.9057412875665,36.03268823783394,55.950758054278126,55.07238164667993,90.49837519363494,119.60125495567667,96.81407516971595,47.92200671707546,37.41661190713426,116.14516852171558,132.90010216604,122.79140398755487,129.77317954272021,101.90492973936922,143.24483361210918,137.72095472407486,150.62758404547827,146.3774433107923
408,109.32438228111073,98.04454813964651,133.18165338369488,142.79626499645462,80.86584578680892,126.33387782874219,106.15751786588847,26.719532617953526,52.05676249682766,37.803471600484116,54.06093137992015,39.3240439165085,15.53900672105702,12.146746931605056,9.219788996138433,85.46835476490149,153.57742347328306,128.80105285407487,116.01549428758986,113.23008346930699,108.1637593199963,111.07966456693701,85.19759369563985,112.12865262501705
409,36.77013427960123,78.16951209193293,71.77948666686838,94.46889018389669,59.039345152701685,74.59480563513723,27.294779078182913,-26.56926667687101,-33.86700423758411,0.5438255717432945,40.91419132678256,39.72805969782232,22.22192442234061,-5.2911662598979525,55.46924801890747,132.62700912866939,97.28783716004698,126.75195884493911,171.30321376730674,133.84504689120462,108.14449499233211,120.80682925879788,88.56044205167296,66.6129266433283
410,36.288450489783,-3.335967338069878,-21.06515721622511,34.27342281829981,63.76554629197598,96.50064915630662,124.39991965230699,43.3508728735265,55.04859944326228,57.08169808819237,80.9082105719239,45.327740295409995,51.946434995469474,39.227182778468844,82.62598591122189,173.80147774723247,168.8543931963809,163.3742216371216,148.85074377847556,144.65716127605646,122.24346869103968,144.115634984486,127.34234519354139,82.33611396896445
411,68.71549773058464,45.15796997808626,21.343906226926006,42.89142237513542,57.39027086769547,78.04729946001007,56.426130992192256,43.660080869635664,41.3984096320205,55.69396575231995,34.56303761166393,46.886659227589035,84.95908581427358,59.73595036244156,72.02864670066006,135.93193734647951,162.5943347256168,194.0718607857222,186.76347718108562,208.10869073466034,169.8683189906107,126.381674872981,96.25935244323838,77.41219225323209
412,73.64877017672923,77.09173718312624,62.41703053818153,91.84914834702946,33.52606040121643,74.4131994194421,57.18141533590382,26.529243679119645,4.151689997542963,-11.918459559735474,-14.369985374149351,-18.571426347720298,16.713237345270667,8.397274577161472,45.44373504325478,80.31225423448967,131.38018133619371,110.19345235799165,86.33266554015523,58.02299995608196,108.76174736956993,109.89698442013719,118.89518155924982,106.6216857783358
413,65.44995980740822,64.87220345141473,49.40610552218264,94.37969814955589,64.67260257112613,79.46328408397315,76.27182802297764,39.2484592318356,-2.621742318267568,-31.3757530782633,-20.426843480768476,17.53421592375741,39.64270883188891,34.46782016718525,46.03239499264276,92.40993910086885,96.23892429984392,117.82800871988901,119.68640978320678,81.21000408200668,94.7996913069756,121.16846336669252,121.32693251443027,149.71320061882372
414,92.35483544797775,66.01436712272749,-5.056166503951253,-12.678119594814177,-1.137081450407365,53.098183637037906,32.503828097104304,0.4745352223209167,-7.080619653380168,23.803534651915484,30.894308285558747,16.747086565807535,8.763776040280685,40.7889983960487,84.0061615481379,122.80704558875212,166.01336285336566,154.08245853459175,116.86346784564253,104.60687665849834,123.79794252743781,119.97494156515094,116.88742187278511,134.42525575473655
415,46.6646378701038,63.74249219279187,26.58390727161254,67.92181079905355,50.332481394381134,92.702403390629,50.84447631020252,-16.351856648268296,-27.042175419608668,-18.193780386594277,11.314190736664543,38.25005795499978,51.11008840571728,87.15573292236785,107.75616006468795,157.99592086713488,141.4474035763601,149.34882418637434,154.7241332898946,118.42999676685707,132.261526957841,145.5824081578109,177.3468163624508,157.334176415334
416,40.67661281624667,43.878829001155715,1.8089652859984255,55.04911170582652,50.62718475595815,42.723045206592936,6.643613079592214,7.519715890310721,-26.22477743751986,-16.57788883910053,-15.180159357913304,28.218064618493752,68.39678113704386,23.720381299181582,73.73574149669183,123.75798075214968,151.89467858999757,145.4867482979619,150.50429576557627,115.45945628461057,97.55252636289278,70.00507053024525,91.32979967934438,150.35701045742536
417,91.40658952695844,102.03169282937276,95.10566247983897,85.59696155131056,110.52298019235327,133.72538263664154,66.3366115848441,71.23331267676787,5.3637963587139765,37.06220522650012,12.924973509667385,25.36877346909945,19.74712288044769,3.5831048327212507,21.21537796900644,93.77547978965455,85.0253479778057,95.28388840457269,75.58628404323477,33.67895247411495,110.71966563143502,129.66676960331904,109.09828040155242,83.1797308096083
418,121.70459202725954,83.85771958821252,15.568230065114626,68.17493544212468,68.68680608313457,43.13750179096246,3.2765672404184727,8.451831206958971,-23.936081359159658,5.754000414014172,-28.437564667627157,-6.625596288319201,31.42180904910598,29.515403709787194,36.60152741769332,98.69260343780566,109.02315745777395,154.4732977162147,174.51728925867172,127.66525819442256,103.95148334013898,124.61842417663308,116.16783675833716,133.80010314081005
419,43.85967034971472,67.04799542680838,15.822081396895967,33.779240381074814,69.26180923548144,96.95811722810568,81.39489649476315,51.99912857488193,29.600951790121805,12.675672091866364,19.66515825862082,32.20353977223852,50.24842156403323,59.707860077357,89.11466876583833,149.95028504702364,197.89574441345533,181.43775821024983,183.96379946590326,147.47178746155296,139.5477933694935,123.62462121118796,92.58844691882348,143.04205757432396
420,68.69269800862439,36.01832390933667,61.75980986072824,48.23121608439817,75.70185377713938,90.16461381923374,63.58271370271034,40.87164444907399,24.838456816364754,72.6978376877586,59.17777063405177,64.5653563684118,-7.470566892192068,-3.2166987785145302,-19.586972916450144,30.45220437301529,100.54448994446041,117.42325747019854,82.16065735139844,106.37066952905391,128.27912172060067,219.08685877557377,176.56349226471713,166.21308802280865
421,77.62591220776872,31.26529108049138,10.41549493251344,68.02360581796465,73.88150963784526,103.22530215959351,65.1502213444204,40.27571356462538,19.61626690908969,31.63458254167311,81.179897641775,60.386720473788486,24.72618523650514,63.19221840307772,54.20000357020889,91.2718703021937,92.12149253459404,113.21824856233926,55.65748178937761,18.6211670782737,45.46027673480408,75.9901348198999,69.40816676764113,141.86788129219087
422,112.74163074223725,63.18051828472183,33.34468516682452,20.060555754118795,28.03348418547201,84.72255475459892,114.1610024428692,66.66193081319682,26.925208601181374,10.779644060850632,40.38528698916921,65.19701413034849,65.02726892539566,22.514412064728468,8.541348102032316,101.94053413578082,142.712607620862,188.81774495069362,210.03083821921211,209.29312673054318,158.09823339096297,136.81794267482883,111.58482888579319,131.06777911949933
423,80.62956147007509,57.53639207783365,-11.322008785957493,45.35450283876452,6.651049095908817,70.31523516240041,49.38168861214008,21.149211236211574,3.9790791295419723,-15.13015149185032,-53.15917029982249,-54.62430288621339,-81.22011054114706,20.071681733536526,68.40881712814308,123.6549672410031,130.93513940117978,152.7845807154442,133.96457328762872,118.4792193904799,115.7030741439574,143.96115386271208,103.27766110513616,161.34223677653983
424,116.22797923601082,127.04028498607043,80.37977161013345,103.26416945291831,126.7456434372229,148.17023638390663,101.70883968662264,48.211131982695974,83.04198936718527,68.75211176621687,7.962098138648386,-1.4444388677554585,22.166688149512815,-6.240639891550789,53.448588857715464,128.54600940350255,108.74376931378342,120.78492277191249,153.24874845152289,118.30671823205272,136.59229628514686,102.64157256186964,145.9756211640185,102.80583790443455
425,55.58002043868646,84.7411613005564,26.802348449227587,69.55321202438843,58.62015588469388,39.97845777478925,24.47511060766014,-9.806192266106507,-24.04413018257405,-8.828786573100508,29.345302309193272,65.86297462487272,79.46712778657839,102.66414595057385,119.97398750412782,121.27335499529586,131.74808092215468,144.3084789798083,134.56813200996802,128.7190382718135,192.32561899367113,130.42685486087026,132.78982118748957,108.09546188715285
426,94.89359435856856,78.50823165607686,40.02600125018233,26.705419797602175,-3.3961751929309116,25.71782291471726,59.94154739129215,26.46379809740249,20.978302057408854,-3.535438686969279,30.284874018751072,87.38683866829484,61.58612766977942,41.043486382275816,81.81582805911353,136.54974104231903,182.17129963344695,169.72500581066205,130.7972826997795,50.791819018060295,110.60539222223323,139.57892416468388,171.02566496991886,169.55137756136702
427,113.23337302895891,77.73658490801797,48.458874762616205,103.0354084732385,61.888486733707126,69.60703395002983,21.0547896792991,1.602314591131183,-10.766396136139399,-10.186548940124332,31.735186468848298,252.46310014470495,231.65400510923183,193.43458234922068,155.206774466347,126.08314130514049,189.1940089272903,192.76075254753093,183.19681376729997,176.47342174612538,156.87330539896698,125.43556557115603,145.4178146360364,158.47071347017925
428,64.91681266374978,59.10960755315034,98.53384684191789,92.08548890444008,66.32011187667473,119.00768182953988,147.4404371386919,136.13814495463123,67.66232353365064,72.95960847661516,64.30320132123862,99.34607575575157,86.96921210744124,75.82598560679635,95.37068822059058,129.96046807437594,105.33371959491728,96.34580460452133,58.99703622845705,117.95195864509583,129.19233400850229,140.69934934302094,190.6240824870563,164.76796729005633
429,66.33564121315145,53.40748335328138,9.828972392153041,61.63767384638832,13.13861054673491,90.48051928950602,77.07919311346272,56.80402670970036,36.86416966608338,72.24706313227438,56.19152584989536,72.52202979912707,63.48311537005536,72.95381041740079,73.39582855205599,116.06573669615496,81.90613969315726,66.20559253764438,109.80065051538337,61.755164222172084,124.46671373769985,100.47168203689004,106.06007652460413,124.49412588190418
430,26.572614376915226,94.17239476841952,104.86478828769441,145.42595987303798,141.79188051717173,136.73681670169876,129.35340480169975,95.31234538858149,23.786486359704348,14.692845722919094,-22.60234295944499,-7.555605481633123,-5.549016125696625,39.728731649443674,45.36954450131648,132.86701535123615,165.19856263485946,178.17139488156255,161.56945332631832,139.25564414287604,136.51558143815157,105.20752987271169,121.11495500600914,146.02089434078368
431,96.65815437530901,99.77279832533955,68.17950495390528,107.24954463609808,134.5721617573025,141.34383787476773,104.56010892452613,52.661023534467105,19.284316282230286,27.20901116509062,35.67816427277519,-10.153085844160785,18.90570920660899,2.3852421506634975,17.975990749613644,86.18180196670743,141.27474595827672,134.5600483603452,101.4056587158995,84.31676912021288,132.07298464377757,91.09358978800238,81.95822233752187,113.16642246147984
432,77.47750313315396,81.14766096320463,47.40681868398946,58.020172813583514,16.122014697138383,101.82356151417105,79.56062991670635,67.07454876847537,-6.60461976271246,-2.6832606888134336,2.7439379379720386,38.127815776542384,25.083956207284103,45.1381373283908,62.164348911312175,57.30411664664051,88.4228186380338,119.42315938948492,118.11912760068142,61.77380693278429,87.16756729894733,41.881430692925605,69.1523514902872,121.91956322706874
433,117.38875277115517,114.80468357178299,47.02324601968736,98.45171747485765,111.27652132247978,153.23768288775307,95.46929506660102,67.72287964319925,6.210935703421747,-22.1918262110321,-38.87992440363405,-30.00620954157649,-8.132331967839434,-35.3605155598823,-30.322695761328937,36.371884034796075,53.41729882226582,59.5626425681787,86.40694487744588,71.53942431643826,116.76228686820002,79.5862587331846,91.10129958120973,62.39052238291238
434,67.29033598119481,86.12135489820191,61.585541080321136,93.09651532804527,63.88035121661339,85.32038679544848,123.08293090919274,85.80392438054268,-2.22694980666968,5.995111466214272,-6.623471217262491,32.855557903385886,77.91080696827991,71.8164944264508,59.93786343237477,166.75089836532646,205.74996686654006,173.39948085517048,173.12985707137386,146.26067918454095,105.32064226044821,103.798345134182,74.84063902625483,112.45169696992303
435,75.37610911442503,93.34320636690096,0.0378751838201552,8.492421536717487,18.39486330829113,61.6965723227887,34.359046016502646,16.568400909745975,12.851142406136166,-6.023427397139834,12.488260378204917,52.53529732443947,68.78645372894894,14.596530229323552,51.10767578829983,115.26772127828406,127.49146526618992,140.60516542432183,151.0102701688862,106.93804998111654,88.23312430587109,110.55308751688298,124.7420152758237,169.6971348177854
436,43.31707250793624,87.68514961550274,90.62249699606639,53.86283987396642,76.82620497962215,90.37005428936173,81.52885104967042,50.15410206506138,66.92805558218751,62.52386068420715,47.2242513106343,68.9175351131698,103.20080154492398,126.73603956319492,132.52924876804363,160.22101720393363,188.8024238162161,174.93791870232783,177.9039620654146,87.73150273960803,114.97642649725555,136.1869686003582,159.72608353670117,167.42069784561127
437,38.71835394895537,67.31735146333335,24.584668545414758,52.20300538939047,28.163423441412938,57.737044042195905,54.27061931675335,38.59352632354368,15.935673164320779,14.937648518387324,27.769383936328733,38.1522089583055,3.4051350311586077,-9.47034301097857,29.005301910958607,99.87580182496794,129.28554079231066,156.28074885062097,150.7010611240329,97.97517118845433,113.74571353903737,164.78800483493197,181.14481213443116,136.79492487917042
438,43.63115608407553,53.98087137843736,55.089833072659545,73.27313273304414,46.57332966707606,119.9467972134266,88.980774250491,18.139887994879913,7.328156118545721,23.577601866606454,38.85881874704299,21.22111155227946,-4.585449351752139,6.832601884004333,13.082929101973754,90.48385444987522,174.43764047444603,137.37379044222902,134.2293181093432,175.0718849330618,160.1406264121395,137.60136774353938,142.98883840005522,136.92456440672305
439,100.12553612131666,95.02422790992568,20.67167057760692,72.79068284036052,39.30246577732866,115.65866383165698,49.4696748756805,61.11333059020158,61.04491152163387,74.25315236586167,39.86432531605877,55.394748103041586,37.11275892901605,18.627267867613458,30.804945514209244,102.77210526204105,109.36131580086419,137.70874481703925,127.85092802961127,121.07135722911985,107.73754290447897,77.35360406962049,95.6094511514885,105.92488361021793
440,70.49309192322588,64.61202614906982,38.23776959522408,82.96915662644739,78.44699224699207,122.53806150469484,65.90767414295944,25.140425591472514,-8.272579210445912,-4.158134672825923,58.305581219159464,79.13519600687476,49.633231448289244,93.6567664422322,101.53169445327211,100.16604122710257,106.60749574860948,104.8042027367357,95.6909236815574,85.54276936588226,98.10773997437923,98.30091302420132,108.11706610640837,112.48401605965151
441,63.93332576191255,35.64509616795002,13.163988659192619,43.136021887017286,56.65040583205641,131.12371690070978,106.8258441047673,-50.198204630087574,-14.277653459284068,-20.566217211419847,11.199968409072934,34.9209855798188,23.806077634743446,31.89528214087872,37.423233736054996,108.52667565026817,176.77266760859237,159.6866283352964,195.19463923179495,129.71603012486122,131.3824149859841,172.71985622917236,155.78986203012414,150.76717322075592
442,74.24996183280408,72.74047360020737,33.8296710740066,94.08771143834214,59.973696814677226,99.79212824352652,83.32412852893295,75.31930293845926,4.9567171276178,44.43961125096165,67.12885396410167,104.87100433353214,44.72454000507177,33.67549073124401,76.6255476227638,112.25579393894498,189.07189945875643,157.50123749971578,130.58464677394866,100.2475690755644,115.23054136571051,140.3168144802822,162.81505545743585,195.5754544238077
443,102.00634699992877,90.75346671811786,58.20553137189922,80.42973130042314,89.51111405616848,108.71599153179486,91.68660670719902,85.34670307875851,33.31849948377743,85.95658882872539,85.74575606166644,83.42116186345872,54.60416648841306,45.563564634312655,63.40514154778347,89.13730153442106,141.75999718830835,150.06478755010144,167.10175906196574,88.36193481867124,100.26540094296058,85.59881920651364,111.14883760106063,115.88337072184251
444,168.86211236467716,118.93836139557149,101.22951255889492,162.15407733831486,96.31464009956173,116.62812386411893,116.02324571538531,96.50111048755996,73.71371447409001,82.71735933870067,42.29517560805252,39.24972306223589,49.94503505788577,74.04872906651289,57.20006767601798,107.84930199813346,144.66595262914296,201.16751290229644,198.40599535599026,156.25079076081727,153.20469498383915,145.53783023649166,145.70157006601622,151.1942167057146
445,141.73458412383047,99.53589246877661,90.27563325404162,76.37692832838103,34.10636869472403,64.33545586252791,41.114249830254025,34.82811911639422,25.229363437184123,15.768025022832228,15.721710221052897,75.37779932442442,119.51279656767034,77.2999586100551,42.57900230523663,93.81662407753255,166.33175305587332,175.41515376260736,170.53721654716753,116.17652850456909,109.56668793645076,96.99680763417189,93.08996341027687,126.62221285082002
446,102.93466192247281,94.54383124193801,74.59645683152019,126.18053687039739,54.54051784347402,95.44979518543613,58.6969837478118,7.646365500867105,-5.5002372608247505,18.299151104963016,7.228353522093272,69.32643961096973,23.65757813447871,24.71061441837338,33.06575366129958,67.90604558985085,84.96890804055636,93.41157151310463,137.6549823239836,93.70725806515745,43.16923897546576,27.73027422652889,99.47278470482544,149.97648304582773
447,231.0268803516123,190.51887252219728,115.73781564265758,97.77262087275044,45.471827517537236,67.74514136741487,61.46559017471685,40.91203945063228,-18.81911665420384,-4.91678301122159,13.925818040289286,-6.697169544687732,-11.126636544360522,5.5954682740551895,33.34802186780466,87.76645240202942,88.25731450600894,96.09468626278422,115.01224901950138,125.18578884080974,140.83731698684645,132.3334194796735,94.40602019666335,133.8362546477838
448,129.979497982891,144.0502617473185,45.53088661574079,86.13899076451784,57.22906352655032,58.50219230852027,64.40637833648074,40.52010045752913,-24.02735088475883,5.196812090747265,40.45745564518792,59.50950400844695,58.22886280102129,48.90353038881773,40.743112796089655,100.97947001393601,135.71270324876866,133.9339914255831,123.75818780475419,118.34639088217756,135.7874817899466,141.13300872807065,151.6046688270412,172.09258670796606
449,45.4615445274659,75.89484975009623,61.67925149239672,62.183787327179594,67.13031742601511,92.89765181077146,103.77801646714049,46.53244904630382,21.230319376167923,23.345579146259308,48.044518206824,92.67175221472306,88.25568594045477,86.90577724746602,98.63900883056107,110.94865449744364,81.26633044649031,83.9395707667847,107.38970006030569,99.60237520773421,70.83342450656758,37.34604250820273,13.155643455998884,60.592622049824925
450,69.44781006609462,64.17284497187421,31.22967643955268,83.19787201385074,79.47157132584782,95.36912080300252,116.13820646023194,107.15104562657224,39.26847807172424,61.17392451759038,101.12994076240152,84.26372867617064,14.128333212290507,17.239898818072422,69.177273552197,83.57147015572315,131.87136432720573,123.62883573100657,146.25131830235767,123.81720302194796,123.1313486714295,124.59692438289193,142.39631669256227,197.58299696371301
451,65.61859763272756,66.15128013778543,18.18043248245788,0.8026457274586534,35.599542274069826,51.2267446208378,24.875019141068805,23.893705420131983,5.9223418930396114,46.576316914905746,45.22948484784945,53.68156695558474,-10.580351303406019,-23.679409513943728,5.581063825093473,73.55330433899623,123.48084952632038,121.66698877142497,132.91499376113225,147.3106609532696,120.5214314992318,126.70515867317792,145.8214775015363,155.95052430095018
452,103.55785830842439,50.57788130076229,56.629222997695024,49.007049798701395,43.46304811955131,19.857205095492972,19.341408646574756,11.944566447186872,-4.368345031111616,35.405195366897075,-12.796984170062693,36.387513090901805,-10.593329558938066,-10.439420586950906,15.803833920986094,85.56877488710239,113.64417555030933,151.78875502381587,136.0430799247138,149.68781163228078,181.53312343091642,157.21005873629002,139.2109190193051,154.8424816146678
453,75.03573493600408,79.75389736417436,53.80255796021382,95.89409413582814,116.75529309588985,144.85013893699505,151.31910193388666,77.32201855167465,99.77657656283426,80.61728387006505,89.79856952862951,99.44880550357323,81.14526209502505,71.9524937922082,108.85983789248607,115.04559035833627,142.2006492123321,151.57198017668193,172.13695562209824,112.87549703681337,120.69342828308643,91.62864127071796,123.51640872449444,121.28278933465558
454,94.12203666385572,86.29161005338179,53.928510860757264,75.72939374776439,68.69225477958388,123.80302858823913,122.47716187639702,35.58187774015548,2.318102256322085,65.70083646206533,11.107264639428877,26.648492566419222,14.274929669892579,-0.5102251386996421,12.009760779145871,79.3780756218583,146.30558224361792,147.02634022375014,95.31654203256203,133.73246153333002,172.47767591762494,159.56254876642177,180.23848949002507,196.16946637445432
455,80.81356929626375,74.4512242869076,56.1716330060427,80.22009811678669,89.00255827466404,119.95504927864009,114.23930327259094,91.94031930687274,72.81251290378162,60.54611389253118,31.94700055940475,81.95369288181286,52.44434710668677,48.250229073627324,80.47857046598075,90.07970967765637,135.06342063866038,188.7691026048554,140.54692216341624,94.53464425884678,117.88187245387233,25.660720822206528,104.99017860465264,139.06405604184192
456,112.91435434319246,88.25981360968609,83.79460891762523,102.10160027973876,99.39527268810167,96.03805822351575,95.53327935446302,54.30493848884093,4.131301962054302,7.752803280950751,-2.36915689700421,10.695773010888985,13.413845148878618,20.3574903177493,49.54897958616684,105.39251130796833,141.83990587741212,140.1435802192424,118.4172463047504,57.828289721146405,103.47440604837519,123.51930726287448,140.53706047063946,129.1682157075141
457,72.83951615326447,86.8146087268643,-0.9309543465264554,35.4894120182097,13.148211321082485,47.484244538760905,51.64858146725138,4.034634284093549,11.3229976395067,4.236530858217968,55.238721329384695,62.33320863754007,-17.927277729611994,9.34055469913607,34.0806962655504,10.121586257602203,29.922651204494613,77.6465283110104,117.90246536955206,104.1539039743558,108.37089990714144,80.42079442352612,149.21843388801238,151.54567300843334
458,90.3041681808335,98.68284243838804,54.820410749210374,107.17118322084065,69.835044812891,96.69359842043805,62.271180525227116,48.758586148925545,7.17945331904896,42.089951348477655,40.880169865695336,34.44717790559103,13.096906466522285,28.936768911115802,88.9661081189418,101.04642853936689,176.98041152015594,202.51720783399227,219.26147568825886,162.16226977768537,184.79210433023962,142.02502372544146,141.57892415783448,104.00586146363841
459,45.18583599646235,102.89757245108314,21.6783160420067,21.98467330714348,10.475860934548436,67.60155285762845,21.0107775754403,-21.632460662580556,0.3017418456527494,11.297996369961663,-5.751445182940408,-4.938845424674824,29.569712830465125,22.040503382844555,20.538085745406256,83.21503131362442,117.00199485287987,156.73491503221524,161.93942418318574,132.39150513825177,93.91054524039917,75.2188534718435,104.16006157197879,89.40920974671717
460,54.353152049489374,44.668137826727566,28.582937599075642,59.05285136467608,54.53748937938639,98.70511288003176,80.36226200299112,54.81015047696414,13.850533901642448,44.64174141554082,14.272476498493333,71.04585607997566,60.756461419615555,15.423645991226927,49.83529323019773,99.1861278153836,136.8420835917239,155.26416424557857,160.62620721588775,144.2026286915359,169.52012533135382,169.61919537444146,148.57178233713364,142.82396595094178
461,112.24506548606155,57.99840098252973,37.90172856216269,58.38317375957865,80.77173370587406,154.76939753004206,128.1075428542868,57.935189267667766,53.53094225951851,48.55507520204182,65.60449731422682,77.88772895235616,54.65159687030065,3.067486658617522,18.33477958347524,115.78950121913891,125.10328394079909,146.22611064196116,140.06233771337452,109.57810448511373,167.54836676511823,154.361739839091,149.36595750994957,104.53220865321177
462,83.01154946705044,82.6448755650545,48.893642592032016,84.80315587958624,68.55489872169575,91.17580102138159,90.74414756431841,63.82782482364216,13.864433679041253,31.886941416662577,41.29019099224498,35.55975804804121,67.38652164156308,14.428233336456607,51.58448923354662,102.71382580520658,160.5156449447994,164.56415356471493,133.90914053217446,123.58360749089718,93.86827261722826,66.72796813719117,91.51395168866239,108.74815699233487
463,100.43143585102248,95.85726339132093,54.48177037617709,103.04319989954439,91.12687678646907,104.73432009484408,7.497211748700252,-70.45439085952758,-88.59278821559471,-63.44846009149962,-54.50899948084991,-36.21544584600657,1.312779773149643,17.694764064981392,73.5166501930708,117.38067760485536,121.7103143555486,108.06191685349214,120.94227113261749,77.97688652719734,103.67919994487431,62.9014828379683,135.46071027000937,135.74191357204134
464,32.864123377127214,49.01505164119651,14.319579364344406,3.395249224326946,13.404567496931861,76.32284027144256,69.92014412205393,9.487366446204305,17.27604832884986,15.651130433996371,37.90664691178975,69.27311985458246,84.62863116776985,41.197374540771065,83.08483744513663,115.17885568559251,122.76470228248127,106.90512805828546,102.22448917323321,65.00624766518332,41.493176921568576,18.016053280847643,34.6150899443291,85.92670546112262
465,10.584006257458412,89.09987321043309,113.4359414280168,114.9379759195611,113.66196335358254,122.24430850068516,120.94089137686282,86.79428993608117,45.536420427321026,38.920535237486014,-18.23954844039025,59.00966552480935,38.522522870689365,53.55470728194294,83.22447823256037,131.5260568217762,118.32401234188401,171.6277103935235,152.89212941682024,113.6811763216667,127.61990098501916,141.37631839112834,134.39325947254352,127.19328119812242
466,72.32134414123765,68.61066575006336,98.37407020219092,86.24012759542677,115.77668283968961,113.34110806428409,85.03789842867901,31.685925524782203,39.41681123974041,79.5720081729977,69.43173635059753,62.42303290914745,51.189320035787944,43.47113998872983,32.52599302120819,99.69647017947285,172.9066866224397,156.6266436645808,171.11155816221796,167.0026866011309,156.8204898020519,122.400421298928,137.95291150624183,149.4820263641847
467,18.72444289328341,53.408078415900874,20.573674108542022,19.662593005376856,-10.325451650194054,98.39830514083548,93.3504725535189,52.08406279297709,10.831123979991208,5.49860801888795,27.600740731540128,61.06357749072707,-5.453708047434276,-27.212529775294545,-14.778731348389812,25.499324475901815,76.43910820049078,81.72706105267602,119.90036890730302,56.36963738095224,32.71491725985267,-11.231687229385031,49.52841026014491,47.438349368900475
468,107.6555732502508,99.12987987673972,46.58147500145488,94.9845026032588,50.676065107246345,43.44906210252542,41.236051597739205,65.37645215271527,65.77961496153364,41.91493701806811,63.492730315152315,97.53282059699634,78.33613255915367,70.77873889087968,76.77449717549891,85.22945734180124,114.11035004969735,171.78753680342336,172.77532073585408,191.49255870916275,190.14928717039135,181.72162510937395,136.86935749972858,154.88090291812327
469,32.3394735367723,54.78254142787122,35.07936795126081,61.287124185703036,58.389707335502955,40.72624732958687,12.068046491457075,22.431513524563446,28.612622663100847,3.7017338201393777,3.78852164169394,3.698742671260895,1.8743747486168019,-10.912529776287233,-21.395317208332095,20.355094787552886,31.645759601073337,69.3479660392361,110.679660736058,71.96510613191951,71.96087968674999,65.0113074787604,124.32015422420793,162.30546108844493
470,126.88666308670578,130.72383428749438,50.76001670821918,56.61421515942523,71.0060444056437,84.14000498913964,54.310803500031895,12.291037804010841,35.95799671822719,-25.312366542800312,2.9780633100068066,12.810479652189347,16.41582938007298,-15.06189598757393,-9.252932080187698,75.68845938616778,55.01602014795381,73.39818847272255,86.28955694468654,97.9376697654361,84.7375858331115,89.94242004455685,49.994901055560334,80.99598796109657
471,149.14891713351577,171.66272829224152,124.67684076299125,109.67532558641312,126.84913163332715,156.2554638888517,84.09624035682197,61.6066164090094,11.330547488839732,34.83673382230121,50.66744766446667,58.977278192234905,18.222148942160185,4.107422812700456,46.65460755789257,94.90508261047765,122.01137505973476,186.26678785217743,161.5176230747011,120.2543114206421,120.35612770469652,113.4277435721686,149.6166577470965,180.5856640637147
472,78.08283797275332,83.69345970440204,38.454252693890496,17.260543729285942,25.802048825754078,84.05318299621139,106.86255884193334,66.03784157600177,33.17742106839975,36.95162950105104,26.18818105529379,37.70753082787938,44.95987227975179,42.2148324552361,78.54587134481646,172.00692776192147,192.0039363526502,148.4447677189873,133.8988555740262,112.24241657490823,79.00070547160556,78.7535159358867,112.49760916091125,93.50381368847066
473,99.60300520402396,114.13929799468764,67.59508572908447,30.71621732591555,40.895353485078054,55.09537024849574,66.73199748854043,31.602216574195957,78.67974872636059,91.95683551786462,58.497059287172384,94.65870390461365,70.02710506130467,37.851534565341396,81.90939274164032,132.60377910969794,141.92899413410643,203.76697546972474,171.2960961084646,128.68268505605374,105.06234206187713,85.73532306112864,119.73390480868783,165.55180154944924
474,113.21360724463437,124.1914400302764,113.511745295928,163.45678553856234,189.21101710513275,153.62751769674585,129.80070510503327,124.40419777451358,115.13117080738724,79.9427975708812,35.601535061986866,49.799472187874066,30.47414431098089,51.970479476410354,94.39891177448374,133.97025219670894,142.9883864723488,144.9684495936373,117.32507978086325,87.3905853759147,112.71894684492186,105.32910276989207,87.73961264279592,129.43938531935652
475,138.83903405933742,91.50767096651289,45.96587643565446,57.07315760667559,62.53918229769849,62.95324304800036,56.00446166814231,70.03655263749137,27.89970244427632,57.8204090387333,64.74672759174831,93.86875964086636,26.723192695870544,61.450247307837245,92.49488475429143,129.7110912310433,160.95145957546038,153.5979920609,133.952368314768,91.67560208247541,106.9317950457587,110.81596317495709,130.16946112116364,147.23919078461694
476,33.472111823505415,54.44488612872456,-2.6414216143177853,54.06029938710431,39.613496862049665,89.16159002724874,104.71514785438096,35.98705976411895,3.5759008056218775,-7.144367336452483,-5.468133532120277,7.683047086977361,-40.669824596894244,-32.52347107737762,31.034166399871012,95.25706725383681,139.48068952536244,146.0634692403234,154.66220854493,120.03023965575768,156.4792324325168,137.9408540464295,122.64978357460714,126.1226670320321
477,68.39648091406089,111.44231666256707,36.24825159043474,44.21733931829726,59.71855295447126,94.31546196113541,114.04913329150472,60.91717354847901,39.53791919795633,69.98143377297967,64.3928875708506,68.2529807901066,23.45118206347193,-33.93015678044685,22.023028253700943,87.34864854867914,122.50397604823873,140.62636016496504,154.08065760629495,63.213026444090275,95.28261222688796,107.2067764761343,143.8378397976931,155.50052847697896
478,76.15137688939467,110.95540056608286,114.63976813173963,113.19468156934502,100.64211672414598,96.11888503781394,89.9889002713595,55.50267137500021,-11.825710562453338,-19.332176478610414,-9.829867774898318,53.472146797671726,52.93737036770271,53.79850534974946,57.0070710869428,106.467743448116,92.07691479028394,129.5602738124456,143.07751792135952,94.76710215416207,141.19295807720505,152.93839719912415,157.20246431671262,130.93267199576562
479,99.81940396707195,129.21251407720118,110.30103175120215,114.8660097448601,96.94558400343809,120.20402828196677,130.49433337880177,105.28944741414165,72.3158863093579,43.6891438589921,57.13855347476108,71.35365048913121,55.66587057475479,88.44345040532578,105.08283696458838,91.20969869930346,104.81281037202419,134.6129020084607,131.90477560218997,134.31680962342128,169.1144747673656,175.6944585986907,169.76500579716068,188.0057429506728
480,114.1679202898594,128.8775557630787,60.817302247390614,59.05387988669527,84.39165316389847,136.87539732723997,113.18346872801109,80.80631877102054,34.162865963726794,23.6587960316491,73.01527881265602,47.39281755715999,-1.513507733405568,23.22100729461558,41.91069704387091,118.07351459191999,152.0219491282594,133.6023341073894,134.13676499390516,170.6972249306855,126.66677073579774,108.00932326267709,152.32282000683475,345.0698344662909
481,37.69571880355836,69.59108486223911,54.99208573297524,80.88300102677618,95.81154114271098,87.54052026989268,120.78053558043035,94.83187069283187,54.64934576428314,49.25425234736723,60.213530494857025,82.78290831214991,86.60759291394248,19.9176407571566,39.58077287272964,72.0004785174894,158.77031161401243,113.94602907222071,88.89911741377912,97.35576875318529,114.17574971196112,105.12748511878901,115.58208881433107,121.41556050688236
482,98.56087901134708,82.52282441352041,51.579345358767924,124.12842276946229,88.06797117449307,94.56383671751138,99.99554260100447,63.337560429983114,8.246909243203817,36.611951479117685,63.76441693216238,66.56148198290292,54.883513784999856,49.26038865860191,28.39324989688538,21.692362196936642,55.24542013581281,251.5975915422219,220.55364135391815,196.9398482079054,163.91375331686473,132.0161816682958,100.26837487360174,149.53091494795754
483,76.537598794449,45.85873278451842,7.817940855822577,64.81051765024455,94.00017530426851,103.1097665498138,79.71550873398212,32.40190128023437,-6.809784964567765,-56.75005508722594,-29.835330922123596,-21.758249274389932,-35.06326577290925,25.44694104705931,43.62207310056966,78.9879457907129,150.76785750948133,138.0819056282028,167.31631505840323,175.34220512588496,157.93850338816983,222.29108363955123,189.82723766043966,178.29104557410722
484,78.08252231602155,76.15320793677608,75.16493628258138,94.86924948352761,71.88090159812148,112.1994326364518,131.32475638690502,124.25099556357321,69.04846640935081,39.201636579600375,-3.991054474299574,57.56949789015143,27.71776297986026,18.926557750949883,64.22141467666323,106.39071475861414,117.64089157072749,155.83027273633223,144.84228025826903,138.02923473251457,160.53357689711692,151.57532152998675,111.48620256079971,124.53236116133357
485,69.02681185113443,42.058135531331004,-26.424327486079115,21.195406078694894,-16.101412103305734,28.997986936052413,59.04570515285391,15.04987360053461,38.587030544891675,4.118256272052488,16.557070552100775,9.391701967450608,-22.120453198888114,-13.50056668806884,41.799433154450625,105.63548311056825,103.98519223749419,160.0899932632547,145.05644800014835,149.37537289220433,149.62349948430344,124.16722544322275,143.6340612724314,119.67085614501508
486,89.91983631998991,96.51442223187622,54.186271632159716,53.6029528193546,64.48991946237862,87.65939808838027,72.07427971116427,87.45742303239585,31.434662074982917,32.977733165398966,41.66859441983989,36.92890650197745,-19.4869554501363,-58.683999734882605,-27.091485713999155,27.012990281187413,260.00388702841786,250.07082454668858,232.03476846914236,173.49136162813744,165.8528109329404,150.45092549468697,125.89195874511384,121.47538505052266
487,40.57459685296436,90.80523228524257,50.50586781641182,90.68184344273551,115.17347510837463,141.50794787628354,110.71951898816931,76.49342861712377,30.280029953218694,49.92500199979047,48.074623861274645,106.67337682213127,55.123469205517374,38.262421086382744,80.24317634004535,124.87650941038498,134.97817323632515,144.74417706818488,141.90236369407026,62.351649448118906,87.83805720841221,84.20344268180071,67.01345175282998,74.80836865993689
488,79.03699049830546,56.86786685968501,30.400248736086677,75.34085759899841,57.86377739016922,91.2766986898926,121.03657347723065,61.00891918241801,21.139144290871158,24.366896961667464,15.645493697603385,53.900148485824424,46.17649427221085,8.57774599397941,31.40933941423477,89.21539540657335,128.81732939991886,187.06914438857802,154.7906882745122,122.82929894294458,143.73616925686548,127.23891976768124,69.60248536424616,98.35135017582047
489,86.03238955485614,101.04827638893775,67.67211001020227,45.22591872787901,47.88173877970668,70.95224019257793,102.49266257395749,53.03358259860367,9.675182093909836,21.562677784265414,58.82942803756377,49.512300087717506,30.584232050344546,45.02262225645809,76.45364120801571,152.6094790547015,145.05748896890893,159.20776917313117,162.0752360643604,175.8860392151934,167.48584054692898,157.34228570234092,125.3949472920221,157.47511021748886
490,57.51869395732936,45.20939775329031,41.81899466443495,57.92228068274126,27.00334171155068,100.86647971616746,124.597808789857,86.99336904785457,74.30901956949687,64.46547855711152,63.96078027062816,56.10451354894403,51.07039600868215,-4.9489518027108765,26.97144900736661,97.99487481037448,147.9976213027308,178.7607372571797,129.9967972106409,126.52659919956417,118.89834419867914,124.06314186220473,162.7847669140026,166.063654217632
491,123.15282225030721,81.83133309846038,28.953040514641334,16.647853880948645,13.549543382082376,60.97769180758087,19.093474428721535,34.78457117837742,51.817641577407386,34.05150524975116,96.08650986562033,70.64275579645091,56.85150590587713,28.27351972986058,26.71395010779129,110.25578863034256,143.587307543145,169.18013869536253,181.66496741047914,130.57323492058353,136.84187895095428,133.11628721115886,161.75941032185986,130.36643282493492
492,76.3064099670538,51.228779780962995,41.17804297866904,9.00453077555649,-59.41231985822344,-6.758338073218496,-1.9718535203984118,-17.33766573011269,2.310389418206608,-39.81247624212468,27.698703001743716,51.94027368456494,56.40275891675085,63.79958837564641,142.4581207758537,124.06465950736514,144.2388498033288,179.72610926223274,117.53982695966391,125.74999371483747,146.90309446472733,82.83525067077447,118.59902145724014,129.90041454782212
493,58.813721423810634,52.534818428461875,-2.234548063626292,25.51420058026303,74.39761850931362,114.56375884777066,151.4126660784421,95.84377003024996,67.71715285607058,42.32994436368533,-15.552800087350498,1.937320422061461,21.672721160743656,52.02194682523641,87.00908165071698,137.2267208291159,170.59349996352844,152.95734849593953,146.45570724876524,108.55760494064519,150.52556720068696,162.24838494032002,104.50624750060882,102.56805726999357
494,20.159026160645013,28.170617647882466,31.831356746257132,48.47160494949638,61.23604963816511,77.71815516609037,68.5673577650011,101.76043506903059,80.15659363763308,61.058195522416334,101.9915727741002,143.3459471497055,98.46421065076645,49.97730178594074,24.698230587134443,105.18073161080088,116.19708896091852,115.87834812457524,112.2216553216942,100.81597014294181,99.75165859866544,100.74788873328572,77.4153973069344,110.01194297037826
495,22.4300368483659,51.45411778439008,13.153738153993366,58.84232357999033,2.7737224479545475,77.91988704348806,61.461650894981204,18.21642035798118,44.07746477199978,80.1533608144361,47.46083618190733,2.1190410950439187,-6.084137442092711,12.276628883182685,24.608787365378166,99.40956296360514,158.79989213843982,184.43876650491356,112.54485245240033,85.57555894013686,100.15277645958656,104.1865648528824,143.03605090967054,107.647024822281
496,90.64337278279496,99.88379655878316,43.73321096262273,94.31137801955488,94.1256484887684,108.47640646863113,92.28071784461781,54.47056598052284,83.02867476878859,85.57206087785426,108.58210091020659,120.09970744709858,29.928936233651555,-15.279516936513726,20.492919630250935,114.31647615357758,188.96077725780376,161.2032515124487,164.33010708315695,150.21262891524376,190.17031747262365,120.5060145022592,109.8140643311669,125.07916558876673
497,63.35318617047756,88.93906367547068,66.66702975184043,7.462325602676117,14.075664729681783,73.42159167353137,83.3268174706588,73.7353578259608,54.3788183976668,41.21304686857922,64.8723053606988,79.23836729525394,104.58060705666749,86.92631052556892,94.29302339725382,152.20252198749705,175.00777728850073,204.82012154354905,147.58950825230164,329.9377237972118,293.0984733262913,259.69098542707604,271.9994105629919,203.50526022922946
498,46.73291913689228,29.706011413492092,39.82235249473217,46.64806454244898,79.06599475675813,102.15661135649108,75.74084401203727,28.540886202787984,53.364440295876236,42.29475612508446,68.70848793422805,101.93672799681482,65.0665799567744,69.15163534568772,74.3359532552489,141.9986369727701,144.8688523728689,135.25370602184353,129.75923864187783,109.33282506614938,141.299011186383,126.5078300633563,184.97892955541874,103.69991189281754
499,109.14915441338422,116.51707191580583,119.58058233411097,80.53986387323093,101.93098010930063,107.7094974544107,65.77119081761418,40.72024161578183,44.35118555115627,-4.231205280909997,-6.216290731705762,13.539908197145078,-28.2379319998183,-15.119046561548604,13.826969854688699,71.16012183308226,124.08494003013712,114.30052212050413,147.3461754955865,121.47041666497844,135.08430114562273,96.14688266828563,100.70206107757173,112.05072428712161
500,68.85026176717031,54.56886772112543,47.16878270935527,45.69430728103584,17.246982878247024,77.07386121068674,36.31055351982267,43.09103028241951,15.659273068733206,2.3655074190870664,37.79533143885871,41.77051815106635,28.00434376144661,-2.5840714431822036,69.40662576912123,101.72715968626021,135.47831492879237,123.60502389393999,180.83253429945398,135.76469861201997,184.31377514767104,145.17535025608413,102.37749824936722,96.10993143050243
501,78.45560968597906,72.59829979092866,63.33309152803402,85.21986809641295,61.40482326397741,122.25719817645961,141.70177642721654,124.00267769850181,96.29649664926364,122.985520028384,96.05573950728359,21.309277713435016,13.694267024846539,49.521458328176024,46.77696718935502,102.40649717285366,170.44383461762766,177.22253073707384,152.2192335113449,94.93790248317826,120.87432122715367,89.11356504182382,89.20232246951312,125.70479598745217
502,75.93640610334064,55.632500256817885,25.265383088107374,82.99982687014926,77.76930831651859,107.95377751717852,101.1880235353281,87.53399036234941,34.658014875489414,3.1143447129213016,-22.725875815839196,7.487014714986628,8.671571880121082,3.946671844898969,5.851989191523479,89.11204237357397,176.82977909333084,144.67535123364758,139.8477007791384,160.20259043637753,139.94328701532618,89.87374738551782,115.73672240727208,95.06314307812613
503,101.43884420291599,66.34465591351815,30.24573094887011,94.97809850389268,109.98755340691645,173.1011219392614,155.36801622024348,81.98130472118599,93.47191738950994,96.98009420543215,81.70037045128794,57.148705882825034,64.88720428349134,41.48942217891643,47.57721561447467,123.83375011005396,141.38430760514646,179.41630228634529,193.92516980298456,194.57419462522364,176.29569924140065,176.39107022449429,156.2416344196041,127.14846545651325
504,57.740630387978634,61.568037998037326,39.217736226812875,86.31868069369682,91.26817071627946,133.13467187077742,125.56175508880534,84.62209147480615,63.15802678780881,20.50996490232868,47.341087556970884,24.996765875392022,80.13284427831945,33.75551456570328,27.3746990356981,51.447911927004256,144.14258856425639,146.0048240140829,155.5923984397835,131.14478951530637,108.17564001332934,53.77527379822739,64.0098897584478,90.03132562100241
505,118.77018337394804,57.923299068120485,11.954775794918923,82.10074709180604,75.39323942536794,79.51258338058744,41.83179513332139,6.808227061845514,17.084205283662847,-25.58530984878861,34.29101406383409,49.67180968752196,26.375043100553686,53.13136215770153,35.85289588607546,109.51937366027141,202.75096854154594,166.75706801279313,151.87054447709312,102.85090670376502,102.31977976300965,105.4273500699707,136.88743247216368,159.32216933831685
506,88.14144502009054,100.83773120423417,58.05192331964788,44.63528398713214,78.5173509468238,110.84182082763367,81.95258786088466,41.206610486289925,60.04245009454907,18.613153437969544,28.086775774083435,52.18989906284233,54.24549907323196,30.196966902329464,67.5677652538271,145.50983089889758,129.37288003314424,137.68517802892617,164.7589215687044,159.72961494206487,164.5429089490762,152.02642292009511,163.52682130321617,115.46612636128862
507,68.94897383451678,57.131875316964354,54.796332409849015,78.45674550033787,62.00173041515279,61.03689793036975,38.321920410464784,98.73839109666085,72.43886870529366,63.32717605373202,51.27960028935465,35.85229894948348,22.569966284546894,38.92366947810213,60.574020676858446,141.32002041547315,177.10662931471674,146.05803284839973,181.39330929286646,112.56601487373844,120.413141401543,91.71232973440617,153.05291158553533,113.83748431840812
508,100.31776935473569,109.1597183935759,67.39667028379566,68.68254384977001,41.670573179808784,77.00905577890471,89.13106916476457,62.202934912678806,60.82583782780667,43.90273521694558,0.6083458286536185,60.67390170192625,59.055635682404514,67.91966512674918,96.42912724797063,123.8973814202907,144.0965421949919,130.8099615393547,145.21442141766275,109.8207356657127,127.87503184321264,102.24339646969872,147.76928691665424,122.06961157326117
509,13.061891802739211,23.632618033509736,-4.527432975231434,30.527515048521536,61.237847834930065,109.52289271830212,152.87565915137714,97.342220305029,21.623052015011417,38.296663267405954,67.14806279569103,65.94134997949519,72.42629140981714,9.912786731230039,26.798291907936076,91.71695599564232,115.89246246922687,147.14480180381736,157.42416909551616,103.6029179085159,106.89074872431429,92.59957562635535,106.13522649110139,130.92832699060568
510,339.0181963355516,247.44243165521777,168.19689854105468,172.67658230271667,134.00947491275554,145.27390012588964,93.70776447338177,63.014561456019095,12.036325343656916,52.81021368886165,87.50225736323824,16.146789619284156,32.95125774030896,7.134000783227339,46.99488044011731,118.36724696322108,191.60071829480097,160.01768792637338,159.6272449589164,177.0861172471053,156.25183521865122,168.11199701485367,202.65053415187543,189.01057805510573
511,108.14177754447951,131.89004314333624,96.12243127832011,102.2661412676486,83.95090734622678,110.1302955692013,84.07634559046781,74.3269804509745,61.9078225991627,30.133456108826863,82.68817502494227,47.02422903070627,40.49961128411802,17.196876008707193,77.64755992893032,122.58990495735634,121.03325330165181,113.54482820788542,123.05776003398933,102.99086826289798,91.75050917346553,86.36320960256901,70.24142009959333,135.52652067008248
512,36.382873769885315,156.10165280448086,123.50207274729911,122.16055862073533,116.03346742103737,142.9964150744914,87.29255155864209,59.900816670720005,-23.724395820523853,-15.361781355672214,-1.268936869109158,14.785884857773496,22.086389045281166,-1.8208180194105843,27.31663434168851,57.090863974862344,95.06498179239587,137.58562626426433,143.90898293398598,105.60823934019217,117.2629503930086,81.42954211509836,57.41576450629847,115.71194758658196
513,37.673741919237415,45.83675631557339,28.192764648347648,52.47455850818933,43.80280597813725,86.99583693955316,76.9529140341351,83.1861838180962,27.033041426011305,-19.281739017837914,-34.533181481540495,-12.529006615030298,1.776333728628451,-14.647847526070013,21.166618024310477,104.23244305131561,157.48368148420397,205.57366223578998,166.01831809437664,147.6980592554006,176.74649559861865,148.45654614448472,155.56355427678844,176.3518402233592
514,108.5731450514192,78.25233783911646,36.654396504838935,60.2907026095055,72.82056306559889,119.34302503872222,92.7058102988769,63.827046316955645,19.124743743100357,24.103247540403217,48.694258284341124,57.53143284546144,27.925827382708828,15.40653685025306,52.35803218263594,71.84129766679061,89.13407169267182,139.2121883782494,135.83177302006075,138.36352814596125,128.43499824215752,129.52072972903562,154.46109872426922,145.2145000616099
515,55.88180755771717,64.67032492770332,30.31761287993011,82.95643749073446,87.73315168671007,116.71375778431197,145.48302754831934,71.23838011479822,38.75826745145325,29.095193464583964,-4.282039539316152,-16.52133524697993,46.392747854858555,33.89141921425049,57.40246175145527,74.12055048647693,93.05893237406615,105.99305569697034,141.84804660168749,83.65180168248455,123.35543009084118,117.7418902361149,131.73819912705994,143.99097181325038
516,12.818534782336748,67.11270955980481,20.75346327610319,47.36933864522926,95.23223397098549,81.13933545917787,79.42609780601362,57.4156178405389,-30.408665785330555,9.420781132610731,38.793628022471026,38.0446771244705,55.59321359914035,27.255061795212953,52.67879702832958,92.55280717222307,96.9295335056089,71.10477997608855,114.16344974817933,107.47965501382728,81.89281813561024,97.18118839835593,102.47539260140091,125.05496518001391
517,94.23001038421054,114.04087926388351,104.73162676098099,100.96740282179067,83.38978100957405,98.28564438503774,34.4165468860639,27.951606674903395,15.94609271394831,53.16058595920312,78.0750325435574,100.01199059935846,83.76080929651556,73.67201165710355,104.89419052583852,128.04628062495885,165.35876879829885,152.41477932723808,130.2317044873908,109.51318154690283,105.58386096901388,67.93062425098238,97.59235559471782,139.38264562622925
518,127.66565569651782,96.63981816242212,61.118111246187254,138.11250322604806,111.02865380464472,132.4870875631225,61.63302435203626,59.34120067801232,20.652769404298787,3.7260647552571697,-6.0129654107736314,35.458255748309575,1.6004704507872205,17.806653448957313,59.76579442325642,98.84890712046835,119.50248373696105,143.94721093179507,139.71097212683983,89.53849183568022,143.81333635514767,170.46313339253624,156.89931817576337,134.24036951964126
519,45.90256887636613,55.98119206981198,56.4477001976264,92.07505273495141,51.23452695315494,72.2487650766063,33.44629537392718,0.058549957945501774,-42.81571217105025,-15.976387822670397,28.206600037870764,22.590087901474114,22.627580994876404,56.17710472643792,98.86273907914898,175.82057818733813,198.30731274532533,203.42493286774635,178.01080484617717,137.67213496184934,119.13381602837839,80.74450833681317,112.57542436290896,135.6237732815832
520,36.364587319633955,34.76439335232376,46.05478140588778,94.52793606111752,70.99582836456251,67.4425239391773,34.389107619290826,34.044143352705525,29.779794438763098,40.650188842321185,46.602344756694706,78.74329630181577,126.23436312165977,124.09401655038822,145.61042154192657,147.1618864372734,174.74473224956546,163.1263989761758,176.9336756123445,115.31325387764555,112.96623361071512,124.15186508073529,136.88999540818847,157.6210472310482
521,77.03514385737205,99.62249658491315,52.954937038001376,132.2316728817209,61.98096431549885,107.80790105476858,65.00378829320415,58.07642901372619,87.92272733443713,69.35208102958991,69.75719495004788,39.75165579854654,75.62946339994771,48.879763022594695,59.351574554292064,120.57755659536657,128.40645841826893,119.51815217640814,102.73394051260524,101.57564261718612,105.24929678916985,97.76561666304679,66.03360989127764,114.16645377018529
522,54.046088984125134,86.06813172944493,68.5572322499398,63.61089400848019,39.28384757184479,88.76786942058065,81.78291109914467,68.95199750314045,65.11116805227633,84.00987284963884,100.14522225493575,113.32313113542023,77.31946022498232,56.16991178285737,116.10295994178202,153.29987708678348,185.41996962734132,170.61895000797543,136.60243039707234,167.8752800919182,141.10184031616637,180.789380933024,158.00109087725303,179.60058504665565
523,152.5790856656225,129.97392058221985,117.25690102550053,164.27285888988428,120.27776209482411,147.25216383598237,108.89512915271094,86.87720349984083,36.8077117295825,51.3999635279146,35.611272841623034,36.031284246441956,9.580931922338017,-25.107520436529743,9.979971004982907,84.94028896418311,92.71964487409076,91.51653689129577,120.34440911519377,77.86157327194485,114.54269018561888,119.71542286867883,149.5481951348034,141.08183441962808
524,50.30332143972962,62.433272142007795,45.09000789861649,51.86207039086371,59.26286819670578,42.97160416421955,23.316864489338933,32.81277405668894,17.16901963266365,40.9912870309397,9.314572654945636,8.309669044976964,26.61072365284454,47.905228607940174,57.092248107370416,94.50808687705047,147.89306796360003,132.9051040195627,141.42314048056227,125.33595828072924,149.01261269954475,114.35512926042483,105.09090282024533,160.02564536030852
525,80.06613529306483,53.995091302028534,10.774061752694791,60.52874569887315,67.49404494657261,82.95848692517906,82.99549887862383,95.02059825535585,51.28810938228841,28.65132691933425,76.39569220723926,81.5748095831841,65.64365764973017,62.14211244887632,51.20501298770738,106.35112683345812,135.9977685179316,151.20828619932115,157.5373730737268,140.0757425480792,177.83807789093578,176.5560366136468,164.2825088805965,148.1235860188832
526,111.63423924309012,96.94156194915955,40.397436849831585,48.00417403630627,-1.551252888290314,21.79395275143189,6.92617865423459,6.890455055503097,-28.378017535992996,4.6030404734271215,68.29021771101425,83.77829379782223,25.782051584577857,26.912502009644403,39.34053655451356,51.14753641128968,97.01235837008446,144.40546695781026,157.08485785536,121.54901638129033,108.92986165302082,95.07539279108438,150.03209287606413,145.05155203340493
527,101.11194074275453,114.60330473849294,111.43244267359853,134.2329631853621,100.07948357289455,149.34279662408818,120.56140029610934,102.91342131128971,47.53570492659183,58.77387232010716,47.818129931084684,32.11534422169671,-1.3590131700120907,-33.31313868514134,-28.683559220800824,60.76688724194146,129.97765102226856,147.5615725470563,117.94236400933966,171.2569059838637,173.7467127061141,148.09855188756399,192.86047706638792,169.1762297174875
528,91.43714252267931,94.68540587559853,49.05833430099052,73.9915655608631,64.09525685396893,138.88802216588027,151.14211000747298,127.8210551191392,97.42090175053025,66.66984406570728,60.10433993930127,45.61196810939457,48.23513980433153,55.27860324244317,120.2270530765582,146.30663003009877,142.00859104671798,161.79253500143733,168.08734538377055,125.31348111727668,180.7984988127388,158.29245123142007,152.10778838661437,148.23822301100196
529,119.68008760129501,115.41241257368861,100.37089676502424,130.94787785774554,99.2290754540945,96.78313323495061,75.51039951860012,39.18090733820608,0.2803824477091652,22.17113250089789,4.8418629344144435,-5.508904257816042,19.286310635521186,20.73951954511342,53.179877668468066,83.82036133602598,144.85834280875244,126.89530017406229,117.83523222132389,104.34944362034253,125.87816705236204,152.76608491191288,124.0363313404354,127.29805599084479
530,50.97148659951816,41.10173275787518,18.33024778870226,34.2710586169188,35.93580998419865,80.2799294078346,78.7413746964327,57.20711543193778,69.40931783155767,45.43236847543882,-8.582061048666063,28.183415506911818,28.06554651308625,2.577461667165096,6.296978955551374,71.9358435487693,138.80199571232532,163.91931656139184,140.2972653897814,103.00277027672381,114.20286040402277,229.42390351902117,272.42886390761475,217.65322682632217
531,23.178264314833704,39.37082847595833,16.380376678295825,41.67452194080742,28.587753323854244,66.5311704495174,85.25837238727462,58.00666706071755,22.87891227163893,-12.698678572034837,-13.301858491372215,4.392724633519933,-31.64523734179977,-66.65783828412202,12.413811408971192,54.047618651178134,118.39275386884879,173.41645440100467,168.56046504622168,138.281716753893,171.06834197453213,145.67875173702495,184.85885352658687,208.0447942045473
532,97.70593017796712,88.63988808945876,28.368820650915772,15.98775324605154,20.305562055602593,94.67257089745749,66.40881469285048,62.52442523130539,17.70840404150104,12.800680827200157,14.493484497223648,56.1971032425689,54.17287962954936,27.12429532011177,40.741703137595806,93.79583514663753,117.50523335088677,139.46970064421734,170.25524475285246,108.86361082049865,114.50327281791488,148.07648382073336,175.9476885414465,148.2592326582895
533,35.816342832313445,29.89176571502213,18.098327005846805,27.463885308682265,7.8155597775553645,50.14096569546298,72.96952341556563,58.60584760982569,40.05395519776129,41.74437965793494,42.673529611054576,50.63316718056026,38.96910618191817,32.60852042673055,62.864334368848844,92.93723255433441,130.19573105106028,154.11296713495025,151.80715661968014,125.88567864472333,64.47989508694583,57.05694343340089,71.80609812215906,85.27497557165375
534,86.31508786746292,96.14379602287856,110.92768517106741,137.40587661481732,82.91922721693477,113.84507056070923,104.8011826342011,32.01977038206742,-18.804485543122837,-24.421868163909544,9.335759832422163,39.86912708737857,47.412283142952255,21.415308375660516,39.425876849883196,27.88046425472716,82.47154399948971,149.03864581337683,176.39781923156534,140.47074625995208,104.79858822030849,86.06579117377618,113.86995771361433,124.3838165012303
535,132.16067298574384,132.11573208074446,71.54676095230954,88.26161623071117,58.074100524042436,94.9610373928706,129.2658040409958,141.37058426593984,89.08560008120031,90.15263047892728,84.51654813077116,108.64548436871158,75.76460984319226,34.18322018733826,52.931940195253894,111.15988833093208,106.5474468074205,105.90298099708437,138.98606921522315,112.98119834484905,144.57314708718542,122.75899006222312,123.53967197254289,98.45681467203218
536,112.52225375011272,125.47996225367368,97.27579547378602,94.60869979286093,145.53313018206438,156.22189903186216,142.43179755780318,83.87544325126318,36.686292202386745,29.655483191942885,49.170940353165804,13.864487858057124,77.2348211478167,69.20401957034841,50.30952546473118,112.61291717153769,142.9336773202953,112.7794256289318,129.89143288927934,135.72751977186945,150.82067271444723,97.317540669313,139.126612230478,163.41870098066147
537,89.79103609783039,69.70407918208842,213.4649544171636,138.0251886599623,115.13768130100513,160.85539549745693,74.77513133578402,28.182922089305094,-5.056603419679696,-10.681760502462787,7.7559008208504565,55.24848579928837,32.820825376601015,72.59642409616019,40.495205834435126,83.38901095991031,122.73578210139863,122.89987980008841,135.85688858479415,155.68067185587307,151.2780693060576,127.76477791434908,141.94115250975204,122.80678565006818
538,64.39787470324131,58.604658021835625,4.5967858615415835,34.74054052858505,67.85166271265399,94.56901024217505,149.2281663230561,77.33283042483806,19.335304037339665,42.47928144793407,38.02813543488532,78.468570656179,51.58024278515371,71.87984502945397,74.35968781050119,97.19630755003851,156.53068714997323,125.56604017386448,161.40950562312074,164.2784682003547,140.97603516107483,140.57198037810616,118.06447875349711,130.61006355124758
539,63.52895121958942,69.50964345806838,69.18183483666198,79.64305089320244,54.39680940222882,70.9524578593566,63.68316762390186,79.33673622774208,51.01679737692162,22.351002164975913,18.357647958455797,11.585710070522872,34.03815056103005,-3.214230773277386,5.117825703447501,93.10771537107547,88.54680135792132,145.56821876801416,97.6324656761845,82.82949841279913,115.41081048256184,123.05581602527077,143.24783023161436,137.84504034645542
540,93.38138079667388,92.43877931034504,46.654538587921365,113.47708465987259,70.52240611260677,109.92054630981542,62.696748737774854,54.07746821824985,19.955497455800547,9.864676618999898,32.0290443473033,81.58532620267673,76.36485726905158,67.90674254861341,64.10692484863793,133.7365237939381,149.79553733837415,154.39635033251173,131.2257922101749,115.75743855718095,128.5030434301831,83.8175090267259,68.9005322062361,89.42508097376927
541,72.63389899792232,104.5774438673985,77.29140311350884,90.636702953324,50.5099748058106,103.22189172289865,68.64384893348166,81.15971584752165,93.13884793876022,117.52974730713936,58.494385560408176,56.04779265443019,50.45433431874359,17.249414673743697,35.18670519175221,94.55259164575247,109.2747479561595,124.83050613358937,104.49820828438001,110.09287452157481,135.78203423205426,121.14361414501326,152.38659378611726,149.0655196005909
542,71.01012169461005,91.69634080177336,98.08350372364708,129.22143724883932,99.0940722997939,116.49756646832792,51.62958769867331,-19.895013237171312,-10.23714168085202,-0.7523620034570335,55.84660785673719,73.81645546060099,104.8421023467905,74.99696709292795,47.22470889842448,131.12736166136725,162.59197506909217,149.9275975400616,77.32155495762973,79.29174838166651,51.47351511570557,116.25670924798669,129.99822005646632,87.1755015525004
543,74.25735732808205,73.27635001907021,38.118303811868394,70.96363721747203,52.80420754428175,75.55375988347552,82.50217025757004,37.199737827228,-16.33028426682256,21.036727102315403,40.707441630066924,75.78153133676936,59.07771203210223,59.00824048449313,83.30043918044083,157.85028079350565,115.3178012024079,135.82690664796138,142.18271313920528,117.00371474325767,144.81691978271755,96.28727194314297,54.21431262234472,77.49881154978534
544,94.54730139971191,95.8645270148624,137.977781053512,144.75724685997972,93.02210729445333,134.3935042092496,129.4949273997238,85.71673027465015,47.391130747667816,18.810183961191804,0.15786879085494476,4.106154392408946,-14.350091387087048,18.863113675943683,49.42740735993669,95.33138629937368,124.81458688833101,144.95695446960372,154.9035946698683,113.0938228590236,132.80876769382854,116.16852989674268,97.971045854964,142.8717447736926
545,109.82284952615471,79.46422007031131,48.82237956058516,85.22394552182578,116.96067943553787,143.16526512041432,80.28293818293301,54.66696311689297,-1.5632426467877387,24.261391907458687,30.22758756518526,14.64061608289187,7.79592214032963,25.474279268215533,42.88845006544205,77.15492304527163,83.52118151371107,94.22277580504975,66.11669989009957,67.72667244771908,87.69754764118292,35.577178985448754,76.936227236809,128.23072552006553
546,79.42364831981084,60.3258132014608,47.05964127272048,57.1212556431865,48.51760617629688,80.48513686381925,80.22709199234008,33.79708698826842,37.02107558321613,31.843505491907454,74.61046572025703,90.99936082394419,94.89985726584513,90.58803132085681,83.92706653867629,127.3215926621803,152.21247001058885,153.72239299911536,130.62518433789987,122.41215771505468,128.06308403382207,112.1527595894608,85.14551897050706,93.23381570918461
547,40.17299050074901,57.29428747807043,25.411053696178335,55.98711765115548,101.17752940658518,102.10115962618434,118.45699181861305,87.76319694052185,65.15804331890007,49.91477342296726,75.75652842228146,55.2047932329597,9.54333057381141,11.666742020342719,-17.11786065551754,69.2020460063278,97.72551783240189,96.59637703949814,97.99182458187812,112.40652674688288,126.07811811136976,92.68238781165803,150.07863667073403,170.9765903700311
548,120.88252342021593,99.02946749678756,76.90347156473882,98.3620180462973,38.63534419304617,90.47276707875763,109.24757847114071,103.5068403651348,-28.498542152155387,2.9674719347671896,42.8407489527257,85.64224604677347,54.89784820081592,44.53426716450565,37.86299987140156,100.8115367860775,126.84885766791743,173.94058291665948,134.93267042623341,164.78273661709332,190.90013870491055,172.6462912258859,182.58589055738898,201.26567088247023
549,114.60216975858494,111.38940276834285,51.75379907761176,57.311953648028044,46.13178648063757,93.6220803981908,57.98693915230166,67.7279121853947,39.55110205507953,27.722779498773157,21.25478204170656,20.573004226652102,-17.958999520509536,-7.617880447049362,31.120622663344257,91.93838804462398,101.11607343142364,123.83094132022316,165.93966879534608,143.84173966475575,180.20808878283384,167.65155117007043,127.66568548642422,98.14257556147703
550,77.17107446715778,101.6610774174761,76.06314745140998,117.0312499501759,96.80632294082916,84.58912401765559,115.81396953988057,99.92000485439593,53.6134626475649,52.13553226223159,21.924639074071724,48.4124548778751,25.74320515118764,29.950936591022984,46.661247694026905,66.37333310849016,128.24409722286535,133.37717499518658,155.3951166718548,161.51011289650785,203.61956826988956,159.31159008369085,120.49032326843681,179.538949148273
551,49.858847163243,44.93630810686548,41.38324461130202,171.96257687284245,152.95735047342143,203.97647204489402,169.03088069274216,102.90586054008048,144.47433373958788,149.36287065531783,167.81105973481817,163.49154415959478,114.01480334415757,63.88690230523106,78.30981337630166,150.46071496413106,176.6791889914753,184.94975162517838,205.7602355965849,142.94458770007682,110.31501460811923,138.80038490930596,125.62038984063105,117.20681597126418
552,78.57711216190279,80.9022400088176,63.01802269184644,103.31720169047895,63.6213241280669,132.01695773097333,134.03635785793765,99.51430685821092,50.99734295728189,78.70426308411734,71.64451804619048,46.33627059978278,45.32180241990257,60.26677204891433,38.07774388341786,97.65157916362895,107.33258633521123,130.99976997558622,138.06699239269298,161.35440357546645,159.67291986032558,98.30343486768814,134.36729831187867,201.94860868652768
553,66.55186134409034,26.819809312600768,0.23200285812469446,46.763119571032796,44.3980101178913,69.47866805325046,27.37971523892891,23.63128546901148,7.214959824670853,38.39262247506933,38.26022141187372,87.07585969989591,65.42963540329703,78.60297137034928,68.31103277367282,75.82555123400522,80.01746136249014,64.59895260782804,130.88663590582297,109.39237808244832,98.45978625350577,87.16114474742685,102.26179180198163,129.4318386719437
554,123.62560161734794,112.62096755753623,92.6120817399005,102.72257998530341,110.36178085443942,105.27991491927261,64.53664109397559,30.422864052121483,15.293721660118855,37.8923678724836,-1.611979549684655,13.071637215091776,12.688474233941328,19.50738661275436,69.54580309802881,157.47660492644133,174.56896494598757,167.77464280110576,152.42780191309598,111.32230501562438,163.65991376723372,138.87205830945075,101.22434396123512,90.45493880825433
555,30.802239325738817,22.662162651307383,-40.9569933918282,3.414326933934717,-6.147369175904188,85.57212137593868,22.16238440034833,1.1905652903971315,-33.20065207400744,20.820170695540476,-3.3385357048561843,4.8018111282897,-0.64452489191099,-11.025355665742996,30.467673752732182,67.65610870145716,143.53450361463547,174.93468689597827,204.86846536740524,165.82879727601937,125.76207791135013,105.65669160592154,109.8035193025708,145.7383504023229
556,55.79665646363124,64.61697348102999,59.95295930223148,38.0300749455507,36.16308790020348,96.51612589605938,50.59054452450219,43.93873826144858,-16.818071287919587,35.675322284533195,56.974315371123716,72.05740137022865,41.47253371588221,59.99085197177162,55.42591908425695,135.27329065369494,157.14195944453465,136.03609567428236,131.66686471892254,85.17115390850458,98.0502528289168,89.20771835070944,91.97873683532444,93.19654273527716
557,63.09506218291238,59.81093961166473,19.367352957124417,117.22011630877688,74.27747973856187,104.46144313436332,122.59782557412794,75.19656889245908,39.55763003102395,29.86171635058233,14.360316171941196,-1.9787949693876001,10.519941723729609,10.489148070847364,74.16861457366818,92.03505202874051,127.8448327613167,144.32445752737632,158.24433831637265,80.58447589888733,73.18583213207253,80.32944117855084,74.13194962500316,83.91380100441663
558,43.96197222497803,50.52798328606206,33.89386144908235,65.5081218565399,41.84215491459388,65.15901057794647,88.24856887911612,65.62068612280882,50.577061439645895,58.482770322804,72.45753849484454,93.0494749725795,66.0759275951193,43.659489605075336,28.899798597106244,42.67657830575249,84.19509873985699,112.60095607620403,114.49316210912835,74.76726393154165,113.98075663297615,78.71086984816948,77.01497705576213,91.544929809077
559,120.09325217662422,118.76874137454396,85.63419141578903,83.41070060847393,61.19379133128156,70.04471161510439,69.61502843066566,68.04519674081612,38.03049053060783,38.245331615369686,-2.5193356834585217,11.084849667025132,-17.294876979062707,-52.790346096551275,31.270380419193422,104.30460250874174,159.4328673943717,170.56370839558505,150.25086922641592,86.8880041123495,116.09711402291208,102.98921277718215,124.66409692610351,108.46980670237683
560,37.79052660083333,39.82018603579022,27.459730305748145,108.47313599755284,91.5174486649683,128.8207214238373,93.2910716250147,75.90566626416239,46.7285044071597,28.280227656532634,29.517010788055536,77.47464662585368,70.19884324572972,18.5627970776779,58.101602373116904,127.81301348452308,159.228046584723,138.19070713093453,135.58112378638629,158.26978730902113,127.03745114166713,82.71315909169267,154.72456130764726,88.76374765290342
561,97.75449849925587,79.19918305590959,46.81258258043029,48.842282563585016,70.9883433624621,124.38495580160858,138.8206491943295,92.59692174649885,33.313920538862654,24.43839339368232,-1.909402475408541,-6.264524363882622,43.643387404283374,73.03190448979004,100.27792908111142,87.20201920004929,120.05559488822368,132.82359972539268,100.23595443840478,73.48531289500332,134.3631117971151,103.10050438924594,96.64520933647648,141.8008167429349
562,152.11389135617884,145.08474113545554,69.18603530921153,80.33147784077642,59.22032522418296,110.52712009421352,75.84058125674957,15.729210530907544,9.041731603639061,25.145987638399212,33.78956510872196,39.543934528142124,44.195095035837134,35.2854877972436,72.02633679055666,97.65733409517678,88.56423441745852,71.22598884041041,68.51019141114082,69.73374230123557,78.35237112921229,75.7768038102795,121.7720648080235,133.86344552124777
563,36.43945752428855,97.32743958862204,97.96675726668954,151.44267217889868,102.60994396773178,117.80824130307005,40.65798736984253,23.8230186654147,41.38856842768348,88.13160663418246,62.14654078371125,63.39395526218269,-3.6907017478837574,30.157517038565942,82.98543793882513,134.72344693302205,143.2623521879801,167.27790141072902,141.03646548058228,86.5401458800757,65.16395351933906,58.647219759572906,104.1692965202412,134.7146866646676
564,56.97785613921359,87.9896399210704,82.4146478062676,98.23118433269896,101.69128195066699,182.1991874600449,144.90249685312062,86.21505151941369,39.5225381963247,56.88201862308796,41.38963182738905,47.68268128519418,23.733073938903313,15.508135616980987,-2.1767336720312755,68.25389647445296,96.33384868389666,87.36404545988391,135.36851568666756,120.38143812078134,92.64373459284053,68.60751759725152,92.17373820938774,113.0763393051314
565,70.95887650998442,65.37759348449154,48.406257606653625,60.541706479114396,30.284661000754905,17.71253468227549,70.1392722631058,46.33446046472939,-2.325554361506317,40.34311634574805,52.985731391459055,39.903253865178584,25.712176127320532,25.245415074071843,67.6149741143981,99.64743902126935,127.48928850698667,127.54554736931837,116.99665199093263,142.33397459142827,139.92742773149655,125.03828677722869,120.1114584020236,117.49843576015536
566,116.90078623936867,-7.399468073623041,12.93272776242965,55.9420147752156,4.591415038177132,76.44516153606374,117.0278386016557,73.94136668977606,6.361267449169397,12.910387936835782,54.32960540674862,46.14161257862249,38.34298849100727,40.45836588035695,47.52009001198992,79.24336395369994,134.6600213506666,104.23524820076426,125.14845273501268,121.01471376470093,119.45437831762581,81.67969222730986,134.90249727544034,120.21544338752203
567,67.0879118045204,44.01095008067291,37.34239895801708,65.46401721257016,66.28733888692483,91.35622171854499,82.53738865403818,19.738164247097494,5.605736350619029,-17.07251652640094,17.11669755793104,44.80571643615199,15.046430380193563,72.1239947186135,75.94021427264465,87.06517716796392,109.89114628040612,172.4814920532521,200.38636037015237,147.91376997130538,90.70976390018473,52.95054463612558,55.73024108884346,106.58210524389169
568,50.44606471825499,73.02018722658381,62.87078793092354,90.18053493725327,143.15799816023886,136.77183660086718,84.85743821283873,36.57011104835756,49.76072408809479,43.08817991535636,31.459379760033883,32.22199129081241,45.873726197556834,71.6990557622877,70.49445332164387,113.2496630227786,143.72287048704857,170.40780024282378,148.78996101474675,135.01769021299157,160.7447286056937,177.0973336902798,223.27436013410917,238.21838470343917
569,165.17718226005564,115.42767805695098,70.46945777347231,82.02096086685037,40.0200510112109,136.6637204266132,83.2620780100013,63.564315456175706,-27.161099084440423,-22.730885291351456,-8.745175118700757,11.74588703922064,8.644854429660214,-1.2804889420717736,17.643487173874203,47.416669997474315,113.50144597089496,117.84891272243956,142.8603215021657,115.71045522860071,135.69506313532028,110.22437368759905,160.07722200309155,147.24926994470917
570,73.9995564781041,52.25300608389411,42.07498451223615,61.50261597678556,38.422578261358126,72.71773477007325,18.541059731464088,41.29600868250908,33.35038012277087,38.21160393111488,65.91921828357152,75.47907704678391,32.55683530917287,45.405004364039314,63.252845830481505,117.65756643831473,124.82630040302081,74.28722326103403,83.15731049791376,127.81478174820434,157.9259074153568,158.04328194687548,161.9619488236945,168.1348763585658
571,43.12206781568491,61.79688213148814,10.013436502357699,16.372306202199418,35.47082748810573,104.34879575308625,110.53712860606716,115.99448864262068,74.90860263645851,66.45563396314316,47.2108385126195,46.495152316729005,63.798259817898085,61.642587884433,111.40533846799175,138.688830946753,199.2781742972838,194.12625652286044,162.6535413303901,164.9935359050153,113.67425551780212,45.44666063904407,85.64248387530031,74.68877283123327
572,102.03262795126486,135.98626020435302,68.86900628690098,59.90317757894179,67.54387721206932,94.00857068346544,42.66422988486842,41.259272219380854,57.20954607793157,24.878484439017527,15.570823900647087,79.7485720491289,25.109680680056496,49.52775655695584,57.23925453095227,49.33962554448209,75.03756046808817,50.69122714937859,59.42170996892672,89.82212045299863,127.19979384426622,109.3100733808836,118.82569832145833,115.42682510186492
573,31.58619750405569,76.13957340717846,44.148081838849905,87.6560980609208,81.95629760192627,70.6016309794681,86.50717639481522,58.77678270921274,30.993432251597838,10.979243295942613,20.929463992314997,41.06795421514983,58.31139218294746,40.75870683843474,70.39241980881512,107.46095898880633,161.00989010133853,160.46861996747293,151.0464913301479,118.8372073298242,127.3171200352634,83.46223806194345,63.88433168112371,78.48782932790358
574,72.09522685643779,180.93173255667324,131.95658899112436,109.91857511081038,87.99403890572346,94.34293234661976,80.44764790221937,38.898242846422434,16.80351383350675,23.254010842513985,22.803792654606553,2.8405402138991533,40.72762827059911,52.80287442202193,23.348777904873693,113.76594304868942,165.32260306550967,177.03901774032485,140.81928595700816,102.68386980987334,103.25437358514948,121.71335769040282,141.05521558452264,115.8140731597224
575,60.259536337545114,58.32248015573504,30.967193045111184,27.056710971494653,17.75818505210153,74.47297684519157,75.47823450166698,19.280125066989292,14.243552838090464,21.935909058327425,13.705148479844084,106.4743689834427,59.587932482678056,13.87420584762225,21.155177805156917,40.76331946000616,49.78650300831302,116.75624759240168,122.11403421613741,112.81399439002438,137.00671765887458,96.89306374957582,84.04459318667992,120.00235423262697
576,49.506243601539424,78.52029131525741,-1.6537165313541138,65.57248043952153,43.799208163398916,75.38726448109047,10.844921350868603,50.609934600724706,23.75073318244854,59.89525618086076,62.74828834927704,103.44963797809362,75.25356065446717,7.918913629344807,39.38132948748158,74.55060746508354,126.73741672831376,153.86894134177004,144.62697898239202,271.1890489180989,186.66302770768138,97.02484985740509,128.0186988198714,140.0928773742405
577,67.22205019619325,70.28771319583765,49.28995745170255,107.98566575511174,93.51170380902045,177.26349705846565,177.68915795450886,120.85015299856704,111.92426615509164,64.05558984354124,41.05024362770605,81.47628225688058,27.005770401347654,-4.685894583057237,13.924964025427677,150.61269038054309,154.03758374916077,135.1473302518445,138.2088488057267,154.27694713052438,124.7368782289914,147.65043776244167,143.18394667205843,170.9822257696084
578,35.545763141612156,55.57237260171633,61.79688586248769,50.605358796039646,73.06488013130773,132.09338197945408,-69.21181998913129,-38.10480321715215,-27.825412513011166,-20.643790678139375,-13.143514645953289,4.321978073468429,15.628184540967599,37.42930658763031,30.89135308400614,42.198263847333855,80.6332792242128,106.88421742885478,144.96514719951097,106.65090732266093,134.44638007101335,96.38292366887218,79.51229646202272,84.68201631325688
579,93.01653347234742,24.764140010764905,0.3271055764284583,31.85603541224593,23.509919959076832,63.10885248781919,83.31491292063687,54.76501565864666,41.034777961967336,12.98979243173979,47.77716978744942,57.98610763551391,8.857237611868964,-1.2294156995980394,9.39057764784635,88.22022353967009,118.43911975011797,113.84854802747384,256.87087217595035,157.40246991198464,114.61468839909782,99.65308821603988,81.35122188318272,121.15310412797751
580,83.32093041772879,82.84868311769392,43.10826428510615,78.4636242514911,50.180776841968466,104.17765623262602,71.6474654528429,70.94311719747554,42.112062563173524,20.887572497094098,-7.269084513107572,5.717306203400248,-3.276053328329148,24.192196978916858,26.76323145893125,129.45943540102564,122.29544033670894,128.42201850324489,127.10183068940529,115.93291815667948,124.12608866922903,111.70008348789344,138.18557540718427,146.6718733888233
581,8.433923039100762,6.595466311758059,-29.77057949800939,1.6295442826232431,37.42177676939653,93.39520481190992,54.27470136341972,-8.15986095189362,-36.658637747871055,-8.724997314430759,40.57255331967848,89.21892015142089,83.02237517240266,16.10731845749341,123.00508128271835,143.87457607574729,128.95476883733517,166.82652112876312,146.2502839536344,130.8277914185616,127.3163612213462,123.13061195987743,125.38363825891666,139.44253351516272
582,115.10117758866241,97.19741449120502,67.00078765150158,127.32155100052779,65.79545403382464,72.51065172139145,78.46899087882376,59.103362945553016,23.0856866400224,35.10415106720988,11.635522520295712,10.675496081438688,-48.1153688389047,-29.83782333410311,11.143167558264011,63.21479997621951,131.0092337921379,137.666028459818,147.63320812241244,117.98981017141277,140.378741482361,104.54954620860592,136.50529153179122,128.84107196718503
583,24.029353361838012,23.717029468680195,47.435264668125534,46.461666683784784,33.123216299483886,85.40789516629846,64.57510472686091,28.503211270756566,-8.368309087042817,20.089299462864346,13.948166587323435,38.049164478113696,3.9302581334661753,28.932862643188344,48.38089819426998,62.048759209866546,105.67046192339934,97.4206131331582,79.67205186266975,91.65971190161162,80.19666704290294,101.88671742361242,124.15140682285599,175.19683013760962
584,105.168882738003,100.17196627582135,68.3986577090857,96.0197835812522,57.314632958048136,132.20802479473662,63.43617059894524,36.87832175850084,18.218888488377804,39.585868620549164,37.09267163322082,57.645667267493316,55.312850196285304,45.127610548254665,36.26817281050991,87.63186602051447,126.93312921025405,118.97415056964539,153.6133802837548,137.77384494266303,94.842482768808,123.42844747001375,131.69331613462828,170.21534637683735
585,67.24513935569904,84.5474797588607,58.91317223722764,75.38028319741166,57.799135577521454,104.83100913996464,62.40083385871273,16.104892207347284,23.589549165687735,63.38658374059749,17.171598087027547,36.815505809053576,288.42272881342666,172.48643963033837,139.77167783189722,146.8498392479343,164.53947222657277,179.43652004871024,198.23498515363036,168.43734627339344,176.81322565469821,100.7848813435339,80.33705111129215,148.7543422889922
586,129.9940560523453,86.32963051548921,60.00353559523744,95.97242990592866,57.76901799471659,123.45127252154593,62.47991430413363,14.49974765361214,-0.2146459338711999,52.400589418125875,73.82574250367034,110.28069511487487,116.4876768286114,122.5753139244065,175.43969745612483,169.4805176116044,138.95050302112662,124.80912371917937,129.96808031427142,139.43035323856543,127.73412227158394,113.21957035746102,147.28692262252002,121.8657814902329
587,75.06273889572816,73.86001391571683,17.882431748313728,69.4787784936801,43.2435224035429,64.87986174267627,50.00305572027827,26.2494950499156,3.286803838849554,57.47474204208415,38.4325315204855,20.767579078004204,-20.154768509476753,-0.09347457594447306,34.59615080257574,120.73752495606287,204.01216406793827,243.60349094169473,252.16219710961187,184.035209252834,154.41639789884323,109.08896532239088,102.63149326266287,89.21168853480927
588,69.01831733083752,22.116968986545693,74.16835296275016,109.53241125114272,57.31616884867972,108.53079605388689,110.79246417669532,47.98107014929752,44.66848864512235,25.6536627073548,-4.956769488367733,26.94126512809524,14.658626498358828,4.9122769340728425,-8.477615680486814,57.333440007227296,143.64686251728986,114.66324150378172,106.34488710302708,57.133386931216,63.46922609247716,14.298967200764352,53.47599642154246,110.24497365575145
589,66.63997467643453,39.064525708290546,69.57415810198125,74.70391323175687,35.19134598568357,70.7396271003046,54.27652375530792,3.4775153158567704,-31.477218741762997,-40.477699949595426,-19.317795104316026,11.028432463573715,-8.053862054493422,13.274562711505364,60.841369846885236,91.72843493964112,134.24918439228958,129.3554655371838,147.69686848953634,178.7937887425097,197.59725443770145,148.0101631738475,156.15394811895317,189.18794097957414
590,76.81297697249799,39.149581565492376,-26.230554661633768,-18.64904318563225,-1.0780031961509877,45.47201324437042,32.784947290264704,23.111842972198154,10.408079844883021,17.809813943428793,27.321625667714,61.71892269237168,62.54852581840066,52.11855109302461,86.00774907353704,108.80489421232606,123.20131899230734,98.97552280651377,99.5233423336282,77.93162225157444,88.84594558311541,126.07723252494027,132.73433574025998,175.5505914411374
591,84.34584584965856,49.7160508486175,102.67539598121533,144.19048219226403,102.18041688537905,117.61652312416169,89.07938827153559,56.565398854259094,21.05498341741832,33.490722055956994,55.91410922867837,67.55951711794322,56.81097582908007,69.3903532619818,38.52844358584366,125.3076349934262,187.87301711063685,176.5635293153585,131.439773962157,99.06070926025988,91.68388972159998,107.28317269043556,122.11342925132257,122.80743274379006
592,89.8464766273301,62.23066411777218,102.69617987730564,104.6086230981464,37.95298735284356,45.716954206213,55.63056736886598,33.5379198976963,20.424939075647373,64.79349661372748,27.05851272693419,82.9576302327256,55.49915559968784,41.418291054978006,81.25785473487454,98.60380359794941,154.3857438205323,159.6301806598608,173.20355416231186,182.05026938321953,177.46328579018825,139.98872459731737,141.96757459580476,148.4581669932714
593,55.21166397902451,21.747613659254476,28.81489254495756,13.2591052024081,48.130813037228776,83.44557233664311,-2.7337268105129198,-7.646415450490494,-20.85750718866116,13.918770840121866,20.47113074884082,68.13452158147794,88.59099492381051,55.91807799165289,35.99389598427891,91.19830439353153,133.07569547757018,137.94209064389534,105.59829896974016,70.96055780809715,67.04341838563673,105.8578247906371,99.65778791078216,94.40184305499523
594,109.50243676176532,33.00382310890185,34.268932025357145,54.96503577183136,12.426239112756996,62.213839717282276,78.6828434273736,31.013405094884806,-10.287220487538988,-20.550413275764136,20.792096114836674,32.55122881761109,1.6975483354255232,42.91296619845491,75.44348569668058,129.93507653430916,102.64574226002955,105.92646066413853,86.21389564828588,74.2426035317939,65.17374640006494,107.19662744540878,124.60034764231023,144.40500043269896
595,55.129224113690555,37.13890274396897,46.66948587070603,97.28225848954355,46.9673057707289,59.52904591279526,65.47565791900811,44.41538655050768,-4.519835644468351,38.80479377209988,39.155989799548976,51.6636387896437,39.30275064979657,39.73889604977714,24.797439166981825,74.0737173342655,150.92032733546915,109.38762048850154,163.79766086579642,150.80899693467285,158.6125448532058,88.25967056080091,77.46691935308465,106.52951570196817
596,55.86754203567144,51.12749612138962,37.64739400586451,37.277792506863534,69.2561468781096,85.61385069578643,49.60173236508382,22.721205379872693,-27.719751761057395,-20.68241792842276,-1.9235733202793526,46.49909267620873,16.595529701795503,10.536397127307044,48.29000576198143,82.30261169120647,125.2445698767725,111.83275733258704,112.45449820448495,98.25756676977075,120.09641604156536,102.6534741870878,138.79403489953862,151.14470925143522
597,82.80029364076127,65.6483584690992,37.74516304200052,55.0672573485579,69.39175338359775,69.87979093379262,61.296824134512256,18.724540607029663,45.33611175419882,27.924478682218925,88.95491300182444,80.13333260459541,71.4013326649644,55.78896683742245,41.238795305684526,99.15967023701027,214.6815694958134,189.76302554071958,145.967765642187,124.08995357662134,115.40742544927129,63.84017319552471,105.77661373917233,121.64481615526635
598,120.03754721275429,120.24107394896633,87.15256701399292,89.90042553397372,71.45052736117134,104.4556995131577,70.66399195072097,38.254029338164564,24.549965813944013,18.56594936371237,29.102820397865013,34.06094320283958,32.67145217714332,33.78216912349353,51.303351132762295,99.74141235595884,122.57106473707586,133.04133181732786,163.42175524196114,152.32686503650987,157.82470129816997,86.2959772697809,106.99639607665819,172.06439595011716
599,190.13481741746307,136.3891165184902,112.4692860492716,92.54351179787304,104.21108129499169,155.92488433233868,116.32390741494663,128.56364107247606,72.31250397579956,53.43755826481542,113.16654018170122,75.6640904582237,56.15298782655263,28.96997722196344,42.32258036836304,137.92681557513123,114.27917106019247,148.89480362847956,162.462996547717,121.52495861471048,142.88478375322282,112.77212373534509,108.06790252020829,124.89289558914638
600,60.783814973317575,50.22025314136036,23.90262249872593,15.365349000791056,44.43568277607723,114.62113683429077,79.8278092505557,71.14690649818365,57.926522490638234,37.88402876981261,13.020222199287293,47.74991785444181,54.893163758611045,14.27272990648494,6.927576141908126,42.5354628481556,87.87379664568357,99.58473434884274,76.92487280952122,68.70030088836332,76.1651764412099,63.04712924218809,160.69626252410657,177.29539716899768
601,41.00861650231349,12.783925526943733,51.27769558914531,89.31559011250303,56.69622879524498,84.71769441390735,75.48450604197228,61.93286572322937,56.95807643535952,13.89397506925873,226.72343316997456,192.09656513060983,114.98690199071962,90.26518603514695,51.9759533449249,120.81912504457678,178.25059925319835,167.23728781209348,149.71854937744087,133.56199582594397,166.69902895901083,106.05859095679553,122.85487318542549,131.9522726959978
602,64.74233763329327,87.83018695721752,66.14427299437239,85.22237515916449,45.84090572651088,119.89470247010097,104.68629926636018,73.1532092328445,34.11592886159606,-6.409154901830156,-8.244646185113602,22.575987387136237,38.02595767170605,36.658420767945806,15.640189675355963,64.26141885086436,91.07137665578205,94.60169979690001,105.16515821279707,93.65506443612142,105.78712351980897,97.95470088271816,120.43272377833006,117.48131118123216
603,75.77958230716403,51.294558750381555,41.9347667528967,29.357797704124415,58.42121431995659,95.17792187419518,35.206650894326884,15.488840805384662,17.17739337152622,46.052888331853296,36.062759817077904,66.69643842945906,59.180094121166206,4.436201018451925,36.31494152950743,95.30351546994731,118.55873006421024,172.5860641133994,148.66682726222135,119.16896876735893,132.38447585675812,97.89097159087305,124.54129295455134,226.901941432969
604,150.3999858382525,127.77310910277757,120.80759434825097,171.93856569333764,99.60756342223718,170.83926545889543,139.06997514438592,59.34416451355149,62.958740921843315,72.6038020600725,74.55438816519111,52.9815982442188,32.97972064800774,-32.922204733682506,34.40401925121686,96.16349614353764,105.11804145323835,127.97152651326404,125.67691247732077,97.86862599829293,119.89214920101442,78.83991873142833,145.74412045975177,120.53622961309327
605,110.26767997059892,78.98101300158586,107.72504891849832,120.25674729901488,55.61963989921787,99.8238747991944,99.38256246123136,61.38635717960217,8.062772719072182,25.183579220962955,48.75102273846143,91.01607998424373,82.0037550643756,87.33433447854605,70.3297069202961,104.54870014292912,150.86353059681878,216.22789469590813,182.52124706511432,151.874146998899,130.34809663778054,110.82378968855814,141.54608873463062,103.87620613777499
606,106.04223504948658,100.73248583964138,104.78548391925494,92.86072712388918,76.40225822944316,133.62694830044998,92.52072772763682,54.5185909736623,36.69720450006547,16.095336217241048,24.468010677731268,43.81713334457019,29.420452378513488,48.36109936828353,60.163952493775966,129.84958095914004,154.86070670839638,128.54890370464005,146.8737697266938,121.3528761860652,152.25585534699252,158.53450443212466,143.2808281558061,151.17679687035945
607,41.18896981009648,49.08748381485245,-9.137243536133973,-5.0603635285278585,6.55025323777803,34.1114476639338,40.46489409620874,54.47958030868696,10.156518387215542,29.125402668999335,26.629234668888138,15.991215965481231,5.310070349897991,-39.78937010876221,-8.129390323816907,66.07174845259033,131.41992720527378,150.60369027500818,131.87841569427897,89.20643617401366,79.79616282399384,102.0044918562317,86.54022365092814,76.99669671595049
608,95.24887994761728,113.8644031182718,78.41762582487797,88.50982959314905,72.94334217950474,108.19587239558061,124.75740014708087,74.09559263838597,100.4839102735652,45.947399892451635,60.64653779847459,106.82389906417563,70.6882051698044,86.62334379789536,115.05338439264722,170.02707218502428,179.99696752765567,170.5769639041466,107.9095168716994,124.2876023124075,117.24836598407384,46.70141087707677,38.14601652396534,67.65321067832494
609,95.20125174201621,110.34614315873921,64.04899079258499,72.7855377374902,62.311037834019785,104.65191285080324,56.813815466236164,27.283843159751115,-17.157357436785915,-43.401835096628226,-28.875517349090472,19.713706823960553,20.846497900711135,12.940284473519917,18.201103048259103,99.5666857738596,134.21714385698434,145.8403777281283,158.18421188662225,129.80474661008708,121.99253145000668,92.56017398954988,100.07659755391961,204.05952819064527
610,121.120358525744,132.0530471568644,118.92436774628703,168.6390567659638,130.01589386252795,180.9994942256865,175.14469988482895,139.605513023362,96.11134903693697,9.524985653850202,45.28349098896331,-0.07051285437371746,10.421598721067905,38.01234223696936,38.824148528720286,79.97278253766879,122.31420061129592,119.08005687770687,137.43419455329914,151.81208657712847,182.4872866072496,109.46659879747533,106.71446048158052,71.5761272804722
611,32.38191952658813,98.95416170851091,76.05728536858116,87.51071732170591,38.44492645035821,68.59805439666559,35.79705348437818,45.821923784954414,56.826012828846565,67.99502005310569,50.637717194075464,15.352971665754165,52.18413404358391,30.53071377673798,108.7306187767343,153.5945634244274,135.15131836773725,190.76089057897167,151.68283409141205,159.01165120765882,139.39154405147693,122.37805926259384,113.7437959693342,147.4276934932978
612,86.00792482909354,96.18661902978195,67.066055427907,87.43349398390153,118.80378120620318,141.97656671390155,139.37768191916945,108.27529653816457,63.97951421769988,60.26976061571826,36.763831248719995,59.11828034479773,58.501651239222824,-3.4566432543592107,60.802877249154065,115.4600980872463,143.86872691808398,135.17256360081768,134.4956660039985,134.76724665197057,114.59192313162796,88.88686394022287,180.83996273171718,121.86728256074173
613,118.06269123838678,88.86683069062437,105.62593633313006,153.25386127995506,86.60622245409692,69.2995334971588,37.08899905021792,19.026183760295186,-12.60331159149775,0.2790669700773414,-7.452686446843252,-15.350958474526053,2.495159279217603,56.692561606654024,72.41290150448384,83.3128144673705,150.59981793995158,162.98597688149562,163.5748369706962,128.45756037910255,101.91284640106983,110.57063428009498,136.812125875761,185.08741341531925
614,43.64563884640256,5.290844991299963,20.063386912556464,68.1921028138551,41.14380300469143,49.19492524128976,69.80660074334125,78.52515704302017,64.46073996213909,52.81160861598944,23.49337176380326,19.226651412455475,35.40641578682696,8.820981072871984,23.429773862446215,64.59498504544405,129.47708810262918,135.15351289481688,108.07119358499673,124.7187906645496,143.94579308802213,146.41344135887567,118.32831108884692,107.90950355782778
615,131.6510257791063,105.90933549085952,89.5486385910643,93.46717346944746,57.42427958077094,57.91022487878733,69.52657365894339,70.45484168929738,24.174372152934907,46.16526356351278,63.845067972135546,85.93999084729612,63.89095414606979,46.03719861739901,26.726258820120428,103.27363750888168,138.2136949027102,128.51291678607984,256.2486668355222,168.6179503353482,181.3481030629747,107.38070251666778,104.80479472284065,110.05620212729774
616,65.46069608723907,60.68686360248086,46.232086273808264,93.33691325789965,104.25642490774621,91.92713644835784,112.62710208125905,85.28766672002897,32.97439177476013,35.76177277843035,31.661757038722293,53.654570502257876,64.58502451029565,45.476871637643356,173.0488797408074,183.13420262699273,165.78933105830885,129.69113747560988,62.926546855609246,79.3915798570939,90.46503854335002,59.67725639929402,82.16076858552407,102.55282983260345
617,36.52355056208063,-5.835341261525883,-3.3555261418242424,-6.855023126518404,26.83067564744632,75.84883508788069,70.2047312483028,53.6348999733534,18.160150817564073,11.347096316288788,20.40706401583015,42.532473213691084,34.20630426775781,25.79910582895598,76.7151292795063,117.17618656598759,126.75808329424771,142.25576483848718,139.760302422165,110.99267759097712,128.77879864495452,101.8457754146262,139.64179343884558,144.27804058166387
618,104.92876261026368,87.96287651650626,81.05312281589642,132.05891013621573,79.36403929471498,72.39885684406936,123.4466278412318,74.41490465175582,78.67106198198324,76.6745975203103,35.68704208872769,9.624962547387334,-8.602965971072791,36.42756784695477,64.35430725874284,138.02959851477888,171.9317978092375,122.16151565728848,130.00075089586494,153.7218180653603,109.87982602523917,108.90558491919705,132.1900267011662,128.45127416119087
619,33.412105647923745,55.624365768408595,1.2414655093877158,130.16013117224355,80.54859077481126,160.91703209749303,110.07992308061371,88.99416875165042,39.20737596501333,55.597699531463,60.69439109372914,61.85635706976775,38.9918032442221,50.10572499776002,93.98870732548974,119.40433905146637,142.98037689929703,100.96272047917213,127.24551766216284,118.21582252717442,92.62459204002735,82.3355531994025,69.38314861038074,108.68237187673458
620,39.693185588703656,32.77858834966258,20.54021089100071,30.133881973221435,10.172883515647328,40.43424118139627,21.09785162118503,-16.815426072841063,-46.75829205926564,-35.993238171611615,-14.108926723260119,38.745624317334304,40.35340084787769,70.49681409193887,81.2411511625998,157.09324931526976,169.52174403927808,170.14193190884131,152.02959305831237,135.0875421576191,139.75612927363048,126.07112717158154,105.94361351579468,95.09186469644334
621,45.69856700645962,47.293110422130944,32.052483095426695,57.159354374908965,36.00429407246567,35.62012672059256,44.27044720510186,25.218774242090824,30.059570570958943,45.92333583594968,65.31448943371404,74.25843613313253,9.807828901569756,-7.241574485485433,-6.496428643871376,88.02776998335284,99.04092996885545,161.00426191535192,150.77035707274484,143.76858885639012,127.15856243637194,108.95601895934458,117.90106092390168,163.0343121240295
622,96.87716084124665,134.01422262972306,80.20823904313978,106.93538522611901,80.43674845467075,108.49497601975284,96.98262001142898,59.180281113262225,40.60827204454668,62.03186492324185,99.30356076783791,77.86718957781173,75.08514563447511,20.256834514891995,101.70042926281823,143.89086953278482,120.80060008975772,142.80170197894688,158.72149735777347,161.03457945648208,70.01141431455578,70.15737289329053,89.03889505831424,106.54058252930022
623,36.429991198565716,11.184738736082522,2.642306893771014,49.288144335954804,35.973901622685936,94.07967321863549,31.885265593007425,-9.92436323916641,11.936029059215848,16.824977010948015,7.253836427187267,17.27129730332537,-6.054470869361403,37.72310743457395,38.821748271104,126.07588111008155,119.13473524156176,161.12654101404075,194.04686218314382,199.02054822387976,184.2720779048419,146.64741645938926,156.46408411805984,159.4873578336171
624,97.18624253867219,80.41937830745738,74.83179056283345,24.973931986451404,22.152873421189533,92.28215765032338,87.24249021060997,68.37593379425118,-3.555208753492682,14.688127371451898,-15.206773990440439,0.37600551959430817,-31.069169770538934,-11.538827414996288,24.707947953240673,87.60332069984884,118.03993753991458,172.30829184994124,110.41681632145838,83.46393599374234,88.37935066764578,87.79756737406464,107.89711688630713,109.41991465270175
625,39.26239011314571,32.88272430801287,13.257052291747264,52.83811580533092,12.228896942340548,57.48556052286205,53.503417294228214,42.40545354073562,-42.07579757237524,-54.84074252451946,-11.019794225398343,29.718310104998984,50.73753352014934,72.95487490372277,134.46341546904267,145.6393499289428,175.07060645840352,174.6896566554235,142.67236691703332,150.13699977397147,170.90805271814494,134.7527740867232,106.83181286816911,91.17198011197175
626,72.30650832575935,106.6300567879947,111.34179105767811,105.78248209409833,98.91693897745299,82.29876421638195,74.85198856622563,70.3433249726553,10.065538806479317,50.58742642265599,32.57289973211759,56.18747555584103,29.585972610294142,15.851232546763818,13.393764935656037,63.98693437732148,112.54238571853244,104.55136579977086,123.97849242659261,114.23768793462962,141.4590128652401,156.11140658148418,134.1545085424467,147.37510820420812
627,80.60878745150157,64.52797075838055,50.86887618552291,82.27791277781621,15.793347700963885,43.47835085801636,75.09826037490885,42.37029867467606,0.2041946479679808,-13.759076274049228,23.906913996889827,86.55236250410768,51.5389814712229,42.16724731249283,94.90826581837842,150.36654985923616,140.1140617358024,168.23355853078095,166.20567462308082,129.90456751142102,177.4269727924374,107.65675598950227,116.07693706297162,156.65233964209753
628,130.25432104854175,126.1259444418607,123.8833432413378,88.82177422481328,76.90882377065427,126.98247324274215,115.4468374617822,78.03815747475824,34.80539156076801,55.341512787887275,35.88342660020638,40.32399067569764,21.19526640425902,65.62886389481208,39.172882137887235,106.45558037009862,117.81841589478292,68.14627368124043,95.687018892358,71.91846209458372,107.69235241973146,108.22127722206464,99.5435169721683,88.28263843810642
629,63.89502295012067,20.95823538482427,-1.538330702486725,22.44524684820626,11.24425936028834,93.64614007409816,52.574232394837274,-17.63136642093346,-8.199340130181895,-9.378923059454245,-20.883821684531163,18.622206824087023,79.00719090183497,85.73840217305606,105.807857624859,147.888801326987,232.43991560011568,201.70829471017015,187.8873471912479,163.7745657896178,144.0729253567061,178.35171481716964,207.86348579501544,198.89889014003677
630,119.52868398903783,156.4373463502507,88.96075159535405,126.29641467302054,75.64872308341745,114.38282615761446,72.45169879735843,13.993714595038597,25.083490309910353,63.95768257109146,27.755254519621825,30.31022681063446,46.163306616169365,27.169640423081315,1.4296073128203446,68.75446628877337,114.28624704597173,158.22650249934617,141.16635314001482,105.1013728940357,147.87356126661814,133.08608740079097,127.19857034566824,91.14216461122814
631,87.70800667769879,53.86679183044569,-14.634756655773955,74.10081932439795,62.227598472772115,126.00541694795578,76.75649967223225,72.73793078395451,35.15332962558668,35.367600595176214,13.23917254370361,76.65509470820189,49.77794456952591,40.44507793142313,89.49527629213665,139.77078476739595,182.05109158593916,144.0923082925297,143.2721647572077,137.64696629361126,116.38853922560484,101.76984926961626,102.83140566619889,105.35525939874326
632,108.38831346824792,97.84649983822639,23.29564573138994,19.600504971578445,19.90895185024823,79.21826371444735,66.90486011246873,3.9370310611499164,7.214671354574225,45.23217509949122,80.60879303092864,56.01828383992655,62.98480805787338,66.0793662679978,57.276155567568914,107.3691528927321,140.4391295307404,165.98373691130237,87.2510534181098,87.61914951017593,139.8990857475463,131.9390254152476,124.04220463023103,117.57294890306429
633,91.29680281626048,79.88116803275095,64.75369889185998,64.2782547236758,74.50325751210578,114.44911031198293,84.36333576713768,91.00416004108682,45.60690585305777,39.12652777290718,29.921331425321526,64.37757721029092,51.10003413174935,55.541110441301896,41.9483778425668,68.29054400920134,120.07502353073133,141.2445668595268,119.08107803376689,113.68483628354782,142.988622857814,143.21265174902473,146.2518152084446,140.60497415521516
634,144.79797838230627,76.26132444285456,45.88470955894539,50.89992708073706,26.897927323205494,94.4555352147345,38.72435808413156,25.49476835135456,1.3276796920412153,-8.748304870024107,-7.334505094263008,-8.16444077801777,19.78724133289922,-16.150384387441566,52.482713520378965,104.19700419215722,96.42761774126683,146.7227925457031,120.14545610532187,104.53794853151888,66.84974796039016,69.71652125322201,69.49606136147769,126.60297406152412
635,49.552911633254524,35.05525573358869,5.920004362735298,68.27793192826232,76.35287958804219,110.49512093055182,57.56895293158961,28.34234380914562,54.09108525759616,20.99639897890572,44.38262570363534,43.31285396445998,59.75999710072057,83.2565096104131,59.131852358684476,100.1976553276166,138.253386398971,145.96822496307956,136.1933096884119,153.53829042146248,211.00500884303744,133.66806002460714,136.92378069914798,173.513550590818
636,120.98139814219321,131.17057537687128,47.96827978488135,35.562141608182145,52.66502069619868,81.6808874033996,19.525069699403282,18.562847195239684,26.732961545102704,23.825989487448354,88.34985323233528,98.79116294552158,55.900540234522985,66.93483216836908,112.25163939305583,150.18202636369833,107.0853257002227,140.72624791079343,135.1367093477214,135.21211795887046,167.03964024829506,144.15159926176892,141.46974947969642,125.41419318770227
637,72.12707828570848,97.82147617194252,35.48981053174257,19.88169884743519,58.26665786497014,85.3024980584904,62.59848526234083,63.47509191901713,15.69298177368901,13.848832175440307,20.41925380244569,61.04812416344756,63.76500338292256,35.97847025051014,93.37967867560869,153.65255986601238,164.13142317827308,163.60022497722323,122.11856444502286,145.6271059430468,146.0937661084542,165.47230853718463,141.70407785535,120.45390805005552
638,45.136170788229656,93.11157090245736,58.00740455353018,50.222084296056494,14.879831992913466,69.21311760586538,103.25571015519594,80.66877316787932,53.52900605110865,65.181432143781,61.02792793001719,60.63577465749337,29.736719193136594,-0.22321487340009227,24.03737119192455,121.29474100163111,74.76048274187481,85.49118672933562,78.9152364753482,61.63201666986612,39.31563465189906,76.13420423409363,54.241674919130276,63.642258647652454
639,93.04473028711585,47.51134994445316,70.74098376048046,90.76839293861806,100.2294946433839,109.06211332030772,47.50572239178608,33.065061231841824,27.649580482788565,11.282677828640711,1.8554417417503544,48.35368274934457,69.48807807831967,31.297461819598293,58.33587436256082,111.14501951168565,155.2915487089212,180.76426138388425,145.89187230070004,93.44986444384264,108.91245031733516,78.08024258891294,115.65365007596023,147.7615076756491
640,49.188202546765055,71.3477742412445,60.51295085424395,37.563428483274706,11.597666407990602,80.22968940465,90.24271202306757,35.73414866635499,6.200300513311298,7.9873807456026995,19.26380132150682,38.77421016747989,41.03202502613484,36.325536174286746,54.02893162369244,105.79701346737214,130.24638621890458,123.88063703681857,131.20831784888193,162.4180758516316,185.15860323111465,157.38637759331976,161.0390943741207,151.0924827819454
641,57.28762114718783,46.57381438032618,62.22733317593256,75.02485752822619,58.14890469961978,134.67594624299144,148.94850441971965,126.99939913807847,70.33979449154137,49.706336495345255,19.317525069378775,182.53584637593204,137.38811538030188,111.67532796642921,82.56735385144589,170.30506457368307,172.5939423501341,121.11221754801304,95.88726403071328,89.94800441934508,73.16209584457951,65.37902839630458,57.938347308266344,66.53534339920122
642,145.41612105073867,109.74038884374626,79.55891753448532,70.62615926102038,128.62890663977691,139.52864740923127,97.16682412002345,47.48507932995868,34.07886889791235,63.35927618020842,55.81952046481781,79.69932804858601,48.05041171282826,42.650382900016254,94.27580055904183,130.63586290570592,146.3140713246236,169.38840285441995,223.37760815237186,154.21605739710338,161.10092254294815,165.59986150985264,160.22204973298375,130.8442111773859
643,32.59111327569621,81.82422709723772,84.11098591762885,105.54256198707472,46.64856101208484,121.28641645543864,71.240918050682,70.59107648515631,17.53643465489286,27.256873665052204,27.40845146391997,-0.4617562814305032,-46.44813825916654,-41.01881593898534,-0.4383344835739891,77.43265979312227,135.93997121204902,120.66709013515778,91.17821964058945,81.16987340683218,112.03453955291558,100.3042942268736,99.86907608715501,131.06959236136163
644,62.254492256488774,17.509871106517288,22.910683922064415,78.52475551223107,13.557805793048203,17.632456169906433,15.092019248991477,12.927512969161036,13.973311734533091,28.800007455096328,30.590393786925652,57.40484281309435,73.56620392081754,58.12241682033227,66.14203835606031,119.51676075290644,184.9493576004278,206.21576009254778,183.82047417639308,124.42776565185918,91.71631804773284,42.40717437295089,20.636627051885597,58.52818145765879
645,76.88578405817957,65.45763092200042,42.57921449654535,57.637479375967224,49.83735196446089,56.67500000197639,45.89540391279852,36.61665022430152,-8.380995780880248,8.832525179831013,28.61979114005691,43.32051145320054,13.492491751507352,14.044027039961506,33.91826650338989,62.761409363179745,102.8257925173961,96.82756427632246,119.01794798002545,130.85102259455073,182.17571198819078,110.53092447230839,102.40740537791248,81.73590184744619
646,52.75417166827028,92.99061779002483,38.81307032127057,31.98299522598964,75.7773672777353,76.41405719528501,55.81342147137211,-23.159805040157124,-13.420586364066047,12.010902126894907,9.091492018012296,-15.327511762774208,-35.23120574806127,-54.041524657311015,-45.903529171048284,-9.037733080410078,36.019446226069434,117.21278577158296,95.24063170857302,88.86158900087523,110.0295653370124,84.45820101289505,126.94793199912225,159.94116248163004
647,69.89519689836294,39.8381579354938,63.580766258671055,114.93448607984013,95.17132702520394,97.87842292471507,106.90216859066396,52.32341739392727,29.990880250334676,74.83781905514746,91.48565564073493,134.09230750353123,106.13151686153842,65.72096220604426,80.70078635016348,159.02524538783013,158.07945463518712,192.3046176520603,151.50110727802314,138.8405222057221,169.27699550624783,137.15504454825094,168.8070080049711,156.9124364527209
648,52.401555791634706,28.087255593678066,15.691420513229218,51.24523560307457,71.13064150086507,80.40721176790072,67.08061985574088,52.32867438921866,-28.464155823641264,-0.6287929913409585,-12.233316224127918,2.7351089934180806,14.826582750302261,8.094585376296177,13.284523217208651,34.4755765325926,141.2953108669459,127.78645536439201,151.69530627039765,132.2626080647268,162.84759106899617,134.12201131156542,123.52978035214046,141.024300412165
649,66.56893737528249,100.2725734680302,49.28042917290291,95.73596299503511,60.583785461938405,108.73340192378079,102.34538875522642,61.08650954924254,46.13013939886127,81.97998732646607,63.608321608508135,47.83259919118534,12.64990860035395,7.13556567639969,51.66101934697224,103.92248999246863,143.3525413515189,156.50344544943283,183.3773698253803,151.9946628790483,168.20039411821367,147.72087483204135,125.85794184732275,123.50791914306211
650,101.78665620388873,105.22210854136719,75.0751687533288,84.08197492515174,86.31942076274909,164.18720599781125,154.42978478545797,88.9219517682026,59.639241014696374,23.986854615108236,71.47575686133365,70.27411593612825,56.2202348301658,-50.10960285446549,-25.286465754340718,66.06920718817581,146.34732477669124,144.22112177326636,145.62110775690695,110.17536138246776,156.37894891777086,122.17379521421346,149.8947073190619,153.62264688210405
651,79.8344993369624,83.16751999396335,244.77162010986498,235.61706756309852,194.57428213240536,229.2651908582827,170.15408589738024,162.14942326848677,129.5606129670626,108.72327815129674,80.14486662961275,104.25297384571931,99.79161533343337,54.09694295753778,32.52597447624268,76.0784385018168,73.94276616385775,69.06657741003667,41.40207910965472,8.26947703690412,86.85491657707794,129.20671159810595,139.16409714652715,136.58404448183825
652,89.27054084047387,91.08128327027174,64.61176148186834,71.12353628727118,91.23050257738896,110.32045226619317,101.45441930272102,98.2189391881339,57.31424148004136,54.30285256896201,79.8266660376494,116.87536709999358,26.253887463603427,3.484526014996405,36.69883487877505,102.13620519037983,114.90234995216574,183.95151799936588,145.79956806019766,126.88258509080086,179.02342499379773,151.35137374817467,154.83730966239335,141.1930440787736
653,34.136230369909896,15.20996859449432,-7.220531185958869,10.502345187550958,-5.303447764327473,22.580243351778662,14.92220596256145,18.86394745178847,23.466115021475304,18.872443020526667,13.8284254432768,-22.86656205428499,-22.807823205186587,-8.380653761191287,14.520972092997013,74.12259575498028,121.48910314142248,161.05520547037503,155.1721675938736,138.45846229824662,147.2530121473023,123.5733049262958,153.54671180065017,141.72145053303916
654,31.58945790552133,7.23676785777397,-20.80719011579469,56.175284045820085,35.06837846825172,40.19638012438321,35.20957227299012,44.13193018549212,18.63338442977996,31.583713134014115,19.129516202324936,66.48932244039318,35.030710279865886,-7.129913345960357,83.00299072116148,145.64208280244839,151.8777106025384,152.73570333630389,182.88891596713387,145.38438594242362,140.9050307598053,107.38900645537416,90.81942821863615,96.83722380154357
655,113.45418088524796,101.00214396574246,53.412085005999465,93.88887856369512,62.23649630089533,56.99037128748005,33.99195153385166,-2.4620816083645565,1.9990386377766427,23.047241121819535,45.69855835248369,74.87939534817565,51.30578613987347,11.527171312003833,34.95369304924964,102.15567071708709,172.18580143634514,170.21422665724188,193.22246225485006,149.27956649282683,165.35899866408477,140.12216249914025,140.9761675847505,183.32210786628346
656,41.384550982607955,67.28896708670862,60.429598126985766,55.44399536661784,46.40694858570356,128.8428187283958,79.54376731196821,14.738925121111308,13.995908862742464,-2.3820163516877066,33.08170752655353,41.14520176824271,37.283346040891615,42.08381684321569,72.9365934201251,142.78708197032148,191.85626619491245,165.44311743661822,187.160390283195,113.52441841498033,167.1394576115751,99.04347000895129,115.38888645799665,93.93210660184023
657,29.631874322396413,23.70953398712409,1.7215660844683143,45.022080061054815,-2.892906227994743,47.15875104363535,40.34666203914375,-5.430831463440214,-47.78215877259426,-62.45586497073804,-50.26108736615602,-33.136618733273004,27.171383802453647,-3.611996129582554,30.589183233812648,54.07981320294197,123.12774914983876,131.0021332040942,96.57787366000912,61.05677004644973,43.908631973116044,38.50374993356968,85.97314865825466,106.47027263585002
658,72.15579676589607,55.047278635370034,183.43404984391287,188.073970434048,113.28387444918233,119.99259545227522,88.76758919689269,40.2785998573529,41.177101306080004,81.94943044006067,94.58473917035492,97.81055338925245,83.49951589087377,65.09755540548072,79.2291397174343,103.23339799398794,147.51021408876267,164.83708356503382,176.4620989852285,144.69767781036705,128.80249831670363,76.20278093028833,62.639930803195426,98.34741657142462
659,119.13170789770108,87.78591032845716,77.63402202296042,58.64391913228398,89.58665652120337,170.73967495732597,157.4908199341172,94.61901276779594,54.878241908027874,77.15708093788399,91.21183555280288,71.66147352882393,81.01096630405624,52.79866817288439,49.927017701212556,101.00553153096348,130.56291381324587,175.48804765081363,164.92790518747142,148.6936773925447,168.4506289538565,114.9563940957641,93.36290198332321,121.87422166852032
660,105.78782337480618,103.1098241999983,13.91709303155401,90.74487032433828,62.83130388179069,47.40606402363235,13.766284811978352,13.404749191224589,-37.52766146079248,23.560659194509782,19.240563588250488,27.095783008182014,12.814526391799006,33.517719462674194,78.61296193472747,131.79313320205978,198.18579311087046,187.07987034078943,180.98131416404232,137.41897653606742,114.05042370417604,92.88415081437891,141.32277509566114,154.4864369300821
661,96.49229467907796,41.09144806718861,33.48508874356064,26.954745009107697,68.08097122725725,58.52039591998946,37.3952656849185,22.42417904721362,0.5319470892394094,48.20096917810433,40.854337536214956,54.92405386866878,9.223465780327146,-20.62562340868806,13.953919122813367,24.465201692113467,69.79954434452925,129.6680707025431,163.05694755760865,130.43668555227686,108.84541050856618,40.6273449582081,47.47825916676737,126.08501859945756
662,99.37431368632511,51.169066905807185,48.22799098133913,134.0029830614152,83.90686258856083,122.20601417838584,68.91101892809739,62.43588296472933,48.300080283493244,42.80948452143814,72.9518155652666,61.48864879834857,84.49116005835339,58.18999162812899,71.56941836402882,107.71137560014226,159.86447877725215,164.102509668129,164.87169711636383,173.9234780410075,147.09815052597907,126.89135733057144,101.00372745067504,115.58854451717589
663,80.51347620404813,78.3019617869154,36.82439148325899,84.89453499857514,90.26314702381133,128.6302613357733,94.54265512556792,89.13207110858005,65.47086345754704,72.5039402722901,41.80075143018709,74.49189889364004,64.50655913640347,33.61587781374612,49.204329551623836,99.73259351790817,140.9842894180108,153.73327341037157,114.43027143636797,65.74438770792173,69.86867655198398,48.58380971271799,88.34476881384225,157.99648037317766
664,114.95063040758397,91.83621496028873,24.74104120317346,21.255226016398957,21.936216069617174,42.59357994791172,24.80576243654076,-23.78751707221636,-24.741152546035785,26.576429849481045,77.07537633806774,91.97286263885314,81.71844753010035,62.97403335564064,90.54427366400989,163.9746364545498,184.9920410449141,221.04486358912254,178.96643065930934,177.10889932813444,181.45010570825582,193.39240472933142,157.0728595731561,148.60281933945285
665,93.37741982180216,64.61341879810598,18.54455419296966,84.58333430548299,14.013718209422727,49.8147895515187,43.2652856495278,1.1241249620843092,-7.3043843757745925,-47.9919984039985,-16.179653410868895,41.64999117796015,26.95390193709651,-2.89671339669065,15.932316860668948,72.87096393048246,151.8977058490177,162.42449799875186,148.75649730115515,133.6746894840005,112.03397158407651,87.65477233094211,77.51924586455995,121.59160935178932
666,27.817789313158613,61.301867176257645,65.89830973731986,68.95625378892304,48.3045748315658,50.37790366031107,30.167054690801713,11.40648269259303,-56.24118485630929,-32.220586046592175,-19.44474295648469,-39.6391093765586,-6.16184501380318,-12.057469704165012,35.38738946027024,125.33823724382762,170.43854037560715,199.9796119259969,213.6689021852203,174.06123440942466,161.18147405294326,157.7482287088594,137.36767458411398,141.87524740069546
667,96.07743717938692,75.862867344126,50.0856072199677,23.97981662969645,51.50480318611791,79.12450084742551,58.38383034601651,64.03368111883987,28.531211949939415,32.04774124259434,35.80902268696419,75.20311780726055,85.82524454586637,68.01161629666863,70.61808758214063,118.30139448744247,147.7883112509277,113.5722542035283,149.59673056518966,130.0744463732065,134.8288513847557,171.15305651967302,160.31472429483864,76.32780348312988
668,148.83372743596902,69.61597834743009,52.250867879652624,110.54981790461343,49.30415896088993,44.74783578386586,57.510612800485475,38.92475810875693,18.07133222240372,25.935108940684334,52.91345363505755,66.28949452641592,73.32808251236668,69.06128250389378,65.1496506641326,84.72534326278728,157.85860308225236,166.7476476806962,207.09659205115736,176.31699556943016,144.91065130516824,133.22718331563067,121.77785067891739,106.79596600747954
669,105.9598818335013,106.64563427229974,90.07066420010784,82.28388921477473,77.33325598043587,90.51719124200514,50.917754467104714,58.30615196914317,31.509330079305688,46.95069413140932,53.839338299767334,81.34838041842876,52.57959533150556,42.50257579793505,66.62738355593999,122.12815206671712,190.95070796438225,191.09979650091202,174.35334207675515,152.1136636004185,132.92648532663452,138.61289324895665,105.14581745628439,129.47640235400146
670,65.65017779483107,68.08115281006118,42.57253159774,78.8759423813035,103.92688922563187,98.04314880612365,90.46376105935856,80.67147413627231,39.02924651492181,33.42513092279582,53.60895061589226,70.64908685741437,67.56075859895452,47.65313121577371,48.437367062444395,76.63521694327046,122.15736249727813,149.03734269737436,128.406877282602,101.52199530685499,118.62210714614032,141.22435807402948,102.50683841973938,131.4778908564731
671,123.15485090883924,158.3899109403143,125.1301247933047,136.6460987148705,164.12606246259872,153.14308783430772,100.07997996648088,58.528774941243746,15.346645592764945,-13.230097706263955,-10.48545199101774,29.564876050611694,33.701602360387085,-6.909971661157936,-16.671270771955385,64.3199592939574,150.300872308201,150.9886066902145,141.2177399811088,142.42187551449317,169.47257490758358,190.64765371755038,153.0375480959154,127.98514098677657
672,147.66018871906877,72.75935189249779,51.42184760063349,46.26243635774259,68.47258415666724,98.98171249624943,108.16122678909306,44.93665661446393,20.458928792519988,30.569467539567945,48.89138709573952,23.179014538349332,57.97687651107839,35.52381864524391,64.36498846770144,125.67212645037088,182.4582505004587,209.35193733355842,192.28313243194378,156.10294809486135,155.9276582608311,107.52643696181156,66.65753011700981,110.81136596913272
673,69.62003384709975,66.33909288402697,37.66235909341811,44.7435540391286,97.69974317976346,113.79125918051021,75.9007337447462,41.719142518736305,5.08972588088124,17.154698713319547,21.85963676663974,60.240707407710104,61.90400514469029,1.960149617557942,9.518030784908326,69.69691391683932,99.8050887906089,107.95182872042326,73.24848264120732,72.62695843495769,95.65317165450708,125.73945441357847,156.41580291788645,128.70831629578282
674,22.9691124553341,50.42560461563541,35.52217309045629,61.60121462433468,51.13313062221222,152.21672334146103,102.5224315121889,42.720351978224755,34.04913819698046,33.25674779825557,-19.183342680774373,7.338504544271743,32.46936948131588,19.315144902235577,22.065067437347704,83.66073946869247,103.14039612808335,85.45844592261028,92.29677068158055,89.76393553622957,85.819525995602,46.05061917978058,111.42031342565583,96.50603583862713
675,37.107576646135854,67.65619547982172,64.1152575694333,28.294768647645057,21.513232970076274,81.44543253311774,84.71867637832824,47.92039278354377,6.009730179298586,8.108557944575743,12.88264680363362,48.79602037460678,21.881488398939958,-4.594839872736511,31.209683882499277,76.14256799283305,90.90826106446087,137.12473579486056,109.12192951594366,68.11985698003117,95.67929199276165,99.84041129107277,141.94795636873056,162.1510595420474
676,69.88846473253126,93.86128520381632,63.005352670665644,112.10573568925587,90.60037265757367,82.46546530555234,39.844570191964436,49.082254760183474,19.070450116555968,25.928520300797196,33.168845993365096,24.662800989088865,24.396101491636585,2.6948905477653504,9.584757436051497,78.75344635885797,77.48187828003714,94.94480524056127,99.480608045027,90.74015471995598,96.62008394126272,133.7273886719155,163.35393661627748,133.28924570824623
677,76.53160627321847,52.96761859930305,36.26183373155567,94.38503647634718,81.82229458330595,115.73048203034362,88.56163442220507,94.93734642770175,91.03508959622832,131.32049705272817,128.3889652162963,132.0178144616777,58.501490517021224,42.764427485493336,59.86761392346509,147.08237342531987,183.57803460081308,282.41539096489385,259.32788530413393,174.75266432889683,175.17816563257367,136.31688156912497,121.1993482314822,180.06191347375625
678,48.80150066442947,48.438196413524906,32.88384569194324,106.86939705373909,97.47485030829426,95.69868956456047,97.10068959570741,84.20522060066308,21.62101570356608,16.073954881574906,48.53037170271588,85.4260351345394,7.381230036014514,56.2912711336767,82.59615440868798,137.52969818269906,205.2895931452472,205.35056063687932,186.58995668236318,161.63563009073727,142.0676026961107,141.9866138529483,154.8620437269267,161.50082078742082
679,39.91645967894521,56.54671826152399,-4.650287101783874,20.676436193241138,-3.6890491033401602,46.07726599540481,22.34865769633609,-4.731046576904959,18.38916358231065,31.373226269255703,39.1214841494485,48.133382361517256,101.63956472949062,64.44359689153286,43.55876016242085,50.31661823243134,82.43938168930903,143.49432726837836,108.93582603758468,76.42354645303942,68.78346821991255,90.83444244893175,138.4388778552743,107.65121418794499
680,51.95295717473989,52.100983992869445,21.400044753673185,79.62464444986136,72.93672512914338,89.72933845191363,149.8430680174291,52.167396104153084,57.80942490713909,24.18642570032466,74.72538411225932,47.78311187027516,51.96418141573933,72.21614244139141,55.84137990360077,104.80042171353956,138.90634205363452,168.57912729878313,157.53353918286203,94.61026494888462,122.61128495278706,121.90811516603719,163.6521973243407,129.7893946825461
681,90.84193440911011,99.69211844565646,63.44644557316427,112.47445858591831,64.05293818876251,88.14126936697609,5.080730452565945,-23.641457570155325,-42.06550100289901,-73.65404364712327,-28.188722767864448,15.422479626414507,-14.434856122838028,-24.60088392543081,14.956259091904947,73.56037672957328,130.45516819882238,138.00898440979756,114.60013781893022,134.8222852847786,123.76027280408229,138.48327422165949,133.8410362895256,91.58570742650575
682,72.33608911315936,74.28952763787467,75.35039465474743,113.3180358897562,72.24891672986297,87.53116565608602,26.775065526064154,64.68645578575138,-1.5532244553014891,1.482218476551651,28.780297226242855,28.75596480325969,36.75264528289444,61.7188683550321,89.94570235701642,107.84596752708451,128.75284271569208,150.06661770670257,139.7575498751119,129.71500351289527,150.17614870972275,193.36322067665458,151.3456671281913,148.47785092243723
683,92.71368139046926,39.32607255852692,4.382214828430399,63.81754616067893,73.36010096203724,84.9725857629858,86.01379100730765,56.381829697095164,31.374472775663644,15.074829878636283,30.440613669402353,51.08000620686367,50.594605462597954,40.10967238354679,56.10681513869813,109.1522952971155,108.85976751552741,165.22715038072275,166.2174817488737,143.73718376398165,128.4413109401529,148.12115031457049,119.34280155603696,139.37088468746657
684,114.68306262911207,117.48997118464561,73.42240182023502,86.46525439974447,61.71118600695963,98.19421752100071,85.2947346455478,41.38062362302586,40.706514915200415,28.039589345872713,57.90051415753322,89.84886054794771,94.12084340812433,52.01457150030739,48.754960393923795,114.61255611610108,145.75718584861514,122.25767925097827,169.3384687278341,130.97945672375374,113.55673905399308,91.98696629088212,76.44067948496574,111.83934816241131
685,11.98792935572044,24.046658626094747,-25.11132247368291,53.20617696906616,33.960743027519115,102.7358772779144,110.67089335088902,73.67550384474116,14.84442172143569,54.409491234557336,70.9944498764132,96.2138749610122,95.908041194993,75.8292420658419,77.2641440552345,99.05644695054406,145.64193036637982,120.38845788178497,158.43354055158312,141.7824000799496,171.6495764045208,144.7943716238142,153.1158378875576,124.51003871565072
686,81.31644056028139,67.16461671973717,62.655491526412305,93.70212268315522,83.4589359930254,110.01506470593601,89.65117358771141,73.30725918911205,14.760894694167146,-26.633925772078847,17.76563250644362,46.628501271542305,38.76888523812536,27.854583888753204,41.259862098949625,82.68691847138363,138.60589465108944,127.52505064043194,122.00915390607838,120.08314625585817,115.3675156089497,97.93920268319022,112.73138083748908,87.5109134051115
687,71.25974439785895,73.66015431367904,35.234633034020604,29.039452353244393,27.15047127997352,84.8407196196348,91.54166079136374,81.19223803466106,41.421889500069106,48.27555514531146,34.33062429702868,18.72589322907748,15.289953234067557,-4.433139201978413,76.49918873276776,114.79418509583823,149.83216919820697,160.3382242033956,172.05781494379482,151.27297818075846,208.64073328405448,146.02324876848138,139.06583040152893,162.74227388463055
688,33.898662693896526,63.9840879380332,30.742251799839764,44.87961368774506,51.385277837678814,85.47562806211411,81.77185511623378,74.12625667345927,32.74780764242754,29.206489327435612,42.46801773185133,97.72807149647947,88.96221105021364,76.56672839975566,85.2350108701646,152.47719958485737,131.5521284326554,143.84480732469825,159.10377589901952,161.98310986511177,171.63016318473927,113.69852728004622,105.42587894682521,110.14125676381778
689,66.49541267096618,60.31929783143918,18.34301202928116,30.79717367118338,83.03710903416864,97.94318020130959,38.486313792475336,24.78936474886868,10.172623897660424,-22.042350796815363,23.2814521229005,63.17021494010722,12.542226192252038,19.526994410289035,81.11302296356808,93.73332945885434,162.274334019958,152.18654170591236,149.2792002051619,133.9665869264734,162.00548419647222,103.63800711869108,136.0753897700182,107.16898442324748
690,50.720293314369265,75.85727232034367,41.5958475088472,47.87856082333855,16.820992743449295,76.28363390515477,46.67637827320244,91.89562549867844,39.942223215487815,-15.970982098607259,19.11267100349958,0.6322723073058683,-17.64728544517594,-37.78721351448745,54.217929638671194,82.12959112312534,113.13781125152805,126.59999745903353,173.75040788754757,134.21952557191526,161.32487220636466,148.83917155820666,135.58412386928896,174.10854856091962
691,63.36150720169743,76.82721735164839,36.348486498148745,110.56203743777745,70.68938131413034,111.19720564816481,70.69621416204463,28.62717795911358,-32.314126752532985,14.95469196449218,5.678556613680271,22.692496684543013,20.411663443930358,21.552597581025378,87.14458517548564,132.51263242620152,184.99676042711565,132.59445158599365,189.44579064997166,164.58890321813695,155.81550191137387,167.2048102891192,121.26939518461705,138.28599525844763
692,35.27063733113303,36.74392958302903,68.8817097755938,89.4617693316219,53.12098529896261,66.28618131212133,85.10549714332771,31.257988480593614,24.70191731777804,36.757721940093234,75.8392418342062,57.100486813107935,63.42357909500991,30.2631668717543,50.66766822136534,58.79961799520482,33.894096448543976,86.32218428973405,105.79531139122227,130.301724393843,158.7810708829333,74.11967094758029,116.64188178633333,129.57706075289752
693,135.91373524488893,133.22782439182822,85.85426881805739,108.93126055592364,100.48280614278177,140.51089549395618,170.5965845004942,168.11758724597388,118.39126247954287,77.81183631884727,89.24987244336438,93.78834667979291,68.85533018477115,42.46625156882943,98.3717262956923,156.21082446630137,168.12696127452168,174.31700048023296,179.9111163891407,150.31834352042733,94.98683615897565,129.45377536832603,133.55492914864743,122.74954271588022
694,65.62056101374388,69.96135828958235,35.72451724145138,29.29966024308861,34.3548372946753,77.3703766123887,74.08770174320337,84.13975325987627,5.182833918821743,-25.78609023682114,-8.841424973146133,15.030640827506772,13.494474298373042,8.161289857972736,47.41613955464523,130.14437164462194,180.0526484707861,143.34699841690764,104.72076460674838,107.19822263052603,82.07252465379146,112.71196779672087,126.88874841174967,161.11487107941966
695,63.61290296724721,57.523887847604776,51.97325418117887,63.37051299249151,52.50588511401948,123.9013756407935,121.0582957091813,46.67493629090352,32.63826992936605,32.66039142838549,33.72071768787091,-1.0883545481081853,6.92339470630392,5.262652907103039,35.04687826815677,93.85793617682175,113.9319757225174,155.5404358785496,360.47759524182123,262.59181173536246,222.7118081447663,150.36650886836907,146.3956125926669,133.23666955739762
696,-19.271433299832097,38.73794062232801,51.80235029925423,70.6862287587847,48.53780358567263,41.733036059100094,22.230154119253015,-25.918830634587877,7.798912973689177,27.038214192375314,3.2201804254432744,18.017537729982603,38.804416159650614,-3.6332025671170527,15.2424778784073,110.75606693077191,109.45176260080103,162.19478336701712,126.77603791001363,97.43666618541853,118.01127187806597,118.59982650483573,148.82285752505297,151.66843977327542
697,28.108647738898625,96.59565049315488,71.72043162259854,71.89204858646161,39.76705703917752,51.18676931594307,50.86929455359859,17.937166177945706,31.18411860364014,29.75266592190286,-4.028601190111615,28.013458292156898,68.01306724951664,64.59293397633176,65.56826007599783,106.25732456997369,161.79583045220323,132.22197061761585,82.87559411377815,80.46680851515018,109.14506134662861,58.68404981396787,42.28373976044057,93.84151223726238
698,80.40846713920423,95.45981364780492,57.524435245911135,62.401326853992664,81.019886910914,141.10118702086794,101.90746113178137,69.90612339637852,53.4347146903743,21.98547822497844,36.209221331448155,90.62142120623935,86.29498309438739,80.27916978832494,39.68673537274906,121.56372845087019,143.61563946421577,165.8123854499657,126.80544699980653,96.59061920436618,106.81619116038465,107.92818378113617,137.67891956411248,114.6927831982571
699,111.36236883453573,110.6779512094642,94.0866864419196,111.03119331898418,93.02466402404454,94.37388482346887,85.80932241082687,57.611598805196266,68.22261506899368,57.47837278341139,50.73360368207527,101.23837970707616,104.79387149334632,96.0585884832469,46.696973825879404,84.3477670753834,162.40471932207384,167.89982997781073,150.1861685917586,148.71155851415898,168.2394818161077,171.68239272674884,193.046206646161,153.2099401265106
700,100.96559468709077,136.67198813546145,95.28209960292446,99.27782483205104,118.08943179119382,136.3043701348647,189.79690550591644,148.88462976931748,79.82981368810566,58.2118761916918,67.59392578458542,49.86962682515225,39.04834834932806,-6.8186473715114495,54.59006778897491,121.77583390914887,157.29300710098858,134.06529092701808,177.97558025902805,191.44570386919793,181.00879436479178,165.69588681386116,132.0632728916151,112.89349597803798
701,69.21744222408243,91.5616249258957,29.82268104998929,53.47985127883346,63.84685585085674,63.09846536065584,14.500032165313506,-9.855602739383897,-21.940461039969883,-17.003468309804326,-8.863286684386082,27.628950926525405,0.9580521311234378,17.503661832730963,57.43097722818894,60.06188363964371,132.78518899729417,136.46342567977308,128.94193537288345,111.13164215669488,131.82514488113358,103.66166216887322,181.71957916562798,172.9287474926337
702,57.823045302833506,55.91229966910491,52.72655933250792,103.86880439112424,84.16270200587235,64.27162770396478,69.33955806295623,82.65951023686642,63.82676411637403,135.5493250490146,92.98164705046229,82.19350830372628,51.938365369540804,67.93207401093483,61.27851752071724,67.13444127790271,116.80762818019237,144.95512374951056,171.67279286810697,129.17441501225028,130.16258506485883,129.22697702691784,91.86820579809611,102.21937099198746
703,121.06148634318029,165.8281556680399,131.07802829229647,96.85216396616397,100.23227326653884,89.74745753060611,67.8331460377541,77.16610391195886,51.3687188756911,67.48594257681364,46.59767998161406,84.65424834992018,58.20420147372954,67.41850406947259,134.68959095137578,162.29728546443033,165.57891311024997,114.73993241213182,122.05291921169012,120.5681328839235,91.1623003824337,72.0222139672532,66.17993676454161,87.10514006833688
704,56.22102003449122,32.250147579575064,30.360664022556485,77.08244466110528,40.73433617982809,55.663145021653435,11.802273522882246,-24.212101136338575,7.778473620517595,32.63993957497221,17.6622222796056,39.7833035163823,3.2280035073372417,11.329254406260226,47.66999524868957,119.61723479291295,109.0582104544692,89.56482059385205,110.20505918858656,77.53772514778122,94.4370866556882,120.747638042027,131.12339694578785,174.81875847645318
705,20.74596637349434,39.27873166734639,15.260615085192988,70.07637890093878,40.646283289555896,60.031367807375716,59.30432210845844,74.56136391720011,36.79489082420709,43.73968719158307,50.64830516797734,62.45310859232211,81.72041885058182,58.56105503390311,43.048840048856135,76.28455230345392,107.97563002455051,92.68592013652734,123.18761400092505,83.22209717307327,85.62247162069761,84.69611647877343,92.85144308523604,118.77307642943559
706,180.3671262900651,128.61186187856205,71.03236611768128,97.87942288346778,60.721917044221485,137.95529193780845,120.42585259919056,85.05652044502936,88.49625801371155,95.81646653863172,104.08505776147308,132.38293550225535,116.20767239613062,94.9052606543473,58.17267635390439,108.19467118417505,161.0375471168167,146.46921818691573,139.7705656480135,127.59838740119298,107.75364763614944,77.30897950850107,77.81305723408913,95.99303026255764
707,89.89068178909719,64.50161363071308,-6.196861832674443,40.80488663718498,107.63845031216161,135.4697986406394,120.80181706672386,110.65040202452553,86.7588451870346,39.241005035206214,94.35069786086378,80.51504396142971,63.16613515418453,60.573993690855644,63.149089390445084,115.58271251341826,192.62480853673665,178.33755326791191,160.48825201751424,168.65982169458366,167.56431277287157,129.1185848610745,153.52682697300907,199.95650484132022
708,43.12354633970057,86.61128332670432,65.56590554327151,81.31728193654061,20.48014974833209,96.002178238721,90.0346840393753,68.57078099121878,46.08914537221851,6.8631979245910735,2.348986386078437,19.781610231906868,3.634492691800901,-28.219059525775382,11.091475455268245,64.3603047521641,130.52301119522127,167.61800060647215,135.70307091826612,170.30388137209954,151.04564555111864,143.2173958506312,151.19765628370013,149.14430603353463
709,17.763954648872293,32.901316327276696,-26.41437087469054,26.33698942519841,42.29042207053221,105.63170030623058,98.37594660585377,60.718754525754726,36.925772367545036,65.85378305362829,48.85914634589602,74.30085003438352,68.54219594327078,42.5688591145139,54.996475016277415,132.51763532769195,156.97905792639125,177.97416716471423,170.2119523281654,136.5868062148937,117.42617369315957,88.39897976807936,87.43971913113415,91.8869704494138
710,110.3227725191109,93.45556600940185,37.907292644979606,66.2238067596027,106.49984243122285,132.80527181842297,70.03024272498857,49.873825644694165,13.078375640063868,21.27903306442149,24.43768310982285,40.01805973612783,43.352994155135306,21.281081000215785,50.8564844678198,94.74620598685536,109.38120228610235,156.00490672102083,156.17112249331916,139.25864291925328,142.89055816878306,121.17855473593954,111.70872813288702,142.25927833444132
711,99.77536867196976,95.14003922814427,57.809160132666406,51.746044332002526,70.46291700958119,80.81195981070053,81.0242459551845,102.15547524659742,84.1310503215488,71.68429370633908,86.77963536444162,26.33882729853859,2.9829129552665137,16.659460864299014,53.94206139200752,111.5918926460539,103.67554973599482,-0.1823080211378283,38.695795650251895,69.5478115081283,114.48994330468645,94.062576777094,115.16143644865063,107.85712576921819
712,119.17239511838322,49.71532762619375,4.1008604670953375,52.46403811509459,68.12779463394686,92.61269930473419,74.51471180397863,80.06137548703067,38.56075119920295,71.20419453671025,74.52039132635372,44.90576240817467,44.45038082416745,42.344158355259054,73.36046306427261,114.51998103371629,161.5673465896129,146.60643008682035,194.94996583002356,175.94782057232186,203.22527254740206,186.61713617433713,206.4575634248995,171.60123101961102
713,101.53028041127916,113.59690308345512,84.84597559673566,70.41776938383137,43.3628138829728,101.57529648149706,69.17143638437041,12.540335568467,-22.32059475205527,8.80844594121486,38.37149631039384,65.21923695115044,39.54063379891882,35.588192961611185,90.20726541968091,98.16126547963403,130.95082032797495,142.85839139310897,122.79347471141367,120.44836955634653,140.86008183657327,104.92259622248355,137.79146497739575,120.19788616848649
714,87.27861582525895,95.12240989471853,38.53419469358022,106.87289707163178,74.07864166380016,84.2882817277712,83.45240051605393,78.33521331216735,52.91153192295634,49.660631731610536,63.094586813514525,78.4213791234595,55.946762417396826,8.044522220689764,83.19892678715127,115.13321102328368,148.4202962288556,163.3598848085201,150.99904881352717,120.61607906578503,162.66259483046616,129.5600570130985,147.8503442490171,187.47143261263804
715,52.485791767221244,73.15186963429771,42.04671601168259,65.31681452982316,54.29930438640717,95.5062941408389,82.86386517951601,45.693530333791195,39.611890816927314,14.0769237163389,15.527980251646053,-3.4748694695943385,34.6625067134338,34.48564673749254,68.22872166182992,147.15428997040144,155.55593553545788,124.86325620046071,177.7377876540672,139.2341677693563,206.20617038260252,141.01919500105308,179.07145442731633,203.69751894154007
716,100.70715463076388,80.12143940072446,11.566250365278108,68.40061565614062,39.001087385529196,100.45185627782688,63.32263106436477,50.4154335838473,53.306647244928314,30.75853184940489,15.901143771702865,49.8677239033538,69.53903315425231,45.73853214450104,53.60955029557253,112.76298281656217,133.342595659649,160.22843469636186,132.65129556326028,96.85426949951963,104.97729769496324,117.65878482800152,144.96750297276796,144.67756042910156
717,68.3165169181664,81.55102433718714,73.19971784750746,108.02024790130655,77.29824756417084,93.29883750514837,53.85132679218023,71.62473003017917,40.49368095260577,83.78167904761278,24.121637636166206,26.118839288911467,39.106282504501905,52.137532684853966,89.13711870799636,102.10219959408663,135.57299664233932,116.3120816517717,117.13791228613863,125.75414248590704,126.29015468221796,142.1583777561564,122.62731369921465,119.64376015784721
718,40.01697728066583,61.16048207900845,46.18365661143075,76.9714193515767,55.63410586139686,91.02833422739195,127.49116554093233,101.39993189694479,47.035050479323345,17.05682518336935,24.52207380123587,58.434011576988965,46.940930863196265,6.246660351380324,11.766089938152454,80.5933236246473,138.17074262644607,124.44817484942064,137.06279516739713,115.23613851530104,133.97928426237334,88.14608921513982,138.02927736957383,148.19141076703735
719,80.02295931473739,99.47376728319573,40.26789275387329,58.98588256798064,56.107695881104064,52.09378321107038,77.77168051711107,64.12627007684132,69.37965286219253,17.33279127576065,79.08255055801132,74.72297396594445,75.76275950032436,64.84137955282554,113.91261624156724,134.43026725216623,168.19955133456966,190.0672764460681,134.63994357742567,110.8184436034923,116.29437627449519,103.49911557218658,70.67015950981515,89.65648625247263
720,144.05353085591028,125.0995369609456,88.85244665792294,73.4765347685013,76.08567058765063,75.16223615380008,80.62271864644526,70.98281865573526,14.234761551343471,-13.145065679700735,1.135777788253474,22.52013824042122,11.025463817997377,21.364789413900684,65.78313344899846,105.58410931607457,197.41483616182634,163.7689879493352,185.96471907882386,145.7293655790915,123.88194568614915,129.582158809869,106.47178453192518,160.47600266703833
721,79.8162404799518,95.78551885408618,62.485199291962715,80.18033780267105,90.32337240049041,146.560006071649,102.07522231166018,77.1119109065085,4.225210843773816,-35.80886292906522,-43.70141436778532,-26.162657392243524,-3.0674237144634873,18.488446998260088,24.694557617823442,50.58091384364528,121.02273566512642,127.08719066506916,84.3399776535166,75.12408607385646,63.268923019266325,72.89208030302696,95.38626251073069,77.84924276672876
722,91.17649006372834,41.538717589098916,33.802710135366944,23.64141788680267,47.17355082575649,143.0535791058442,94.70936564755996,78.07750721799647,78.9511464214667,58.727356183759596,17.119031704938873,53.03809785617227,11.840251533335866,57.451224727701,46.13483220311551,82.72959852093902,118.94416865719445,134.59902910805337,94.16487087110454,71.05281967621808,82.59501003754727,68.2886961105872,93.81191107856426,152.16576729480585
723,97.3047057167405,95.43812279456358,39.509444127140426,32.996757962056535,27.410638202795823,69.93910166431999,73.76212463423931,48.44769273200047,11.870887409527985,55.164071968485246,33.11345963722077,61.32450503676105,89.57025958119006,72.32872008739852,90.63676953081294,107.38410283959232,133.34248854882108,160.5349090463506,144.7646714937472,104.83965887484825,145.03369976791765,130.67670573323926,105.7745277350869,114.86164155717758
724,107.17329018618457,83.05660298117459,58.29207071947307,89.98356408457656,66.22144786920686,33.963852224573316,-8.507848129089226,4.962480442262297,-49.60419424333226,1.5153775637935958,-19.577070839864632,25.902661507934422,76.16867668028259,40.29131643849906,67.78997550653621,95.80824584019919,125.48531726564815,124.54587598560148,121.30182022330645,90.03456483187446,104.18744890834641,70.20158669084732,72.6336396425832,81.97951150872422
725,47.82678435837637,53.54107823741529,8.130067466897607,31.456610408771937,23.96696657557338,118.65972813152601,116.04929920189261,71.51959198934047,42.78204087080789,9.436442538934081,13.18327213406966,33.89553030346234,42.74181219099152,18.24553462467846,54.974799974078095,109.65056225437986,141.99352218783534,130.2155119851264,118.06801801433394,131.54420824782147,106.70264436679201,97.28106439587575,69.27121790409909,110.03034455288407
726,87.7483897917212,107.9373110295713,78.4407493240933,129.28854527837433,110.06064196260425,130.9117367483646,116.79485138459415,39.95856067736261,22.946835892944343,13.70391592140793,41.01641086968447,72.84244160235757,42.982769350236026,28.46021584559205,56.1159655075709,91.71132231023475,147.88181121980884,191.4944340286161,189.94109882295842,156.5775754093025,169.27947489307047,122.17177923824178,160.30876651726652,139.31181560939206
727,1.7601100309644835,19.121366898580263,44.22268049169888,88.06700395016753,57.235668300674746,63.22050002995184,40.96323050934406,-18.912233002389456,41.16487357714144,66.9065041409807,51.88646415419436,84.61051237175411,92.6284018568676,51.2044791972736,69.80138764528465,108.80222596388735,176.44478190006677,191.254641288569,149.554301471682,108.50893459501688,89.104360560752,99.20976087149636,117.63557092607346,111.35565437826752
728,59.84884571042423,106.97936444260509,32.21173191998684,82.929024932973,16.94628417946997,74.30648709542308,81.50499530861677,73.16231644658328,45.92688990674989,80.22648186698916,24.09885796556268,60.250528241500916,99.21182160013873,101.49848703905452,103.30842804260585,128.27254754357094,180.00218073190308,180.7220919441799,131.3254585959502,133.51129253453135,150.93946729871027,110.53683240455598,115.44897065950711,120.93613041973266
729,103.86219702773539,55.79099228065068,55.504026675782995,73.29342267354076,41.40151629554688,73.7457976042159,72.9630424419561,69.77648009595946,43.923653166445334,49.98416959644179,61.43233256558413,72.73773471497583,39.91400508350792,55.32927159827861,79.0657434546911,90.77907016824241,157.53330433317655,128.23884209015986,188.60098348706774,154.47782858313442,183.02379606125308,151.51784643015563,162.819514141082,156.0346992372779
730,6.7862877364285765,19.643683425532018,38.79199907677551,28.366947222348493,35.88180593769819,65.57846307270165,73.48400040343718,50.82696773086481,35.19338471376751,80.76376989712543,79.78384843390577,82.19032274113917,48.69945661868296,24.514703934625164,22.756316795029115,44.53668577510936,108.43739413299191,132.56199233497807,97.72284989521677,81.27695341752958,115.89494292023944,87.01351955200995,77.30500471710346,120.49074987200943
731,141.40648522361897,135.73970558402272,72.04490480450762,116.63219202598953,80.26179180038164,102.06115120514029,27.21847799567412,-18.36120570495727,-21.73617498307521,-9.940628828276715,-26.407831245228373,39.522028883541765,49.63367644873922,35.97802015669035,80.22507074181412,155.46308214112756,160.4477558989312,171.17578870191824,148.33216979624834,120.0702370780419,123.02297711400223,100.05518943387506,110.39495771591368,136.88359415337
732,89.61439817863752,83.3441118112399,84.3958137704649,74.2420432421183,8.872351001015147,100.73537594358795,80.3685309160132,51.43621062773745,39.35449003595318,0.06889642432863496,9.499427045323358,5.441830952542297,7.168978675663912,-7.07033511316747,41.85549755714866,129.0150517113376,178.61555411276277,183.78152159257723,208.12931815735163,171.35739328077042,167.35642693933124,147.730919591632,125.89376076741034,153.5051943520023
733,-1.6837682997767445,40.35154993131131,72.05232962584972,83.53143072821251,50.40297577314827,51.93554329206723,8.614409378352818,1.7952455562534553,8.007586558659213,22.063431895760736,38.63032880139813,63.45646826183916,0.01637526244532239,-6.530939981256676,28.65565796614899,92.9234324928345,149.70117415433825,151.17895982528992,97.63574359644261,71.3825121453903,96.60585891155006,104.47311078172322,151.37025277480217,120.6839770228773
734,99.6891830534122,120.0419945325468,90.75961235806793,104.07584755696143,78.38571633194182,59.13719917326359,121.82840401048844,74.69379238858669,61.55186075447986,26.440957234147945,51.29933739830773,52.2813520275735,42.804839604993255,54.50278503471074,37.95525013248545,115.51235269567414,96.85628340755085,102.32093084981337,104.71323610745937,131.61892093036727,100.03035111464928,125.01682392844302,147.65508272299368,129.23507737046006
735,77.35174693773494,26.841147251365513,29.59523385498105,79.54069199358304,61.43969598766234,93.35363568390135,94.81787870520773,65.78116853975285,36.35151754807157,54.46976239355923,37.74599044089956,44.83385808996212,35.29968281655239,7.180924712285751,49.296108092497064,102.23356992170359,166.86196277867913,169.61024572180662,164.57844721957093,149.0621554034336,146.89454488501622,140.649996492002,178.94404489496014,164.2581442551385
736,117.49890885397109,105.47871525541768,38.73509082188406,107.74657918437181,53.41959929722907,78.09130760604462,94.9259171897278,91.4183350653472,30.7690899333667,33.372957437020496,48.73134664136579,56.84871311836073,62.6026421594282,-23.578047417683297,19.084469045211023,96.7392268346027,164.31816732794567,187.10461220336578,191.53420544833497,172.32494283195842,208.3122297558044,141.397913044821,165.99098966603088,149.37545104567693
737,71.07654455331142,73.87770247797695,14.035000638742076,39.02180741250182,22.5024815567862,77.18683921827932,61.11897374902841,39.734037048234796,5.25486013807684,16.61554933963273,58.54431276857861,74.24513352128156,79.99891454922826,88.28611024981377,109.11200688685196,175.68568963822509,211.69247749978018,213.02714774025236,168.69776161790057,126.01657279175947,143.74795685017654,121.10957187814529,159.59784101511974,128.28069748168184
738,85.7455431683328,107.78837801444125,74.27562089025722,116.91792908836905,88.3061668706941,136.97133124359613,117.03421732037029,96.3911006382109,49.70703052183797,64.7357827685033,36.17133494664063,63.5531819539211,52.07816249016902,50.720124342153184,52.041591433513524,116.31642074717257,150.3745153028576,138.60830943037024,126.91499731724609,88.80453941617301,65.08644022667853,61.82082472396024,84.00151201613556,117.29881007649297
739,130.28046509764624,120.29134212230886,88.48239657346338,99.33129219670002,101.74756483013434,52.36947826745481,64.13952826737942,17.352303954756323,19.80833202358105,58.891764260957814,45.90709245590024,4.42737285450432,31.61188675957145,52.223818891565315,64.21491181132376,98.12642978878486,90.16747710080779,89.39748109354001,123.60233495690137,115.30016713863954,109.35565820907796,103.87459000989216,141.02826677733407,127.61603171236439
740,88.71404212294502,76.18770385345707,53.53079271512309,86.68299941800942,82.35585722219463,96.5901341585394,117.73496675735339,107.40234417694737,79.14869985220626,60.21074724101112,17.70476571118643,35.902702441502754,4.360335891806741,21.495094542912497,69.96155749033792,126.08699861462762,152.04377380429648,199.15339259387545,194.73925696690907,150.6633880026333,194.44982596246365,155.61339174206609,123.58504481754207,165.26354317362208
741,108.69137560062244,112.96414247543917,39.714687893720686,63.931332835397555,23.886014790892474,47.64247998546547,67.54216755976826,0.9747478523816397,7.900767874891116,-7.1948040913100755,36.26081478826055,46.935053164276695,31.942146274256213,20.736836860225754,50.09668681474209,126.49804461834229,163.96051778092897,167.43929322679395,181.61578602388528,155.52369680488312,163.33463277028613,118.31544154025062,144.8739195517155,144.39094037667448
742,66.97253832281527,46.987219501895964,-0.4127007984116986,47.391320542425234,92.08781233541647,97.02524485396806,80.40437250963667,64.76645689188918,19.972645333396553,55.53257405418656,41.461876201185,76.34313782804347,70.70563190460268,65.45768247446458,128.9482241911523,130.48263832559957,169.78784283567472,141.9643770787206,149.18974478432128,114.48569379731393,108.46229161814206,117.10244401458299,142.54126241148828,127.55589714201886
743,140.66438960012744,34.93447271401537,43.14152519896473,96.14991221194249,24.055938475052173,52.73679307189096,42.389923305479805,50.10494364821437,45.79016138472625,52.061484596950294,45.19522633559421,103.26867614655657,107.0506672334825,60.557873563236996,68.41812608538478,126.72064237182886,164.831716571239,112.64634005536513,146.1890922519746,131.15314583714786,158.57406310859017,128.56784630027707,115.61125434301158,107.86882085943734
744,126.97391388428915,138.23602189728558,75.55008140831004,54.29194749181152,31.799403158323997,105.54335823462769,126.30597656920409,59.82552885505899,51.364181090281164,54.45571387892109,63.008928811588916,37.21712520485936,59.701629820131615,28.843889266752623,45.40626484999464,72.10471321355296,94.26448220100103,144.95446769732558,139.23992024984219,94.83945697655929,91.87107810564314,115.07423672791506,183.19986903689227,188.08043316098826
745,2.150923297529687,11.514235469871949,-28.329063616785696,36.70031104817188,30.66794659680437,72.42070394584408,36.71299900051627,10.807086004454177,4.530157520706421,72.21787461877756,63.78593769349594,33.65436920724484,29.74012238613045,29.437292860354667,29.615690814747218,48.56806698332878,104.45143107754724,179.79478181422246,133.09415637159586,88.35998861357874,72.85248961016848,78.0045126331733,84.00412468041006,132.27720240905253
746,50.482247200904794,11.457716019685705,-41.859553817961036,44.24002873254004,110.47763595869256,135.30428978910012,79.15574193554406,59.809481328227555,47.883520773582234,37.32024101469071,33.821373446665085,75.97612281614417,54.980656026566095,61.33918616803223,80.27272462233097,109.73839474072227,114.82615487305108,138.32469946169556,60.737871853243774,67.01751468902643,46.53662581762423,38.92622618314742,91.37811787540302,116.44609031430784
747,73.1524443379825,80.48055506574745,97.33104610774647,112.34176093737247,84.0189968643847,119.80671209558825,124.24393319666717,114.73916160389152,75.12001720128225,109.6363516231037,80.40546922655147,79.69394636868327,57.0178057452019,4.556827097521936,73.2849495829654,128.00349828218577,119.31611121249009,161.62758648904577,184.98982824191626,123.10697875672932,120.25203075630127,79.58592610193557,143.27024491676605,179.30102877496202
748,113.27825116230014,116.81699281166989,107.65707966139047,98.32988869672177,45.5465599650159,63.779334253292944,26.9636135820152,44.148835549821214,48.68955391261542,107.55588662952167,87.82998993979912,52.314773141233104,31.138433010970317,39.20642368763676,30.03886286529817,87.25960871699772,150.2670568362973,164.37949848997096,188.22844963296566,153.59512996100554,166.51600572083206,159.61467987278672,150.59814522989905,146.5069117741485
749,34.551063630278605,33.79450062328791,-2.43156330584754,42.793567127024325,96.0376437561575,145.00319748250217,100.21622926905249,62.52432126968195,29.358677172683294,32.13787357777199,6.854883119178968,11.022141823282901,14.19225118888076,17.70821769732207,-3.727796307388637,26.07463514099767,87.67737979182861,87.0135943751736,57.942051674013285,37.192287071649346,26.502586189594396,-6.425111966468876,33.15343351778813,35.63878094749593
750,36.612526429597715,13.749329321934795,33.66728192798101,111.62214615103647,53.034694037387155,97.575214049777,89.90668229749521,41.243028036213886,5.009813689907684,27.79979964374022,18.524972205167686,12.05195309685245,-19.77616950869446,-18.690413665178742,3.6371974057182754,64.22545551183819,41.170051694354584,58.25218083740114,59.33676641542942,38.22242622945521,87.30873657606018,120.28347429279623,119.6091287251222,142.54456128573062
751,105.58443464220187,82.52118299769556,70.74118837748497,91.84154772675407,4.05458791904811,49.261519624188736,-9.546100164267727,-55.29813860496448,-63.63053461979426,-15.350369503487663,23.19182543975163,50.62418758257039,71.64211523831858,34.973928215829716,59.63352827740814,42.74277618100575,97.07492538245972,107.02507528019869,134.68277703189605,105.75184102832536,115.51698892940992,94.85667792599729,118.70303802826322,95.5172958820435
752,142.34736383300947,109.55651590145783,31.63975949298849,62.90740520187494,57.91444742076763,62.41466088954277,70.37440862640035,41.563940916286036,-15.228641658293007,-0.3013098754896859,-6.205195328171875,5.194745054288894,14.750866829833022,-22.173559904693516,-3.8013315355626816,59.227384614678826,111.56659191772283,148.96865202653842,137.43256710868704,159.30337345529455,152.30876209777517,148.4075788847104,109.27475329751705,124.6298344247867
753,48.765278788809766,109.39248956663263,53.07078981022658,24.43271617933715,3.859787142842819,42.31816717018876,31.59951319272153,113.24445661556801,51.44870986195431,55.60111988436327,53.99787138795543,91.08872768140817,62.6447340201787,4.736720332320399,105.35009458360913,147.6500727221026,186.37955351317947,183.27635586041777,160.68216436356525,108.67652800540621,145.9985888735421,136.77638971678192,131.8566043644337,91.01231419990009
754,113.27240745458384,70.29132914393927,51.71263549476568,68.72813505083214,79.06188838121167,67.96228023284087,56.76040730968717,28.078362097013894,-1.3608946038251943,-3.5370914110747727,-2.1835723594859218,51.98967594651252,49.937664947408884,79.33565446900377,63.504454150078715,228.43459856459776,202.7852911073138,168.145071481162,158.45904130755557,192.15387685044576,134.5322571812333,123.46894475464804,118.92027005227175,128.67080548434038
755,76.13157147932303,91.5694928119014,74.2084809369936,106.55276011865324,213.15920427066794,184.07680320500452,170.3783337982323,69.36969308545096,34.24972496054235,57.35170854542495,23.272247645653838,47.906931361775804,58.56408355467056,49.57343529920836,65.46680203465013,82.0608152878658,165.9904160416805,198.75665816861172,212.02777384317773,189.67785818378604,192.2538771842841,153.83543616502408,152.75684446799744,200.76752613899208
756,135.58249163523976,83.65123048876085,102.9247423541201,52.17289590737974,34.25545683718026,38.192631174596244,32.553088467388406,45.19117733775238,5.0087533600514575,0.5095885032100327,35.70950381672112,30.9595901740691,3.9655821868135064,2.158380490928412,33.67588302192381,89.12594382025034,109.5390622711613,115.39179058753695,121.98780175693432,110.0312243326772,123.45346670871099,122.52130161236329,134.70754666949617,100.47804085771622
757,11.62346475952593,68.4965044554664,15.354680231021327,27.556863288076457,23.565457053753633,99.18633285967118,61.758901263134376,44.74536104947417,30.949559328114717,23.06755224079827,-41.11933810295669,-29.081939555279725,-37.402772220741326,-56.61981421874742,-2.1379924089699855,28.045708574544093,120.59029476854033,151.56681422131288,171.0038924522344,140.85741047873427,166.04847958932106,102.59026379131423,81.52041568192755,110.59054969357211
758,86.58805569594878,92.21225711962455,63.51459350883634,52.814707521289975,48.057208875495064,79.5186091376349,106.72573912516333,61.41331823595864,49.31752086730172,46.2473518894475,40.88595526719266,58.64873511863941,6.989965204863335,13.836015745316914,19.590755223538153,83.83206789430241,125.94085634425889,144.96961788340704,105.3038951486506,95.03505827140984,136.92902832555026,134.13860739455544,108.284652455203,81.50303592986845
759,114.16202711715455,104.61651575662216,54.5197022310844,101.48780579794732,143.2277400823453,153.35515956477778,155.36800059591508,146.73568405422975,113.43296757717928,101.22383015036186,55.99800212179503,95.41659997566084,74.7775199694922,99.163666803246,89.2391896833631,158.61008225180498,186.2598076657164,167.04908845520617,162.0209217782047,129.40683181905766,124.92711265473574,113.84042440974896,72.95043043398752,67.05061646999559
760,65.93644741439951,71.63453225130502,64.79214749818621,94.01506324996015,54.41145790162156,80.13887856116833,31.288726180393425,33.56226685359195,24.29239630555336,-9.590321395138872,13.01975183486902,18.542662860526534,52.56903124687374,21.77413701796366,51.04672052200128,77.22408313549853,111.54753717547473,96.90517849509433,82.02443882801316,92.88510500794216,67.59641875508174,40.386624420721816,57.26268995878911,69.95406064823976
761,74.90479363121723,80.58783297620708,57.541118792250415,91.62333085346425,79.62266591929483,138.3003881196228,125.12238817597597,73.01311049633773,11.651597700857444,35.630276060384006,64.6073635899777,80.55011169690522,39.61983540748825,32.70978666317803,52.09000156914348,69.63847619947713,100.68633299129749,65.33626762639396,66.06976752362205,94.24904424691314,61.92585275705752,112.56925874593327,149.57964938895412,148.12519013328165
762,103.40403629327471,86.01875353412412,25.582894304686562,14.092531109557555,72.50780112597286,111.82430746666644,86.33550945447676,52.767673086337346,-6.258294100078004,6.064362939067884,37.71682545117205,26.147621251510635,31.87301069598763,55.899536976512394,82.58834299935421,111.62673650715229,172.33094102524296,142.76947949171168,114.13037879997009,112.47705128145877,114.91729544975938,100.40112757873247,127.22727643506613,147.51403983989746
763,98.2600489447418,104.62411141141246,28.258997181205487,52.5043644288683,24.95609795784845,70.47631831496032,82.5045673800137,64.37249619480582,54.514958226016944,75.5824796099821,72.53147018874536,70.95195897389178,39.13665564703222,-14.543952441631792,61.440827759352224,99.23107476045476,165.3190013032053,161.6997356324874,189.26173964361044,146.2456646806986,104.47938351630677,121.53866347924284,109.00567646937249,102.61057979616032
764,92.53897151047696,103.58221939793364,59.29234586992454,124.41971512252239,60.44194198466673,112.14996432643682,86.18822159702367,-1.0202208919457192,14.386457760704655,10.569513240836827,21.152119968908153,31.538192979206883,33.72606023314992,-17.794740105581877,3.3550504706901734,14.221547308221446,97.16288592461427,130.03372634443994,113.41456145379314,45.91580459549212,70.95281360997505,57.859855408505624,67.69440629089577,104.37304670214156
765,65.69671789225428,48.635999382710345,9.658826602078399,18.420051410207563,36.80094543422386,71.57235765956267,44.79506928544127,-3.901866235418275,-39.170080930086115,2.1982453386799676,6.956058284395564,39.51469152536806,22.10712070964869,0.6004651726180228,37.79142142885055,99.0438430738511,122.73646532430446,148.23959023727804,128.23562593565066,122.69936244923953,146.51204266250596,71.43264780350883,109.22889288877747,116.96987661446136
766,96.68112839593047,61.91131592032234,11.62507771127008,71.19641078577891,69.82327836437496,108.55114887196875,135.45997490897432,62.94721740623615,54.450003511801135,41.66337029853454,89.08510525097537,138.06134482885224,118.63315828096894,43.83156283480919,66.54436927791464,103.94538075073987,149.64349757701368,147.6324075783322,198.17963800790028,163.39972705778732,161.5225214697842,189.84195233905507,177.29593797660127,191.0490719870449
767,55.93478881312014,104.82518168876086,101.88490917874248,123.082252748284,77.07697814252555,105.9965156735544,58.962032544454814,39.019451511813855,44.323708839357295,64.35957350263845,45.367577946708415,60.27430506929964,37.40383993036167,46.43320252485336,4.634680673060963,41.71946532045746,71.052735801881,100.33432768661868,70.92147663823879,60.56509473418912,101.21600987053428,118.14522684455797,127.9698194336377,136.15218963814678
768,74.09316301062415,43.012320440281165,58.067255312719865,80.4423072450449,29.110722945737955,70.70423427950159,52.916701359435265,48.072213195733596,10.270111015862021,0.09940941287857541,20.02177077394918,6.885623527192571,6.290266868983714,-31.828448377548252,-19.622584233051064,24.852502337980226,119.54545432687323,101.09320304992339,148.72709537697222,152.07591604733963,121.8810837113373,97.7140875240547,95.67264415011556,130.58019667431634
769,79.6577276664262,45.260040473625196,25.250227840833887,84.6213636132016,0.4797176695572176,23.801512029525597,52.07491602297104,58.37400934000303,26.266505230713918,-1.9602253762469743,-10.840116593735871,-13.381596139653603,23.983818588671024,16.794600902858715,28.95990565165534,78.32571998289882,148.77290943331562,195.6679967831936,192.9731542269622,203.17001563507296,167.38082048202057,146.40884047090464,120.75134515723025,170.29226396159459
770,140.97497274683857,150.74560720461517,72.93324434012774,86.74627097839493,32.76126107284274,40.29678794607881,70.91930981511149,32.13995298833272,14.390451235209213,10.244513405238472,13.300748822983948,-43.835487394490436,-23.890848863179585,5.7976241621802025,64.1406632363842,92.47139953325691,97.36083433958487,100.88642337682012,95.78346416753601,136.11464234115172,109.65825536336482,73.91009835402312,72.68482928902066,111.60087916377881
771,33.54208956300633,37.250856935374415,51.64047571325274,39.27858317558785,-0.597703068475461,66.67397723000433,61.45463707094943,31.498336700662705,-5.919407006517535,-16.07536952893303,-2.496926204554242,-21.566984692068935,-1.8463176862564907,32.52792025727338,43.08184935465961,81.88352634542308,104.6246801773834,119.68946006710469,85.60492988158005,88.7672860607242,91.45537457112091,133.31551779836377,95.84295810035084,132.7973573405339
772,64.48581158601228,69.58631355187471,75.8877493463585,114.95540859037918,38.72981214769769,46.83775259413852,21.979645221077106,8.827378292460295,-30.67578602606237,-15.76782236843291,-50.37284486952417,-3.23173659441089,-0.7549191033724512,4.356384584168893,85.00023160916355,117.67302037872457,118.5072124422569,122.72997782719438,120.86199294184988,84.23640039936564,57.43793432479666,62.965451911006475,107.55631710201024,106.44038701905457
773,35.27542850315733,38.129177792154564,46.35150201221661,57.01504557866923,4.849028912392399,95.50803059733056,101.34279062514472,47.73787912886416,25.426574631698678,50.123568200084804,4.442399879438355,39.2011598683385,32.37688504615377,28.248472545637643,21.554503953636317,73.87522165838091,112.62520681532074,132.67809984591884,137.77957460635076,130.23004231546662,98.62831461553142,85.3417713589056,91.90529103747893,115.70025574005957
774,69.24879101702172,118.67940562526307,75.03062091669656,72.35947718708957,15.89062015127525,81.91370312543496,85.63437674149868,76.58052733029665,58.38115231005806,44.33974210263415,71.2772142711171,93.74024743119696,52.050354190178325,8.316911669276973,25.24929166055486,72.76623269227252,78.38468752739529,140.78674946040377,152.21466278668737,147.7072708469098,148.1537825667896,164.68600372552666,129.22171356810696,139.4006770191378
775,61.06843547908929,62.268297312966126,18.484148597841273,1.7350515941405433,40.21193573017375,83.98747457130933,35.98380706458871,61.773507889444176,58.253998042038404,59.222751717503385,45.94830589534577,-14.19117180949543,-19.07556706407287,-33.98635750567372,28.49929889831924,64.73114528259252,116.03998199343245,101.19577357223503,124.75543410419343,117.82226973637678,127.95992630345548,118.69816061254541,123.5483191671534,149.1507090609486
776,-76.99780451876288,-18.580889441532292,-25.53837732988986,19.49301433469224,16.62216042656457,72.01900818544806,54.295251199485286,25.550135240686117,-29.816021613507615,20.976692820640732,42.423913842399635,43.066532711534514,30.199828499850717,20.81922304023265,11.715080056048293,58.98908979701615,78.89268515298491,105.79606863546519,131.80470888465135,73.59905830509219,115.95229620437522,156.9754595297182,152.62127925506022,141.73943963825846
777,33.47420585006834,68.29602076754172,62.73831175808138,125.41891224431481,121.98482041067662,171.31560978239415,116.32993712601396,31.99591093430213,22.047975021799655,-6.955896109057534,22.748505891498347,34.14077023685601,7.601714102222967,27.233706747935134,55.065445627678585,86.95745493436874,112.46792223782502,131.98133067478125,116.61238064975247,142.08012029824357,145.48928835816662,126.60533259291134,134.1328802269402,146.54648117112006
778,72.93197770863608,97.46724911245346,86.62411328994956,104.01659834230693,99.02608323593014,136.20359473508864,74.97245075086819,46.038129465709886,10.407345939348161,48.5864880930643,65.91724504680984,57.317099113063186,59.58565835031656,13.652878737276293,24.433214082931567,73.77442247188868,109.88634114064718,123.44962731791823,117.54868449852273,59.33906243690326,124.80269040976835,146.9202171710077,193.4070489068268,186.09553004438112
779,61.99059236093346,79.30193451650777,40.13057894819215,49.756277948135505,36.18564238464425,105.92000362407208,98.87976257679364,114.64637363566935,44.95824483423186,31.92726433611486,83.67265074712954,114.55772935699937,63.59030881574961,38.126038839661426,32.02008661120036,-17.801608398287115,84.59013032891346,123.99813255885263,139.715340211425,97.79777214472924,125.11358395367127,112.67654804024401,135.34831811593136,132.47818675005158
780,14.694697682357216,44.28028351593996,-0.957544140500616,52.533908712002685,44.32995946834328,114.68019283354866,130.10388113367847,101.9808643454979,76.98830861715439,77.5538918147187,61.83582260182756,104.0175446239693,87.74340814763781,47.20026578357012,43.94104773996756,76.71423378737927,162.69067338174074,151.52724846370955,134.77674930391706,92.80792700780594,103.98330695825868,134.7723805014176,123.33225153438708,92.9092960425316
781,128.05099830696855,147.69271185520518,89.28703838787021,111.25448887386395,88.55413318949198,134.2828708672307,79.54518142376918,61.22617721112449,57.01597323192949,76.41356053310236,49.282933576598424,52.94515417360644,37.53717782758902,1.8978870089712707,-16.563359490222517,91.46086453233677,151.3793584624762,155.36991035267116,140.63229387151506,130.33187701173085,83.86038363793381,114.65830852691408,99.56732613373904,138.93506844971628
782,114.01974724370844,93.06323104181965,46.63697082098138,43.209311329404215,-18.09079054689336,36.41270092024866,33.60514017561313,55.90612562340445,13.293559346313387,33.319310261009484,63.13685221037993,91.2760609078924,76.30550229507352,43.34462316381142,61.52590151650229,112.50517726412914,151.76366867834733,217.79124385430825,169.09701523651933,158.89523737994818,177.33726550478934,132.59460859082958,98.07720070948926,104.76100457545658
783,77.18236306302344,101.18371685641672,51.25688373923014,75.03315099303994,38.59049050021043,82.97051516931302,96.729198798287,63.76314306850616,-1.901316416040089,34.02278449829467,62.966326958034294,82.46304551063878,48.656122220569145,64.82453490354418,75.72555381004577,123.48820297930914,168.63626632437786,157.94910485461116,111.34280461729571,125.35498899226073,125.00282513469298,98.62799082143144,120.94496675930897,100.6723457882493
784,105.76644494793473,88.63644628200421,69.92095969100232,92.83413922011064,119.31834548468461,128.5026799213004,72.55372673638149,85.79338902112109,53.4428553019268,37.74215912801162,52.209766263165236,56.376641314181164,18.547266363114055,29.008797008715298,21.046190434684103,59.058325763051315,120.22675617505456,131.30464402911846,109.75272338380002,104.66292892673543,96.50656852522182,53.201240651866236,82.41685679656325,110.1932667596788
785,83.60146644473907,69.98282121685767,60.10715939966758,64.84901574972012,61.251904192831034,66.7327468590829,72.97042176087221,26.030652933734284,-13.941638158620457,32.11049173575314,54.65218783281333,62.78740008118601,48.727446922098835,27.994852545845024,35.97113485278925,123.65135555738313,195.7873274985463,178.7056684997254,134.67679974216105,73.09386117635012,36.38362093439609,89.41949917413646,105.75395039946363,161.00409537861304
786,101.49533638027552,72.76181080156309,54.147633927030185,58.565518378379494,55.73509636668916,73.21572651892403,71.62096389242897,62.53225658910932,64.91732091988439,84.00536673031188,34.7655010958317,60.42577255317352,114.94946734908362,32.72789594116307,37.91853052892841,99.61218565053844,153.0850983626363,158.7868421869078,198.09069312684773,170.1979702133136,174.3370955765324,203.4961928503316,169.9603227387388,200.86369210506118
787,10.10785107964216,74.18279374860202,56.78955336745106,74.89365499713983,74.13790210662671,59.66681186137334,48.83213749421422,33.19095283510488,12.38300233439433,5.11321960463502,-14.793340147139908,10.992775268579877,-22.03568512153477,-9.121862875732166,17.79267113518805,66.59201517057555,122.67966402362441,104.54902568219292,108.60075108805465,91.77248507589178,118.90903070457486,142.3432894855472,119.4887880006388,133.31639817659655
788,119.23933588664981,60.890659369276044,54.32948775668905,103.20154449197537,62.697591896722386,78.24645645514238,43.35840758684385,27.662952451667373,-11.635955286870605,25.72174643088529,41.97237494579774,77.58866607317123,58.53779808883492,22.272874476157543,34.53895902423015,114.74272816876999,160.96455049935827,150.31312387822362,125.69120189560424,89.43815233381675,85.39282342504295,40.402591501006086,73.94828929281856,113.96423519174714
789,72.6700390002857,82.50104644417819,16.040732759445852,59.46830557869683,76.3235716861029,123.42088581316571,52.90968119762459,15.998651880398754,16.07779686913885,66.76727071564815,74.76335372239078,39.70953217464988,76.11063695286656,94.25645582018902,87.91067577662541,121.71068292025362,164.4867700785566,186.28451813695196,124.2077596796767,102.08063783110927,112.84928054899501,64.50155802343805,76.07542453482259,96.54595919757118
790,83.0477517493131,94.49039989626522,49.735846017621355,61.14395005245626,21.520128649097636,55.30534052195754,39.686228294874724,10.963217669607111,-24.150815451436628,9.030999936650908,-21.01631997748003,40.39709125722354,10.448912096684786,50.26428862163759,68.32655676719783,105.61622682730192,157.4671733817783,153.3551589801135,132.18355514779412,101.28749175346246,127.01024922966013,113.81163973654783,249.66096542209317,182.58086579313616
791,72.39375333428119,67.51042676159932,24.15948444907741,51.78690388037792,73.59739053050575,124.12717694820577,51.73304615906802,44.234328621313246,56.09596119983006,63.14425962683381,18.96398230635552,47.31282794955532,70.79138852373114,24.989391137915003,-25.21546382008581,-8.082590378119846,79.55994968543484,143.05733796195227,145.112688485164,89.99937841422225,97.23763797639234,114.74959381603074,108.23686088023791,107.58513087858024
792,48.8472986781846,87.7518453947245,63.10164031537465,91.07162872562057,66.2689885469009,117.82436636454722,70.63226561355513,31.10294280516167,9.669780666108078,5.456777922131316,52.987965929718854,68.31583424827129,57.301265102123324,50.14262924694755,18.053672007795683,35.19762371783479,72.58917156444556,103.93475337397123,90.78203306036708,56.88660225184428,68.36667059552614,85.9668964638236,132.57685299907834,160.9655627762436
793,161.19781662602873,143.30890645218125,125.65111782853032,84.35224880450349,35.679141218796374,80.56655884044821,51.281270948152866,17.46026365740378,-18.161211138179517,10.70550146119242,29.24628106079171,60.44603710043231,80.25106655904813,50.85739747405475,48.709710775151784,115.94320897591105,147.01080509789847,136.81660412701405,184.9306599844395,173.36623296651717,133.17903779596705,123.0436926191161,109.05872727088338,112.263550809398
794,137.45015986706645,98.45585339473502,57.82738360100779,99.37592513006248,90.47096282290335,111.54989365193843,84.21607641115881,60.56098332113693,-12.434715377458502,-45.54135222422956,-26.979301709609032,-23.14792753666294,29.192363681262982,10.528502878414912,74.80666261016415,105.67980105244804,111.08537138275176,130.33706768518587,164.66946610852887,94.97175952405175,100.93447645647763,104.09141882059883,103.68275237082378,129.57472737304147
795,120.60987856544025,63.4897936255285,33.59230111820153,58.70691020064904,61.970791552011065,88.11881114357355,67.84919730691983,50.98048570950194,47.85488488745137,61.44727941499294,84.37872671031863,66.35074821830733,69.18971386709083,42.27681261614363,54.42973397914675,115.89721680576157,138.95650677914915,164.1844702858596,180.22308072542955,149.72136477639467,149.07099482834636,64.96037354090535,38.65091132089225,64.22477286350072
796,63.331132842684355,53.87584824701299,3.5915923156478797,10.665066703623552,-21.48826410193155,54.76188492625174,45.03831668698473,30.878774809828123,22.639266451483085,35.54955749636295,35.092596268899115,2.604717322483843,-5.927891600044404,10.279210485958657,47.197907007889015,89.04207713392552,127.64519991599835,109.82330042813729,126.69944132996561,82.56852968549617,166.6431161385446,112.14369727320039,165.76283459245906,127.25640971008372
797,153.3283398996104,110.04004638429231,49.34483805879096,90.37394796478647,67.99469102243273,126.78503513918005,91.6416635595487,40.99154195578927,18.000537195436852,10.987399422559413,23.548022762508502,4.890420819077029,-13.379783943967524,-4.464797365388812,43.63448651084671,167.62830725735404,185.48282298255276,149.05998300618026,99.19337899921919,70.81630680102822,92.13545867561618,50.31464127241691,96.59446124605553,79.70247502449735
798,62.68437149772896,48.161568121733744,29.003719960353887,77.32789600240957,55.20209138174784,94.45283089737865,83.80936221289734,70.68817355645524,66.8110280394038,66.5261636795594,66.14400280760762,62.70960339354532,7.387481399005104,-44.24431518073335,9.353466081158572,78.0194698860237,135.79731945048542,146.4388501832465,143.9225004109361,122.7076966746494,131.41538031552912,133.92887091677926,117.75149945246599,186.30539922516462
799,32.092421445788304,89.55328135115796,100.00158457641318,136.0808987996613,95.01963778029565,95.13025885727379,111.79076961325215,82.90178551693785,54.97515833371175,25.04312763207852,13.753216480768042,-5.213012063270682,-8.47576496722479,7.874466601826239,41.833178305734656,88.05026523552878,136.35252772386363,151.47055601765416,119.23655641150498,80.35350277316145,101.74805094434987,88.92778606111689,129.11516429754482,144.1367593839661
800,80.93456598308589,140.40013262920993,113.92244098500001,129.51629554339638,61.850696220799435,99.68880737298143,48.98671112470224,35.449260601906,8.676071736413597,0.8224556571274135,-15.274862704531941,39.12457984818485,50.713029937273454,45.17801937558406,53.42468053617191,42.884901804560634,81.050270703151,55.08831645774825,66.42242303324798,54.03969825880318,94.20677675270682,82.530304619171,118.77970099829085,151.674614829587
801,63.10948725999731,124.37176931109603,40.03085779188377,83.84908035246413,112.60682281112304,127.06040900607425,87.7210403863713,35.19878978026211,18.161982703387928,22.591510371405292,31.458108340011236,45.87376114793918,4.1391653867489,7.750405362739919,23.53046155736192,96.22380254931097,144.2065075712467,100.9567444940653,95.95275424345033,120.83599629996945,129.6101093885786,124.50190127914588,142.2074775947253,98.76096850793013
802,116.5617388142532,108.88594138685818,53.999820107332525,85.94926867445511,74.1815000054403,106.41914833154883,53.266136170756276,42.181389338244756,14.395415344402736,38.0887652226048,81.78151907659593,67.97927682872859,30.502160995887593,36.782467647174286,79.75417351521952,90.86721706199216,101.18773100005646,104.21012147630407,90.86230421106006,72.89499088166704,87.500114216241,107.65647265508649,92.4890933648512,150.23670912184616
803,39.61530169951241,27.956234239017434,-2.2926995180185727,28.71712273770987,38.3973630062895,76.67992710740424,53.14583069560165,-5.794724502305101,-6.172852792171621,39.42840002063805,45.67564283895459,51.346526990846634,95.96251811679146,111.09987724226858,81.47117211600201,98.19252899057965,139.88038849337804,159.26139780018227,118.38175611792734,114.27225801535906,102.88794175448345,153.55387454965404,185.48438826865308,145.60797189045655
804,116.81350471655063,131.96333143890095,79.68914220279444,123.72857887378122,68.72637899834527,66.88472033366958,71.16498456809225,64.69087102043844,58.26923237216544,39.71155508465471,44.124524098908104,65.87235776260302,36.4458114565775,15.756362873274727,42.15577370584617,142.3143280978208,190.20740774589729,187.53654356966595,161.52051455635913,91.41823260462566,95.62979540910027,97.61562849312709,74.26719013806516,69.2799641507272
805,92.7481999164263,81.98731357460375,51.27936269717282,72.6603428375385,45.129420515016285,78.59592090351103,43.474189260941074,-10.970766830016302,-55.839570124571026,43.93627333530758,40.72410903576503,22.16398143794129,-20.519874493112198,33.23485183777967,96.5343299766781,122.95876062746152,158.5801610142064,181.36265770564515,111.19419080895659,80.2897918338221,103.51982473369296,106.86632678875978,118.60811778177916,119.78357559671313
806,124.28766628574769,146.9173068822705,76.60350392291053,54.147017703851624,50.30388229459679,108.16277141908259,61.37144569450607,-2.8999186372113,-43.76701219082362,-31.179628934430482,-35.94643376340862,-26.33407615106176,-24.365001908440448,-14.346601091330758,-3.2821575899447524,35.988745256517774,94.91951915968309,132.1165874110697,103.94251050330926,92.19073228524258,97.29408636300715,76.84517035803466,109.778476210427,81.71825496394726
807,133.2403711206532,66.67651710374166,21.652058636994894,91.87853850775826,66.66682284253463,71.04420530464958,103.23176051031582,74.7780157372533,46.546484495609235,54.602200835986494,73.36526730353665,75.16363104406818,50.55590822600328,-0.6776977833233211,25.11706204679375,70.48525604043728,158.86628337474275,149.85327666950516,152.2148825368662,112.44519104233035,159.11835118255834,131.64707132980226,175.84334850472104,154.3555004424911
808,97.15278435234316,89.44820932287813,69.31891171147575,45.129043164709614,28.382771821470676,87.04062963793685,60.01898565425835,46.455940064794454,70.12410540099896,51.78699769523241,6.036544762930589,40.29662279735522,37.453806431481794,32.585820330934034,56.89152278553037,125.3307912845443,153.2399911034589,152.183114710216,124.05523108741214,107.26883538171836,107.31245632416649,123.44136984652458,160.06583266966305,142.872187813316
809,82.27777702507949,26.429270339398244,37.805021393678345,51.26201368140068,62.04836603436946,112.84652157520793,149.59939542952247,86.60370036053818,42.61507659621178,47.584398305097295,68.05706226682861,52.90562169538066,27.384961082353243,20.95842682908222,6.5832273416267455,54.297975892146,88.38209466663885,101.02910952457518,107.62056816192148,62.87343820120929,85.06591955869133,73.69922312024889,124.43693961468676,172.6525858308795
810,68.53681866218244,67.38615933117094,35.28241882313257,54.794552208343966,29.89674146839485,76.55877509819292,57.28974381321764,33.30193603819787,11.171566160728648,8.867329069493625,-1.284183717192679,39.270312001425,44.391137439949816,10.336056315497942,20.493266728748107,67.69123020697003,121.29071710138132,117.18171372237404,80.89558965604017,151.22723067933032,92.17902947929944,94.4608399888533,106.00785036381045,139.84214404895883
811,103.89822226836019,83.85405712407146,81.41859861456919,90.77953422174792,54.57746350442573,57.530411479067396,34.18510176910283,25.476831575197895,29.83010057099191,59.31651275967721,27.351395948909232,29.963580400805384,7.693080606026957,19.793949754366697,49.99418971590041,116.14579093363905,135.3321594064273,130.6679985690702,154.03033181466512,116.55934298334797,108.97808926434814,131.436123537052,154.88810643624058,149.18856173257856
812,137.9533992492046,124.52501486859079,77.75316836719679,107.5819046633599,118.06145149373438,113.85339467552436,64.07325838802478,67.26213497183622,14.499282803644473,32.86818753994369,52.46324419672776,70.51493400862591,64.08038067393639,81.41725995857666,101.6659833071295,155.8472399256646,187.00689414860142,155.93250894576101,160.2291947220348,105.99416505346738,141.37922823698852,128.93655004424102,132.63078090626368,147.1184578198462
813,75.84888081690843,95.25922132459696,42.5567826353924,98.14091091603304,34.77119809250291,78.94213028966543,44.3983807878588,23.163095947200475,33.682560520281854,34.63009102020948,47.58703839103987,48.13993344065666,59.1442322753154,26.384513669232277,50.28646034338827,128.07605948108858,167.6036368769214,207.92433242763627,191.94930787851882,102.70678185816323,106.44609064501807,75.28023629131278,130.0722054321727,104.69791254201445
814,83.07019551058539,69.88798984643806,47.87329654239262,53.9289745174231,63.32447555859271,131.50963101297722,120.259505274016,102.8960450931181,36.80882461902733,19.975775116005885,54.210914908644924,-3.9952853754554454,6.071747544951393,-40.099771014924755,27.55411908026897,91.62761446922713,151.84184228831657,97.09878379992281,106.13073936165185,82.81604083548703,65.06915053811049,57.29468901847507,107.09414704403287,154.48253323782387
815,63.23247418027287,79.40914319880781,36.65636299813168,102.63285956849673,73.69126341986255,80.34585092835462,76.11802350238537,58.39926915914144,44.86456158201797,23.4146649826458,58.15507335630266,66.22967054908659,35.52781173014755,3.5144787983809067,53.671298186527565,171.35095865155063,159.16353736122113,162.1002582348678,143.27238059757138,127.0002100880622,150.28828629288637,81.88641503710879,88.95124658712066,111.07839154565364
816,102.94979376423159,132.38025145858447,89.53079796648936,108.06097472516467,44.430674160788534,42.179600246949875,23.105714689881992,4.290565014346981,-41.10203318745259,-13.259890766480453,16.088345382153193,48.1620970039793,28.525848916769633,40.56007794705849,45.98647313041811,128.83387068110315,149.72984447315372,170.1064337041427,192.57153988264204,185.1263167730109,183.105884649529,117.82156281762886,132.4639984614919,100.03825451842837
817,110.20803899007123,92.07742755240415,44.836891396746026,62.92178425369741,10.127388041197932,49.393816204491294,77.49184730881606,35.421707496523986,25.599295834814274,30.41213253669342,1.9636275129641696,19.99483684889321,60.00675096732289,17.54681449512062,71.39288601139685,116.85814506730952,129.8492140250212,131.9153942602423,136.40972571129328,105.44953999692008,109.29788049183803,74.9269042749442,113.90187792340895,112.86372448885997
818,31.76930476430789,69.44635435788767,62.55688997902615,88.9579284466767,40.214036677765634,68.50977022465352,66.95541798556118,41.82035758948033,6.567960871174819,-24.555934636327315,-14.032324944958873,26.945425584025628,25.70247883400493,1.2631044894129388,43.93054730256875,75.81205589400295,103.56678564711345,133.75582906960716,104.45717837478065,78.08034974525458,80.69015513809222,56.551845713778235,116.4615288064432,154.54539119655126
819,51.74964793017374,72.69415039379642,72.99065456614663,90.17847241784767,51.42983884780584,86.61050402974645,83.00079558961849,86.1338061215437,112.00444698284275,70.31806778310317,80.72762257582868,58.29112462269897,40.94729572451988,19.466757977354934,69.16939020053857,76.9541404920637,155.94989864468099,181.9459727533251,173.91885987105107,159.80107946150514,118.692267308167,86.26459630514174,166.5261084425143,162.43102474631803
820,65.77253402791993,52.067898788107016,41.24628149596782,31.31987796576462,55.224766833173874,101.52016566758701,64.4765757199872,33.53784564459767,52.063089807443006,54.666886763432856,43.682731640093635,9.054579262627477,15.32303027915545,9.911434317294876,54.92681808446336,84.12332288571848,110.16823883044016,121.89925034395941,111.90594604373996,137.536066035448,144.44622662954365,123.87253214320351,145.2440988708438,177.01024342792044
821,38.122536976941255,37.7651230211175,-28.419858666462424,30.095160921148683,20.268581442687463,91.41521169923773,99.69505678266603,40.87440511727202,11.403362668440582,11.669387006917681,15.325872418858165,32.227974373025376,40.07333122025922,55.31708301262567,98.03713604766892,156.2663127845403,197.14723544948163,200.85228323431065,223.86694528301425,178.93772533941092,134.59806114993253,106.94777482831319,85.01473752054883,108.1513572858993
822,80.42467393203881,90.5775850197169,56.040472746827795,73.09285729460629,17.260638775146006,8.030889309247556,9.403843042339645,-12.133087245447513,-78.74930716639356,-3.548562742411164,-1.3841505770831262,29.925082624111234,26.564553859785306,47.93299372458873,53.36567897843147,129.13331306084422,190.3831563611647,227.94517599126453,205.35946161467896,128.819174641346,121.74895388860317,151.320294511402,163.63619526343567,182.96702427245705
823,-0.7045848307344045,-26.27501892855105,1.12800886600305,84.14297964543289,91.60068720933153,112.98676013858008,125.37276803000013,39.44627683528213,29.08290042993185,30.729284087179956,22.383443262001485,-37.55490117778299,-38.50086524040431,-31.08508143351919,29.758931906946497,95.75980592364931,114.11499448376028,87.5352923884756,90.92291366178851,73.16669245814808,112.20483727878329,44.11246581274942,75.23464485836183,67.15465648412302
824,70.55927617952719,55.356211669694474,-3.6633079260098995,-0.5220954128498505,0.2721715356608314,39.04193675913361,46.41164778896514,70.51691440504354,21.99182587405988,-13.230538122550257,5.123700041349075,-20.12853639663401,-28.588536656614053,-5.563700184678826,-28.757639317208877,50.27601579031102,100.27140165748648,96.49234025069022,124.050784544629,118.75537324325397,103.44574778960471,78.98229850915038,70.2954616681994,71.79639658003892
825,69.743329208313,86.18688743479981,73.87995979005824,83.54919393319766,97.86646628388306,113.18074486816795,131.10939964382396,105.00892587550213,95.3841881702684,63.86815467988467,117.74367192998022,91.34891162913036,78.08702484844554,36.14223561373124,88.80847169743768,153.67917711223788,187.4161314169171,146.83439945133784,177.99105268571174,199.49167200083036,208.86752072330188,166.9187193249084,139.95602363948421,195.92893996168686
826,71.67596491301825,149.95746635015075,59.70245862220753,64.32398450769632,46.87405338474412,108.84241623211344,84.36543511997026,60.80784053653069,8.714343711830406,-10.630637649500088,-17.160803759729106,43.98768074212111,1.562962574172758,16.76190094741654,11.939923045461533,77.6531092379164,111.73055446129413,130.0840556869821,144.99722646104053,125.57149860473953,150.8595094203048,150.59346942344257,129.33322845230765,195.13364069824232
827,45.19675436024916,82.61406518329433,26.01991104548882,65.85547981660666,105.27618297878816,85.2979192827051,17.382857911092373,6.048510768359819,-70.9464972628291,-62.49793282776211,-3.1489500170802387,14.904003727966519,12.143161565265519,2.571392331567349,4.4910615484785055,67.98480312841961,124.62082379513257,131.57539787000414,148.7781621570752,125.19409817761917,116.39839613260489,107.53916887722869,93.27674457180198,108.93701207967106
828,84.46919908400162,58.21007710921751,21.501697057610443,54.67606284442675,88.83897805195882,120.79422122768676,77.8376164990304,46.45313920362494,42.453033840258946,50.09446860203136,60.83205308486908,22.169008310225372,9.822537566511034,-16.948061383241036,5.373569722899774,70.11136234507427,109.34475385154973,159.348906985827,144.15667743625124,101.187826256568,121.12441599585618,136.8925173415417,148.72986060072378,165.41965277940514
829,64.01592972130047,36.88793367593748,17.94488210265483,84.89421649508436,130.01022440115162,129.61958982708555,136.3558019779589,112.50980425261984,66.10206897541346,56.99305591153578,63.1257575791025,70.80901356866875,72.90450501555492,65.35733216046586,76.34861525068952,86.80408430259283,191.42812756040541,188.64251122227537,214.82283827114836,170.46379381646153,151.65199586000546,117.69916552573322,99.26497131086127,123.20717709576556
830,31.351907935979277,46.849274847174655,29.196559012818856,106.83894013057255,100.79065726637717,67.46722924483944,72.65502688930944,46.15995218230081,22.612071798449534,44.002424149121154,35.29183997254368,59.22505819303757,44.866384751617375,33.195915387392844,81.16472560203647,90.34288728487121,106.21516779508765,146.98827247524207,113.36194101936785,133.64229853641967,135.6285074666548,144.75102278483206,187.70771468871033,197.98377167268058
831,78.8959785157794,76.31118969314302,60.42210307494075,78.99637571158459,37.23226532327577,61.348174581306,48.90966433783366,38.829748032717106,31.49769173097239,27.461541086923933,43.470801418007724,78.0469979604123,45.459723174025186,49.477447545701374,67.4089798353024,94.66212548465136,155.488549400123,147.48109968442216,140.70765189000463,108.29919688974323,138.29677262353823,102.72017314379073,117.96058777842359,187.62986273893497
832,80.69096120942015,75.62851240775491,83.71668174238789,73.76623762512372,61.52380892396516,154.48125647038347,131.18708566450485,86.60892847631993,21.97400787274111,25.43808292565339,34.52079184266364,42.226011937068485,38.75555280066451,2.34543901432534,52.75273158336013,110.23858929327349,179.58956489444188,202.28209743655484,176.13219032436118,158.4007510043902,122.56768907506225,123.1018524988234,145.5775871448747,147.0747332726671
833,82.25829828892711,99.07587437166298,94.8848361583731,152.57803340165583,125.35095798885975,97.3533123346015,72.48927131927704,56.36226799580446,22.369532666836335,22.144514437283664,9.056621330554172,27.738472101651865,-15.326943401346895,6.318921538192708,1.3528638446984402,78.05638116723968,80.01710887133311,137.84302102023844,110.84245680286884,106.53474159169531,93.92895553106973,105.69892094754331,126.65617584062782,142.15158942087058
834,121.73778009817269,107.15077255671308,51.27792699448461,77.41055231351662,73.72865162985799,90.37148068031217,46.40678963252532,41.71070341682648,14.066138075550963,-27.63291319985487,29.367991221057842,17.049910910606304,10.005692608266664,-1.5129181272001908,22.847136358845596,107.24994002957453,129.3540829109464,144.75561184993538,158.48452375678497,118.70585099577012,133.85012017073993,111.67276880070582,147.7485935107129,134.6998488043233
835,12.73010692676855,22.163314822800736,18.997841425472476,69.96064460769875,32.964542186238425,50.60954831489765,43.37904556120256,33.23937840611743,-35.7807859045101,5.487863291801119,32.08994866126555,1.4398939419449874,-3.6148870594998073,25.464225643794002,16.83721802184916,68.02871764389467,111.45725639325579,112.69828716140624,127.16407810608263,117.88426667518709,167.67563947023328,154.53548564540503,129.0907863519988,115.22556904631399
836,95.14762432295146,78.84609506816169,46.268604622137325,45.516315219721726,39.96464522596873,104.35294691813752,69.5901181652436,59.68747375739146,56.85401765241475,67.18372676947558,14.469441718118105,22.66679032436737,25.995950654637326,45.200258203739146,69.9822258048003,151.36078708403903,134.5228037614575,151.76274545833292,168.00503843387122,113.87886306750156,156.82173018761182,147.31246737592352,130.4250279183819,130.87541713152123
837,60.2251191798983,42.531907683789385,18.533151614514622,29.667642833888294,30.75796711650333,63.35008556098165,76.60681358108555,21.469330353122245,-20.966513289660092,7.630150177689309,2.155951764694617,43.290740329031465,61.10610690058239,56.0604994121927,62.09915903082038,102.30483601250646,108.01939260507507,86.34912897887298,120.90759184148783,100.21673029717377,117.65196285667926,122.33694503557122,149.07747668562274,156.59701481846417
838,129.4506659418002,83.39420304223304,102.54152550015243,72.42998338422866,7.718927719252953,44.32643875015279,101.70949457911982,95.62995358746163,54.77034560567566,30.8704238741308,39.88751714192118,33.27952232864205,19.31056909234581,40.914213983213735,64.14305485302899,133.77841728957145,142.81275572329244,164.7510429576022,163.41200249613271,139.50126293419157,156.7234713230111,93.77273344045287,55.015890370415136,58.011217775347546
839,5.049638747727499,30.634211886232364,32.89248227800778,90.42458592763921,83.40536522411985,131.29586791106388,150.20833597969943,90.4234025199756,45.116306100354805,87.06648404397578,78.7128102559061,90.12898940707352,97.98541815488781,99.24804802405633,115.04030250383997,131.99976687026924,113.12992910533848,175.33351546688647,106.78748639431392,111.91299263277739,75.10822403426343,79.80432858369105,79.12531730065366,95.62843345530348
840,99.89465444527508,70.65700532633235,46.1412179596355,78.2834750443785,32.34819527341913,68.14201277821675,61.69641090403437,36.9007924937094,-1.8884573322890503,10.368003871902307,-13.807043512712312,61.791993001405515,43.04082275173788,16.058207512311288,89.96739719708584,86.18686472948579,118.17304382059822,138.69174009858352,181.50430324897076,175.05469510818864,104.09226728133066,98.52157185687469,132.3371707519082,167.98619566957996
841,56.77709436324102,77.45681627690816,79.5185568297409,109.79405738529317,81.90467975219502,72.32159375452903,51.10196087294149,18.167285187414603,22.536937714622837,27.804532570681705,8.097105698921265,27.76304202475424,55.202702916348166,30.76620300061343,34.87784216028676,50.67001706228429,76.98166862419501,130.8796618602631,135.94679947728864,196.00718584491477,190.102848477142,180.83750193180873,207.0576775748646,182.52719964277418
842,30.98124543005798,59.92311973962028,51.47297254131926,95.08473412240666,102.95156077811504,137.94787655549663,133.91026011965022,111.3853747912487,47.10758885196183,-18.342002246977323,4.589313544580548,60.35011520756191,36.70562211113237,-17.075914775545133,-18.03530351255241,67.74824355067251,84.16366116630131,144.00451827922745,117.95456114969134,72.64621714711278,97.3899315561074,79.74995731324495,61.50765993302451,119.09613988249943
843,100.81389366874328,72.52479533584356,62.44167261080635,127.31776397820403,111.65075518829852,155.4438880185067,94.8963722159298,22.70767224098668,-29.305507252286276,-9.437710103859132,-41.68431458661878,10.646425908475159,-7.464666846691145,-24.473999551485843,29.598295458483822,87.87171720563008,61.970497962675736,98.40993202393061,86.98894640814753,70.10270860657691,70.67428073805769,93.91272598365262,135.2250074164352,156.12494293321413
844,115.28180615206202,79.16954599003799,95.07549409868064,91.27149992655865,75.69091698562644,90.01547646891864,32.17976459352323,21.625893596169174,13.342274788202992,88.04851407745292,65.93016467208368,69.49167378102798,53.62306768793171,14.927036883116028,40.34855749620371,119.23176585746972,153.65835494631528,161.3304422260232,136.20895943849106,104.4119423001091,92.20863562220748,80.04869583414091,111.27080465952713,151.91895977611492
845,86.067052339317,87.34694980823444,68.12654817029836,171.0731256691801,131.77741462421162,151.17699443870688,135.1321075201459,119.11202534722683,112.59023390289661,139.06414526950905,77.39824668636501,66.50066128426727,94.23538892175318,33.361010248572,62.31205968138835,65.48261263012397,74.33379187522718,97.57770660944664,48.499304906767364,39.10433880492944,70.31238178996928,93.84966613337652,89.7911824531257,124.80100429854691
846,88.54802410410991,89.0167112909507,57.7681260035113,69.04564220767985,62.91159449912302,126.42102526527218,93.58738827945959,21.567997681229503,-26.55285088793468,5.4919384432718985,30.321093591074067,72.64352736254483,65.37508273222146,45.78909902188782,37.8661403282523,117.69931938450931,115.6605193159927,122.74482521885247,119.88027953314017,57.62476883884747,48.398134446399595,42.111914375717205,80.65630060934501,157.34241567341363
847,90.1125868272726,75.369483605177,9.99957235203265,47.59095905460836,49.98682367555641,81.85972110864736,41.21625728303917,42.28286604198723,19.364049567981926,-0.418036431355425,21.50406171339448,46.88448964685342,65.44873638034107,74.54598293736237,99.66501282429223,166.14927011875042,160.76031112731476,160.11375384883064,177.0991969352591,208.0202458952755,195.09848990977562,161.97270650370837,157.1034125169928,234.40621413095354
848,103.41141927244361,61.25659069466735,54.879292984895585,87.65356084783977,76.71610746914638,150.50595310304826,105.98339206020984,94.50135425395845,53.19474164030143,51.78436196380966,40.63939867062951,42.50908693926294,40.480667440130716,42.297125398959295,60.772316235554655,100.26492893583197,104.25881943554954,102.76151248647886,120.56303762511607,103.23914207955434,82.63865134089156,91.65133277777156,68.04034870053795,131.4240201392464
849,126.15275320543236,98.17626192607452,93.25548868582149,47.57764306244421,32.24510647024569,65.83545609384106,-2.6462726819579387,-19.22592940601912,-41.22323159758288,-3.4756385318249556,-177.3662960236789,-86.60604558509624,-69.53247021815152,-69.6782076321877,21.14610014731435,99.69736901825996,124.56953646855249,135.33208261394157,113.21605571594856,96.99271900745265,139.4225873926229,143.87855521280585,160.52350289411555,154.34674406578827
850,85.13592772995287,69.51357301987329,19.719054181149048,78.21322502004928,67.43963238870589,78.00702910496662,48.31699792612754,-3.204871318844866,-6.283824152507847,21.797140650627988,-30.1923510989985,-10.159798979373242,-0.2536117397530546,-2.0400084269346834,28.652910601658796,72.62931880392638,139.34014011514213,177.79313837654854,185.52762571011877,141.5369993512154,205.8500296210994,189.84688940256734,164.50491904392644,142.83029721291297
851,25.3492286912783,69.8076559624897,24.803514025326916,34.917420527062895,26.08698453005946,110.01579422344909,115.13716602957044,72.9999361049015,70.96978070489911,99.46919350112552,98.87402226207078,110.21062138444512,47.92410873258292,15.800000522405767,68.98418812415031,149.7586431435821,182.1664516904229,168.30054374466368,151.76127649834513,157.06171889313248,145.85122203501845,127.43298936583106,130.81068291973278,145.51354498713908
852,88.64700468327935,83.53523447942915,80.59255851386749,120.68642714221289,111.73044810108422,145.96232596698596,130.30252038204432,80.76425495706292,54.43295760339715,72.36497768242327,34.75742505710538,43.779462022595474,25.914364877820418,-14.829321225358644,2.7147352687122748,67.67106020578143,101.71835677519131,116.19052221232339,123.50787524578189,130.64602932666907,140.2702565733911,107.90190483973801,119.65524790248512,114.01970623253703
853,5.983641929563419,59.07002895703722,65.4693798756712,59.40321821295007,79.01368154970835,88.67395733574406,82.5557203165354,39.27398147389948,-0.1491938010462377,57.88634242718108,55.94807244235951,74.29183913281543,64.60881706763301,43.701301441198794,62.545323335547934,74.8862792775511,156.29705883729974,116.74425887866131,135.7733579414043,91.51828378096455,74.0106111539358,91.34427183167988,110.6579453269269,143.99146083715436
854,30.592060737665236,59.008143262831794,3.268801999499466,31.44945937941541,51.54093811628611,107.30483172640176,85.60421758484718,30.3533392222592,-6.798568279419182,6.5392812568737355,45.67777572458692,39.48932701542875,23.62911205255758,2.723391866768207,2.0309334676960162,60.95765561623443,112.33843093929073,134.1496979428452,134.60583820474926,88.19829020655317,99.64856187552002,103.73792582583202,98.87563252249257,127.8896238575207
855,84.09584119515549,66.77236212191528,-3.5408420734427324,50.84339647947245,37.85756439405005,81.69062128656762,99.5343767308131,89.09463185971785,25.456915204238275,56.1505471634965,98.07699820656514,92.8793968921668,76.7368072954352,42.13466774679739,116.9202277894814,123.21272447217632,188.88240270869764,163.8391514405956,120.75989408548404,79.49367176277825,67.02413854400115,44.9214242945351,57.23627675993751,80.34639007372857
856,72.89033410267957,106.73487028368407,66.87848571237792,65.32095158533275,25.85264318578961,92.46574791681488,90.14945645356433,34.50593421202897,2.155272966733495,28.72497340957719,-2.850935010280864,33.10278048264617,43.50950071040145,13.149552466660353,52.69134801590532,130.88191692025538,128.781789441042,136.80711654028846,153.13733268040156,151.69109419021822,141.9668709315493,126.86848950450052,130.23996708100577,108.54649110329626
857,-29.061977250568646,10.439933985382282,3.1560353896683395,49.63700535263508,22.19054751180282,58.486640847645454,62.6443197213934,49.27788985102928,24.32206158137637,56.1875414238541,62.71544925418242,41.88737143384361,34.411609653325996,32.67971873860144,23.488713405675583,74.34399074415957,145.35592961877657,186.49763748364998,226.12828892900785,197.63502113637003,189.3490098017078,143.66587573125992,139.28223440431609,138.49324274865128
858,89.80617776643116,56.44601957352586,45.208002953184824,69.56985377493031,56.54136167332961,77.33637996688347,59.28803067026291,49.33901817004076,-6.323887895231373,-14.754168354508302,22.30166952630978,-1.7490985877924246,-26.960856933178405,-9.334879054847097,19.1760817390494,54.792346682329054,105.87738987288837,138.1648900244469,144.78558549492988,127.537307377374,123.96838290551842,115.23241954838507,137.92847530676673,98.7024592158216
859,57.104475337007244,59.53324859300092,41.31673202287552,78.58650934121052,60.000560637061454,96.72203363306036,117.26491545976106,78.98698511861824,65.24970605095379,84.42106589708237,80.54722168514145,63.462628615880924,50.55475092538726,59.3184767957424,99.75681684797664,130.93474784101713,185.9854179785476,152.75823902540475,134.16097651860767,65.62895139496682,153.61098658362818,144.14923393822568,182.07989970671807,179.98609822368167
860,38.54125441437347,92.92325003223922,92.9589640730708,128.8776378415322,86.80023533351874,102.21856879128661,111.48487369701763,94.94746748751042,51.52215759369862,58.056198009021166,24.591089993706625,25.748931984771065,38.38757925276161,0.6609388034989365,42.862412353949196,83.57868246050332,112.36627259566673,137.5761610035836,187.91745328653607,157.29002422809359,126.73331880543874,135.3092173936267,160.19510916215748,195.80892560453307
861,99.44432732755651,105.08332222643878,59.77359775759324,108.46745277592859,86.83325567581409,141.24825639419615,77.85386879002402,25.97551744892203,-3.787489531898487,2.776705727640689,47.15368646288941,22.35316536597666,36.712636704720936,73.72180154020567,76.27922689745017,91.61055947478042,121.81838371194664,107.14913091911883,100.21028343766645,66.57482067701162,78.71092246064607,88.09641220948437,115.0629988671161,38.73755337280012
862,149.05473380869586,146.48790507340186,79.75949115661632,97.16472977527457,58.650081785101136,105.78233851206451,101.71317666356313,61.796323350852184,1.0868539571054967,21.789795857647754,49.44139516083327,44.450145340256505,31.663178042165754,-20.896047362665282,-6.5035756207605075,115.74851319621388,136.63791921229983,149.52612881404244,136.43436644705525,131.9843437933602,170.49096373042045,134.31232576614417,124.05268566639339,123.05978305665198
863,46.96658618127715,69.13441798775914,54.00883067477635,84.88853271116953,40.503179402097956,50.341918820520206,47.98787494502611,27.731199070476336,-14.259769668111446,47.06625504164316,91.68920129347184,110.00510932618349,99.83929243234195,58.53833699581247,92.1380125934356,95.69929487932424,102.88366334205794,229.1903360149646,229.39790982642683,142.60334658933567,132.09422656978856,118.10327362275191,114.19075036761353,169.88948914152076
864,67.37477117235554,33.38415387773182,31.810711177705898,97.77552335513492,75.75968165700255,58.99334194190122,51.820020407270576,34.25125018835499,16.537081926611222,-21.146848555502395,-6.562686347252594,34.23149007172665,81.64754162529428,36.64874889611161,46.89290307489924,93.55299572274802,82.49612497750678,137.38121851561195,101.2229769695728,92.05528839503795,88.3803190663199,63.171094299712,51.48485944650537,88.98403149900177
865,89.95457971848725,103.35693547434164,50.51370386643908,71.41004086069306,177.60384497389754,220.03081572579586,160.16930273094005,149.41200765747183,139.1602710435937,94.88803419110724,65.74556501294734,97.78483519866967,100.57114996638472,126.38779602142964,117.55104547992372,155.6232815469194,166.39263500788172,135.7014319311102,130.12173379557916,138.67929711205932,134.2753980151793,134.67932561671188,181.96077312413485,172.11033698276123
866,83.75469630009903,23.13246217473523,3.682374805265006,44.575387752199404,44.22640657486575,39.15912182042091,86.84912757805895,73.20108347643088,29.00199342857287,57.00866059781136,52.783813961030724,50.43658324112192,47.66240639339718,65.17920970428803,76.53937184527841,88.39808934393429,136.66314085156287,141.26182945685483,167.73470702959568,126.84719638259264,101.45525509881807,113.11495354858857,94.5373875567669,67.79299906712244
867,95.26479257889413,92.4568487821717,17.04896531504747,74.84634145218618,43.04371272008432,110.0809002650656,123.37381946366493,125.27270549761963,69.1370059136152,44.51219585580616,82.79156022750259,85.44597985537477,81.14683306965959,69.47433176534118,115.97476793355949,168.25061490927052,183.6433589516831,211.6086076475965,226.21646626957863,216.742120863499,146.05696641491437,140.06636406878113,148.7935755547613,152.07053046265352
868,43.16849491615544,82.51150064618129,64.19661769791674,84.00124784144556,50.5897600307793,125.50115472573975,98.11535891675014,52.38745720225191,5.174948965990325,17.73119102855808,54.45682965201698,49.89756094325766,67.33672559273978,48.70597430649124,61.13068739744227,92.18954150577325,129.291830742225,122.26776201899466,113.03254333263399,99.76384937799673,110.13170970283734,123.39334760091799,130.77304569034123,137.71785325149074
869,52.22198704333014,48.1170688983408,23.256115171855384,8.560966280773584,60.29930133168461,89.13837917735214,71.57018073266005,54.89461936530613,67.95710194438927,66.11663381702455,42.65598573536892,29.268979828707096,46.64029822305491,-5.162785018206716,13.120501129328893,82.82461530267351,97.89897228288193,115.82430570750907,120.22687560673471,117.16080311319641,136.27742663039194,111.33492053700078,103.95026707919897,127.00331419801577
870,39.28974438184221,29.143522363353526,44.19650948977656,93.64577297170052,107.68594276900355,141.86072387402226,133.25971424620946,77.10682282008926,8.395432217300588,-0.32203612758971545,47.55616918526255,9.979396548409845,9.219399385649123,39.011894554106476,43.276762005607935,99.6252964238183,106.90316974517361,128.84662460315297,106.66574464333077,82.44898441753523,67.1007547218953,87.73090175201587,114.42718520834065,126.61040967271649
871,108.4714522737508,139.71966148889476,92.27626596035375,115.59231898084559,147.89999532077547,140.22028485748748,68.06501637341003,34.81656300854817,2.8428424626934685,19.019789584978543,27.66090338719945,73.00617226645481,75.03298319526078,64.15369600986891,82.70360850417126,137.5284540309499,129.16742868728647,124.32863687720389,159.09429807974993,127.54718496740927,143.08450982253066,136.44419158807364,134.0533951467852,140.62988284173287
872,59.016607405123075,78.69099653954865,33.7911931823933,78.58883974948034,43.98443064916917,74.21499177437772,76.43551563262508,78.65526156738724,54.762445083391384,35.03791044273388,82.6680077649748,38.4603379756559,9.109387165645312,49.829972004401185,44.53426512922685,159.93268017229184,163.36631484884677,136.9036739051998,134.97174325307455,144.74317855862193,142.10857363098373,129.61191055368073,129.40209410597942,135.69261988499719
873,112.76842437593166,122.57870913363112,118.67660548605826,173.28674658110697,84.05326460301467,97.60623546499401,103.1315567468333,94.8678970567437,64.88087480844297,25.034982563697632,34.452305649013695,33.698167026327326,14.098570805429159,10.441891223808135,19.872292595837337,80.17519070140084,144.6984897946989,104.65602193619765,97.54098882266362,75.76325604115117,91.2003068492034,121.13442977675518,113.25643518517852,126.01706457835301
874,156.19316510218474,115.89243052788265,80.97638132297894,114.94022205852177,86.30323704515628,133.9557901287122,105.09551629307788,31.721631745511072,-3.1563282631285716,46.137764782758396,79.0228219736628,112.66041843031238,109.53881358914343,70.24229591722327,87.60307991662873,81.55643521795554,87.44588882617361,113.80928403776363,96.49891356663562,79.11620525102984,83.96837417320192,109.56655993803736,176.34980818341546,194.3010591252497
875,116.7982352124411,110.5737344273125,68.72340638855027,71.29173068962665,83.8480468308642,73.49238248476907,45.1633442224026,-4.097916121332389,-70.52733110530463,-45.38475565251178,27.597024669008775,54.53039670300423,25.80942744032145,12.945414187962076,24.36631059744986,77.01530115761409,116.87092275448639,138.95845020993485,114.45177153408896,107.11211270913067,161.25712657628435,96.06526446896393,115.04902016730638,127.99347193987226
876,103.2049432642212,112.6325629775195,56.48256228155315,75.49059122288737,66.95272095286339,123.22588658063277,95.60197899715315,97.22249653692725,82.33344628628933,72.74765536844441,94.56912020936113,103.46137310014689,62.867434480725436,36.27276039050217,43.96548412425412,62.12929028709322,97.02353046619433,125.28654176038404,130.3348307924035,171.81608363199064,143.23318845532287,123.58916355326092,114.35430134310596,139.93298279174087
877,26.138927082534742,65.83843710140889,-1.420075350806158,14.318895571353053,24.52242873572863,122.95120503455863,86.87047534039655,54.50865679945189,21.373488765318037,-2.2901835305785667,-4.348139806655809,-12.866109882900979,5.320035030087283,-25.795421785023127,0.3326926573169544,66.41625677491282,94.7438274699041,73.30765340218781,108.29092218243204,124.38058184631782,117.04756705734944,140.66967488643928,121.92139184716162,115.62711626816781
878,79.63454836212549,98.52258165614504,69.2248548367382,91.91465228303252,118.60243328986103,153.03568520285944,86.84278338735461,6.303961251290843,13.094688922091066,0.5027966406688087,54.973433330617695,106.23478975456439,67.92042671333829,34.876694470513726,30.65814849954408,117.33872549208246,138.30134754587434,137.12479826649292,114.91273364874418,110.68775445011009,96.38182426900022,50.70756623382803,95.96628448451042,77.11711552307099
879,143.10149884160876,94.92952269652088,46.522512054240494,89.89142158867574,63.628150938855285,116.70999399158367,114.59121533479328,57.74032945208485,22.96670620572633,56.467861449628224,73.24370767609737,45.974287640338716,2.9670211195224994,-21.583625399588502,-3.893124386326768,57.3524223748556,116.449152098587,88.92570590492073,70.5756147392639,88.83428626429054,106.0080383152447,80.67573496665777,65.35799565511735,92.46763008756523
880,101.65355483187362,134.1182413536059,104.23809535738155,135.63048834334208,121.75662465660871,136.86431906618412,140.85640432521092,113.06909831783925,50.20490405070359,60.973343263634234,77.08586544544981,61.29378492949415,92.38689353384648,34.45438044553159,58.23047567018722,93.55250441471803,122.32375925299708,116.27821306010534,124.98293248730052,118.89092240431928,85.18883293902358,114.55566139539373,114.2988748193417,159.1899680907503
881,71.2231061507177,67.31860790257262,57.83865698432733,94.917881623873,90.33227584703813,133.4928517713829,145.4552279450375,72.21471657320896,43.373899023965706,50.99441467937074,34.6165018367092,21.17433693408663,-12.159323907313762,-58.901833927311415,-2.1159806308058364,60.93084996681514,145.1676328918299,133.98163513167265,80.63651309119804,62.54820545739898,93.44964446990642,65.94707780757957,78.84741474692882,104.48918738341862
882,108.77851179869808,64.19118448138201,150.9370125940162,158.5703909438925,110.25770342167414,145.48562700136603,88.2941713425825,34.01185915365994,-7.806610347698907,17.131400673595138,33.64975928380381,13.675680477811383,1.670597684052673,-5.158566199486746,24.830735441109002,96.4110375210115,85.57916178925939,100.8147318947615,82.95020607007066,91.28023667936637,129.09248846564643,124.49035149166545,269.6036203568416,249.28626704394804
883,117.17576000495218,123.22783659665205,117.51163807272286,123.28858880269856,126.74471802763142,149.32050239297695,117.35337406800565,89.23185062176255,25.648916044972125,67.20946176162207,53.76792975713599,44.90816687735125,34.24828426744362,12.696286593356618,56.58735192632888,132.75159120470295,125.17762861377672,150.43890096048844,143.8715150552175,132.70096861418935,163.11626451651625,158.20946724802207,195.18072076835833,155.7972614405772
884,71.35296556267845,71.76421260975461,40.68611269061308,38.43162907456873,16.54161747521337,62.45387489966472,97.10795818248624,108.78233313736173,68.6250216065165,69.84360419328804,68.0645872766422,68.79699203420128,58.67387042467288,98.89770664664346,127.97611221356595,163.67985912635055,169.09407814616273,151.50003502884647,157.77912752810823,174.93765690703137,192.6975182264618,67.11624035550959,77.86602194624368,77.8894545728742
885,36.297852170749685,40.655804266097526,7.542926124428476,56.62403639648506,67.14818506861623,72.27980960233523,109.18727180515039,62.02564477810178,4.008373369394306,35.25131152825336,80.29280863519737,52.298009821446215,55.75305669331063,60.51998211640236,78.16891237335379,92.69262678176251,116.40395387852914,179.88217073401216,182.25915536899623,151.82093662139332,172.18275591207265,126.25493486382794,118.5092591588382,108.7633654102078
886,81.49328399368223,59.59364094869547,69.69040946141826,125.81914197973911,64.82616516384843,70.20426844402076,34.30324367512043,32.61277576526818,-23.340961973072417,-43.70484558884852,-45.96351304656177,-28.61169010148752,14.051084268841002,-12.496827230832512,53.042391029611984,91.15231459240414,196.08273337230403,211.36437061948556,164.09392387387584,187.26295515322886,129.12619111125517,83.14247795634341,87.3610528948764,89.3212011660052
887,61.04727172021879,55.907687457325856,52.578465582251866,76.04678389633617,69.54987881827712,119.43278451951718,115.81400467776542,81.81264801104653,123.7184968457901,107.84243726583975,105.22919928226635,96.43958660583502,72.13218902012989,43.74286330159488,99.00640570117287,156.77048428286324,161.27549005142583,155.2712864398332,169.9014306686473,166.13285447671268,170.53048308716262,124.27368163765422,117.7247714844823,133.34193026907556
888,40.75139776744506,1.1056210748815403,-9.63356294276926,60.287953188711015,53.2863533993518,82.92353851936292,63.263911621275945,65.61966063495566,58.2487330874663,32.1567874603289,54.140175689918294,50.47563678875619,25.29428409753509,19.097902487943358,77.84237890572965,146.295663477267,244.68178582163554,215.14366427587095,158.748676432462,91.22322662582833,137.14819920977905,152.94811678198275,174.77195981211912,199.9766260907312
889,92.41887885238742,66.84317027667791,21.335810452139704,24.489406471596467,32.51375144085322,54.26490271773367,14.959762441178512,25.726863092635096,43.761115961146245,43.810487548323174,-3.224629337459689,30.93307736573465,43.83317659771697,21.210765691823205,83.20596871875493,125.3355439181969,141.29072756888058,132.1172687262933,89.80746682436771,72.94008779099786,78.51755263052463,89.30848404123233,69.41973139956724,72.66479082630349
890,55.405785610728856,38.22224752043413,7.25682920442312,80.80506904942584,46.95636360253128,97.75240590555804,88.57854104825618,79.73770803923507,64.79503124282128,97.42540185813678,100.90459878459956,66.44497239518483,68.78187136480682,42.09486008898349,72.6852410462343,121.28667204996063,155.5179831997093,170.78903386339107,186.1971954144189,118.25343681853178,69.49917724408317,62.82497075279597,67.99383838387975,130.8057547463018
891,107.02098281468507,93.43912903320563,19.845303370705114,40.03736484121414,43.165446687959644,67.24692741968894,89.60420679501534,75.11393402225994,38.018927725409775,66.69282785231596,78.7764634331656,62.48326674141622,47.57962434268454,84.2662454691639,108.19731839541753,185.71547357469902,175.3110022919274,163.83098708844054,144.8642614864664,78.91617608281933,133.43385552749822,112.05435930028153,86.65748528950485,89.96636015629394
892,102.03765158402965,115.92823942754843,68.36174258674836,105.78247332937661,68.045442554231,97.04977566972242,130.332317018076,59.442650667911295,28.0080012610309,44.59474249421054,40.93722587114807,34.267387174464716,25.186324622261044,26.44457051867149,48.002416770967336,119.97077354783488,93.7822279066001,84.94520942993327,110.71178567959257,54.17389745663223,56.72216280278538,58.23765367014918,113.52481336595807,125.28274629611572
893,117.00962206627045,130.935231674102,93.80996875735556,84.57086346294494,102.9788870960459,93.13631000233238,55.76652493350075,28.15500024294584,-11.471005210702941,-8.623241564973348,-14.955982211328553,18.10914520087449,1.185103361673967,-9.170006452312155,-6.522002659039323,12.503104538712122,116.03983330066694,121.45214999296817,199.31913175214214,170.2788648623282,120.6285875712667,48.14803199140806,41.275933340290536,92.92091722583528
894,89.61926342940677,101.97761868619662,49.6400469081604,99.21386804807642,102.32784890153751,129.86620796066472,117.97145067145985,89.2950999779678,78.6856261641831,105.06320745323487,109.64301053536565,88.7294433303902,40.81352020220935,46.61811141452105,90.17535832804168,130.49767672322005,149.5987861822874,176.95207349925982,213.22348443809355,152.57999556813832,158.14656802243877,148.45032636247743,141.22029859639588,146.21559096066116
895,51.30731014145762,51.41137159387789,22.135915674551605,27.060813261220055,47.88520098717965,52.02364922262488,186.06567015821497,102.72561226273646,30.191246912296723,-4.157091720043603,15.117538768885904,51.237511257999174,42.2594476628178,17.29448980573193,34.88253524447024,54.23338090100162,114.25225141236183,155.81949441502516,89.66795724919393,70.69883915791776,113.82218402677839,53.229583517244826,74.53251553422271,149.52959982810003
896,55.15892618770589,5.486060340181382,20.583217812090247,29.440175075747334,-23.98022649625804,-16.058894753614666,12.489921387449982,6.844120064343613,22.494368206519315,78.03338245775728,59.23854774546095,23.105830707581905,70.80845721509394,47.51798092364429,113.29288293295909,136.7229202014497,144.9793227745788,144.77765977782076,148.88306909985775,128.8807897155654,160.56141736936965,142.17831408836037,82.90324393132612,90.18999546431857
897,83.58925021220017,71.07221736410727,38.27429416006687,59.84487535044994,46.67251793574417,101.05594146934878,106.84751548624313,74.43178048508278,19.55209789730939,34.77476857872269,16.016243172851976,28.060932035488534,14.796437991259289,34.41205448231547,42.74458107927674,77.87747574670058,146.93739632718606,120.77996240169982,155.21529161997006,110.92495575402664,125.029267791608,94.92457886076294,28.467806158197476,80.46233902947392
898,44.60099855108983,24.568017295461303,34.46067195364971,41.16913859146117,29.87960224381064,103.90212073911462,81.80661068712736,58.251816973710284,12.10375645032075,27.130524940578226,63.45215408703152,122.18775967658146,53.9649200835155,106.63459415873062,119.95411769911692,135.2806013383273,141.09642017686215,161.7884197004048,121.20585677999999,96.08092555422685,151.7129196387105,110.01717310518872,163.25172910756694,162.648687456682
899,98.25001188384181,41.93397586074004,31.937913628494684,63.6651729931361,74.23361648057949,65.39061166044651,41.401497856256,23.356319926514082,19.75856287230885,26.750386406005227,87.31636266242661,77.23981938968124,78.63893948322436,16.198077619088895,64.4984744244625,111.51013211813017,128.67742122044905,128.43617002001778,161.13481999658606,160.45432280950251,167.12438909117313,121.31148450062811,126.94567225561666,133.0858984511554
900,128.06694036236462,86.76092691405667,32.32044288505856,118.85008909344236,112.00962725848821,114.45768625114013,119.98814673104002,84.41261653011453,54.22376195732693,52.79583232075342,49.016677984371285,57.562492459097065,58.623757272667056,37.42027301774438,71.85821988612736,119.11560048737874,155.73441260290872,205.09281389001086,208.9290731117873,197.85183240354058,154.44183623230106,144.11283520729071,121.11112618405551,115.26426149805272
901,127.41032442632181,132.4236765397526,124.75547355262589,123.03486429309498,128.8406110325929,154.02066896704827,124.65691171180214,41.01154743750204,51.084766918923535,56.298989408249895,12.986606854743826,53.0347235586456,62.97168306701057,51.750109008648295,92.51301962487875,136.97525176936944,166.89576049793243,165.7716661218058,138.4234445127321,121.02477941998634,117.35066582566927,102.09393837698218,116.27721645259365,136.46608135364022
902,114.58227521084731,100.82653429749658,60.667082186131836,79.39292692747696,107.17712383951093,128.79292491964014,62.61461915160674,19.87744489109761,-18.55413336879218,44.27543398986394,72.78064031595898,66.25000270954388,77.72895623228581,21.781535739960418,66.43747443807669,133.38497369559508,158.10379355379735,177.2405293628953,139.4353232092208,119.10644539392469,66.46063487434257,87.11224925498252,144.85565499107082,131.99503434107254
903,106.36363945133283,85.73899310643479,35.84091677720534,62.2809608925401,35.965193521021575,82.36192123706061,72.73078328849405,40.71392865119659,69.00912949703941,44.49067289847457,54.3606688166277,49.98256284557756,46.48981493340048,48.093725952971255,126.90204266386394,188.74385047711178,163.4925758934263,162.37430545906022,163.06834276032754,143.277692455636,88.26849377486697,80.98829741935296,110.75799364430215,178.65363963548498
904,46.539893153303694,37.89017836158138,2.1983639923820775,100.91205832800964,59.128933344530836,77.29765016947609,66.41935202887734,98.4687543513397,21.24357408650517,48.0095248458319,70.98155385909037,75.03718995909253,35.877104177405016,-11.764406064581923,36.93231432232238,43.76286331788111,102.65568373344887,119.10530886528105,109.52917177595693,140.7285591714325,125.1593739936792,82.97646240486208,98.19857889223279,119.25972231324457
905,75.60653194421143,103.91359635749154,52.380032549794535,61.54695588791627,34.24422682889728,49.49050138983164,45.070518677965,27.648375876974786,-22.6096016682243,-31.344806387423027,25.55379015094026,60.728513922573,43.4659100480468,13.408509664645415,19.577199034142446,63.56285495576623,85.84930335763991,92.05668075601903,123.71075009369481,76.97795826511778,78.95789639129127,114.05040236637558,120.69356709051303,138.66692742236728
906,87.5081882134647,91.31647011235574,72.87638215634107,96.79442444118354,211.7300945210541,171.27140577466048,120.79258026003347,103.39881546382031,80.75505011406206,98.41819226836066,92.09836128312583,122.23540479582175,108.06028695170158,74.50259444180315,106.46655433483014,97.76266406295419,135.35538922554653,169.125351720119,157.1261069905663,123.71733150802011,111.35083556826527,124.70672250251317,97.56796334702284,115.89456882068006
907,101.12276038693584,131.1115155742545,112.01217831408692,74.4113934909316,91.24992522746163,113.18700882966765,46.77142518592641,9.681901195633735,26.60964928095033,48.113132850415425,45.155565678745056,83.30409833894643,52.14465693869831,57.19527204664422,45.8933225487788,107.69019332954389,147.49452805393705,188.20224899534992,173.66846441053454,148.3044774224321,149.7065899048402,123.97298523019329,90.71611897465394,132.9549882022383
908,68.51688338811381,76.66070041499542,56.20165967383497,65.72099767644931,74.95149230485424,77.12924326710595,100.40288199925068,51.892563705332165,44.16909282655137,79.1396385746302,32.69644115240819,7.964088702659446,32.11567266170553,0.8128102887127362,37.22086399024121,95.76930303864577,171.89644791160703,158.71631244564315,126.38594882011321,87.98596630971332,88.3594074315495,90.71915490215719,75.27366831776499,144.72221449579195
909,130.1204932571829,135.07667727870893,97.36507366272542,137.90350401513194,95.18127078246638,155.3403029601106,145.04823166828785,72.50389932487934,40.43327124578556,7.660813932311839,5.500751886869679,7.049524639858284,22.716317294555438,-23.89262328877675,5.823669599534419,37.9410930836754,98.12895442902104,129.92310642408827,101.31691650617141,103.67940435991807,105.0666108380343,74.54002783676535,82.9238715158227,77.67729327432124
910,52.47435387855677,62.408808876748004,60.43294683443807,110.76287915350099,57.63685507617937,142.35694112356927,109.65610936778464,88.37606527004695,-6.687907610013774,26.108720307137908,44.288616680589165,70.55202874108214,74.96588306190392,79.75903964291003,90.23096344550956,107.99843861292757,149.40627731184873,153.4891817300299,155.01177129280657,96.63518412316769,85.69436921185056,62.181055312183844,147.6605622493821,154.46485630407386
911,168.98579952009706,163.14588578823532,86.957757025099,82.65162674005168,54.72259093870762,94.19907759636278,116.3870873537551,59.716035774861375,32.312170073262244,6.891444053547829,27.984170371261364,62.736115160249874,82.7933345601163,58.55625026387834,66.33208855243186,90.43677362522551,141.23072706787502,106.03310004824985,67.51541552957481,50.41845218257292,71.64896290171464,52.638119786527135,88.77445391815975,35.521923291932126
912,111.54374273052798,123.27596369506198,87.05313142745706,105.2251038078474,55.837781434041005,57.86594170809318,33.22890636785664,11.188763209681625,25.867423579148102,27.17590700806106,43.66853627284975,103.94413668444504,80.89028300809085,40.27414845595882,23.275131467350164,77.31120318722313,124.0970962825306,100.70856164675732,163.55129341394124,158.37919685308034,123.02066615029106,100.41802590006304,102.13559052843661,122.67199230230221
913,57.579237538554025,63.90943275538709,68.10917486004257,127.80568614469425,112.18617428524004,83.4116275336761,95.96456486491374,59.12343384592425,9.759378423486062,12.898064533560715,16.929492136928978,-32.196887978522874,-12.650440040577898,21.565873157775997,96.32603662590202,156.28475233224202,158.78348446332706,189.58670100895975,152.31165615972623,158.5520503741609,124.97542656707655,122.09147557389186,135.60946832045985,112.00468463028542
914,83.9421953179215,99.51897091949084,54.898003225553374,23.732734263414564,-5.457378144522522,18.78478728028034,58.516153891766294,51.29160592544985,71.44905362983641,79.26390366000876,46.89896685306367,46.289222002676475,71.86786611800261,40.776654054205146,2.508892046399602,61.75911622746907,62.66012325474631,146.68779372848994,139.6350839855619,85.43205908617301,87.97838826157769,71.89098583734088,82.14972490443674,138.50774000559917
915,117.28507771531838,73.34113211413965,81.17733336670128,109.15720689663802,91.59949833502498,128.1931510307095,117.65696065670517,144.3134431262489,58.06374763611436,88.21318788678174,45.00065062969942,98.91155897859619,68.18190540598657,25.37251907867403,49.69188542283838,76.48526048271015,140.96491155563095,127.50430459138742,113.10763112416562,51.075917848652765,109.30247539375102,104.06765942657336,97.42952770852052,84.71553748204185
916,100.61668359852803,127.5068206117756,103.6054877860513,154.09531427858127,146.79548420539382,177.87455660317397,127.5907816538454,80.50097551314522,36.67496698772341,14.988014367671681,29.075277425652484,24.312773311055683,39.39224301451213,39.6043704826759,78.3993370167212,106.7645974988123,140.8674823252676,137.61448562873753,147.0929832221689,141.31173472547468,141.04229889430982,130.70583805038888,115.38553317993161,151.81669107110645
917,68.81973098195124,94.17536462446643,9.691927375007353,9.837467152527523,44.433661592864226,57.16632727835704,47.54302297276224,17.658382404095825,18.417995743747888,43.087398784167156,55.620369415918326,97.40343424312087,108.68558247586057,46.126241363833614,65.36099676226873,120.54544710267518,172.39084499029218,160.50087580388208,165.18033445819628,152.04201963800756,163.3328375879757,145.61114097217575,173.2335062075142,208.33688793852
918,146.88719080403322,90.38873959637425,62.137366597910926,87.297308721478,83.08433713316266,93.42409213758242,39.33747849023818,29.20178804189087,31.66408696714437,39.154648869849325,8.773418714754715,-25.777526529413386,-1.6464590072540233,-14.953972012221332,-5.222418102394023,-6.6851889446792825,62.02519774278406,92.48038710098143,86.23921658100222,97.47746403903618,93.16670907875198,53.29742478633249,93.34710401852706,53.73013080443508
919,88.8377049172494,75.54683705424102,50.84514722725941,78.0381575844422,72.56594984520666,90.50054045430555,62.189530375238654,53.877763212923405,67.78456086616157,65.56753132271572,59.26611809596105,43.06071822378047,-18.723332233847685,-35.99557845114663,11.710413804021904,56.98218281312462,72.35730607847078,96.91309551476195,108.7958024183296,79.65507710212378,93.76196810016349,112.27843015679764,153.45633962091395,145.15647241117233
920,53.119678475208445,68.63090232558064,84.000135254426,61.134887863707306,4.6840276705378585,63.37511296915389,35.19392642482964,-21.22024077097373,-34.44346565003365,24.257523285044932,7.840070330299746,2.2202161646349268,-17.850321578000475,50.8852007436697,17.083077941391345,87.77572444801345,123.75774418936192,141.91146212150946,149.09569392129376,88.98307350702905,71.00928513022103,52.718800981408435,80.61048022506661,97.40239649179478
921,62.904016675085735,83.80595415891112,36.032539664058596,52.4825683116289,15.605368411134677,55.77666323057889,24.314034421486298,38.27388911125751,11.503641456388191,34.03811794006935,44.21722660416669,28.57570891056824,9.067205968189747,9.317502508481418,26.954151171249016,92.24285323157812,136.54861345380806,159.4782528088084,156.37803563738657,126.79629535376351,142.93227041489712,129.2052690329192,134.35811463779066,134.5708158818269
922,61.39343618436908,99.98105238139148,30.213893535584468,99.32637098904615,42.35845327113648,110.52956962137422,103.02658313901014,90.02239897200599,13.267190097781643,11.0507372569813,18.359475755881398,40.35559933150638,11.05202296558691,55.18141549765231,107.48564289458673,200.80832227434766,191.01779119980182,194.08510868454465,179.82467583491433,148.142517040899,166.99392205956906,152.08469062229364,118.60413628414179,119.56043705044702
923,91.20071569162546,47.70681504265464,45.28571819231421,80.11800189795046,22.805065092109537,80.54929594086116,58.73746553273807,35.92630709207781,28.20470157362622,-17.392774550605047,-28.020871745108295,58.20277583025683,24.165021631279743,-9.464310077664766,53.962187159867646,104.59666326882586,105.24233842050305,117.79000224753992,121.68285834059793,121.25589941033815,149.83307508925066,154.64778632217377,211.55625393603697,196.94584132471738
924,90.44473914741202,62.78147066848973,108.11458221005972,111.02334520194478,92.475170171509,110.68015923777273,120.01807795474062,77.49955582667604,32.91626004488098,21.695942806517884,25.837727641062642,54.49657238225405,58.14209178262337,108.93339343926311,96.68199475411461,118.6731465902897,120.31226288450387,166.04598900757838,132.4034186466779,98.52448840928699,98.21977321523114,113.21054617184612,108.70135878142044,120.95240792049393
925,116.9797516230892,101.24600588990583,53.11015293445202,95.3185523343045,110.89893853394588,111.34208979469122,97.0847348032514,72.6000180794251,93.36619911862165,89.09176136849055,89.86728398814518,70.59419383028451,34.29953787230483,28.945174250694368,50.86462299491312,100.27874880439019,167.94912291075474,102.56501373401403,163.29960531439727,124.17177490873705,118.46727922494335,94.80370458672428,105.6169425285524,107.35233264708737
926,107.79206357116391,113.132599750326,96.73565991351447,126.7541795457619,113.17952242208558,101.69603991539043,153.8113199622233,57.17798895910111,35.518486224710664,54.34875023140899,64.69110593736107,96.35527027004895,72.65698317934292,86.61005648689209,107.39665635735292,153.12098134383368,172.5784910952181,195.406066799289,139.0481369494506,106.14919165605818,121.13265851761284,86.62403688744891,77.8847635957121,112.28506195698417
927,42.146100867279344,16.89821555513909,-13.942931906728589,-4.27762653998667,44.3441958955556,87.05369152560104,37.7121316025457,14.06924323332548,29.73303542290823,33.29942248758863,78.36228384034797,69.81030057546431,72.54339503533544,32.54514779602139,30.047487010353002,99.28254938434763,105.90079178901249,105.23167644398762,98.63910730932844,82.65912012560533,126.07777133191254,113.46945602737947,151.1603531553017,134.521310039411
928,115.35622420844999,61.55534972003679,36.27630487094238,52.64841313912642,13.355952328138052,34.747993564514445,39.58983684119753,63.256844220320886,5.225292117922461,10.762372382660331,-52.21678401458671,-22.59236913535789,37.07681949380573,36.70442857430521,40.309607527690005,85.22726452071012,144.4338350847718,131.75275087580678,173.63941782443808,134.92337280644878,192.35487624750112,131.40808510303933,124.7272497894744,148.74115830332357
929,92.96155080141176,158.2770064858085,100.9351099264876,101.15387390693266,84.03491002988554,126.03783603700236,132.1478399929008,116.49913513485761,46.14684322109309,99.87609974650724,72.29234131500084,79.22738080686914,59.43194477241296,94.07943529561302,89.37135997942752,117.19896732362571,148.126935171022,159.62390494209885,129.49437038479476,85.85667255994503,78.63636549104595,68.59690961531118,89.32385669043565,106.80556812693092
930,102.47944258839628,113.29027929525657,70.82413853866387,105.36835866952629,65.36534602674169,88.33293178399312,90.27125343785654,92.06683817639903,59.993559715906336,23.472503961226497,4.780803990846614,-9.281124203252077,-29.549473533677997,-28.943135596115017,-3.350372163166206,30.020926376244304,96.59724683718679,118.5761118959511,152.76263627304147,126.72585774041177,109.84319739190273,94.3074135049138,108.27697897747295,135.45904925926015
931,71.34353195457315,74.0728451785165,53.41275009858721,91.38569427760217,59.033130508646984,73.24622824481679,29.492915454612202,40.13770725993428,23.010793573150764,3.105943956269442,21.426127936178922,39.33507942137813,66.53692489770458,38.48782509951286,47.57364647789155,87.43916225373597,111.88629310003742,107.94069314028397,70.75396643745654,62.47319715598513,62.43098174765713,33.285012630422926,61.79412667642145,101.11092745089881
932,91.27856048119338,82.32807718708652,63.254832862417274,65.09930912186626,52.11858918260262,85.40582911682243,64.4699029404206,61.45668358931049,50.47606643817795,46.64855493103509,26.836951871964825,49.69253268195784,5.07341840839932,13.37316042271015,47.404376325183094,95.13940702690468,184.71389672115905,195.54850346157565,174.17099377165383,137.89716519085226,130.72133085118247,122.90696927091541,137.72341862876996,122.29449872710539
933,98.00982602014327,135.2141010514975,120.44190740724315,158.87141591537787,122.66611640348448,84.20439124361548,102.34342410200857,47.24704235044168,6.732667260089478,5.494943845124915,23.828837989429225,53.58705425927356,42.693666537116535,44.747892101579225,58.570966254967615,80.3079043104588,89.75090545320015,129.72405743069442,147.88870528630974,128.49991911209568,108.60940502939113,118.57864726147484,161.47801218480424,165.04597962659884
934,85.53407962685358,51.593975396581875,26.472267269764284,63.11542291242218,48.125845659868396,77.68993671444152,113.57548563705583,40.43435037233235,-3.0969770874399742,61.47255774931222,50.97063827022683,-26.11374130586733,14.719707442676349,25.352081045314506,49.51644074938169,108.65847836374984,147.18966899192978,127.70047276206141,149.26400083102953,140.73374731357,131.65595263508314,129.3630171461846,136.56877117497189,162.83295524666778
935,94.81487764646502,80.43251863410582,41.111650162989896,87.12869365565143,46.91163527271411,81.94573933677339,49.15404461990619,47.034599910482314,0.7014067093322431,-21.733544380635998,6.0882893345166025,47.66171566574373,42.81358363867618,32.68912618490624,44.36269264325281,90.49139705351278,135.54564883073874,117.87791303313284,88.75582462810206,98.69329253241023,136.79156046237446,121.82285121376533,122.83819566269777,126.77972711274955
936,64.46303356281487,97.85379434699246,84.68084084771642,114.85695030599476,158.605160311708,149.34011392047046,158.61496611508528,121.02161315525362,55.91340952662919,62.795955995080405,54.91576640799917,42.124355688584075,24.44169563521234,64.62251744421742,52.89279633130745,21.855927884786908,108.32898017979792,129.70126093347022,104.67731044689398,82.3732476047905,110.28258348605553,64.20182119385373,64.95702034821088,158.0879571785872
937,95.03266079238908,81.8853422588533,57.06209483530188,74.5406649012631,63.823712121384986,113.64021678265894,73.95944500937415,54.2248676490569,23.80655081421531,29.158977661343027,0.7582312196779668,59.02954954186942,64.99426276002825,39.85618306093784,59.189461510434576,109.04398728959197,191.25746813141006,168.92635492277114,169.5797866213249,134.95741497428634,129.01673976971523,137.0135721593499,137.0570407945851,147.23222791434716
938,70.63093770513782,81.5898082043787,49.25820527031282,76.08815204027576,48.50848250867895,86.63215381023957,87.09632270250277,52.06165871142698,23.024224663466452,39.08714096060983,72.94599145663098,28.245811838613008,40.81159508579702,5.610758743342615,49.7473609738741,116.05867352908274,128.63208497419507,139.95337072803719,198.97403250962122,151.7117095374332,103.64298378201858,121.39271628454912,159.37707235691727,159.04795567778987
939,73.53803832437318,78.93046197785809,31.26916527393724,18.789362780383478,17.105301559882676,36.014933922654734,33.27862522676946,19.223476730902348,-35.06132458100667,-51.07977132992536,-45.27520644217924,-18.221960825175515,18.92361772014744,-20.346931099762447,35.112456224475274,28.330639702504172,52.95038870166833,63.81644099887444,68.3338398075843,61.586423824650694,45.74807511982347,82.46118173166806,91.42837918178085,92.4911629455838
940,69.779388576513,74.07716495854329,26.078904292964577,15.10694160160049,8.681972838072397,63.818207222379385,85.79186800566342,57.86116303878359,24.545073866779532,-8.614217238580146,-13.822540458396603,35.1999567775622,45.130362587430966,17.096922896547703,22.43982736872087,18.08462797269344,94.5622527026189,97.36411609654255,93.74174730393338,84.52174926043831,120.11884874798291,113.3032940587242,138.18192842076073,108.40774284179336
941,100.61657796251087,124.99957856021715,89.69732637702484,91.87002333754631,83.4754092523594,130.26046167008104,77.40116240735428,39.36215861226356,-18.94899105875367,2.7838340940101034,15.203447097820078,11.485157680221782,21.80759554440492,23.359669926982818,40.04671815613087,69.36851465938649,95.87386099463208,103.44617470133215,98.71790703878125,111.41459803079289,147.25479937800543,119.91466035819872,101.5948197694882,118.98807070452125
942,86.63639565271293,112.9676120435173,96.39118163287546,87.62941427882387,72.02826885354631,75.69951913563624,71.56346908677612,33.52988891527349,48.392160901998935,49.74763924089055,41.793252117937925,78.33521952232786,78.2191362887323,42.88196660803379,66.38365805207629,124.85749151024737,147.71732500699818,177.1258145935914,153.7706497788946,109.24856587496414,131.88822030303018,91.29312036216513,80.60390768570686,113.32502539865017
943,46.2623461720848,65.71454573534913,74.72751192689174,87.95248968827084,61.59995736480654,138.63963313858974,97.63373544991599,109.03958463690027,62.44886353563522,59.34908854126006,37.767682025624026,57.396804460281835,70.69745696638628,63.68366024235564,42.22536796181807,85.49311081312366,156.0487152042432,191.8823686415746,161.51253972560087,141.45515777475157,186.31366782517077,171.5572192352039,159.85244020305302,180.10564461367022
944,64.08091607225526,89.41912528358436,68.04119495337974,68.13085654701152,16.16206987648855,4.015327687459376,80.21115487145657,-3.2174593967041716,-57.067026919195854,-4.17696439241616,-9.086865897343017,37.238328547719384,34.011975335910876,-28.112421098475426,-8.974149593461512,107.31889043899756,129.825579065659,157.70156277919557,170.6993926512066,133.76289733304873,109.53188669889326,64.7606389953411,108.16958000706958,118.6054667003612
945,138.3120898256417,127.80082315928647,67.00795880633731,73.32549521867875,47.07868643556946,60.170219573694766,56.85261427874052,56.78275057727575,60.98003677891863,31.589461337221866,17.987423254933727,37.39598013524784,65.18072732874181,36.10579032136744,58.30456090376484,117.82082206420179,124.94836015257177,166.13310903782184,151.98497433845662,131.88465933613077,137.0098143286802,135.1170977152609,173.33130361771111,209.98948183949264
946,62.95530201887521,69.92329805477497,47.409145819180004,33.585055438564716,81.16994763599229,160.95797852066977,112.99344494744318,92.27837024730424,74.45319681989005,70.29214437930159,73.66783519997045,67.10308784114864,54.95532020907561,45.974216619874724,56.58243185119798,72.26399640615917,102.00267705623133,84.66926777858498,99.3841882302745,79.08358714005372,132.73571503927275,130.9355004019214,139.36236948738426,169.695990381802
947,51.92537570832601,51.28493625762552,52.75229947860778,43.10180121842515,73.41904623831081,86.88221116651738,37.17568982673258,34.07973921244426,3.152569343709761,16.679812032652325,43.14135779528638,46.92756244289556,40.82347561712606,4.947992549430257,58.8092009439929,126.47481697434947,117.50603547233423,115.00471149929963,134.09487901801802,107.99841447436964,111.86583944071215,70.6712996382782,90.8133106421096,99.34571405568492
948,135.0861998348429,94.52573316457111,51.57274561175847,76.03186017555525,33.796538849765994,91.41299822776863,29.623000332642718,-1.9258575958045299,-12.864208310904871,56.04341108154203,24.08575894244856,61.59657631684145,60.887544095088565,28.98217858662452,63.96471934293948,107.78662504824226,119.7179798549167,107.93111390523848,107.17032235360995,129.0687092806567,134.91352259264667,107.55214808420199,133.68276070342634,136.80364774689878
949,81.83451559082283,73.42960328441225,23.073991457984246,21.020005161570836,41.910211302356615,103.84137042305156,90.83924015624017,70.15057275748401,69.11460134778831,32.419272223192074,37.01579651297025,11.356106671501216,6.413960938444163,42.423315900062164,45.82681777842865,82.4882159137037,159.2847532602733,138.52202030494522,127.30029037937366,129.97753193599266,146.210025090156,122.38406636549513,98.17551991192632,111.22531313636401
950,82.17707121959737,73.94723801640126,63.57812895191377,119.3653227369118,96.72318286104552,71.39349792015942,88.22584957820588,37.250181787382964,25.728774329318284,20.83022884417228,-3.5881333569745024,15.07836809287376,1.8263964338159155,-4.713810287189393,15.832933360491992,173.801340366276,198.25267468042756,216.10887230955777,126.70681619648629,81.20945853697518,121.20376353517811,117.03805689837223,159.44121509914393,149.10050858445587
951,85.46780292018107,92.97096044516535,41.85894085024303,98.15625384523089,128.56159252126085,93.95865008662702,41.970185423597435,7.513266803389655,-3.879095074555284,30.490562761953157,76.00821707393982,80.06739087499341,47.91365811666459,45.41250192953342,56.889242570273396,114.76860263347076,153.97250165906607,154.47513351384217,154.2679318701407,118.45862872237782,135.90578163714534,113.05150468642918,85.4015447383061,79.50714626289381
952,93.35350539160386,116.6283839027206,23.718960138846008,96.72693773978952,70.39231214638262,100.38835143472068,67.51317568199633,-16.229764055722228,4.24370475968103,9.033439545484548,18.77642111327038,63.67990600865732,63.53694548640348,82.405907895829,88.99217864325581,107.62270079878239,128.49078862939365,129.6599982618446,115.77307117880778,40.49596159431985,60.59024326737017,40.24924946244185,63.81988114600645,77.49952154858646
953,130.4809445849039,140.7991360486103,120.50043921697412,118.51814237445599,102.15937213794913,99.47446017563104,60.31690163662411,60.583836856765856,31.32107802190394,47.524135371747235,34.90863286225432,44.51462343097715,55.14274981653548,69.53394842938009,87.67530283985536,128.6861988075025,202.58980490555786,143.50368689689572,130.66018565482943,114.57727236585805,103.8474634254272,117.99064104986826,96.75689087019191,88.92978676855691
954,102.96333105178135,36.83486999951785,19.466663172964715,60.603483227385055,42.23341425657232,126.32560816871293,68.80952463279394,56.03901389762893,31.955294627186817,2.631462240034292,-13.217965885732355,8.41025368340268,-0.42648053337178027,-17.22777717578666,17.154475240075563,71.46519228109476,111.07398011303519,126.05362284737656,119.50452236427697,97.43640983745014,83.77950915335533,113.71639847580727,106.45557079002761,92.02353538212961
955,80.81991053888643,84.48942394570493,51.098105941193964,98.00980506643714,91.56109597293079,123.07334274601428,73.95678672967568,38.6475529034573,17.494077009963966,5.61227649993193,32.41092453312625,27.511017406492172,95.63072478743365,53.49103321009312,63.66360258827014,121.69358363777147,162.83862171151847,175.4507325098314,217.51675723658732,173.44991921989282,173.49517901562558,146.41008551513949,167.10960689666103,116.73299888820624
956,81.55666020639913,14.931671258233841,-0.9608177115761549,14.110882690106223,18.86793534098399,52.74647559380283,47.55273359278534,-0.00454606984386885,33.40821490933622,38.23870496792566,40.75001283462805,28.669240335832832,47.962732011107235,69.67952890173784,52.48837590454297,104.03195239050477,144.30413602720324,150.11880620682874,129.8282201379468,117.65523530166001,152.3119179243574,178.30792488878103,184.86013191272235,224.2192225339051
957,104.67099937637687,95.89889131228688,53.17900151624593,62.42298273929676,55.655773266791435,77.052400901806,109.32433501800202,72.90988722400883,85.23903273403573,99.10985862612489,23.994162405353485,36.95369017776416,20.786249927465626,-12.296431559107543,-20.30064043481527,29.222282732128406,84.86443559750376,167.2468568517918,159.4531114649031,140.6899561410593,155.90203327859712,102.1242439896111,115.99500156284667,154.74542661740588
958,152.93122928150345,132.21472932480242,83.39705085147423,60.81413896461849,16.801087995363062,50.818533708932236,27.43326083060274,27.222206926872165,35.929406497682635,33.9955552287899,32.066216291717154,-3.4863707243999897,32.96520981403469,27.987725054926006,70.85426010251807,142.91764242225645,168.84874142611025,156.12929992407686,123.40766570882991,83.74690395623936,93.75657724414184,120.95688472006427,140.0447204454099,118.31871171829181
959,85.08654333791304,111.73458185052262,88.30509717919338,102.52088821884206,89.67988175136838,138.44554570505147,146.2658455947187,126.78413918941595,107.16603612513157,113.88061572732116,84.28371432285192,56.091768131170355,67.67874067207015,70.77787932116458,104.91493519177632,159.18216970145565,186.51460453286762,152.82788152719863,122.20195909993225,118.68414421553574,79.70051050235398,65.18518298147367,83.49322120817224,127.5844031148922
960,7.97554756794068,-30.690803345172924,-22.389646519872976,45.30775182311086,4.010033379839221,142.25469638170847,62.24192000338326,21.343926911657462,12.258717560733585,32.89987014682761,-37.2171833510879,3.0786894242632528,-2.6224965958283306,-16.404841108600362,28.338700892462093,87.93442203056584,116.3616250048038,107.16765954544279,115.1146370416209,119.47247324789072,125.44310398872454,117.54781263881449,148.05815049674294,148.16704222668645
961,56.36374131038256,69.06970000221992,62.23080114319031,89.3451459738236,39.33725291252999,63.696226449171704,33.27912565124121,-26.576626736572905,-120.63799042920704,-67.63507636666455,-43.51153531304125,12.184321934307228,-36.38087192164511,-24.814382112162004,-9.24527332670953,31.51985339274539,60.76940479222486,121.78078373294474,160.86994520100853,117.36114192849024,85.29658705803055,100.34494167917428,154.8555878716562,141.8688098064953
962,128.25798534747102,133.84524063754503,63.650370156611956,98.52233013126207,84.45779312550489,131.94004556065107,106.22518404519354,117.11412739125426,124.04980857228199,89.92041213557034,56.44235294874942,81.78496194795105,74.9101824732589,86.51093367924632,86.30798483322381,107.8134708793468,112.67221192002467,101.73879104869485,136.65714543006035,135.72270984085588,160.71612094337658,130.17238048438483,87.95845641397216,95.24194660548424
963,102.05995504123916,141.6015459390414,82.63954686265475,33.53245756151895,13.76827421775404,92.2217223954854,42.558633996238456,37.71160233738566,40.36641085720487,39.54731913493141,50.19195152929066,24.476288905503157,28.598594210123736,6.397370499972833,0.250270590844373,69.56804630751883,94.46167576715007,120.52261653874129,129.92628002443345,102.38590241433806,107.35826637032473,89.26854132266311,97.38807869988187,125.63564408488898
964,48.566612500050965,37.27942722865588,18.85855237631132,-14.16205306681519,19.475452996629727,53.16380049058921,55.4849999968656,-5.18055960620341,-46.47323409889452,-47.90261310502739,8.262849880537374,58.44961568946742,85.96675967170513,62.42907006521496,75.09186452700607,124.00962592657743,142.92073648211303,140.16074720987328,168.16410143184055,124.34585196858097,175.26739195538553,142.57831159151934,177.28391729801788,131.61800283310262
965,70.77711141893785,97.07412574845904,72.04649373708914,105.21936994207006,31.92606595694619,62.374192056420746,81.56968482012319,37.423461872126026,26.950249621808464,9.451400532023111,8.055469031978692,20.217620301011856,28.83453822320195,1.9233095760745123,72.10492183568866,126.71351690698573,132.6450509964995,173.76607286349363,163.76266482697204,180.73642234850814,211.54200124382544,125.12518418909164,165.8337369631874,127.52467874743604
966,29.055450003795713,22.518274217390847,-47.05634895814131,14.175050848571331,3.1038267390504757,78.12698798714709,45.154382838641254,42.79971491553053,11.120991225137509,31.277449304526414,240.58570671711573,210.0559090817985,136.24977934419607,68.05257780682732,113.24529985745642,137.41288340728423,136.96941207230358,161.69823129930515,124.86519921679107,90.09114602285334,66.18823325784064,32.94119634709095,72.28142052541251,165.4430032506883
967,68.27706265444488,112.86278888475248,63.66299106704372,73.22787774473396,70.17718487720903,113.72713675280212,61.69102239319173,17.4606012183471,-21.414386875770134,-15.797578790825547,34.91980358038377,26.567437032700354,54.05056399444171,12.451756139773943,19.236164692914304,47.83123389620576,55.78752254617439,99.51050165702378,134.93144316003867,89.40465513421924,104.678912601762,42.971996558980806,60.7821114611928,54.862284753406755
968,82.48428956922778,92.6889136661046,72.14291234409811,74.71656123245037,57.27578043259564,111.60692484826527,127.09661534615749,78.7502823166431,54.18500609985911,70.37932545876122,50.08807048161539,6.841857070025142,31.97784935694728,35.08492442819162,61.87177189011576,107.04123647825489,158.21248608821855,222.17526954520756,241.40261457122125,226.0413628284951,246.20975074186288,214.8369295487745,186.18026600494164,164.5353576972106
969,87.9413777205526,62.36760912790015,37.353824777776694,65.87775483371857,68.06615696718575,67.7235008451251,31.95570522506833,26.685773052648614,-38.81416363788182,-32.99675757444522,29.73720156637504,27.151227156474746,35.45016988853475,16.138512469591383,19.049249273699413,82.18694206583048,130.00802758413948,106.76983780681792,104.62458190573057,70.0880420591867,112.91593360587433,66.34778310320978,153.80902979849094,168.96259998516274
970,99.45901685534284,126.89177150496339,105.85148696798726,103.7367230382929,80.80446902044966,153.08856755657075,115.93033925181916,68.70833424275384,51.677864112217705,28.04025784572167,7.861306793281948,43.329872418167824,48.68131798953391,54.422374225346374,71.76699228271278,134.80416500351987,141.22119200298732,138.4553813470433,121.72923519628736,119.1766307795423,163.7813111398652,121.72804687222418,121.8845589556637,140.11794302420057
971,85.45321044893967,79.71180099004675,35.77328149057392,89.22937718033481,94.55180173030305,106.91434518456424,101.15460829896887,105.66394431521789,32.968111165155634,51.60698977514723,70.34581452390373,80.26573988707457,40.852219173890944,20.860702813804714,62.09880354199895,110.95870421702685,179.61385059561937,161.76428420016134,145.5958783018925,128.7215173643807,128.49967615794102,99.66989292466076,88.98337606128163,116.49464224247461
972,113.35351323718969,84.83861597520504,90.08838300521504,56.04689655870975,4.347916680426181,47.67130851703283,70.53965587867927,-11.191465863432683,-13.937643886774467,-8.736254426244464,1.448440707156152,25.39483365888243,27.54303153465722,4.199249896425297,8.037106911370152,65.0072537291133,66.11265252596394,90.58428740489843,101.73583792578908,46.112371525872774,27.075125811000447,31.987896699405624,80.80690722799986,145.59305075507757
973,123.47179785340532,148.42587997811293,90.89013572906737,114.00693407364969,44.379822880018175,80.33832135802396,57.84518904098757,41.39473301118467,17.405621752431045,28.89946815055498,8.510445401838748,10.826781337437254,3.383375591841002,10.925914238999777,26.54625002414751,70.20510889845269,128.16700663770695,159.85740756972672,192.66180600899997,154.9518942935714,123.46786333611065,41.146563364534444,104.70757628271906,144.74183744400815
974,88.87167911573572,89.52872077271826,31.8490966622237,77.74025501653169,63.578873859915596,90.85387376732302,21.670818270932358,2.5417340059470916,-5.55910226799158,31.379736469066454,29.583174964570876,85.39204998094296,71.25058186524801,77.53693507114792,73.2746742862652,165.83313328620824,177.03598913919677,149.47584560231354,167.43811828898228,148.84603612105815,147.95324776846823,226.79642382926602,185.93190587725977,173.7609762844593
975,42.37338583964306,-139.40787362079084,-116.45360679276436,-43.68336249108475,-19.096075129597963,72.5400404524712,93.1239316270381,91.17034170360435,51.21819920609327,56.361076092665556,61.81501119338074,19.1192343732404,38.122423813140585,21.87621494338886,54.410485481941336,138.21843286030497,186.74817017127157,191.72523835448217,121.7203253538035,118.62030148057214,122.04668072219194,108.67089787561945,113.41243002263231,127.3207945443863
976,62.25267389163489,58.59330746247856,21.411219470770792,73.20133196247777,85.0453515496561,70.39186382547442,79.96332688524899,55.33090070261234,26.751359462018012,21.140965742527825,10.319942509765703,65.68832330476215,55.80443393357065,46.859240034293876,64.29420517024884,115.23162599822332,112.10357310769477,120.9288677118945,121.09834691093965,128.646871795448,141.6510639453796,105.55159911945903,110.70261973574175,159.9941447046802
977,92.3219003105116,53.43999770143765,15.403386565444357,26.063996227608612,52.22850769555633,47.00045863001094,36.911299087454836,72.1727015834523,30.777305073533334,94.02950109020074,74.13601901357971,93.7088568533965,79.78788874002132,40.513716620943434,90.00718864960226,132.2654898767185,154.24429531483986,176.36322298509643,145.6490743532542,126.86446457042241,134.3297614826011,131.57703721138708,172.91928958906593,191.12982661985143
978,136.953504264742,129.17218167906003,151.12170551694302,164.89471968497816,124.3959269822485,108.58674986567286,32.93545753686557,39.17327921993013,1.0548216792484162,22.099069247919804,72.7834609494285,91.75289788373553,98.44721372623768,63.76326068082565,85.88781698288642,108.40712996451741,102.22400606614124,112.654381657538,146.46368700698065,122.59214973697377,123.99551236870441,72.34011450469274,67.49108835298688,92.34542593213142
979,41.90646319846308,62.660588362553085,48.88110974200264,61.025227993537726,30.140411234602226,84.66369681288782,58.733562709871435,97.00584504514765,60.419349663716524,65.44314692487308,44.46062648722608,69.41397492657379,85.15076433813346,73.86699644993628,65.57365696698918,136.04812099334373,149.49490650265372,155.78937022549553,157.59548092082986,116.71236271957883,152.63545097053012,126.19551101620748,97.66733588084935,100.64680062550119
980,116.84344441874572,113.59317497599476,63.58060347897211,126.63069170296717,117.92554915899187,118.75511531165228,78.78378928357817,43.68804645343491,42.26991316227811,53.99622906733987,31.442133571469572,-2.71439193664186,-12.35304623080944,-32.71548554223712,-28.712362318780002,39.77398126150278,95.70786840317228,127.1139981344668,93.71499503609866,60.85315775077777,54.278015252108545,31.8166715301859,49.49596317894951,85.43448333053877
981,62.096007771612875,32.92663959988941,61.4537766420869,92.98822611093178,107.17720028955506,93.65733088108851,58.53128111389138,19.692991331229585,-1.231223672760052,46.36651440735811,51.69047692635922,71.29201263478193,60.10018126401363,54.0917899592698,60.544188262840095,114.60627099400774,158.97113866685808,166.37367412669235,178.86574238723605,134.83844871771916,171.5212677248303,166.60763164988214,146.01990407424452,144.36379217407742
982,45.16957269630407,48.50154434377266,-2.0144641820617935,23.816470895750413,48.44104070005157,108.1379060596175,62.980555105503385,23.931525618267692,7.073259534095168,24.76349969065368,-35.41646179351268,-6.430540044944685,28.86651003226146,35.06864104196859,65.19714817155679,131.22639624882547,146.27250340772014,186.2385759359443,167.17215899055597,98.60000754713903,75.04623221346671,97.38359828022783,114.263183972181,160.9930042306567
983,93.34444369935805,110.0991163892453,89.2069172821721,109.02315492061737,105.36216010134439,80.53660376235962,41.84702896172439,79.97125032220842,103.34713433126447,94.64159797713319,90.49299117345737,50.925491837093595,34.47168813003215,69.40271165782804,82.75618623414167,88.3819603592492,134.2135104449631,138.95506632224135,123.25791984380845,97.63636151296743,126.4996737292059,100.92934083917926,131.243777499638,132.40272221571325
984,70.59142327217974,69.88496899369716,29.16548310375105,41.10089405187552,41.72774743428687,66.21707050379712,76.06965564409491,78.95171513524198,8.066561382074212,7.846808406734716,23.73634628004414,88.62388472462742,91.9022858352862,37.9088621750592,68.66979263358326,143.97999893112336,186.93134552490307,193.99568942641986,187.53923558144032,176.70609859269408,195.75072970201165,159.9157006446963,149.60558556588404,173.5570528237089
985,103.19499213902691,64.0972943074964,33.07422039856158,113.7272397306272,91.2626429337077,87.28677405704923,92.53463834840133,58.849328626184075,28.131514846607026,42.46371495021231,21.92226287560902,54.10163573941292,60.846728028039664,32.57452011954268,34.42815435245132,85.12543721149699,115.73241085301663,159.7309428974522,119.90867860873146,100.81160577268554,128.74617103187055,133.4390572285403,131.03147923543798,137.1832844340495
986,99.58372610507439,104.79013567380132,40.56956488226335,87.3915247366517,64.7868057029941,63.361313193911016,78.47382867107856,103.30387208307329,47.24255364751026,46.3078363114812,17.04202874207499,63.035806818623975,63.663273078687666,75.55214814597643,54.711361232978255,99.94235995644722,191.4595145150841,197.4854486316566,172.57244682893275,128.2532311313645,129.13471946958953,134.50626100166073,141.8776490484406,168.64498835360848
987,103.47282690205745,60.189839998911324,36.454310433257895,66.13297535763303,55.70157436538761,84.51607349710136,112.04042144898617,95.12271156790382,77.02707454316146,109.32547790853152,44.1988617297668,48.31574523482469,61.0307861449537,72.73787727163663,87.35738177211186,137.31041333502353,194.0828345932348,208.47211318156957,159.96727118374443,122.32272755258316,101.75782720214687,77.29573179113173,127.03760811868636,135.71224973227126
988,42.768328207831956,30.60398352142616,33.58727175871098,102.60940485523872,136.47932078311143,167.6064274306285,117.0437826807278,68.03846303332529,32.49718044162716,46.13657964649979,28.618919471298213,42.39004062967545,16.785215536495738,82.67103306101518,85.14073621285576,153.7979385199155,155.89738432777008,171.84344170231523,184.39802271281508,115.49565778045914,132.13254074967998,99.72396864394014,53.98707610950319,87.41921661254412
989,42.27740513137227,53.15372854422293,33.22879164846357,94.7909352601475,55.59318844473225,69.11927399654004,63.06244210911166,95.17465166225918,30.561436173111986,8.493179153448544,13.305020786716106,12.902547949997945,16.688014673498937,31.598223239398752,52.60484068898852,116.92476298384206,136.0400869693058,125.53773064033477,125.40395883572317,146.21604132876047,201.43472773517993,111.565501510117,116.69249650896462,134.5046715407982
990,97.99002615344895,55.357639212379766,42.768161922067776,131.73347352849075,96.93520944176709,73.37870755965392,59.61551470018104,88.2082395668545,25.764949257230032,4.850783925856479,10.187587373619735,1.872722833236864,25.40926475529239,36.263188505886944,49.08792296065311,98.72547706806988,171.4666665751111,182.4312023529352,166.47068076457097,140.66253932693655,153.53009851541952,94.7506173960204,67.11472206039365,103.1053228712267
991,50.2503952884129,38.12769389383516,28.382637658148724,61.933029046235575,1.349465763277557,48.41885060971174,40.002724088582276,39.50678435084119,18.998583661854365,57.36541938098941,53.778702389102406,83.25516466305238,76.13246888611883,59.302968500103546,92.99741323722162,113.48389719398243,89.50438470192164,111.87616935363103,86.01623158909601,76.36915790913443,135.70772513230762,82.91818328539767,151.53381174269975,138.50790526438766
992,53.20034616384922,43.49671036423077,16.30010703683916,49.78783610010945,17.167987446740383,19.95519040144687,18.135712940058717,40.027747421302514,-36.20464048428443,-37.31151819142419,33.13014875732354,46.78887533715552,-2.20866582565597,-55.26322818930042,-51.338344308733575,26.781933862032773,109.1208104609216,102.43298339945895,108.56805978146667,160.03965769347707,161.492702685618,154.64169646272427,169.02626714195844,197.26040465052859
993,72.95510213929278,64.14613219311522,37.77041980428368,-17.53216163473239,-22.610799657802943,18.024504348469563,33.8625260876954,39.87634898754136,20.088998065080016,17.7073571297936,-29.85146444077776,-59.91651199582049,-0.7785348433176011,28.26487972691232,37.691707531536395,92.96722222151763,138.3387029573315,130.6461261551264,124.98721246588694,88.74406415056546,111.14724591198572,117.79842709951839,130.62706371076024,120.73380808208195
994,38.88901273420112,73.94502900720735,3.412006466466771,38.029420152218556,30.555789464848317,68.20909304343954,52.66696637446263,8.875138693015813,-2.4992245151993266,39.1984934281264,51.091390414076365,62.730783901801615,33.0426550580737,52.52496633382209,95.7812866040301,117.54269194701476,139.24326246771702,128.56510417490094,120.63355105935972,92.44660693159527,122.69880779876743,103.80099040315336,122.58534722013314,151.2743036998495
995,86.3752012606405,98.76939345790582,47.56877491624156,82.26857675226077,102.09520308866911,136.33668649311474,61.474670917015615,22.823249700411523,-6.886166614744745,-14.68860687808364,2.7251286607401823,79.74040013328275,83.83302986827402,25.74568567035948,37.265291729338784,84.82491121303904,132.13510858285784,89.62346115306896,83.54619318720567,48.065698782651,90.78605618337403,112.98917330791657,132.22426181520757,153.96342352326346
996,28.31485250147164,59.61861892033492,22.039310046348817,117.22578832149213,99.86075001344753,110.53015572106746,63.2608170300848,47.546188946124914,70.3007218434046,62.865032924337925,13.741336187370159,16.351532054225295,23.54334230539166,10.468084292841663,43.217985133772004,107.7962155729621,122.96662578844469,101.1952887042643,140.41917746994014,103.82754725560591,116.5293894390858,112.14178768400687,127.05944209794521,132.45758045436492
997,35.14396916244179,79.91690386527088,114.82007008405401,133.52035750643083,81.60742058102272,104.14858562850779,95.3027647944065,68.90541772729023,78.53080717996349,40.98178177910161,58.75114552118008,66.75717864983221,56.37832872926878,48.956858704913856,52.816833267995875,74.67261184293604,167.8602148911973,186.18158863171328,162.6317244208883,162.0140488288449,116.49264947665432,175.24590290977102,151.52750649495965,183.42890376380228
998,58.24957976156443,20.740126538168624,-7.735118054173618,-2.135824495542792,-3.905639763853813,7.551018893534064,-25.937450010564888,-0.5253961698657577,8.64189148196931,24.28338142571554,-8.531167138817999,18.784739420195205,35.49013638730007,14.340773064752494,7.617894013723706,65.86454658432052,137.5033688463808,168.05933798703356,150.92795070198164,160.2200235913575,198.9659647667275,162.37297745148044,152.20217271141522,161.16629184216413
999,24.71047095787881,41.23391214057107,-19.769544883115906,104.0767298300205,66.08527583333336,116.75185076245339,107.82291736101392,97.12358337460937,24.568805543770452,29.581505534150185,26.966274122527835,17.50197875717567,-9.97039767018682,-27.72627044544291,35.02079159096824,107.6789170162661,160.0233325581469,141.13399931906466,129.71005084761907,142.53230042846252,172.60209951997797,154.07850049315317,134.24941696765066,187.39226520877065
