,Hour_1,Hour_2,Hour_3,Hour_4,Hour_5,Hour_6,Hour_7,Hour_8,Hour_9,Hour_10,Hour_11,Hour_12,Hour_13,Hour_14,Hour_15,Hour_16,Hour_17,Hour_18,Hour_19,Hour_20,Hour_21,Hour_22,Hour_23,Hour_24
0,22.656323757280248,-8.242662424887513,3.5205493791784903,10.757139507364137,-12.34267938228178,15.709530782536213,22.960092141068515,35.927711029228405,55.58612605105993,51.57515134828116,111.24425662187215,138.14077378657743,108.42042503388211,122.73820291334937,142.73921443460728,148.39035461040385,177.31506457669695,181.98083792922063,168.2040809834341,146.73871939158659,141.30532652703815,191.42047346012322,100.76642281410633,138.30630155206023
1,-7.179419550160944,-14.542396733402754,48.92453581590664,76.6849829402575,54.992235542629075,106.79498012693804,98.68276235540573,66.7034532649172,59.27226828050101,35.137024344223434,55.280237987315104,51.27879680943578,45.7910936229562,18.46214880097328,89.5820783963502,88.91774929910349,156.0588724377432,152.77063755363505,122.19957550391518,125.23001300658618,135.8265258359031,162.5513649841322,134.89595857021695,137.28216972171103
2,119.73468693076099,52.06702002113668,96.53469003440051,51.78940885320171,27.242713424542053,60.72738629925285,54.72494617566232,63.44329077194212,34.62043340718345,2.7240264692197016,-8.813640158003786,36.04591685058007,0.9122032092478456,31.297116699245343,102.61509688985362,88.95963728253771,164.63180799612346,191.0349950263739,156.72539483693484,167.00110771204794,156.62068373660748,168.8430616909299,142.6509741290321,184.77022097123776
3,22.186922306555175,23.577640715009636,-1.0286319585905588,28.657721710829307,0.5327683759042188,16.724880644929982,81.73448282390973,56.49508418619487,24.725679047756167,73.2488840063992,53.07935946994591,30.433822238103,57.23361079741599,89.83840882434697,131.93416915946813,158.11976760301488,149.83660745339523,178.72532421372446,153.6495324179423,123.80751871860919,156.27166657717564,211.9401787879165,180.19417853230112,161.98922218969426
4,-18.699649229757085,3.9983777293147327,61.38601046434307,28.232691251459656,40.656393978239066,48.25204237778817,101.630477086671,75.72907609860916,31.602582265769147,14.983822578086325,50.78307483719709,46.55139124195544,40.48635055583926,28.624004451915553,107.60387018043635,129.88141251302272,161.5202219761026,156.07699610262446,134.69875900158576,134.16414948708268,136.88604716186245,165.11765285647022,143.88140367290916,151.20783344222335
5,21.872354776375225,37.887453568919675,99.93378567369808,87.36381741803822,61.508033823676364,56.33912498697726,31.679582765930824,23.10190146787398,-33.3827321584225,-5.956666673213306,-43.900484034843366,-10.590420774574,-40.81392707868652,4.453000220934399,103.81444415098376,122.72707049456213,155.12785050185076,169.43661385384914,144.35495588307126,112.69358862768362,140.41572586129774,134.88971494244902,89.1255617130183,62.14912543079586
6,39.59140193892793,5.869620970040522,66.27345034860892,43.074533405545836,14.329789691756343,42.85424306670213,-123.44545147510759,-76.9211046619705,-52.32156053455614,-53.954534159196704,23.29266667212645,17.370485189150898,-25.483789424839657,-13.546584507790364,82.7753841226008,87.08009170488072,240.13572979799642,223.4417659273776,221.6451939522385,189.09239370465414,149.6683133036759,135.91251005625674,153.4101905797518,121.82994300157642
7,14.754817911540549,47.129029835809554,52.9430772611918,55.03648625212386,18.18094605570331,74.31592084688349,70.86147861711872,39.50636680552097,27.572994560376255,40.205230675167705,26.582354114549947,47.85857421259388,43.51691569513346,23.50380825247794,87.22337992638111,116.32490049874485,97.82804452742806,153.21234651898453,153.38492842028919,137.87698263083647,122.54001997205704,110.53706362745582,102.70372478972577,120.33379905142495
8,72.75701938485253,38.128734500230664,87.58257663190321,51.060531518255615,60.61595344987921,77.58098156364399,74.42458453856852,38.73774425460427,49.24033391172867,43.72450515036969,81.11521362400828,46.87621038579174,2.646565382668232,28.83015251995179,143.46743560397448,150.169356058817,181.8136215811216,156.5810567624029,116.86417890589493,109.55144032044626,116.83135818836304,101.77192276122614,89.19006492847863,111.59175318219216
9,81.09879964170736,38.59442283034305,51.9214424959504,83.95826872353017,91.13048711886896,286.2078831578702,218.0629560577354,149.10956634025098,55.850313798416835,78.3038870274822,25.146295811627635,-26.960917972370822,-44.53979512508721,7.556483946119698,59.44714549537175,107.48866008908274,154.25467344349852,156.86514670360884,154.93090616180604,135.21970618172378,125.0872309130113,303.613961860777,222.13891254536134,151.79453596231332
10,63.3028325890628,22.70786398374689,52.85083559218518,42.40945576208203,17.293666123372073,105.84152715966275,104.62286862212443,107.00252938817275,83.2410547348249,61.965205386362825,68.30337071750373,56.35320980832789,54.829940629543074,95.31815028343439,102.94014984670233,139.9094022871916,171.56945318454507,183.02856735884842,130.13926526362778,120.81932494609761,136.60609880134038,183.10177904928747,151.43370376922388,134.70359577329725
11,24.387471815141616,21.10035700707095,-23.66430925358759,-26.970677039268672,-33.67210387522091,43.12734954939911,45.38102884391833,37.117332086732944,-9.24965966794344,31.964951632191195,43.64447919390893,49.03843201134622,22.405567423985516,-37.248550941360996,34.23615594560348,66.65438509117413,88.73354180040516,111.55001354965592,120.90317058275637,148.2093211073374,145.55966840871997,194.6483276180054,188.76354380541702,173.94984599385333
12,53.635124794178125,46.240050517200274,75.5222556925859,20.81513200510932,-6.188491201504803,60.40467329294543,118.05516732962124,70.29798133324942,24.62230233780786,2.73459893435966,-15.133574123329588,-10.535356773496162,-3.3100149110948323,1.7306138334999943,26.842835686328556,93.00323007401161,112.59458230800954,155.77761181314222,163.37414334932822,185.6234843618102,177.72804594932853,185.90514207316565,146.44740235572397,111.60226136833512
13,95.73316554845127,70.45537357060937,107.9900233988209,94.95630199982156,87.57206452689417,66.78868850481065,26.652377360771105,51.46160544539129,27.23996372547868,35.99229451043141,15.006756439097327,51.980502201831456,19.43410409244676,-16.391253410140735,39.46994182356701,96.58500253687464,134.3743112506377,137.40676532011744,137.48356760539775,125.9703857996959,121.6387237973812,115.09051286193203,129.83290764735798,153.96668878050463
14,51.560373344552445,74.81045530424254,103.01001287180539,59.793304391566096,38.10356431429021,108.52783008180697,55.1567689504399,50.73471589329607,18.483431529765944,3.9372285023198224,19.57504223460615,58.36617589352995,48.52428557370831,49.01985855194632,126.8374478835053,111.21130716221508,134.56511343753067,145.67074951675366,115.62225683964614,115.69405749711233,137.73179589276396,152.99246309312892,93.24681601867417,135.42860171124542
15,52.67275834602195,46.255209912572184,36.74328090012771,24.626795242075175,-0.9182905125950995,30.95334857475659,13.396796448116795,29.49824696030754,-1.8577322495707165,53.015560344435045,113.04329078613193,77.86370992419674,68.32858888881508,70.93677675862529,87.43275829284704,96.88579192268205,127.92093681402893,144.32803311144676,143.9531753891222,160.80003475301066,179.06580903109597,180.56539678814636,145.003993357456,174.1565905955008
16,63.47409339411767,33.66190691088694,52.566799184853984,34.74525391038651,26.98287120311581,97.05972031369666,103.99151595578283,63.717644718592936,27.916381794725996,-11.24025204017844,42.36805011439567,56.96910800002349,-4.880946687932244,30.88685437488453,75.18090039005669,71.64595535717599,94.31641388672654,98.37227594296829,80.67771282718405,90.48090501070065,109.98755302742462,146.60315338170912,134.01281494570867,145.37557561642407
17,33.385283970500545,77.46816931576433,65.57533281732049,77.58902449494607,28.23068192244693,46.01401212463455,34.47860813597626,14.693060518227853,-33.852475701973034,-56.601408432838106,-24.43013589465626,-14.901894634494496,-2.1603013667689765,50.737000825761584,119.0457881810114,115.97401919610205,152.19103633944886,137.28976626387384,121.71070735754475,99.51304366185974,81.683291717676,169.14181365852488,121.46877798068596,82.54258442772912
18,18.775084908694865,28.152065101273262,51.45207514692705,27.373957934352816,32.1774585508337,42.62112597192998,10.181585636876783,35.53930300274526,13.298391805907265,13.569711410028113,49.74974583313002,54.010753521784736,9.128488145020478,20.677229413478855,50.35697783428608,67.5153067789918,125.09893172029946,190.41703508728943,176.5767798997107,140.42294834066223,119.33072757999285,144.70085186297717,126.0195942373366,166.17663324021106
19,20.327378407390754,24.079717283448147,14.930182731391788,-2.3729209004357017,24.23249263100856,13.995580624005598,50.281899923461694,27.52352816181076,-5.0661791627342865,-13.286813512264324,30.49680512570949,49.56365014723772,28.211273093548613,24.123259531423912,75.85381899879803,23.12789230893341,60.14744512353772,31.95466540173564,116.55525173652156,135.09810472575333,166.63504369467665,183.06954355120962,114.27707286085038,96.27900180988391
20,50.867059250894606,19.591473008895598,39.08884371119515,23.116891873348777,-0.5858053430589223,50.97416693493635,63.73553931870923,59.7040635160187,28.92876558999969,6.908878540392507,53.205398002927126,69.63965597462706,29.248419313218932,39.93358755380743,69.29702958097825,80.49375571799833,86.29062318173001,80.40267987593052,121.90748755739838,134.18365621556984,113.91732043927844,135.4623899241201,120.49438427925917,168.0525349478354
21,-23.53865555622282,-78.25401036870527,-5.168957242901712,-21.582159669338218,29.79409100099121,93.69000285578417,52.179495019623864,23.805835950854103,-10.50422906214358,0.3562792591807735,-5.685984282343668,-26.911931557587693,-47.266605718791894,-64.44312210599077,28.865835018127775,60.3150166859283,93.49573491854267,107.75388153266897,68.29452525469556,100.77007189327874,150.03502111610513,165.7962334508466,152.0812917700157,155.8680602422905
22,87.42002013296955,36.97806662254608,23.86987248694703,39.262863231872,-16.244551385383318,53.59586144131106,26.25344335728333,36.859967893861395,15.763553884887447,36.228043976078425,25.227089989358447,50.66393271181006,22.76925592439857,48.57258543954836,87.40922187438332,95.22943919551187,100.77589182417883,123.2874069586577,138.02513336931048,120.41095918957933,137.7730598346094,138.06167164936477,113.88406122561457,143.08452415471595
23,49.13045082003562,59.45842791909641,32.834303160782085,35.38563149823791,14.343051638314869,42.283986130974014,32.19440630818279,58.63961363560161,9.364787185680463,19.98904525366806,6.220620085027363,10.65208118973154,-43.37780853242067,-17.306510614848385,41.29987954301237,75.15878606288999,98.82995164119944,96.81890252243171,85.44699140079356,88.96064931329616,89.23735940500276,101.36766615163359,104.19192475354791,148.65391313797235
24,91.27201651766354,63.475148878461226,72.41173589742502,57.17442666108439,2.1828560141591993,49.209976394441085,42.83136782184718,74.73965817942587,70.75625428037428,212.85181089231764,151.0504422727264,97.70137716328765,28.727689307963068,69.9523899376062,119.27334105539983,93.41068704692866,133.20115523083717,118.80277944399744,114.86316549583725,82.37833952084645,95.30575508795438,165.00350977912004,134.97223648405864,115.9157717821686
25,122.50562060328542,108.93622913947263,112.55224748199417,125.7016133832559,106.15307660870401,112.6994103228821,151.67397762257124,92.32343998521476,50.43970608330545,37.10324215402396,19.958233616816933,35.12365937946286,21.894606200409974,38.48707376089812,63.59600373343666,34.87656219610838,72.17168516535432,108.19857073687356,83.62526357680792,89.30628227354508,79.9073703680202,118.53926913855543,133.21972648365207,141.691046053462
26,40.62448712388256,67.59426359628937,87.7455520778964,104.74407253235208,63.341440524718294,117.17745289301833,90.79177317856923,49.46018210256622,7.510852332489378,30.83691285224055,28.358235892295077,80.22911061601377,50.78971832271128,30.486662169845744,74.95417522157818,87.61924656802466,126.24065710812673,159.4690885905887,156.07613427990918,156.84207550464492,168.73221814831896,169.9945968363877,129.0947534428033,160.53372963965506
27,48.044090430802164,70.56870709847362,88.1731917955041,69.88086738821524,86.91705445800538,126.61969611852582,111.23252115881894,43.19731554262351,-3.8352006740389015,-46.62959718902281,9.288605052043767,-35.58122203215426,-51.51489853553423,-8.443966758869259,-0.19292560536700876,62.16898610107399,94.69139174149787,92.20618840405751,47.51884411404879,63.255232565656605,76.6824189271086,130.97448845908502,116.40819828766762,98.22189737511648
28,85.98712289836004,82.43254584989286,93.45777263601217,70.88600910005218,37.21094069810644,70.1384945678835,41.56427853290584,45.860369622337856,98.62912664555286,75.34757182398118,57.20003160572897,78.01149205657026,59.61491949088901,31.152985283926352,73.78487235712213,65.52579371457762,128.33219888482816,192.7153696670124,175.6391158489722,183.0234142103326,185.20557227289578,199.91347344426634,158.65252879561567,152.2103311149948
29,145.38819795745877,98.05867782769037,113.85039669024675,113.81765736592199,45.848843818706825,93.48968266782545,118.52092859144518,49.00216425128639,8.807739494520696,63.20720191311078,20.450836703831268,67.3725173730852,-7.655570597166751,35.1585146877037,113.84998474277177,101.18426578001522,124.77694215455654,143.80010956413784,164.35214649463637,98.26280835661638,98.57000715778493,111.48900164473918,117.54521705172142,114.96756381893849
30,33.95164968190785,-9.747110649192194,23.391111136815475,26.02165218547006,-1.847284192169866,41.92672686100738,-3.312978266546267,18.237222893245573,12.467096022106041,-22.591368990070578,25.36580368471308,-15.647629530686658,-9.602746031157903,10.600309373968539,99.91307128192263,71.89638753684042,123.13979001801107,125.81292213167309,110.52166630851012,74.30299341914322,110.1666498655722,118.94959103145106,147.43125738748716,180.46885388404507
31,72.93913548777188,67.317879051381,80.46537172366169,84.40958718054891,32.1822991123115,55.40476784241049,49.3294022868195,52.90973619272374,38.53630325440022,34.47974624943346,47.798511518029514,51.070480802076155,14.065175556736635,16.62888261873666,50.38620221776927,72.11892993082272,103.80627188415417,133.29189563320813,105.41037277822446,93.66433308225503,61.52817671261418,116.0212947277536,124.40707206086961,143.98348910106466
32,-184.791743880512,-111.55793692393372,-75.29936184835312,-34.24908117503244,-12.378378422205131,22.878490338265557,-7.13095329347162,40.1558165578942,-1.2594892706694694,26.928670338060826,44.77851834939572,73.94417623283127,13.498828842638357,17.08058927626567,17.548818353597554,55.87451911095057,115.69139340685885,156.49253408489867,147.35154737227703,123.09370516225928,124.75850838007344,106.67320297929638,104.28103928771945,102.15810785375994
33,45.92087684634485,28.96479064742004,87.69350242580094,40.44584862612112,8.90001116684816,33.41304356194214,66.59192828433336,47.96127608569333,50.372747433407845,57.19992355467677,69.30005115309012,45.48822983931477,33.34430788061317,0.30393722439781357,90.68259992925735,77.99703283121481,97.32496297056738,127.39050976216878,131.15493546377272,133.61295021283507,106.16217191320786,145.39928407733203,131.18872503927508,121.4687097846639
34,25.766183211327068,14.153813480118096,55.926210710712624,33.246016869151454,28.45943375247831,28.058232119170967,38.763441046059015,32.561574369963736,18.857879497344335,-6.908748297032282,25.49727082233376,59.29445683736375,29.552940100721102,29.855373635449297,45.33713361919827,108.2508172852882,170.52369487397038,183.2228765179472,169.44030048636765,113.72236392086714,120.64077402329661,164.36880083146315,155.37946105144925,135.32583429137185
35,42.38281892428422,-2.2725010437214763,14.580388281654493,29.71534670745217,30.279009585335416,53.86047038049269,87.31230267113926,85.6069959756273,60.81276627706902,86.36477911866442,100.21538431113156,119.3883371377145,52.94264674127584,-7.385122481079456,13.447319017534056,26.87991568266652,65.71909875273228,60.15745159746186,90.62898479338568,128.44654396116096,149.3340576536494,160.25088152355855,150.81590839998952,147.5812218912866
36,109.31628506085542,63.65908507564252,58.99979523370646,65.68860936603795,13.079506650827007,70.14510331335227,52.951007948468245,67.99410931635661,66.52927784502634,48.87838533077103,-6.39793155390776,-23.655069406926543,-85.33324048707583,-66.64918221930589,-20.02943091088072,28.097062406722465,108.38440801504376,142.62514265343745,135.6063278883819,112.12345372907694,95.91941700597033,127.37501131743511,105.89438871830444,74.22368355731453
37,44.61251210538569,34.9925709157845,72.25474436071305,39.26134589726229,46.48849231370171,109.88109474310065,113.16447996593743,102.42980753673187,34.900640314337636,39.480833597105196,17.487522560164265,14.454835046932363,-31.80086630632109,-29.185236666342355,31.357238353403297,35.07846854282344,133.3201526858863,125.89547737530229,89.5375550140668,78.94983039929684,111.17855815574038,292.1465404865739,268.26446218936746,287.2880330066241
38,57.54420927581903,28.333557496572467,12.08919457946152,26.01468148531183,34.109473459953826,46.772533837634455,116.34046838487254,77.70878220955089,93.84377057616534,72.01262615173681,66.49869044532636,42.368739476432026,9.29768230789861,-13.940453927986034,28.473549558372,74.79681362479353,78.8854324398443,99.94896647331461,124.94765557132497,140.3610215983415,96.81810565381305,144.89274340517323,132.98648836027746,143.41258279631782
39,18.074881552495796,49.34240616522236,108.01019539584769,77.41210697757026,-6.134429762968736,-13.663097738739154,32.78935673354139,9.820578299779427,10.128787679215591,2.4593494033577414,29.685543682328152,14.185038214901883,-21.56274834482892,-1.4908326851634826,71.29733133666265,84.43826274624377,104.90768992355164,137.61230326979057,119.83391927371986,135.87892887362793,115.43474667835686,201.08779114634558,151.34351048422337,148.1984365826562
40,-14.972744725692593,14.246649941878491,38.3193246051723,61.44125455087952,9.577572135826095,63.88958915872114,10.011302119972342,9.60537720014645,-34.12521012435701,11.7455901310876,-8.720545737035351,6.137344392430116,8.516529534128438,68.2092023560835,93.4942441413283,103.49621850310015,120.48393957593392,116.96173267714148,122.77567526794036,140.42605304706717,174.7119806856319,210.48867134446627,131.73767670014905,149.85530291219405
41,73.73977914110245,74.51454913395865,101.03560123020966,103.66152572364635,65.21745832416048,72.89079585686646,58.044279374176064,69.58571193769873,75.26168492296688,70.35600653015973,71.61399741633787,117.92332537516687,50.74780643170769,87.78178868482848,116.68691883400263,97.62438616367734,283.5581173244306,217.42085873134724,179.98992815010612,134.291514429421,118.48164896247604,165.6368516350543,120.88003388084829,96.8745181401508
42,96.96956714431916,58.28185322781124,77.89685337106805,67.6281679508941,50.3680202436826,84.22108185206892,52.38424339377862,24.41096198497695,33.4635120464114,13.788994925686097,-1.146967500628918,11.188990636880785,1.8275844972103688,30.183703125308828,103.4407742549177,87.66660165696517,126.20506212827095,133.19807998177998,110.33624604978056,76.88352742780631,16.637605629342644,88.38111802016745,80.60816460434518,118.22125959892118
43,41.32459529281122,24.378776203960854,10.47329509062947,-32.70208510961161,-34.53317692969394,25.016100866164194,40.15983501417148,65.75256984907374,2.008554290768288,-12.72129067250561,0.9542246599209108,15.838293469416278,-3.5750479697932036,-13.543662048992303,63.069645751490654,101.9670172441893,133.9983597939484,129.73891212594543,156.31347962807345,160.20507177111506,182.93951423607118,191.88111316683091,158.66473439530552,135.7572793696464
44,53.95322242029725,62.71639829266968,69.56494704022317,46.92402634844018,49.39457571101133,98.91785466438773,64.16668615414792,35.07852368500764,42.532630321686526,-0.7293290089257383,33.24971254379268,18.411276407489247,30.725278996621352,13.581872146742294,60.633922394124504,65.78070772792947,115.31224725655719,168.2347730444646,178.57722333286455,176.18257526831303,164.0772804765347,195.70832888032743,165.40262285503186,161.05779999836415
45,9.70482788899671,26.640123915423658,54.84073577884824,71.19714626622562,16.22691026613127,30.589028476276503,51.840170152435775,28.616663762808493,35.4115995496456,34.47809042531219,30.60663662598587,60.26553691581816,26.563631422708887,-0.9598044324170516,41.16321614899842,50.79859927718532,69.88106761573944,110.40265288158159,69.82084631480495,88.07270849358905,86.39042903986164,141.03467362650764,112.90758203079301,126.6131362640909
46,51.02571447313804,26.068141173113425,17.927972466404867,-14.349495472438015,-50.865141993305784,-6.32846479407921,48.08341729188177,72.34340721963785,47.32085708471884,63.85465397292189,28.271930019623184,15.539526211431816,19.55481526818385,29.199469253643986,45.55477693512829,78.52709576733467,92.13745169297175,101.09496259687836,102.11132186092163,99.42129467158651,116.88826958306663,143.0416889155234,108.73682778404535,128.25376036530093
47,53.84805621698995,39.25206175707367,10.063174783113077,5.632076825508932,70.1191996403989,98.62069835505444,57.01965467971917,20.91973758719356,11.030211046449754,43.808079195497164,82.52842469251942,127.9485749455279,91.81019082371938,95.1415966008027,102.25499197945496,135.0178045050115,142.07721338553486,134.30329855323862,88.67077409104945,95.6912317787517,64.6177921826089,116.66353937283287,45.29905096529822,81.30643583057055
48,41.31806888082306,53.180731643323384,60.20132236396234,34.51044092117587,13.289568155265158,34.3829327554557,54.33575437792619,-8.378692854677325,-6.6512851466350185,10.000809544377049,22.263612063687404,47.9042941555322,-39.31410410677685,-25.130024010442163,52.95177781706884,48.72321932438011,93.33751021255331,104.69552819847499,89.56519538793695,71.95749593906795,88.99422195853133,131.12261470648718,144.20593868021808,153.51507942311184
49,45.890579926124424,61.94988463253623,122.20319605396784,114.34303018047513,63.68762214425983,76.21357935909313,75.17646469621891,48.608043095137106,6.426357551148172,-32.29923959320228,-22.516097889050982,-13.877804857841411,-10.982090317207092,-12.770392415448875,35.257067369040314,31.94365450095556,118.0588413749015,169.78771329873004,195.48612699676653,159.46920451223752,164.60368589502642,150.47854096680575,141.81437969234977,180.63677018728694
50,34.0902064631493,24.856269743098032,27.52282320031962,36.41290314080179,53.214890763713605,43.07774988321385,70.82866422506098,56.78278311556846,41.909838529085775,-12.544483515764043,-0.08362802708861494,25.380808803827893,-15.076029867573638,-23.87372534472204,85.02474321342153,103.92800747194026,103.41474675892586,135.97767366509245,177.3471022325269,162.35659255655685,137.20010928783393,174.02345953275778,167.15291451593717,195.77231821231635
51,26.55588256535854,33.0836828166202,-5.794384438789052,-17.367299720375293,-22.020684054200537,12.570766711537345,45.03182588644039,132.37768622562277,131.3618338133923,104.38131966199114,122.2007281634069,140.79410812105505,84.65733167447605,66.09619763096553,113.71441836541368,125.73597792064477,138.7708936274495,132.03334360472886,147.50753939057296,130.74247126678222,150.27433086135727,155.00892784704155,165.3511187625021,144.30083014367423
52,64.14794535326809,27.95866915409974,60.386367514879325,39.72908287427298,51.964410084908934,107.59059994629322,140.2754781583925,135.65583754762537,81.03154011929828,70.88622640582315,65.18100572916435,28.25425896867278,-10.546023011266758,2.330262154208942,32.42854205691781,56.47739309671554,110.20775708911259,101.2496168714915,73.99900719820866,82.26717156119989,82.81147933923623,67.95924541431899,107.76822152850946,124.48038541275672
53,85.60564464308666,63.02053636613878,72.46817856197448,69.59628665100726,112.83753451369395,99.48999664326416,98.07184406866844,58.78017981545501,26.69392914938286,20.206074377233918,36.04845666874279,-19.299442274870913,-41.39852524545064,6.50998008350652,46.00575085859819,51.27681787418301,62.02305468828738,80.75266787134319,119.99056618048817,73.85586551206347,88.81738493844925,112.30023513739977,92.45124506299746,86.3577383356497
54,50.19068745086133,81.43682545750687,122.97295197048868,119.2474955488477,70.34064403090423,69.88986646315692,31.32917583221181,37.482840230496066,17.62650272960424,21.307597031113236,47.85637231107175,60.44662772080251,13.27647127636665,31.385241201714273,91.76231513665736,129.91742156581617,151.126483779535,169.83030129408496,195.27886954846923,164.3002183925516,172.5011610238975,221.8632939038433,154.58537426972447,140.30039744777662
55,45.15210677953473,27.732732479075864,64.3719730662251,61.41907351460562,31.815148849770683,80.87731674957156,87.29265713303319,30.394879169219294,57.99744249568107,29.317355089765975,26.838343199411504,7.900990125125219,2.2572228510689527,3.455636797199645,66.22158366902705,108.52005613315416,126.34233407500423,176.97175172550908,160.6137897610858,166.2988872660561,95.20864235478228,120.18514812833149,103.24484605190683,85.40278288179695
56,24.020990854150416,47.98244425901318,110.56940279366498,64.2651284646554,62.196782204627034,67.95496814414825,49.82558266660327,4.719604218757034,33.85520580214023,18.660163034105274,17.697418442094584,5.431983263896939,4.853364265365087,14.500000537299059,56.54018619341654,117.40009689968761,149.09425284923992,147.82225333012363,176.46144970433198,201.77830980638385,218.00858982020233,222.95307711480888,177.90936895463193,159.94957140331738
57,83.6356644528948,19.303073818420714,3.7314716395389596,-1.1676171187258646,19.55980099963184,36.49627516307347,40.66032548528257,-15.24484425112341,-28.019094116042183,-23.209713551511037,-29.19466539046939,-10.213704755070445,5.681735116520102,-3.5459333629587775,54.63361833326178,72.8450668382568,129.84948095989662,112.67836629885218,67.18279072280693,50.03618873535595,56.03619834034285,77.34497822016579,77.76471955562101,120.44552558283722
58,152.72046435496583,77.04546151958567,96.13981083591517,84.62868627319577,56.00220835016751,94.88668613139663,59.296713040997886,72.91430033619694,66.20091283838993,63.75824759907594,72.4808378858452,64.44011534061461,54.78805967298328,8.234180630714924,107.78582494747013,148.13552026538207,155.11673524431524,166.25948811654916,85.2451274547914,85.90326839520989,54.478691713288114,145.2758274763748,136.9705458532013,139.3443270637754
59,28.74231066479422,65.69374003487815,89.16238526833513,101.30042831357173,49.41428039781353,87.04546900857552,111.46475466343205,72.20129344203905,211.30903565270555,152.23347776332065,136.13892961041358,121.83070052095414,72.40825201619253,26.25374191887721,116.91865447660868,118.39711231765963,111.61478120304389,115.62646922038451,93.49603882698884,110.14300126732003,141.7076914689621,167.89041836105787,144.94503354761105,138.8811142499765
60,4.402448323276332,-1.144197826268055,85.98272942257749,93.2978380857455,58.18957629179913,-62.83358157178556,-17.84978818960424,33.30267869538434,34.6062526414738,38.08602667975325,76.51407729354659,69.69855818650358,35.705414400595046,5.8543723258651745,49.9780917316023,123.93614187746849,177.03306814608325,182.06147086406378,134.56743176799202,104.52128102137448,84.43272838421643,89.80400450686804,83.05381801408689,68.29771179645398
61,23.26685755286939,-23.17363410659246,39.11493470820554,60.56554988986976,59.6180683537105,74.02227926867705,76.11779584978626,111.7145632282685,49.62282113906532,61.299689636614715,32.78957425499522,98.30262193867068,25.529775975736552,51.95772476842983,126.31924379864176,121.65180814517865,121.15747915717344,106.83928187272795,127.08530718251427,132.3523321506495,136.48850861656098,202.61479210403704,174.9975134545744,151.41979397511375
62,71.3567385386808,34.587134924903076,49.3471789909962,39.41217821641972,10.460038999869106,-2.8466614363424725,42.26428739800079,45.29678790929387,57.22835605633411,41.75965153782651,36.38329685598501,56.5452704914936,47.184077113897985,-2.1152490416483865,73.12447724746777,127.97342972473811,141.33139510403987,114.23221444153995,66.9805615577908,104.31809116966349,159.99485983642487,176.71251529827396,176.4023333829921,189.17751577327144
63,18.94967943834296,8.137824966199062,-5.856701085371313,-31.33983700926256,-31.268059368025675,30.368253954237247,97.78864182624991,75.36458045321962,78.92030234499862,8.402816389196474,35.48808646573396,53.287312852392404,19.71785220562999,31.643139746070936,85.70613895277438,95.40905568759581,144.56892442795808,139.9345612291272,150.14213781846453,100.49980505012545,127.40535507727836,180.81653386945598,196.00466999487207,157.39230431673306
64,4.807770169771359,-3.597097647807743,63.90748535236524,31.3459338589844,30.954490625071536,63.4046276481691,111.19586286970548,144.7187009502503,104.34843274450245,94.35252477057597,99.04739209197493,87.2593740313432,52.459939379094365,49.297328299822155,100.321895405662,137.38979730184897,139.70717451276863,167.5781142511345,118.77614969278773,82.8192939677393,110.81186796703241,129.26900441888256,126.34868886360873,119.42362353990548
65,83.94098272733791,44.84283831523631,94.06739019527558,32.7432624650637,37.78128104763505,96.07489323582408,89.61423729047392,68.24506844730587,40.62952486503147,48.880704138970685,51.92923166399291,47.38742312381463,17.660898375442557,54.471220560913245,119.13693387175597,121.7279926371637,128.92000310101366,170.45151600358793,126.17244494622744,160.6398759098662,176.83804650190348,178.84112430852264,148.54182337845344,131.21879549168779
66,186.00603261681988,128.57232726201983,98.47305140433133,46.841716020900904,27.553031561882626,73.40965457071006,85.68531366318018,111.41441327691626,92.47203108862618,75.75381666495399,49.72440781313143,0.3173670800904418,-42.151400593369466,-17.37120591405153,89.65180621149648,77.51823024799661,121.19122939850763,162.50054650682145,143.67642579512923,141.78820376082356,160.73815350492418,178.6411975515399,167.08697357979912,113.23903248779229
67,18.01858885371923,31.775249486803425,54.641773651943936,57.844747762074995,80.10001193914836,96.39061121398254,102.46892140413671,63.42914110649494,47.606209234401206,42.39768974243722,49.392489005558616,-20.355185854878705,-22.704993044782576,-30.937389241218405,74.47828733578916,101.80481290802913,133.1983641569701,156.33128819069537,175.21012987204617,175.6192705121415,168.20747810642598,195.5548681822688,171.10199955661395,166.12180635419094
68,50.65699447037102,13.168148834533799,47.17730595735307,20.78165410672514,55.779126648110605,153.51453592078332,179.4950159723844,125.70164154083345,37.764584577214194,7.222932828007782,30.724543730258297,-3.135496407427027,16.96463863584565,46.450062818244945,87.07993829013927,72.48461663933631,129.93869151027013,123.1451718867271,111.43159693994446,85.44963080361939,123.63259162807265,161.85205183698554,157.17113368563867,161.47652339002767
69,49.76500666656324,26.794514081036308,66.77521352874867,34.590589043466046,48.61945991117838,112.49392301739937,103.10403094458499,74.18589567963036,51.881115428619395,85.14194375456108,72.92217191546672,78.13413167079904,66.72504970256772,10.31771113945387,17.365370281210048,65.54324928987069,100.30856125389525,165.67476770369427,181.47451201370777,123.42602567339422,155.8080140208017,169.4145339765972,115.76488534272522,111.5679825539782
70,58.22228496844077,47.63975655446069,57.47562061142344,57.90387544321036,50.35910142043035,61.6126212109591,41.41446777940269,3.7379966680968693,-10.185603094296923,41.30099703879438,48.75632903398771,39.15242374366697,-17.193165846445474,-27.175066015768593,62.69198122889123,59.525438767481255,78.29880636710445,107.0749931791307,80.40792681824108,56.166474473701186,108.8832951119966,164.8390226639124,124.4906214473886,115.54670351930456
71,82.17582690981307,28.05561119266553,35.85163628472954,24.43366552567408,8.251767001641994,68.29591145190999,49.04627403551616,52.93574875407086,18.888890855663462,9.769013334040388,31.99570585509589,35.43475405285953,18.642637464951747,34.70584248784859,67.53125409519862,127.6877979113008,157.19484577647023,166.1780748990897,127.11285443018322,130.99018603944302,114.90370562776937,143.32398704396243,172.62655711556818,125.10421512959499
72,107.98911865425623,107.68016511348823,100.11877176082228,98.24510983400599,63.51265956394492,43.70940155685162,94.57683731707269,60.70029940608154,12.986853696363458,-11.061804920970019,-25.442592394376213,-4.176177243701559,-33.161780539773616,27.90498070077907,88.06738850930466,48.16696757204727,92.57896421767535,138.40921947132483,131.06607275996942,127.51599921874376,158.29587363510035,172.23666463971665,150.62140252993368,144.5321204678424
73,98.41351266665767,89.66225414723579,122.96055691408151,185.42977990415838,155.9828376110799,178.6821267574909,165.65593087162162,88.50091042654427,75.32308243290814,46.433003080386946,181.499024234346,163.787684672678,76.80563820782433,79.79395308105117,231.94078758760605,192.8624762593406,169.71160030869117,165.86987251967375,104.47836842238506,104.23432513384671,155.48558257487903,130.01331403150476,112.13601051641359,78.08211532759258
74,29.82645994270917,35.57592477349185,67.69993373746777,57.67873894097383,1.46439528802145,42.01145141825813,225.5349373050833,176.1633707486668,109.21988684870973,112.29968913399031,45.85992980519425,41.47829017752623,41.01666578889015,21.25755370724497,91.48024983698602,78.50541363705331,87.37494812678632,130.39280364119037,128.22389400949416,129.17970800863588,108.5777227578902,46.953314559299656,78.92948355444318,47.054194168313714
75,103.72539437681002,68.53372131263575,88.18348647277969,49.52577673292804,16.843106876958764,68.22141411443438,88.94014260116941,93.7285886523496,36.71293156116238,60.333363069355855,44.78833769180258,33.43364612429373,38.67636078661602,41.184913420102646,102.30326421298295,123.33039292430936,151.98795774626217,179.27168222025176,141.48652249443234,127.17165226667457,138.81933699639853,167.3690031184627,120.56540498510944,100.89085715887484
76,73.85673645862394,53.367078156825556,67.54699788670344,85.39736737680519,70.66473171098404,83.5544138889823,102.90103205300233,139.82189590421018,111.61839627395695,96.32930291920773,39.770788707411775,27.776104797196183,41.58262416070611,36.153127160426386,61.52728500129122,104.32109903464497,120.77217922988527,125.40656082132236,141.3088906300424,100.53509605432004,111.38041468843349,132.9340481202965,129.26656354476523,148.47075876728815
77,1.4359535829929087,27.490576387622607,35.98961498428013,26.939504965042882,7.856952558094193,75.93676408278368,70.7461233992525,50.39697461483391,-30.200985529388177,9.031437885974071,55.40752246206931,20.833552064617237,-11.734255951404954,70.170762041589,88.42575110635724,104.07849246289408,136.0437224398387,119.8251209271033,140.09228870566022,90.29646385882758,112.77097283302484,131.345229843169,90.30946730063503,128.55728085789062
78,51.172052108737745,6.701345131802221,32.755549839389715,19.561279051124885,32.53620512002456,69.21567671007456,55.79099928872912,65.42371520978718,16.664935540930482,27.313598319309264,40.25803720413924,44.24867514628405,3.4091571237200284,-16.6524787636206,30.629493877374905,52.99802668298362,79.07693658849102,87.09920533812604,114.77502592017974,107.54087381253517,95.43623810862103,119.51216318899478,163.09672662637075,222.61883034829472
79,78.92415195946924,111.9418136554844,82.50004552076993,88.99218785326107,71.83368123224838,70.33872676647673,71.97534373259643,60.033689174169474,33.472337559792855,46.65119731210433,63.19742674695746,45.27415038133421,3.944942913422853,1.1839121118700184,66.88757831873932,98.28180483344372,156.8092418084202,144.70595988718497,127.50392198172432,113.42167979503681,85.0197460643161,105.35158676371745,123.97208338983165,143.33700495063886
80,18.24211403577425,17.115373380418816,20.367701194338025,54.24625300760079,40.73132576688365,47.852186071857304,67.52829154453264,52.95308571151621,16.073706876149863,17.8626345760483,18.12836308830759,41.28303627627864,-7.017834359610539,25.119002014839516,95.5259736978008,215.96178785711015,206.44426530271738,179.52234285015527,168.54099996114746,149.37902744233966,157.88935402161587,146.0063727786972,170.9942244036282,181.79795679405288
81,69.1311305415598,37.893917139395626,39.924785571791354,41.10374838166355,37.48749390251198,82.22203367771077,77.15174852431967,115.0926138205617,58.442757993667286,74.4766367589574,91.44007486494917,129.74702924435934,122.97658468234461,120.07325451494245,109.41620910008885,103.06871847409914,141.07051182902308,166.61427767036383,172.8969083306864,123.2039835751284,133.13931948759156,173.72665242934684,152.62607885100527,109.6303719415839
82,47.32925352622424,36.923497488131986,89.08490769913575,54.530211018853606,-23.354802074138505,10.725718522644549,33.931807376069,36.579103192548445,50.383701049017816,14.438891372853181,41.362194124629475,31.588137883263492,76.89498780327855,73.48386884810917,95.94595142257063,102.1562130887562,128.71403848685762,163.03876289366642,167.77662046866428,134.28953101031385,172.90934352902585,181.63855391007485,129.7950793267839,109.56675028361539
83,35.39355941972327,1.924737397265659,30.836603636301458,12.858449944756998,9.26972032435646,68.36451684879859,74.43499833993936,65.54082886010504,64.24617508476013,71.96642468234535,39.81517965352988,53.04912586446234,54.07834965959152,73.7977711671681,115.42932231606062,74.78184130174132,62.68661918465705,65.02275280009277,99.65364319864855,93.56606200161494,78.97422854765657,107.10908441223786,124.99317439321146,92.643687519688
84,14.797540968614186,17.599692920120194,29.856298727222637,20.482010699175696,-22.83021057410484,-7.046079734004067,12.385183630300794,8.703296365459664,11.076072869899058,29.260803220595434,83.36835543298393,76.90709014050331,60.51260122360665,64.63301298961602,118.26459888744647,138.7661364701331,144.95644838959367,149.89128725249512,148.3623951809978,148.39014178190874,153.04140197968704,168.2619196144901,201.5844454302565,165.93667534379918
85,82.60511668454711,79.25107960460886,119.38219810287282,150.60332575142246,100.93283368056687,99.43990378559488,79.55335020260283,90.86600407660947,73.65705926349985,109.21064942226559,87.48585699880753,110.82708220458821,3.287118713403167,18.504738237522865,32.45803669523978,41.566451907651874,102.92527391208688,120.33175597887015,84.26187796813207,87.79687513900707,109.01173542712625,137.36992273064314,162.37516603734406,199.2005291498839
86,46.41882243831874,51.67390152801174,71.37493384202287,75.59945320672014,30.575205134579377,63.023315693720434,37.81425359661445,27.32192998762553,12.513054290469228,12.73498826479501,-2.853636074262191,5.882796971277969,7.278010774185843,74.6507026461187,76.50013442843981,114.38553322417738,175.8469240847803,198.75827668533037,166.65552986268915,111.59106002201351,135.12456495045416,140.16703491000172,120.82402766608999,136.93946238545547
87,55.86099111353722,37.95131660965967,69.39166163748415,34.65346096291848,45.24543526043594,75.10404455430272,116.65023460245254,98.84198577264891,81.39528720843818,56.97037485414351,69.30429970571404,63.95955273088527,4.062245314746045,15.193024887327962,54.85381447922606,112.9597217743855,196.7221088785205,204.4764102162829,151.56387802740534,149.11078722023507,168.42199256569302,164.31953593609168,133.64515791860308,130.21747665831816
88,-0.08385385406676704,-15.46650859167788,11.271650329950617,5.499851167381415,2.723789705620458,75.95567898190566,63.77739583059887,46.169482516471916,17.07180497556658,-7.037729410473929,26.256105050041842,37.629177468359906,47.42626153646957,73.0727430393275,114.65770772607823,134.98997423694075,138.45575530223272,152.49006308784544,177.06253315208176,128.9278724888656,188.57658368725896,216.89501527893304,174.07071727097542,173.9706604146133
89,57.85309711818306,26.95478907925033,78.60952176052191,32.40199310890325,14.858128278108357,68.47081617278187,90.58423421904637,119.56426726321757,79.02126756702509,71.95928178433341,68.66880974149672,81.80085417183247,51.091673572317625,27.99678874733904,37.40854700518006,31.125263898676423,61.94267928753888,104.34585802887045,128.12787136290342,101.63923679549515,109.35081998116723,148.6231812713611,113.21723632956142,84.63760847564404
90,72.03902632103242,15.81405742634825,-18.51553988731044,14.00276118996721,43.9013299231612,43.254358165009506,25.70164201107501,43.934653157604195,54.02213427220678,14.122680624496645,-10.280671166561362,45.3613911188198,3.7799517151933877,-10.489057484011667,60.92063422166656,80.13666462413305,146.05980569834708,161.86864928837207,135.8331619624283,87.19843175312914,73.02115743180116,158.87228928641792,113.79382719639494,129.06453253085567
91,89.91331152093231,92.28029165938734,83.16959034466312,92.7581394671795,54.64650477198893,70.85011317443923,36.06707483326821,-34.27630770914149,-34.996250454213836,-47.50204627256918,-58.04366640407944,-10.582999847428681,-40.290178343947574,-7.023592771860116,49.082963074098345,90.14638095279685,113.7852248070293,117.93130468310908,100.51787722489507,68.6912710385433,92.78688889911103,86.95190882637687,98.88021368638813,113.33945514873886
92,35.78255191741725,43.74182340648541,76.65335991606536,40.01126626117419,24.87131092305077,64.31143757623258,106.96681751023414,98.46840967829031,57.95699963507309,56.362755343944144,71.72150735233103,83.90801699799228,55.04726959930296,54.86359874800959,69.59056300188965,71.53058131327428,133.77958577801897,139.5713990220412,96.0316156190647,99.69445711537135,108.59288826086718,160.39791935074288,136.86999456456317,130.0681835097578
93,22.195122667891983,43.653890619950204,52.59284817187347,49.84338940527674,62.423014900396,95.55937509399347,125.09858951011664,135.20538132446188,126.41921805997976,94.96583317686157,94.09001816811164,39.128751285242274,16.223590378883184,40.31570399714704,-5.975231777404247,47.42090212840411,93.38374004745748,132.13766495954414,145.67978592178758,135.73787613454377,161.10764652233155,196.45858295278543,134.24566461725993,169.24765576932342
94,12.088729789689552,6.715904484354937,75.45261647443391,50.72974448678188,-2.3041750637439975,60.24995866448843,75.20355278386371,14.041096233457601,62.949854919336865,46.09037668297718,49.363611957801766,30.583246379175563,-21.664617630158524,-38.74155078186174,80.40445491908173,105.80952619473689,144.77051941935665,140.0295264090764,153.879485592805,99.56762517757358,166.24374081676797,164.02297063941072,129.52393966127056,150.59050820086296
95,61.90963204681206,9.010786074762734,7.566663709152692,41.19291382593998,51.0345350911184,46.806741208212614,80.33287332185226,-16.425244487394494,-34.719263936486286,18.256415196594315,36.494124738831076,21.748102777905316,10.660693834688168,-4.66460292513943,58.51181021241227,77.20183666867287,127.30510316652257,133.06423118480254,171.6751320708887,133.73055984178302,110.95587047452078,125.49084954381726,109.10616810465253,130.56967712970206
96,127.61342996570988,92.73535142490383,103.34676026037246,99.79262341638983,51.282228162328174,127.88035390937088,100.96585217219791,75.6780994838538,29.76964868367927,-20.341403379432997,-11.579483988903199,46.36724324830651,24.374196547659835,3.899486147295015,36.33024430999767,22.455603775570168,45.168513134447025,105.8454868817936,111.92568523921122,139.370095528304,156.24294670736208,125.37739694374653,130.97887523266644,146.57505577420298
97,47.00138612730444,40.94592564408296,60.46618536468515,60.38939733123191,66.85880228218092,58.96150609132964,63.43637857052785,44.510769377430314,30.372067620627256,17.24587449968542,11.662982045825355,9.860952784931406,-19.726346106625982,5.542098479607631,70.4192495196162,93.45265012672313,97.17772127327007,141.34146245917583,102.67745537852366,87.26718223721016,98.5693322156411,78.12050447126322,60.081876765303406,104.61538679236506
98,-7.81796319512042,13.25268149872565,48.85785450264399,45.60850155097506,25.573331490129,97.90495160310881,54.861031272548246,43.78364917123861,10.099202007926259,48.01658042840246,68.92198503993914,94.67640744551831,19.046831291047248,50.30516749206241,64.47985608402583,55.079087117063786,124.92667080102233,162.9416905892127,200.24545039298368,146.26742393054903,201.2345742061862,180.950361026599,112.77915164038899,108.62233948725529
99,74.482515172308,92.67893945001242,115.25787881392361,79.70202957255673,44.855214465316664,67.5551707727235,83.60301003241979,57.29094219236164,31.97150155719195,41.072341371526036,36.48761219799036,56.8961263425359,8.649112269103782,-43.95035803782125,35.94048648527354,103.21281809260131,147.20105104125,153.6298886485304,141.5888398740489,132.2114211529121,134.59144723823263,152.08157747471816,120.01405464098117,72.32693998524606
100,74.0048316976014,66.33295875129727,76.84117224245605,88.68947458889834,65.72014550478778,66.97270915101745,50.5548431736884,94.76225510854105,68.26361153451843,38.08223773733221,57.13949902313295,49.838681739626495,-35.086182649944746,-12.74775272649007,87.44738157342262,130.19328004006917,130.07401880763342,152.37941770219254,174.44622100253244,165.50972742114624,143.20139966372412,175.92234749867998,153.27696235211297,156.8848536166972
101,36.11830248815403,35.463775028895114,54.011922642909155,24.6316155115499,7.937814573203283,65.20110115738733,59.59006109064449,38.633666829017685,6.077924170437445,1.1926334520898791,-12.827707773375245,23.486185927924197,8.323295986746395,-1.9175494976675367,76.0999181618011,79.46937414387615,94.77361793740668,94.9803381741792,114.77866679188878,69.24791787505339,131.32546160496761,193.98777097348943,121.07068355772441,143.7969493419549
102,48.055066753144125,57.44127912089647,69.96922814420111,85.44081824471343,70.84179428375913,81.51520089100154,136.7793543276187,76.72900507612687,55.466761397427504,25.054064194778196,-17.523879944629535,16.323333471174536,-13.887719256167323,31.38500674518555,71.15451700071257,109.5846095575765,130.03159494849052,147.5882451239957,137.344597073152,114.2918775808802,159.44734196262792,140.2808811388022,137.64904797182427,142.4045620157288
103,49.94660297643531,75.45217784320826,68.62323101175562,66.01116966938005,70.34670913576107,113.8579038070784,103.99088372069389,37.752584821856516,69.63988009075815,36.46343430517123,27.061770106217615,8.599770050629758,5.025066582642346,33.370740466474544,80.2132518959555,124.72663562749109,160.01042681347397,162.0546017529138,109.65175637733354,91.5199487347403,85.53350719171625,131.99750395773611,168.78373124964102,188.69085006143953
104,68.5092628039747,47.670142597239234,89.0203315491668,129.85495757009616,99.99100185917045,74.77828782039845,75.56029057122745,40.85082152805801,33.62709612350325,26.97980432840037,69.88589953025792,49.44772086875617,6.955916696261596,-5.275220074288697,43.93390757032583,82.0324126523714,113.79510678096258,123.20326791793318,118.77791952205321,121.28208234891414,86.16671672102805,143.31728743480951,127.39394260330891,140.35746837117983
105,40.194916677193504,46.08097920474877,39.06817297046065,18.13591916543575,52.07224538028591,56.153880316664115,30.66251375563089,56.258964864088085,25.321684425215732,16.787457526111815,26.898382614726234,109.04063951092209,47.40968774302905,22.10089569409308,99.87599161779849,125.43107951057758,155.77552301091197,156.7787754871118,139.85114494892912,120.96636219751922,166.3624998124182,203.9532463110233,158.58977946257522,177.8046986511664
106,117.7082339448027,56.99284611410694,62.54649183893711,48.69555033668192,34.10943674451747,59.20743269653192,24.21736822398401,87.76607677500644,93.28416989714432,57.98197065017373,32.86109772523896,21.595000547492806,-3.9506506180750804,9.267277996136862,85.64393815505112,74.50233301558966,73.655855535641,106.8043167225238,71.31489212740664,76.0816050750737,114.96199573037009,163.76302684586778,129.42790401276264,173.68580324863308
107,24.97930497330156,7.918713863902056,24.804641844692597,15.147410948898695,-12.175019634892678,23.782517100721357,-6.837900411032209,4.2013381404467225,-62.586627875428434,-45.63053024031452,-12.870795974898257,42.61913663452179,15.249468187323389,0.747104558840384,49.72744900945865,91.47515631109987,150.8312285655967,209.16322174162508,141.3612747457434,114.02930163434522,160.17656048353973,170.69354320670482,169.70304946456594,164.3554663789377
108,48.44857542059767,39.73771723239996,72.46615311339814,71.94077705590504,75.19983730931195,58.77266613127364,47.137263647633446,76.3163034468295,64.56312944043803,46.49257077290734,66.79853151947819,60.847224033585874,8.418316902532496,38.94934232389275,76.8922924433092,79.86155478547512,144.40901476321267,129.37430086422887,134.51512428460688,74.7084227154414,96.9750369013724,112.46474066557934,88.67075090469861,122.79292267996442
109,-18.756468105530246,17.30567633599797,48.900898999916706,41.84361293904791,43.304822368830465,63.96858265026822,88.61574756563496,59.08748419770484,6.528772514641641,-4.586869287265813,5.799316360687932,40.784544221952245,11.428875251545712,8.89331195383341,74.88817270161522,93.40991485117485,144.65677148268674,135.18932633030593,96.02640004855164,93.56033349033417,100.38277928581425,154.76539494229505,171.52302646140163,198.67073121159717
110,119.19942006772943,83.31185755862481,101.30271521349175,79.91866026211915,51.04831818538588,69.89541282305866,60.63905531689175,33.39230329149056,40.659144307668164,36.1683394595289,32.91689085088229,144.17162041602285,148.5416042731394,92.59874445665596,137.72028466615538,147.08507624148422,140.5100067605349,140.6439977666766,167.7018507251637,183.21655980216053,186.10222563855322,209.00772020991343,158.2451254142435,198.01416821456203
111,74.17170507965409,10.036961376384447,-13.119468382419896,-9.121509115436695,-2.4819236938814555,22.287522820758042,14.88316178841805,10.214193186113057,-31.05072310821373,7.2679867478877505,23.61173424321266,31.570884990454566,7.022677184316748,7.1060027344254575,50.62571710612801,87.70738991159226,115.11990725631857,111.44127664736016,65.33115978375312,31.662917565627424,101.15042455407252,129.52776240763257,115.59748410752542,145.2455170808316
112,-24.900931598028293,-45.43636308015215,17.427288033479073,12.401133375448616,-7.116664235094994,64.23002464783177,90.71007051859,65.5738528477099,18.660735086642102,22.2010367479144,-50.829267122835894,-49.328396536879566,-71.2278857049985,-58.42115899727039,24.59828129291528,37.11441173000417,122.81153447960196,161.1066565029185,125.95318165918373,74.1660891796819,130.74079230999905,172.94065017728005,147.2723973778418,139.48902693669424
113,4.205133233997515,27.078948731923294,32.327917991602305,33.3025396828961,7.019656121101917,12.514259008974491,16.31414318547509,-24.329230166039622,-54.235704701136996,13.586274819453223,19.787274375585408,5.532603531533027,32.34148519463757,22.344324495241175,48.180945624926096,58.469712812534695,106.83692542520996,104.65341961272213,95.64120338612173,85.64699138348082,149.57546288633935,146.83173461398928,141.24856551908255,154.99587572881103
114,91.41282560093924,71.97928636810087,74.43743081042923,36.42748152374407,10.399233835641184,94.52523626271737,78.90061276720212,110.83149944116198,117.25433069413212,117.9675726565128,122.62171660717237,75.38249289145756,31.542366311989092,69.18376678542202,137.478488748111,127.7503677438659,180.3423895885634,240.37270345619112,199.81218246693794,140.48533126445585,174.8590611404917,202.76639195866235,217.09577679516127,196.6146043004733
115,71.28130663109295,43.68821530115615,64.3330539381002,85.43667794476991,61.798841638359264,64.1366490234148,47.32103770210688,61.4504626041412,2.7230915981377777,-20.295361488203064,25.888881182902082,38.69241694772815,0.31027298153838956,-3.8775215715485203,60.67169009628079,78.01459062507955,74.32005110540925,111.87683465341057,84.32600364595129,80.60023300100727,79.66052103772637,107.65156225668608,88.81140815688848,85.63549833391289
116,72.24791960309226,71.93322088072154,59.7708051677444,55.54530896708314,-37.1515284145042,-6.437421220528918,-31.984771960344787,-27.807839197574708,-15.496482844274155,-20.83118260736098,25.410179334626662,46.82712411391695,21.979832652108982,10.904157395001173,35.397557660417384,123.02709754407317,169.10192789705465,190.88773514462318,162.93536458596856,102.21210648385653,91.54193837091545,157.84544802760962,139.40706174710274,159.7816623725558
117,8.318672594121338,-2.34420818437151,1.4246100873961538,35.5955889587657,14.915395866815906,61.412477333723565,104.88707894027095,79.63677624317341,37.34178168074055,54.296633931606834,33.08693470909548,33.37409169405031,15.408940498639325,-3.9651982678778523,46.473310445336466,56.76079840524096,98.6233941738771,158.13594520816645,140.46940259932393,78.14542946329783,81.65976109444054,104.37209105200233,110.36265152197782,153.95012897505515
118,-5.524076362845889,-14.320360225385912,17.844170264109422,37.445654759956355,37.186145522397155,31.306656267748927,66.19804580771424,66.09793552907315,58.23947280231369,76.00662916177976,80.8827421292432,58.6792250789715,33.46536134722939,70.02915007543288,81.78476381131044,130.99202632185097,323.38826833525087,275.4090508252703,216.1560757398975,176.18277599357978,144.91717906126289,158.32663756425643,128.22141263385194,91.24708122620768
119,48.608206692626524,21.91133243356547,17.91076509709677,20.735562155762977,4.967221218688167,27.474712476414638,27.596051800654088,-17.564839109302483,-16.801464287162403,1.6803356943767156,37.47789894144767,13.612314896211842,-59.27163271750824,-40.102071301885125,26.059533773858362,71.22973441251348,110.00359870562264,117.6345919143265,96.85035325341657,108.551561430382,88.20602270800175,105.21341899126413,81.13922579318428,114.34518528565889
120,58.135317077960565,32.05067243168164,84.94479127311813,51.86559804956807,-2.007094995083996,61.516106222719955,97.98713584291599,104.79169884011213,70.9993473944809,46.19890132236087,51.65853254838564,59.02447592486468,46.040017033275355,45.55629491137563,73.85510852513913,104.20395590565847,126.37782365140019,139.1529601495189,120.87671946028048,73.91777557162888,75.40983104582678,83.57241575836038,77.2718630391273,88.6289290811199
121,28.167796582920083,88.83421899465604,66.50722598446995,55.12935256231883,36.66386644561056,73.76633176665743,108.9331548898025,106.6493524857676,69.47662059215502,47.31301505135508,68.625920687805,66.34385253935612,33.22143994528725,47.0923296286977,90.59445215082157,106.2297575159617,143.56430199097503,147.11578200167088,133.71384064114656,111.78714773430897,176.06390258755457,230.67337682026732,179.14802790516475,181.9880513489691
122,8.603454393383387,-1.2949268772302176,68.07253897343915,-10.149458474155132,-14.69269535498426,18.411661144103746,10.887085925362811,-38.32634706757415,-63.422667229753685,7.734405305808934,5.527351496219687,-17.285243948827542,-28.519933564534142,-3.720477433544744,99.27748132983527,113.04223494066134,136.46084116533382,157.31030332405498,163.3305371411048,122.45078627995832,134.91781226807564,155.66099367077163,121.52104037712951,155.93808913578263
123,70.95550860650977,65.23059907069816,84.46000774848318,67.26345232045858,-12.716687814134168,46.26118245212955,66.84251625850894,117.01170853096173,94.17630399778977,103.89467176679972,44.22127170690678,19.050893724165157,16.3264280677222,29.8542327150689,103.21980297863348,92.11209194422278,143.34869469128498,128.65998192276098,133.23243163650244,102.77469015845801,53.03853332688749,98.91501216731561,96.01516605767253,84.24301060357456
124,14.43027090978579,9.93626358396861,55.6994444459602,28.921143083771966,55.759564100412575,64.32614123305697,89.71388271325998,66.63975004797739,8.108281951520073,31.004286063731342,10.77421563296678,37.04495184958397,20.132677636073122,87.57147995562988,119.6825930957936,109.21526635360715,146.67434894976125,174.05961804033515,138.88427131532427,135.25023517142847,119.00143035149829,138.91573117966956,125.10050468128,138.08976308005677
125,-14.697830919467378,-13.675913939551286,38.11671235863176,20.712811494851692,-18.82666500274229,39.37660010166254,59.99047731524435,44.656155833324654,11.10012938499424,39.18280723009797,33.180581238259165,113.88180706681425,99.87862160518209,86.30323947420993,125.40860257948131,146.67990871252383,156.52628750712051,145.14908799712657,154.13411338844642,110.51350090356505,147.56729491511123,172.18841781596527,174.5256781120255,150.34925479484536
126,123.38403303652275,108.76667011739228,94.43116170427706,80.55224796021702,109.33468011250021,164.89970710133252,121.2599218917623,120.69249568675968,75.25102756965359,41.897783258421455,22.641720414623137,24.79096813821937,-0.946257038102079,22.387376389344155,26.698175925937143,65.02723223084091,58.2863641165099,67.43829734590238,128.08116412874304,165.60266798490593,140.9293160088704,189.16623798549992,138.47432058568467,119.87505984660287
127,108.64721755987068,85.88822925036439,99.02809142893952,94.40794029349254,44.29375408349911,98.65572497037023,92.55799249033015,71.51849341854222,34.7754223384021,13.277391261198126,11.207783121855726,37.40602437821849,43.890868243604984,14.517057034449241,103.21690278521181,65.77673038361384,79.44848737113662,124.17748083870977,92.31895504567203,59.97204400387235,97.18968975038143,134.35614641298426,99.46311018547087,146.4874068683049
128,20.89701013915369,52.87190002022967,125.24170107482938,121.36526694321384,58.87003238940663,101.51940575657112,87.84074148592396,99.6779559864342,54.23002616095873,55.93470881308042,9.335246869177176,24.925486950010093,35.95778113332439,79.98844766920422,113.93922463488002,102.54660889327667,157.44789516196374,166.67975401659143,136.03193316704605,94.16542797609341,114.42465090082703,156.32366200409137,134.93669669827028,149.03964026948805
129,84.13813591565923,58.16766332562961,126.33091046351375,60.41011515224054,42.40614373452679,70.56290327265006,50.29584801506895,27.17076801186232,16.018994533776837,-5.34529487696885,62.371366418183705,75.13134397291157,-8.76862378148569,-0.4286924960009557,64.63924952416698,80.72443508147235,92.18877877539175,116.0290286651389,91.59803455254132,110.38372597191689,148.73361843218538,88.57570304199626,96.19465587815806,119.81664601643811
130,112.60145359686585,50.621742646991045,66.79948488625274,85.19033106523216,40.53962271097403,39.62450282024056,11.348695736386873,23.875848105761392,-14.34100972963779,13.290443160114734,34.20653215547294,61.65229589492973,43.664166442617066,20.00987699585506,80.77329279068854,114.37978871377092,118.43856181156116,129.65144342018544,131.2584960544868,122.27454036702893,146.705602475423,137.78259341815527,92.90846821302385,103.25524471343996
131,103.41921635053346,53.68203756661245,75.82150738370638,58.26348442299468,26.32177562059895,58.75330146053355,80.79800965520474,73.8067177790761,56.426246702051635,26.091937542623505,15.109335368669477,66.22495272457127,56.637048024064185,65.14481353670939,102.998158579897,123.40160323301741,123.33682234718324,164.1568181407546,116.7825557038794,134.79100482722586,153.59931434350986,155.65169568402357,155.76347577156176,166.2420283913126
132,65.9456327635425,102.95968106171968,62.12115394163625,73.02858620948155,58.28102917013649,146.34052343685772,121.18372193947125,98.4692303234815,64.83826890744591,53.40379421519475,44.23866546497643,59.40794534663605,-19.23801962444123,-10.243845321313323,65.44367442714264,55.95286429346049,140.02034734678594,140.73008364037372,133.5089783953687,159.08414574683206,166.01421899929898,141.05354433255414,140.88458876652885,84.61138099736985
133,97.31490117969746,111.35990854385823,141.69004330413657,93.02020684514457,86.98006047953952,131.35095362710774,142.16228245209186,98.74304399229263,64.27140101494327,58.5428056156386,53.26076558823854,36.36556781349397,9.274769756772159,61.36856306734618,90.74216928841923,73.59140967460469,175.5818335485551,142.20275657266984,152.66021399428152,159.8887130890095,145.6394329712546,150.49642148886306,111.98411127066456,131.3891205772893
134,40.91451495694038,52.97529689433935,78.77884990066133,52.91181367331259,39.243604589195,48.639064252160495,65.42530655496931,55.08679540817898,72.88705649727763,49.1741609310533,1.396200465916884,54.51879816926748,10.592299126266312,15.316668659680701,56.31413791395563,105.89869890170063,161.90986064473248,186.50192146842954,112.48991919750196,134.26423498576767,108.31727137528134,123.82079711958237,131.42421937973947,127.73770431818215
135,45.30827012867839,3.2507751593085032,28.159550520868642,78.60690357209599,41.990874921651994,55.149990935218945,97.01607045781871,80.65635675981036,29.5275436002436,-14.778886393600182,-15.272641487433184,-6.848385290666393,-27.828320475875003,-18.374123830053556,49.67304095370176,100.02152323475188,106.61528319928345,105.68410947288483,94.12267622961679,115.64848707310006,161.43918506646307,165.380967617813,142.57976510379558,181.5990919482541
136,70.57035304112273,28.65018234253772,46.15944493845,94.36641291224845,48.33033721795409,92.3621793651844,113.92835787199623,32.21918084509237,20.573610568388542,39.94739108855694,77.87239250277091,63.044342919550935,-14.725245871096817,-22.803717596748456,51.629847601175356,28.417538743549414,55.41469264474867,72.33729313305327,78.92242673958448,33.96342190557155,81.13846573390609,122.88582300156227,92.36963551626147,124.34622760486172
137,33.53782805199553,70.01409451517331,89.37335831668462,70.17742875627908,27.918905327191364,49.70764977314036,71.55709097026553,127.24016497861476,64.32837576535636,26.716802707913732,41.97816783251966,59.41170225884424,30.088516372081685,43.74324604464083,115.20393687827189,144.5958292645283,157.36034407117444,169.2671110263041,150.96040954032583,135.01445363427297,112.49761614239374,147.23737036640324,155.75474286841384,140.9302738268814
138,30.782211611434864,42.02143120763975,57.408193041572616,82.82977007514592,47.79613295907852,90.48204431068892,87.89824625485574,89.76087383455946,9.272664632248649,18.7812113860284,4.045989328408858,64.76573131075523,67.06717032100207,59.94671546797074,135.93673391435325,132.1567173730038,170.90122518419537,195.6838269738211,195.9773269841785,177.08297019784584,198.0946716548081,216.19499587752034,141.6377706105051,169.86254423867172
139,67.64694097404228,44.88434292570035,87.87169197500359,35.21713380342004,26.173484698339813,64.3450758105169,89.16067173927807,131.99317029730778,81.29863550984587,36.325373266493415,40.87795085061163,22.179094484584457,-22.933803218150764,-30.797380753821308,46.8414707440044,100.64996852678465,151.9893103993466,138.2206649779783,99.8568263149433,110.30217717092067,107.09520268520248,138.5179450079963,163.7063634295664,135.41635907139758
140,41.96436291932558,57.76094718319952,69.7444711802893,74.26305268620814,21.12341290174854,46.747643354744426,55.507651813469934,53.285374973437136,38.84568009324714,-15.466438072722802,53.75256055867321,43.9051121926901,3.345592271409217,39.26413836070511,75.7849234965359,92.33471951643696,125.05658382373797,121.92103501747125,138.26412674140786,134.59668279909283,118.39704998752742,159.47699338552303,124.09531115804086,140.06554343488912
141,56.68275243929956,61.571828933664996,60.83229278095813,2.5156582918989017,-40.66945084242779,20.158462303576478,18.83781650784823,9.213042735267905,9.19594495061962,14.683450300983118,44.29423643752817,26.82367523762229,16.63222705224451,29.364465073773452,36.31062173096119,68.527006067786,149.80745654264135,174.29871288383333,142.21209141889844,133.15816231316907,163.75635125729752,187.8090143707418,116.21927448687244,118.53725224657657
142,48.54001259450576,22.390690644717004,46.8116536429021,73.47669372985172,40.24761261819284,95.37655855450721,83.58458523823425,85.22788418137253,43.22080958389468,73.69461297157557,88.31785782149544,103.13978706162636,67.57166057455237,58.101244418667484,103.60655225535301,95.10045607849914,135.87950074574076,131.5813060882145,126.5746169079807,109.78778364761136,102.09746447611536,93.83114742699163,72.97973328353508,83.46670684613761
143,29.035725420866,3.733199062964381,87.65661270253034,80.14262678113177,41.60679838838374,118.71068157125853,96.8064570192132,69.28504816770727,-3.364601148278126,16.851719387716805,-27.385375308548852,18.61018724579026,29.646279009005724,-37.95027083744905,12.416950941949779,46.16562622929734,84.41268351642515,113.9515973964164,157.8670991110147,145.1308563329335,161.8638018718756,169.0828072893749,129.68121825109208,132.67310490959258
144,96.24894105497822,93.22537684654556,136.54022840577724,89.43308455372852,57.4270751754373,130.08372837231602,82.39139009201612,41.92758348532617,8.025704601124861,28.82074388905359,119.75866760373975,145.70401351403672,85.43201476684779,91.07170544914013,108.87437794456145,134.82185758886763,133.6472704578687,167.1180046633174,153.03484857174874,156.11208318992297,240.63065114873515,192.54750764119058,143.2352498595478,155.345304061679
145,-29.549477087740726,3.0800699811857157,15.634533346698646,47.900648338512525,-7.138631949341864,48.45081873715401,35.44703041684517,38.2045187299271,36.06894352524398,75.31365766846766,42.188919402462595,27.422140069424735,55.462500563825316,39.32426221980234,100.16495094457406,60.92962764980874,105.6347551853922,92.1012886445711,105.51670513636316,135.04234530314488,183.7731817638413,192.38110135606894,107.05544918193544,128.16917075430146
146,69.31669531399757,37.23397323159122,43.66496783521815,27.404574982980208,-1.5789610323366219,18.99345717538074,64.45089622232877,77.85614077480457,47.595728383785456,29.464713350602874,42.81930454978919,73.83936785721531,0.8667118090388861,-6.095316102828825,95.6169227215772,117.5015831418111,121.61432199157177,118.44012971906949,105.16843126810143,112.31066887775711,84.93220115431437,69.67837583867052,54.36850589316734,78.68430785760081
147,9.530736404540136,3.270209741067376,64.48603738531969,41.303876448484885,39.35331958194492,37.76798093583941,33.4709416876706,48.69069633690873,67.66370966747908,36.29380446730296,54.201870505730234,45.508384741061775,8.076769953276617,-2.33993648973739,86.84223534185948,83.54770489923847,132.9153185853205,120.8258199604356,106.06109232603319,107.68544015473952,144.189427313944,148.8739693600883,142.40797166917756,144.23121951230664
148,53.263341584631945,20.622160792632084,25.273111069128404,21.493279814405287,4.27237184653772,88.6643924827288,45.58074316291269,37.120123948804945,70.67553452559316,54.525731936797214,84.3033911783927,-113.3653925617963,-101.8861788024733,-92.5567020113626,32.204596412724065,41.988470266161144,106.57293539185062,136.687814940875,118.62338302668807,127.80786531183296,149.83576843635262,149.2766417086492,143.21437567127836,162.84148780809352
149,8.616577538988729,56.80598738064264,53.438199159563695,72.6115704197996,5.445383095203972,26.85844580103086,10.985307708191115,-21.876558684239768,0.6156318084965093,13.419894310491983,-5.6564470266958295,34.58746343690616,31.15834624202769,57.65418700499719,101.77514611303302,100.55477582440096,147.43793961159298,169.5520588597463,116.13923993984963,89.06171286339114,143.32945463720654,193.01728208795902,147.7807897529525,117.8118794265958
150,-13.177933094518707,-44.98707140841884,-1.9534334107853866,48.37871790650193,59.6123409159151,65.04159092829019,68.44896297685314,76.31998988476218,51.523844656338945,70.42165859713187,13.120480017402816,25.531871915277453,-6.230939320305811,5.403871069873677,62.29165766096753,120.5328670343846,151.96064513650077,183.6858002021725,151.624056533851,131.16628127552002,163.17129890254216,198.88539234804742,142.43075623477625,145.26032519656346
151,16.675040067081703,28.751982849175096,66.55446341816571,34.58916084257655,19.12687783336346,76.62678470168564,102.35805580375684,83.65769893472354,78.51509158791583,54.058657801676944,33.409734518157194,18.453094961451406,10.220298057152398,22.22007333527357,32.74217175292368,30.082911555057464,113.36099477926095,136.22682372246098,79.07551160128381,125.4989790035625,138.8427677941622,129.57362265757047,130.5894804473297,143.94202046910624
152,14.51094349480421,24.433047951759782,31.837167123491135,31.090898047488736,9.696464107950398,48.153624374824105,96.02330825382963,54.340734120442676,71.51260630096144,38.682940107146294,46.0703121506159,56.842260589692884,54.77038730708811,34.57757974894919,90.05430994197485,135.84306159938,160.534439954417,157.4295359840232,168.7001781288126,179.82744228074705,181.28226497571143,158.07169410772198,137.91590013607257,132.2026844589954
153,88.76201578962767,84.46818681899518,85.8509742085634,31.610512607349044,-21.303779536805493,65.73884235344704,78.03593877932865,56.92999560704203,39.5352840304136,28.091921300704477,32.83741625408815,42.10912439394976,16.183212369205624,16.52191238032336,71.24122167700892,80.15135418841015,88.78494418821901,55.207517587801476,60.38462303187441,36.17162060270874,86.14897650646716,95.59033638256781,116.58039670012904,124.5983629260484
154,109.92288870460193,71.78937373833367,36.37565556809789,57.22893432278158,42.86320996192812,125.55086014636078,118.07046458620634,98.04757123593382,106.56696181827884,54.46542490882405,63.286408584284764,77.22998923240354,58.40949296397363,27.43749798361515,108.30472354144857,127.9412271115618,150.75563641596023,161.7345776698872,121.01269823932279,40.970796820989534,77.36680527365917,146.74294341344375,107.27966150130052,100.62412074520387
155,38.12361835538684,4.933961495581308,-6.295784533773599,1.4787824806862488,-33.58469417490366,43.22964274192101,39.20081561527787,24.09063538526248,-19.0654210053293,-13.606211054231018,-1.087752125222039,25.340180069868723,18.654218181213153,7.244563723043207,90.16276276288576,89.28429528038187,127.72321677926264,136.1789222571487,62.9682259413366,74.54945252772372,143.72018422977266,178.2220371089859,134.30255280160114,109.44288676669893
156,22.827132994086696,30.72945926070833,57.27592271803556,54.114370565449406,53.32174952460053,81.47676732660273,78.00727378597782,87.28146344046463,27.870404778514562,35.075000900364415,7.65170656090346,-10.060313248516792,-8.727420199323248,-28.796737277918375,52.320113422255986,117.46254279780285,203.99452329169418,226.7141963486014,197.81418018242383,187.69098421557075,175.76676784879893,120.1175781894224,100.52174032442662,110.81198969099668
157,64.91384778816983,9.210222417538567,38.105365733538264,48.839631015717586,31.72749483954033,48.94501471971871,50.17174031880273,29.33762763939644,31.047797717058742,45.401067858193954,32.73139311687886,58.940095700462216,14.701305311272998,-26.50618592900429,65.37986355204036,78.46662798535267,135.88969143948268,128.67369873735717,117.10021376097599,95.13078137990757,78.76883225851613,167.69220298144867,131.26382679195987,124.69556187365609
158,80.88803946923305,99.11425448576964,102.97434586398279,80.63925125985273,55.56425106631155,101.56941648391187,91.25866110391539,75.73654531721905,61.85505918876712,73.75616268674281,35.59481341750487,23.822228556741393,41.1635224433022,47.93103780727225,73.83729695410412,115.68325373430193,113.46835133374117,144.51748142982103,100.40986669385887,137.79907071045815,150.09173634153163,189.92908044244868,120.65960575244583,152.60473362573697
159,88.6583323497063,81.66618975738564,95.67159650132096,119.75656418487497,88.00993202172265,86.74622343049546,77.55138557386638,59.17959087513187,20.854791701005368,42.48884730581284,78.89089344723982,97.24217575401917,46.57892198132374,49.5913233043223,91.44811520324217,108.35649312352574,163.50584939326131,190.36048968936848,202.81582813904583,178.16232245164923,214.301603281085,222.4205587568814,139.3984914463465,172.73055594268294
160,3.7309499720066412,-6.676634001003606,69.25346105209408,76.95438897588528,78.2553573198814,88.5364293526166,92.34556747907834,79.85356211215881,104.7101008566492,49.64607325866122,72.51336373316536,64.56323965551161,72.84809388762618,39.99744223370798,121.71046286476839,107.4313248906122,151.72513408964716,107.4449360551218,113.8233074872408,78.13623250671846,100.44744329330045,112.80567475701898,93.80172426744488,119.48129043911293
161,28.64873214463158,85.70174412644069,57.94868724288375,82.74250572685602,69.87752075660507,120.64417819970106,118.59695298185798,124.3161675288168,20.688430501900044,61.933674497011616,50.61312988250792,45.57720967375758,-48.271332323886014,-10.279447468185772,63.27542360911395,71.96140040940797,107.65105978939887,124.08821217150708,126.39882765022303,71.08299427144414,125.01074437119983,169.21314092326355,152.5115117414712,157.8755535964283
162,47.267136858654176,39.746810955284694,62.87134806570066,51.14936386783502,16.18508116141352,31.305087763066126,61.24007275459665,39.78986423151598,39.85551361049684,46.49748510677995,68.96267851464961,33.151798980446934,-31.0862619369871,-4.68119995645927,57.74150644564276,74.12385329610943,153.32809118388903,152.2287094633403,109.10552349530867,115.22608361584093,150.74997243092162,168.67133059598683,176.51788582667552,196.71134847819033
163,35.62260667240472,18.693731625351287,40.966418348805,42.6902054417821,26.643243379425243,87.4808457557965,75.41770164134634,50.1085847715553,9.79430158348287,21.668247834779926,27.40760182688412,32.40470433910942,37.46181860869485,29.592540485987755,87.84111598181471,82.72819718713801,106.93012644504026,135.55167229608873,115.17714144009571,73.26024533353426,128.3116361886705,137.46364776058402,90.87709193753423,116.80278512813804
164,69.49428655309316,50.38510239140203,106.74303633978151,69.7552580503404,37.55416410050539,80.15453772207935,92.541410975878,86.21455866365807,82.75861868859349,-3.852184427600143,-8.73802168283904,43.04085404538534,2.5049855539062484,16.26545090117032,79.62442294957984,88.5904221293271,92.53027087562342,173.89477996980725,159.2871346673586,129.76507042791476,136.7160227451073,163.54571718830536,152.94631888697904,138.8796276002942
165,51.44313513381243,72.86611861797743,121.08975843977898,113.89583691435973,62.240694072225345,99.74664733925873,83.3014075590267,74.07976035917565,62.5420344967828,17.907789353360197,3.285980974283909,30.056872683436346,-48.68872170279025,-39.37345248365943,36.789075578075455,74.63942879877406,85.4646192612375,119.29338275117286,121.05853766515492,138.76779787536248,132.61663088248397,144.8721854201073,160.04477568446026,180.92474346901378
166,72.0293597825295,68.48546283690729,41.655065060198375,36.66190729778569,43.42387794897297,96.92876662436608,64.37119039676008,29.394684957342648,35.525083426854124,40.47017478513593,22.882683096250577,-21.04061097505552,-22.43410145902078,64.957643611123,100.36879737660456,89.17153196619105,138.81477706342858,164.98397960701885,158.26913763432998,165.8043392697633,192.76071529569919,189.0980539677571,184.6383739627319,163.85741447615396
167,40.75152394683039,65.74085310569207,63.41489279403788,48.90930131673234,-8.95444677071287,50.9144967095798,15.214816708135487,42.937909925307125,38.73357428820962,58.15322473938181,63.2464792540584,46.68301265623047,-0.47528831645818315,1.4360741428275006,-3.0112184919664884,76.92613765614658,98.7345881451607,139.77407250009227,116.69811447045944,124.30555320736136,116.02052990797948,169.91057961079224,161.1456923030841,166.4446487128912
168,23.349246658752065,24.67924336398252,18.123574296466288,9.441272992601682,24.70501156192768,77.62320973842029,61.19431659826047,67.36564641442943,46.84677553494442,56.10826362272773,75.95915521493046,72.4734724065396,32.97703274413656,35.01044293812646,98.28653538808348,164.83642285155312,189.58134784993388,138.39141745446557,140.0135926652995,143.7873894738398,146.2162264414456,173.9262037714313,193.71397738032314,128.39071240869862
169,44.12255355983307,39.83464251119335,54.69047321922726,24.047153529024715,-13.532556518425821,24.93316553067649,35.14410109690116,34.54158406816045,60.193094478937596,76.15052863904057,122.59862274971135,60.221255762735225,64.1794224282486,55.03171025855247,122.23443285792213,127.34341265344273,180.862888745895,195.0481583001471,126.95730237773147,108.50395644983682,292.1968164036568,294.56573158566306,230.78289862945155,157.45575532762186
170,84.50738425201811,58.20038401837627,118.5398309898051,101.96365620545292,67.91056414004142,125.74160014201615,123.54408134291927,58.3426894778964,44.39974278016095,5.039344993182521,-23.075064823973598,-17.904915268680767,-15.834793297841998,47.67505583046744,85.39793131474981,90.18126591218225,149.65673332167432,161.39837419760283,159.10335472908702,93.94407426252948,100.04262917665466,131.2989204383928,118.89737097502835,164.67665706239683
171,34.87702724031355,9.432406705883977,45.21231735728613,32.651161584510454,-16.1505847542047,-23.18818206273916,28.10375197815486,31.942179734245297,2.561974986101717,-0.8185737562774378,-1.074237518351218,31.865425512732447,-5.82574501229962,54.80867216944366,133.22478888085664,171.6540070238045,158.24560149013882,163.0977817609652,186.94058095245535,128.82967039167616,158.48862436756121,201.83974329042758,146.16609493905295,167.53491784889968
172,65.02406955887356,137.23574436707793,70.60927468380734,93.29804972002066,95.52638671838415,108.0788912294991,84.06560997462309,91.55801378065455,91.81055341510456,56.0758206994022,109.72442671795784,89.3026267912131,38.068231321509174,69.46139237940471,104.76859942097184,107.22650904572866,108.25417598196051,143.3643225976641,115.98337325960173,37.35067762745561,42.41631963712524,86.89756381172793,60.49847461610163,68.04837432653085
173,-3.318458121310101,-42.22624614149866,-6.083525637137413,-31.439112296948487,-33.48539135765549,-7.710417393415085,-2.1480493993052647,23.528805452041894,-6.580119045248836,4.7329041748178895,57.62687674230971,89.41694393238936,93.06055412979966,93.59203840798213,168.75132816281098,148.23663168239034,170.23206339308905,132.8732190571373,139.23312421358517,147.4706098448092,186.8143275190699,213.05834236515832,166.46183958402494,152.13885157551414
174,27.934171545239266,90.65956004290243,138.10545249714653,86.22653185880755,47.65245861412171,78.0952525208968,65.89176395694533,55.67183933752496,7.894089130535935,-4.2783102980185035,-4.3414848168499915,3.793620023790446,-17.974715940138644,-51.347817260073604,10.098387473267557,43.00084485032452,86.53331445719166,110.43799669618716,101.62763512950475,89.0519024578394,138.53549894776498,164.67514210024078,134.79887317266133,158.74845366125356
175,45.823277395104796,22.257407097572777,23.669776347122536,130.89395345971366,81.8969141853237,146.3046380576546,128.64793983255038,104.20356693633482,60.85607900510337,20.948261447425732,8.598956251768847,-7.353129041156365,19.909613832209963,11.005115356337505,72.77349527040471,109.18327498144428,109.7976332018663,138.46391473519046,133.65413704079626,145.98500474169762,143.02813531616928,128.72423735374798,82.32983536785245,107.77759162231034
176,32.294006461480876,9.086798770009935,19.61362740552005,6.157110443547246,18.939857702699644,43.679468917743975,44.55582526506297,83.978740763345,47.80003026843581,50.76561120254719,19.084863509275422,24.111142867450646,27.676298639844703,28.496088995297647,83.01249713013841,69.94657172841306,118.47203585670636,98.4615541937556,106.9909271805499,61.77962226220073,62.30471288300957,59.9261584878293,51.83175394678486,80.13795954659051
177,58.510647609557395,21.75326599086589,11.296260149608187,5.493920512210572,-35.16592841967264,27.571214574798844,85.21140286447776,79.43735466329397,9.174165365581338,-31.33430287636508,-23.93768139107633,-7.573229803945139,0.5895629966375715,-16.844170231568263,31.639839777537098,54.98416531221532,93.93222310662252,123.44601526274805,112.98660524720846,120.70049349526349,135.9033317881419,142.0352255385645,105.4011561060252,131.35469984037468
178,71.98973742635805,80.79325985066691,66.2070688444964,46.58339879192058,54.537807179440165,89.75995708608336,120.30369348729769,89.32934491428898,62.14561832377825,111.21295175244785,70.84387819061132,28.057220872576977,18.407784437232067,34.26785948473544,91.36060540747567,92.55979711331652,122.41698924831702,114.54377401833753,123.35490981960241,125.84683013087415,131.79871813561002,126.44674626218287,88.47279789463263,122.80852439120723
179,70.17948347662093,97.24044885252445,111.86439546684367,109.64458739997056,107.9427004108904,102.80149297212513,116.27248900420432,81.06998368527609,56.375470970095606,52.68337077127917,48.94374307295996,81.10368664563592,58.49705255346383,2.7367230886682563,45.623062206723546,97.47167043301923,94.00086583862344,98.5916749053629,52.43702230217511,50.06168982024835,138.65520690473605,157.39877057925685,121.30891909046377,96.59179199143381
180,53.85042616682534,23.407248752799305,64.61412923752076,70.2190083258775,67.54710027886034,92.4293411407077,106.14953567957197,127.29609749868997,113.58435971595028,152.199479145584,116.63450917207388,80.91091255676423,-16.9889261444348,15.009146591682395,66.72948713990655,98.37004200354468,112.49268542936697,134.65281202788978,94.11102618571795,96.53798921496892,165.48386899420052,161.55014644642333,168.1896573794548,168.38695613462366
181,121.00993758443144,116.89942005811594,103.27994494541899,55.040335877081645,77.13849108046409,97.47956329412416,92.2761101827051,102.6471276716046,43.1753374638277,54.40895191572505,57.80697165683216,43.744795644554145,-1.8500864409674378,-16.720765736103495,62.08944707582373,89.61816125093895,110.19273130717772,116.05930916619039,96.1724796152968,81.22864690110569,90.32211507280522,114.97734189540446,122.50449903860043,132.20052722796368
182,114.73218912578558,102.2116708108781,110.18263602256582,97.59518731080811,81.30847116104346,79.39895688387007,102.06969620224038,90.53974191480629,65.76404502718961,48.073950568609085,24.247641555352473,26.320950741272895,-68.10937100723795,-1.222379652839905,86.19703570674147,86.4430617370951,102.05028576599769,105.90532776716609,78.27835952813956,99.11333802241023,49.719969647914525,59.430101204641886,82.50099073144315,65.41745280890078
183,4.170005437410822,-30.843763613422652,-20.309414544953924,-40.66032486509284,-24.413786069615128,66.69429377475407,87.38313872941595,94.09957316464994,67.52198946821028,71.49473687020193,74.31990595899018,146.2402384674519,97.60945415420373,89.62001498903936,93.60252829258829,112.46906442706329,176.56669766699994,190.6273087016557,173.3340463425745,143.07901233616118,160.38912219093578,151.9597225989233,134.2505210917388,114.5752115426057
184,26.74112265234237,-29.367159545771827,30.50685884823924,9.411321579646284,10.220364792966947,41.57922319024455,28.27990414724968,22.38465012837689,60.93445784048711,116.97118116119728,60.25414545128311,133.53199271141102,50.50335763272136,64.27658088641229,111.27041775859473,108.47431362902292,159.3718535970784,129.38367117427967,115.61807334984687,74.40122938251747,102.071855195651,107.37173411946614,59.506460689130066,93.76812535844823
185,69.77121231536017,36.42851062292027,31.41467424468528,53.15117789972729,85.54015070629494,110.85577847411966,64.10451108159236,10.596198508771316,-23.630037211641124,33.864035493427835,38.780772820569226,1.3414969788100137,-3.573354156728957,37.67235320456463,39.491483353989196,67.40602297517526,123.26970757594458,178.6756408571197,205.1995265482215,135.6800748469141,167.8850385796336,205.0022303271105,190.49328775984472,172.72433243316632
186,91.3285044707041,71.81557658509179,57.280908905581725,77.05808501690132,46.20260976017185,51.04202863628029,36.57639360378037,37.92517999760716,-11.487750104740364,-3.8989785962377397,60.60962844627829,78.13500391258148,88.75071779992366,80.5964387627879,133.17537759264366,87.73846386423585,107.71915329390322,103.10598573159174,52.13587342023902,35.807547502543116,75.89894055464524,137.56875992950307,242.80166061378168,260.7873908106061
187,29.825780701679673,37.29161092516091,44.87909716222524,34.11137771561027,-0.31225720982970273,51.32879052795454,113.28378708545932,130.03913215427727,58.61227104040546,50.06407908737906,46.28140745906415,43.69888841775114,-1.7594884971674993,27.38365946728318,93.6195740242052,74.24595797403066,120.32479334042857,130.63319685449594,164.0209252261919,126.33894594308289,131.8446384317822,156.7605389448769,151.9686028665764,109.50633596292013
188,76.16668305798247,58.96053339428964,236.03663257643876,186.0360980566273,113.56785412718835,126.50545854459918,83.39149009767667,97.65139932616023,71.75844418154432,55.10505001453214,66.74479477523445,79.03807753785085,31.14090461289549,7.805879300373739,76.95577936852666,116.81724723069158,144.9160154300768,150.16545906754268,111.72448219723492,152.0629206802291,187.8425140329764,198.75113987492523,166.74136166439763,164.22801695546215
189,-4.965874995561222,-19.415287709310128,-0.6633211969697612,16.97812933150874,-17.295528346682595,10.466306533300823,60.861806886015515,71.2415348285247,1.4213719449006632,-1.939127534013302,54.10312907036234,67.01357651574443,36.57911335678213,69.2498627880147,107.65911588668244,94.26691076325437,113.01443616479254,157.0611483503228,145.11324310828778,124.99951593283753,111.24161875601328,108.37785179646198,94.1503731516888,350.1662676962614
190,84.5158071799161,76.6256406912841,102.7618346696614,42.621175845979714,25.944024519126465,33.20867098592684,65.69793205295085,19.43181524079248,3.449646369200856,-24.39572646069528,52.34321387137621,100.83054381890366,70.08197199664414,72.21322847182441,122.42457497386651,97.82238447198398,143.72583401888548,183.29655184878897,141.06138694728523,167.65282170860561,155.6587350961108,161.4789586659451,162.0759047118221,145.45264277569723
191,80.1678357581768,42.82466114790145,43.36088854368681,64.46360148134144,54.68032446134509,62.517407483039435,57.766199886858175,74.35584658189988,25.513732019660228,-3.7393693786241116,16.863685719608718,31.054355361176135,12.132922667341056,-0.29600412677054067,3.032678016181478,38.694355335779,93.23481427237603,132.1930565431517,87.2680043634677,117.13793307442398,157.79056468711025,165.5332291004442,104.61090771034428,142.5025037213387
192,42.65929328114123,43.56442367461272,92.33256143896807,118.37322058267483,104.63347419558274,159.7040900338195,130.6337852243902,100.32265703180619,46.79554931932895,38.897351471684516,64.13672278421838,77.90287577045777,66.34360405316414,62.32260959778168,123.1458828117052,143.16491169298925,152.72052752737008,144.39287204834991,159.2969824187738,108.44165133467988,136.3621815668808,155.39171106862793,106.65493291701208,134.78733633580663
193,81.42025234245558,79.30809420382849,96.59127681132985,106.95953799481117,74.20218337696542,35.152451283269706,74.72326404723768,31.642702501221727,-11.899464719663499,-18.408710272363813,15.114421810606423,41.18507632880181,-35.81199337293459,-4.810359895163497,45.69555636377243,115.32785967383231,110.70557838444398,119.78342628154184,132.42214761701823,179.04713254298036,185.39222473211512,151.3143818005666,92.00849444121502,120.39359152640657
194,87.50306278250909,22.38410538773043,77.16653131705597,83.06116369613125,80.45964701718353,87.62437422961372,86.23584522043019,61.822779421010864,48.737531474909666,47.36233373988115,10.959676314286998,79.63410202032296,43.730223949361275,65.51210674145618,82.82316593574276,113.46374428844224,124.23521615658059,140.5168326715097,136.25282792798222,126.88157851787052,154.96944198602642,159.90807480520206,176.30157726671223,142.52106884666722
195,68.02084434242741,56.36671945594421,88.42371137129842,97.29404814795495,52.7336696181277,39.4136740378027,58.50496422095699,58.2088547429981,53.53434328612872,76.37452241621668,37.47438269393802,71.38611068284831,43.317867770838085,-21.287087696150714,43.73524837447413,63.16813833836837,104.15937086279664,121.76543658738264,97.3695942376132,130.38977486593075,149.78441525726674,149.77345677277245,158.20827518555942,137.96222627132877
196,59.470977425314146,179.43728061978743,203.40447495993573,159.3816026169686,116.43378025982607,143.38318533080735,168.21369934582256,123.88425945943158,60.329349817921816,41.05167226652806,35.941562671304844,45.57006080186675,60.019319703386344,46.59321908652511,62.414762314182866,102.90265369485593,115.05342737179076,120.32076824755617,96.61806078785082,84.72643390089124,122.63011824904656,170.97747329568423,130.70769764358684,184.8207759453784
197,40.00764227361519,56.14902715691701,102.95151331414695,67.41155321311264,40.12758944063701,92.74444708103482,97.93158222915275,79.04640315911863,49.17065761967104,50.076606950261336,89.7094647218756,92.75319625824488,38.20304903366376,84.41598034031651,120.0668757782478,42.31283690587814,76.55609471127607,158.16971643973613,180.7635061533457,151.23276451234415,189.01331514531603,179.1132259897318,129.852345464962,117.54498545719582
198,76.53565597189525,62.50074755451028,62.20442041064987,46.58336842194275,46.73956774518346,71.50022510182703,32.90074017999154,26.815514583554744,-7.465423081933743,52.04199210681436,48.60349867359376,35.42929217030001,55.75418464975793,41.8651129237202,29.450484465329623,34.77920121804965,68.39617992200004,104.08825963454652,197.08453175625868,148.598290037689,124.16565451525943,164.72645738559717,163.50636573213475,123.54257745518879
199,50.29615250325645,33.98260514535463,26.586977129422827,24.379953777218972,11.650297730559878,50.90084385081012,56.00949132340327,52.29460475108854,-9.01831170545509,-25.04807810852278,-39.01352546975925,6.51749034073184,41.69853067176589,81.93834640159221,98.5302803094053,94.40553197625286,153.58449475734128,136.98729164368544,137.95854921218574,114.09484517498679,128.8269825241467,134.48388464222762,104.99822912638244,107.7024807953998
200,109.09551742004759,85.37045385596637,134.80278966440343,88.66268798190858,37.364958423466575,76.57637724163743,74.33215884239739,61.24107734900053,40.31008825423198,63.005811059804614,85.67655372298117,36.92105754925838,25.488929518892085,55.126859162160144,76.10091860551304,108.28101299397636,106.94412093222621,196.61035930082085,171.07692345321863,193.91493780227805,189.55172746395692,158.00125223777343,138.31997504771894,111.30771583563003
201,36.87511896690755,41.80472707039325,14.396997000793043,46.04509578552683,55.18385201811228,138.67385951040217,88.81865434213736,39.005387462382544,19.182096654719224,16.362785997216594,8.362529535100453,17.402014620257688,37.52070122088098,3.612759656547478,35.70483539853085,46.513153775449666,96.58676075379195,107.43502501356912,141.54147234582945,102.85547249987664,132.4604206964654,207.43576859293373,160.74684813123037,136.60922755467902
202,60.24034854633325,8.455408172365594,22.926156616267505,37.59454186581747,-16.022195677037338,27.645819253292316,45.83347334625766,64.0573919512892,39.11010262869141,9.825479151218143,-3.665958164119239,10.79001717330246,-3.363343225837184,-21.76777792169947,60.84585826167941,118.67447964218789,170.12863696617904,188.4317952888499,181.3255924577229,161.4233726248417,174.79741416591787,181.93795519237293,152.18896120473775,172.56946771029294
203,60.24762187259921,42.62628161058709,93.75700516236873,94.63158377151187,37.117614256998436,75.51111719845285,76.3337979511618,63.653154753729495,13.211385684982442,0.08707910477049552,-13.103496459747483,6.349105574250849,-4.117589945793277,39.609293853527554,107.97627558283885,117.83249654898992,195.13670357609107,201.23372654579174,143.0029228221391,71.63704535864218,80.07876981235552,108.84665732112546,102.93132628462678,125.79927993680775
204,-10.085525471745697,-24.092482313995532,-20.923028150621278,52.371204639569484,50.682624428212996,1.2247327505107108,24.481507842429153,5.003937975788787,-52.00976790034326,3.1420778187223988,16.735545935880953,15.152822278966244,-0.9131172189414052,-26.987614610661645,17.12778007158704,30.166748591931437,64.79920369208052,95.00324607588064,117.86612624157824,116.11670000341559,156.99987895792003,141.95548825346657,140.72307378295895,111.67715610778308
205,63.34520507304872,48.288138203310766,77.54287146741103,58.915709648572104,-11.782258795961376,12.38427321864765,27.570107399125796,31.551905938195308,26.341804686133866,14.564070868273824,42.46572761003046,82.80608896871436,67.70877019883719,66.93714760320438,71.39469660229857,101.2929366770094,138.90347079309802,139.9635301782616,122.3149442628393,117.77687744580271,142.16995069249143,124.28647099280198,151.28559280342458,156.40870135579092
206,29.232108124049347,41.56894012235989,44.85768914889712,53.727691262959375,23.458273040380423,62.243474014361595,94.46432328080542,51.22021801736741,20.59329553329799,31.640003257959034,39.47828716389263,86.8484363618841,51.058532039522674,55.659762347441124,91.35547955400332,87.48573591297097,139.70447566917642,163.79759564793642,151.99875065582992,142.87702477264898,127.89172840745374,127.70013611930555,157.30904301808872,186.87872842952783
207,25.90153770261565,-10.311441150824194,45.185839864906534,57.34754061038015,47.45583839962867,74.96130403175485,46.6011629258342,51.673504417088466,30.278841223579484,1.5751805456792098,-14.40889596753123,11.208434382847276,-34.126005323662525,-8.656511291183794,57.6897103700465,70.40589096738748,98.43891227582421,127.88158836229285,114.36237432424109,124.38518017686299,184.85584849058694,174.02401635819893,117.23189388456723,162.41416926246382
208,79.81171346407417,79.49188730223116,83.37282306524624,90.38571042181141,66.94081981001966,79.10112098755816,82.31203314322323,52.09922478939279,87.73435996567501,76.78972944789527,93.79625860748058,115.4137338279376,68.28434731932055,78.13550864233002,142.60126177592343,120.79197746964252,162.55658066101668,176.8494354667668,143.87702079807912,249.7164610333156,212.34299099678137,171.1925234644096,148.40198529976445,156.3220571375597
209,73.9484207766495,24.10129109500312,64.2102334807553,19.564579276901096,2.2491746169003335,52.519508037657474,37.14203024030198,13.228520558428528,-18.911883059291426,-4.832823377490797,41.707214687383455,77.24217161104087,12.13509534928971,-6.308414046918536,56.92025508231822,92.5155601419272,145.58591433506479,108.61257292570511,44.50254552254961,78.74898668421285,108.52005749470541,116.90415269299689,87.40021611531184,89.24068557326879
210,11.452351668700878,16.56044152159413,71.6183103990047,72.17664293864905,63.789880659088446,87.22515269234485,125.94943366042419,132.44072416821814,48.03994234422208,40.266898194325684,14.01384637497662,26.54982628987738,37.788356823573835,5.891359771038957,61.96260890235579,109.06200556506518,139.51525352295508,144.96697440782035,105.5342388430723,128.99927240559165,123.00165006604804,144.44047398643497,119.90446760510055,139.1266321303949
211,68.12041539058549,61.180104809018914,54.06291492844452,69.19628555618138,41.10815193742611,0.625635475145117,24.697310188997207,0.11868861025449462,-37.78683142735761,-17.498311252597816,-20.404785142361618,16.375315268086492,68.54134609350169,86.29289720817405,107.20334338272535,115.80226155222624,114.26424846744236,165.4799877719167,184.10492243090948,173.3280143884141,167.26538269414596,179.77965546540418,161.4040381697664,187.3006589656796
212,80.65534311787832,51.30345532940899,32.702493773383715,41.568622850908824,51.825020271052615,92.30286978649238,78.34123066972857,80.30706639455207,55.890875874593505,26.49506502238348,46.23418064146872,7.313036202886771,26.01276223818899,14.842583325085588,76.29058093771378,115.30549078731545,120.40475227591442,172.7784023766346,146.09122627011192,131.72879267613968,117.61268695000328,143.11871374325148,132.04449574747719,169.2918832360928
213,88.24386898072413,129.82541362847172,120.80084205375773,75.23669510000502,72.77443086748318,103.58715070044146,69.85382495397097,45.060240782062664,9.633183343802251,59.21240474578114,32.39264358771406,28.64889298365582,-1.8981843290894815,1.9739698509985288,11.768772332421413,34.20556521208074,127.06632470137782,117.80273449058967,74.99420710019635,98.72701642524552,133.3792438270946,127.86437457155739,128.77354835868672,172.5518944840479
214,54.365512753138056,50.29378869071547,30.62796825555401,-2.36497444559091,2.6132748545408333,146.03408833550293,86.29922657174149,68.20515908207865,21.571217051993596,-8.888869959420092,-40.11739934798883,44.24840477579374,-5.745720316258723,20.28166943813209,79.84727710758342,85.23603345080947,105.64453962861661,141.88607159564046,138.7044415387732,148.81263327586663,151.67388318968952,149.79007027927557,132.36748424407455,134.6192673382136
215,63.99586745930861,61.580370177183156,60.04725728899334,63.65517220724208,67.05237954788349,104.7772239365631,62.22895971630894,22.788120807777226,-19.303150105828095,-20.586942095593606,-11.471092079599408,25.99843570530894,-18.405716142544875,73.70950875432314,76.99938627126112,90.36202057175645,157.946559948178,142.24952118315878,147.50616443708589,136.83323123085972,160.74964524027834,162.61633515497607,137.7529815341595,138.98695511724944
216,39.662445671842065,101.98409093248928,83.48216058835084,105.91389207654865,46.80156315140023,81.58712840778294,100.32815456855717,82.70485645931882,32.37667570506321,72.2053996063318,76.28444134325487,120.3915591978717,89.9951670092685,67.84722005756149,97.8028478359197,128.25625034235884,149.6990897966735,156.5375977814086,123.4628380148604,97.30853117267672,128.10997930455528,147.5503545255621,207.36251909625167,184.49075602672846
217,58.15264791271216,50.07021835551367,46.75117718962898,19.22094431105871,13.966545645589317,46.26784142855094,36.68664604658379,26.960910732052724,47.586209499991774,38.878004048395105,41.62417708845582,28.08475542150974,-30.798690369287556,-20.637627281370904,54.30875700408042,78.55084690721571,92.8968786964394,113.6454658129445,134.56561916053843,121.91665932556042,124.86074263259916,103.92889263486512,87.47897815181923,143.10716149971665
218,56.14363633770396,32.528950597423595,68.64519378150752,112.109581933804,60.000303982822416,115.24584398978877,65.71799303084913,22.065661907390457,-4.293052142727589,33.64163491041447,-16.923997475701754,11.408914371046414,0.563904572795856,0.07465630188676897,52.01274393575933,58.39734830237612,103.57087635744763,121.70795768226814,138.06822951835406,136.70131178310632,153.26477384527897,159.55313032151554,160.44156382142106,144.08149965925756
219,74.73241187023999,46.724691225850115,38.37689308532049,30.19605258869966,-3.6153693096755717,34.69991334457704,38.81644542515038,69.82534192044989,81.92612593303312,54.23837114483044,49.844082660264036,16.178376070209538,22.542743401176274,3.627459874608249,94.41247996067493,128.11522156749862,197.04119645608574,167.00373926962322,154.95465967053187,139.64411417683655,182.06603336946836,234.9955891502311,185.03521567919285,167.09329432247281
220,99.16944942962235,70.7382539608083,118.51411212968348,80.53248959972952,58.53258245501911,95.68220398021765,53.70170089716342,74.31868255830102,50.465285537500776,52.768794288689314,58.59081325979882,43.849917940629986,30.470483043667606,26.07057000603949,80.88951895672035,85.86818665810742,83.503048181862,90.24194320716292,149.22298321149964,141.29375684291608,141.70714165288186,154.30022303710032,120.65980400283067,91.69225103069554
221,53.932940879189346,19.6481278177056,-85.07681843525522,-50.822347805701064,-71.0284468939946,26.810888043865923,47.662901746436425,0.5019362864627084,-20.77824315203344,22.478933249555602,24.736692068306738,39.473774347910954,33.04839381935006,19.348469904109333,70.81648382592607,115.47760810551117,166.65200055169146,152.27510243585735,167.05424608520673,152.62949880132334,144.76257179272687,160.23905941253392,155.1068098851578,155.7902207389343
222,46.60919095751976,42.70531839904934,122.685089648748,87.01566753599937,49.283046527550255,74.31480948075568,55.94485981299293,10.206918558220423,8.886129190912822,-20.051670703788993,-4.890897058922235,24.96423696831578,37.42386346809579,43.1224361138787,126.96899018523338,128.49386078177764,149.01648989551316,144.10123701612468,96.3770369546213,118.6764135781735,121.77959600252873,104.68693624578043,88.45343411512721,66.96725741532902
223,84.64143019837701,41.63598599178136,104.6691019299925,6.237142945775808,18.498726183690977,45.9554980501768,54.96370738579678,43.00891784528855,75.33157308358865,77.99753323960519,75.65935576594052,57.00706882926748,25.531549176693115,8.775978820687111,14.202969517227771,67.27137048104724,80.51728886975732,105.17939739089695,78.64100718471308,124.25337494911622,143.79126874883178,171.79291867814675,88.21059376556587,121.8870155312077
224,39.39466899141248,73.64453732330492,118.38986508161793,90.20751187505115,70.28330583763542,43.95079782049754,35.471537642123174,58.54190075124973,27.82382872372315,17.084955164585324,45.22830947139384,56.414353303692785,7.328337354198943,15.503642806245942,13.0470769882891,62.85442739753224,113.30366575461122,127.13710117997532,102.02216285722149,107.60577576520454,86.35937408647332,134.92551305730942,119.95868006595343,129.687688127061
225,2.2363670309162416,19.745845348916585,37.23664778524313,12.01414786350346,25.702252304713795,71.62914587839623,63.139679674465086,50.83367310555453,60.05558757670202,31.005424669925958,21.659818757542727,9.295190405565052,5.603400347975889,28.01527703638672,103.68762207760182,93.85686063659898,109.42338830800796,144.337490281095,124.7103506258161,115.4488387552133,150.50808764356117,241.31004054346286,176.5354869387761,164.32890765881163
226,-33.025784586418325,19.304055731229553,2.8218747184959057,-5.860545406112919,-17.34773309406561,39.11707715946121,71.3622033985844,32.86173317657949,26.16040279722459,18.597166348770855,39.07469695569142,43.07853545669043,25.827864749858655,27.233746111844617,75.63102460443037,67.15352043146092,74.04452778282538,158.5794515214427,82.54249855972289,64.23691608709126,104.78253033133834,200.5046170049175,147.15512598392124,125.77894587359856
227,-8.196853764447596,13.512109454341807,41.99989903773206,79.50451416213645,49.90541095306471,52.25739337793734,65.0943073091578,83.98457252049008,75.55835176399891,60.2759030062559,7.98609119982234,-37.44951913948235,-18.887633016396208,42.888016887678,72.98235112564367,73.77459279486689,132.02991004993314,161.7707289214398,158.7047726528107,115.24967239459096,72.66973958130586,75.06139323062717,121.10194168861332,110.18289405736901
228,58.321372792766596,13.104057278577717,-11.515930671186837,53.67935647043571,-4.250988878007092,49.85751314619372,85.54917960290929,80.60198194108492,170.01997660151213,142.52035186513692,44.1198390647947,39.501942446291444,33.60717226932263,68.76520987543901,119.37974226794792,167.1038323409799,165.848670920119,160.01587899904192,157.39271748235956,137.3480886515126,145.0153500994653,180.35165511051216,162.39407459857577,139.6560194789789
229,43.99887029624006,25.776960657038472,5.212290648498687,6.04574338807226,-28.227707960590223,57.70875423833411,52.10973576666057,79.6363476360556,57.72971534373741,52.9464692689614,41.73719581186209,6.7967251862390015,32.154609094357085,54.24887947756283,83.36863859244875,108.01875431246256,133.65494726035686,140.93341767614427,127.00408143187046,75.59566112179614,90.51075269384421,122.5094913308588,158.9923024505669,150.2286997315293
230,58.15302356809823,30.503244301577922,81.66847336784873,85.36538779712438,89.97092849215525,89.24053723526924,96.72935684945531,94.30061745615765,35.82121259502502,22.244214749518747,-8.107518980379332,23.06524820918614,-5.652713355331727,-12.665919994567595,58.77931318342198,159.00806931676362,188.25599062439372,174.0747123707254,84.41588608820075,35.4714933521598,73.79723038190164,109.69665155954375,125.9229998860045,154.14269597212603
231,41.64756791282812,20.83797992375795,37.425294165823374,46.682007930360626,39.80868119221515,44.91270930340605,50.89726667815762,14.092905078775047,-57.62532845219465,-14.429953415923414,-19.49833208158406,33.122011717855365,35.212390411231695,45.56502297575999,29.194439395814413,90.58283523745678,159.22571761573369,188.24371103349768,155.08752035478258,131.52037090485203,121.91887469341671,130.93624272435142,121.51375022348412,129.61491880382337
232,115.43104784796353,112.34592919719864,125.89475075432317,108.77850306590143,78.22875383822733,111.05957805984578,109.48493833396023,100.4221673208661,75.14901425803723,57.64041883713959,75.60519866334877,92.44863946267606,100.02452446958229,62.08009158241112,90.9492721482874,98.0474701820628,87.95986379715421,120.99211741743906,116.32023704309822,155.58183296825013,133.1442422907233,140.16433452086838,171.02321412756308,149.998173929587
233,64.75685145292567,79.62512935868234,112.64260177771635,51.782972836505145,2.708608983873532,62.940312519654256,60.660153512134755,50.05607924220482,19.67695568542706,-1.975443096843854,-21.240651081857727,14.648608823584567,-5.492898993142191,47.91081013941017,142.38320257309422,128.94571615758753,121.34319393753023,122.44164056788956,121.97520749147316,98.44795080506772,132.65322252900842,192.2266545543982,174.939559680968,119.27581380248469
234,56.763678900107145,21.938416330868066,90.96757103570175,26.492022163473905,33.802966670536705,85.26284181083756,69.10295202159755,72.71737098802764,20.495990575768342,13.329919960344267,11.587702722408416,16.671797951065297,5.504947865729431,37.12625648042633,77.79267637489012,129.23812561101118,137.0934927602676,156.40777490474628,111.4670646414719,108.30464405817847,102.64215248627586,181.35205449218824,208.10832216033094,162.3450792891638
235,14.993111428373624,-11.949248484018128,44.33275807797109,38.023472062086896,29.227341943487925,72.6934324396849,67.28400730752422,4.465738454730044,-38.44453488959863,-5.524545443086787,42.02567142182282,3.345434647192093,-52.739631962676455,6.389588190559611,94.0884064761139,121.36912350380642,155.32191568469474,122.8566053236623,127.31493223420804,153.5878348324615,155.1480166223173,150.34592061245297,135.56668941119628,141.60378370426304
236,99.18048731981372,83.74824058060284,88.55240724520937,40.6091184337228,38.758807414240295,70.22829056634446,100.51191902886981,163.51538781626786,81.04388518928573,59.716921862261685,30.560909199246446,54.11136389659529,49.86311759624363,61.21894078004285,64.05395737702327,63.67325551432016,79.59144942684502,83.36363076757092,84.91009617341632,86.97981770017999,85.5313549401935,121.30984123282452,146.31752299884548,117.79978573965026
237,56.90284065657271,27.69028506058514,51.01110078994575,39.92462826596591,-3.3167610328991515,35.44938459429897,3.8503807144157207,-20.439492293709463,-30.37815970487324,-10.688242823266911,29.634514914713304,28.128932940935734,40.956010505143475,19.0042778425044,76.20145733482481,116.13920807294048,123.5920906939188,147.01185412833968,122.95444207950665,52.66106448838012,74.82324931121813,86.52860981027996,86.69273717470142,92.724302973226
238,58.228132984107255,227.2170587895144,191.0879022862634,176.34060864410333,124.87947701143635,132.4294677584929,173.54547212811042,111.97018309297994,86.8612149333514,79.91880286083256,61.57073114307619,66.73042927574237,46.86923219125694,30.16701110148602,74.27612742682824,125.26326852324817,179.09195243433743,201.0699848465493,205.5002404481818,170.1418106399764,133.93998591017728,131.51703562773005,55.819576478819044,73.70395235320649
239,14.477674624883889,35.82662376754493,75.64224113890731,70.38224426459675,55.77604040910059,57.14930643199826,50.847642233121135,60.678701520858546,60.29904565559151,54.91303290859078,67.0065061268019,56.81292214188914,40.26896861332458,11.837262294213403,49.191106509968,43.47251453580242,118.30966427006399,130.96412530008942,87.73195232866652,88.11965976100356,91.56642539739978,119.8874406921424,122.64300465528467,138.2294500156304
240,46.26109656165845,37.34589411596781,64.75152537097372,51.85112508491292,1.0882259351516197,8.696047237860398,17.82867343643619,-15.106101255996123,-17.852606447267952,26.267681441004854,70.89090964851499,290.86865675456994,155.41437410974737,105.93815544788114,126.59430329817648,177.55240508201578,198.0602564345687,199.54073488209087,164.84319903782688,137.3119697261884,144.23355749996793,192.42917358920153,220.95423832431817,186.28075813789133
241,105.70942987433654,57.65121598137273,78.148375190526,54.55298512020574,72.60613683886572,131.53859031880887,133.60652359509768,96.64967543619068,105.53740251355279,69.5413771147853,46.468815445711854,77.30531973910126,30.22299842780791,12.520711497056839,78.36048141989039,94.51287130931809,155.82706986909798,167.39210325455653,165.3547738066856,132.37684666008903,133.86479370898013,147.19953048907283,199.86477451552213,217.4179246624215
242,64.68783696904566,43.79795496242614,50.655696926951336,24.721318953285582,-11.431143656949033,44.27864360251293,16.91561357980867,23.6393624768627,15.487537957827705,-3.8250622347004466,21.007796225648352,41.09798868306428,-13.775058541919414,-32.77850781554961,-8.140285557661343,27.564253780482233,89.33813974455569,161.68835864999747,158.45031949504624,130.08538501940572,155.4953667963116,180.65971643958179,157.94213353443857,185.31576631296196
243,52.481044558107115,71.33387452145456,105.64124591718019,94.88464257351175,70.3846656213714,128.43665757313548,110.1920396697455,88.41570690547118,64.20927242708447,79.07835611244732,71.91378273471265,66.88766832248166,36.22901432546454,87.55282833424044,148.15346032898663,119.42866425562522,104.13285283212991,99.04937513224887,203.99669691847143,172.04823156029892,195.9334980124409,189.47184154209887,177.8832746505566,159.71013262859768
244,34.74749355349212,43.138614379659366,58.43072596397709,55.53557190865093,45.28073904850564,69.74871589899612,79.8447684634956,66.80332200485401,7.6086287958368,37.95404084126714,37.79468309077275,57.40362375799506,36.13865571200553,-16.86849994479173,61.615599101303786,40.89354580426089,95.69818279528046,112.25146571178746,95.84546084111595,100.65992629111946,106.0839167912862,183.68649741422774,151.66772905343765,200.33508670373573
245,86.74525975860183,71.72952979260302,86.68152685208301,112.98476206864694,60.64120536714961,93.58595397093902,77.72622223009157,55.75244459797926,35.41910151426224,-11.769937327064667,24.45669111667328,48.361605797566575,13.320279884086753,24.377055104925475,117.31410202536478,141.02437532293646,221.80198915265527,249.1206833044717,182.3526663295566,154.26591027005747,140.2918635323187,181.01981594719368,158.6523300697756,163.36052218029553
246,-29.4274308003819,-32.35728935714614,-16.699554862253194,-23.490473474778717,6.087615444098908,53.600734564989104,24.451555416572276,2.109930579833076,15.728606578010922,0.47291868468975196,38.79870521982136,34.09878894764512,-21.414776556137255,-28.191261717109334,48.746653459552064,114.69758326315164,198.33365888648586,175.4121194058535,147.03479208481116,163.4533331358758,175.52770359191285,219.78462993178226,190.68377296665642,176.13559409170506
247,-5.130497495538755,19.76872620518407,65.08464626071222,56.47866262207728,13.181129794065178,66.90438883388174,81.38941204520225,48.4460135879835,0.39921027798094855,84.76846516197489,53.19142763678904,43.51518394298982,55.598037979726485,51.61926138244094,98.45764365573032,129.3010141991381,133.36833207838782,152.14937758393182,102.73497893921149,79.71204341061133,73.89720408848194,147.88128941668828,87.22881843891437,108.1704451569421
248,58.52494813887763,12.95721274833678,53.24180405703862,64.80665343135468,17.080812630016496,95.10369251140506,55.243354673178196,44.25405405423054,49.553557661916585,61.300230275052996,3.4347015873066553,5.548905801992348,4.777731306026546,38.43340564163624,71.31515067042673,86.64486344236359,150.38748740756535,164.72798159695506,167.32890774994456,108.42533032199499,113.54205860960604,74.31871716687195,113.433622273232,168.366057590945
249,79.16638151601092,57.16497559177641,118.55845428001074,92.65472898684686,63.9360954569084,133.0919629784473,107.0499528047861,119.62545001575046,64.84638232486593,63.024847706873814,59.352784943397964,50.80481074062808,25.04921252279521,51.841029291865226,59.64976511406445,89.85206938384935,113.45214662130405,96.5339122749993,104.66178838762298,102.45078073062736,132.54249693056803,171.67949176309926,146.83440635865165,155.99550202608316
250,46.251754981471706,42.55376667275196,42.578031891088614,8.110932632588337,11.219005351431296,40.36507049970109,56.957790666909816,40.98389521966046,62.202648839677565,53.80330842895093,55.774397742326414,31.554338600153894,21.531934847504093,7.582566434567104,21.4197531972859,76.19058311201282,110.10919235125326,148.23843167595052,173.4727498958241,204.2547275382034,206.40760008488255,201.2300589475915,161.264912201557,147.41408063873217
251,-7.0763555765589885,51.72485300166353,44.54204565502219,65.53235830550888,29.648530349340717,76.63899803635026,118.56906228838045,89.36588755101701,25.07070380097459,87.88327178971284,101.01321245099541,77.5920510304755,-4.163609280964678,1.8142041920387868,47.86072586813621,68.3655951083447,151.0957659722586,154.77341145864602,138.80588308012605,148.67321606855396,142.54941369735383,153.72648023670243,153.99996290502253,133.75748276484578
252,45.198074230027856,41.56174680981307,80.0567598443919,36.33653175022541,21.70544267603157,51.48886077767094,53.59074639366186,69.64604107645663,-11.728907594906168,-9.077519592234346,-7.858517484164885,26.17431271374668,-24.11720593091988,59.077792742551964,131.42209516268625,148.36409511717036,175.86036587437843,187.97807839764687,153.67585575219678,129.18070740850084,113.77917609424631,154.69365424900823,144.96893064449984,128.08273899601
253,83.81246833812148,57.50636304574011,38.40534054553276,40.974391202757914,69.24639993760303,81.99416144992193,78.70025952248089,84.36768653363463,58.9042385066094,32.59879056108212,47.481083166768286,63.57059925816034,68.70697581999367,88.01498839327272,113.67517703261653,138.49786983778165,213.95934834941727,212.53221848159927,198.21717963936877,189.42025845652233,204.18582546837888,220.14818966404468,150.8621987397057,166.69253989866576
254,16.231232964980443,61.19057964425831,73.41737548051105,89.03046072856736,82.43240105409245,136.66368922517557,101.8466351470374,21.803417960275155,-6.488055651753797,18.63365326285406,60.58216553867834,90.52227597258488,43.64227197219901,95.34319619779507,152.74914330215677,159.66549392609977,162.2385536385258,179.14633800560594,130.9034232689611,127.74598133399174,131.62891722442072,158.3350457005235,126.4845510914455,111.39696599742385
255,115.0127671130859,116.493328088328,111.9596661058882,83.94540661017052,72.86999170675125,99.0503809963656,69.70379128792379,46.109165706414686,35.07636872670599,50.42912133442179,19.396735102487252,19.614058251315956,-16.502805278992966,58.519371166661145,100.17902178037487,118.88116376510445,125.37567545023052,173.7395359595175,176.82924491041734,171.50778192107407,191.84677344856527,228.3053852820405,143.59941623621432,101.00020204604296
256,54.81255541505024,46.84752664986372,52.833199996856756,67.6404520126433,70.56509374861136,141.27649361052312,190.8547990015724,132.50079059849088,109.59733776506788,108.20508589039096,90.84579302669242,66.72971884552163,10.849648363495564,12.182450943086486,58.2608193799592,83.69975010491181,154.29431185691053,149.14775957395256,110.41632426038763,95.51400123148967,83.24993098966756,101.14259036798417,51.5803246909644,59.84778526479849
257,28.447589977049134,33.05551721737506,25.405238630963133,36.137495881194745,-18.59305070244961,67.41323916154494,86.71277434081641,103.40311727323876,79.20259922605597,47.689808682737976,30.23852222750103,84.1064628394215,29.46519513327538,77.59778544572617,106.54161524782567,153.23747729159183,150.00278893605335,201.90329033108392,194.99365767617616,181.21688758573325,195.67746784913868,207.4994075458344,211.68449964504373,201.60082137971108
258,49.134288749980485,50.930116886320434,63.355572880444925,60.582253994971964,106.91279657024131,75.13693491508619,61.26326504258222,73.81951968072532,52.074680375713804,59.4720286678169,25.90304779040104,29.664610046001687,-13.380057687471478,-7.637457666059873,16.30075264131282,100.20154124420051,130.7388875709027,128.80240008582848,167.7036995665771,139.9665359018691,129.07924772072724,168.89745815080616,141.44010549617437,137.41204579459514
259,87.54069782388703,15.390319796785821,40.63222695648095,-1.4305012250176503,19.46966049772996,64.89234873846334,58.40319334257016,80.83466131976851,38.854468826696966,58.96262938495049,38.264395331097084,13.555829263584204,-22.761824830874964,-3.391542065221639,60.32255145995977,73.17699309726795,117.06571078838317,125.36711689559216,125.08304439091502,124.33868053153454,176.60972861673667,172.12364899256627,118.40126373970307,119.04101185534894
260,95.65682461053818,67.27244670465402,62.10347815576212,68.11714621299137,76.58331085802763,112.21464787251794,94.59509836899605,134.2633599343788,79.60296974551625,53.4861418728234,67.69450936636375,46.156400837642806,23.238549847320126,21.523394435061014,70.16559741094626,97.54999255999523,164.84370455142903,135.7966555990302,129.96596173358796,128.66313642486122,140.2339741256073,169.84687335100224,154.14952265943538,155.97049371518267
261,79.6293433751099,91.86387854308734,132.32333793457917,64.40184937330267,70.86814736561725,79.94360541389236,93.35298878437052,55.47390594483517,10.430090477239453,-2.627824773415142,20.688936340113703,25.600548401167384,0.6915132452019392,-43.16025670720715,23.434066744337315,14.989833221938014,58.5045214952911,65.04992899960638,30.036728888865056,52.58174102200776,79.0499044357944,159.23238988041734,101.73755381718243,131.06029648676474
262,83.10512965267401,53.03963118891943,76.97721569955601,29.1725008431649,24.50280575504626,75.6682045183387,55.89156909305643,46.09805846536466,51.79709502894549,18.47485208991256,-6.301286804755243,-14.340623949315003,-58.020001210682366,-28.38737171570044,72.92744670703345,73.4633669005484,75.84231177168692,105.3975144538883,75.2394174506914,66.98418115726083,86.70563935208818,123.61970124235462,119.9537147601103,156.16688558622357
263,53.502597099460104,23.699244626539702,82.82256707600257,93.6661729229914,87.65890336105241,111.01985194744464,95.92995632532867,77.03129729750512,53.87588347622557,78.63635171336625,85.9047208342023,39.91045842670666,-5.504731055880516,19.164646931136552,79.98660946013328,108.65288424164429,112.01578839897165,171.50852088221814,150.58166627597507,129.44204981499126,136.7295452669647,208.6464000704063,124.91188395022719,111.69000902299831
264,15.97027316858967,-34.076848104860474,14.701992377101583,76.67312676066466,71.40805836059857,131.43453949341466,122.46749959621502,87.7699024736236,18.03501449227701,20.345404296582256,27.594683131242498,43.35723739469801,-15.921858654872118,12.89192674322808,75.12220598165663,72.42486439725654,127.48838343967877,141.23005215841565,160.63828142926926,128.67068260044067,174.54341855258616,114.22652594806934,124.00039424537094,145.0231840246011
265,4.652987044958209,20.525711348746515,58.95977061913527,52.86762726370846,3.2655641599159644,43.23615280108359,72.13114855045035,54.40111889486628,43.32203818800829,66.59179038002867,87.91033213619153,86.85551845400951,31.755235005988514,11.928160025877395,76.58651548272606,93.97406557478114,150.81085179455198,143.12764964326232,97.84280776132145,135.2802015094243,146.437367179355,274.09597998061815,214.78372519921294,197.24959112914033
266,32.81699005147882,23.29005796443694,47.8126923660363,24.7932133910939,-44.1993015466513,29.113827423068322,66.81923271965182,52.75744717856877,35.48848236880733,50.757214094593884,52.0948350498985,23.724846395529124,-3.0204137956720736,17.189261130065233,33.93287802338466,92.78506605885354,126.41464214499823,128.17139119734858,134.62994116324268,140.5676556469758,155.73830557677275,155.06965411011325,167.91895946319724,162.15884584108528
267,88.483582049183,80.71743774087315,115.38845343055438,77.8786416043344,71.14651366248705,155.56720595794502,171.50666332673848,119.94619415941632,89.54698504375693,79.34669033427244,91.1365633469153,118.87479770216487,37.38006984477341,24.311984747070333,129.41411310613117,89.7474605626518,154.72422511060674,200.8214146837555,145.16919881258005,145.3854885330497,167.15760248878223,158.11268550183755,138.71324484167468,133.20465951832156
268,47.85408766035859,9.842941546840635,20.5291000309508,40.47770070653256,47.50662450840558,46.23745350472632,36.50295832509134,56.656559836724895,29.37335736761923,41.033455137210176,61.09904870949585,28.65139759469224,7.396843677265672,37.80839010324655,36.44983547332389,79.8488261437657,116.67736785989503,70.06649402891443,89.11973459126382,81.1230157059869,111.81527343929297,158.61307309097361,142.92047879832228,129.67160302209004
269,-24.361509353983976,-10.651698137120619,-21.19163594593381,-4.193509199937168,-34.45137178950549,11.659252925718533,32.17146865126006,37.13656501237699,15.303674889190493,-9.682832211108561,6.578719222489795,15.92102605620829,-2.898373935893524,34.626166602241184,95.27292851182006,154.91820663757085,156.5693948992306,139.3082964453077,155.45894450637974,161.4317142094829,99.92835183050377,112.70928659454219,86.81665868811749,89.60952023145424
270,47.72874412313543,68.76307459175831,73.84292335572317,131.5252030273763,95.89145688407532,129.30136005197193,116.82874080171274,123.83050662644848,29.667357106766666,-21.061439556056904,-2.22929345035719,29.28906883833357,22.411456777920932,26.4622328782257,101.31435930746892,124.59543117271203,183.04339273288724,180.50020543891992,110.04037285145067,97.5934446275183,97.67754425399548,125.69017293201597,127.00096747691545,138.50254704347134
271,286.13313209463985,186.6522057523818,174.8793514761908,117.75205232079637,44.85192411889976,65.94386528450124,38.913564632052314,54.81961077146193,43.46272715416394,10.7301654961604,6.958526709699619,2.606878568973258,5.265074911194363,-35.522883058448315,38.28099163011151,58.856841637719015,140.87927622639504,107.6866039757546,109.15591307149174,109.88831573387249,92.1505094630592,156.35332540224863,108.57802469938271,102.22842499862924
272,62.904672721869716,36.82541699931847,47.86916227225658,69.51410562483785,36.98843296551831,71.49695953814131,47.83368015264983,37.30815872631541,41.193469754395736,51.73995450473643,5.210627101917332,46.047132429816216,-2.0032335655081432,-3.06460804356081,45.83285151122349,76.72956161507598,90.60306807717359,89.13697887588972,105.28611863196944,85.49754988737466,88.75962583933186,104.29188696673499,100.2670369690099,110.8538341368216
273,89.66182294355411,47.52314095467058,83.82627308044854,86.58246417420688,52.75575822467833,91.37455273042369,72.4509656665688,91.72606623307797,28.303500960987034,28.010450633863652,33.288305878455404,36.64252308591581,22.859819181598347,-9.518337959144468,31.795637955442984,34.17225377007725,80.38790290426024,134.9168799294741,103.76413095587561,110.69156961369058,130.9409507581221,124.62027377412896,130.935767420485,162.15435165649674
274,45.40040607430191,54.885946101142586,77.55636134183247,108.10289604115735,65.13258494047638,110.28738742762594,91.43353539661345,91.99154797950774,20.525926237785782,31.885873570988956,59.106348312463844,53.20981057534803,49.73437858359925,51.45657579908537,80.37940295443207,82.4336948006677,156.67878556126803,153.02545368592823,149.20962805267988,138.42535325949459,152.36754077607216,196.38868823609636,185.30062876212793,166.92554393008305
275,33.987332015138755,4.715750191671681,29.197669334816887,57.99583056749154,61.92672417417499,95.63838397243074,42.05506586771706,6.624261935952852,73.32150234462742,77.9781893324703,91.45024837967884,63.688776932698836,22.095477534926623,92.81909016834683,128.5918550247257,82.13503842704495,73.22172856909086,23.97756644538117,29.568957761518845,51.65807995785322,90.7403627759025,125.84835754048207,83.01941665349139,98.50826191032527
276,117.99759914232766,79.11224971287605,79.12651596242488,39.026390155611644,70.91887531815973,92.80805803205955,63.7841849158198,46.28464193133264,23.95351294641664,8.2171105691198,55.1128770809183,60.07257124718015,32.42512350618171,4.8592760937771295,50.3204069813042,73.60116918064475,100.45304682967522,145.2472703903505,131.84904793672445,97.3599368070563,103.01773859463418,119.97643922990903,106.92219359626405,124.6715685826274
277,-25.50403505689492,9.01176273221175,12.026830893774026,-13.858743133656041,-58.692224812959196,-31.262188157185278,-10.298442146152524,-7.856254181679873,-9.421058863342942,6.052953414714423,-6.825498719813375,54.54838159912952,34.51507266972089,20.765587292929563,13.895637669041527,-1.8993703555214836,69.09169980901137,103.28615848301999,112.92003261229277,105.39745614366379,118.60907693849121,135.2876061300185,99.49378349454462,120.33360910824389
278,54.27966395609256,80.432585436653,29.117447170073255,32.82935630011158,2.6770830975356397,53.564934206397524,72.837100453666,61.883378589252736,45.598170393058936,49.64869812321921,26.82834334863318,73.55226046490743,68.89030124201605,47.72563344933718,84.23627727527649,100.80955402811855,137.846126071791,167.55702274721966,148.90049671905504,147.44469489544304,177.86201465764938,168.4813618155453,85.23794941124751,117.85431015859632
279,50.10311767931428,23.88439922687557,37.8944036952075,3.4322852199572864,32.343558678484214,96.93151990715131,69.39379277343897,43.67978092122645,19.98511668588914,22.39174381130153,45.39199327189004,36.189866826014395,-14.062220041090828,-1.217601153427868,56.48717138596953,65.93311465082442,104.11522619601071,100.49512488794898,86.50257801332958,108.16482176510746,150.27396155192972,172.69318129654965,121.86959704647346,118.02009113598048
280,74.5839067130847,79.6071027788435,70.10124113228669,19.850539434130265,-6.133910095238107,18.554276363653678,-14.841662856144538,-0.7273338572916188,-29.082762869011788,20.761683385684265,30.8330637274662,42.85458491072429,-6.497599177983474,22.66218263450819,71.64055763399145,69.83295646997459,152.67480535245448,175.2160665295956,159.65691664549252,111.83463330057967,160.22889107745152,198.52265761853505,195.5797446377644,203.0139514112857
281,75.69727175036071,59.373173603366695,54.374605388907376,64.05993906472504,23.145032476678004,91.73067469928353,59.92936410958688,11.048861529346773,12.187884435627094,21.23827476461365,1.2855766212663298,33.599808977383056,6.532411422351554,5.26832758581488,79.95665173158488,99.41624651321133,92.08362419650533,121.4491922671908,144.69403216373948,163.89416852957677,206.4694494754942,195.2036550115126,181.79797221921734,181.90135707290324
282,18.261703639255487,4.1649750890354795,60.196414059643914,42.50433167075613,45.798471609974385,89.75523002659136,54.7335253379395,61.04740596047188,11.71920762171779,1.596697822160614,29.47242287818856,77.2476632265742,-5.8595389984415895,-14.159293227785831,31.770147346661275,92.7840013372007,118.97748539707527,95.75647547070709,98.66325019500991,252.74769644770308,216.13147138885364,168.1723222152258,149.39227219777473,125.59934252269284
283,26.971783555559902,49.44091772217004,31.066427201513743,22.40613708984788,-2.1643715201668385,8.000716355000748,71.62734438759625,85.15772691415246,85.43091273412273,86.01837511394695,92.64253522052115,71.31146924615035,5.549283951363897,39.41374915668464,132.87396350920264,98.50990802007942,83.81786934387115,105.90441275035289,97.6542922548077,99.95010794347039,133.88908505744234,158.73061804308352,136.79561036741666,85.19222760963044
284,36.24842087316545,17.30675924045589,48.21738130233865,8.18737033022824,20.582933324630233,78.75589019359302,77.9512766504431,59.945475256026285,63.501645534448414,58.50952334850159,51.5724449603606,5.2071084807577535,3.5605573265645685,37.015112910876084,96.98691851564877,87.0624162886225,126.6446818265306,157.91752401663854,161.84979899313024,154.50522587481177,155.30202079219362,172.6755999572517,168.1763802723328,153.9084481158615
285,33.0993705341711,6.018491629755552,28.211469649010347,55.87506341948493,91.72705922429235,106.27716143997414,67.56253916403011,65.5907866729962,24.108131897891163,4.844261770076471,42.65331497185527,41.047917730159696,11.578662128234132,-21.47717466893608,46.77471047358108,42.54200801809357,93.87514022959593,135.4520420666401,118.81661747070258,130.94334428755536,132.30339976768795,139.04387638094803,107.27703558604642,131.2353705695384
286,55.85660885346103,122.66384284895182,110.46185692034273,116.4513415485518,90.36319658223013,82.62572426098433,46.86543444193385,43.04148541772675,45.868275420738854,18.146550096914503,16.621515474545134,27.574332421728656,32.87322796037238,28.046248576812427,65.93903310548595,106.91850883209432,150.16457483358818,116.60509787072785,103.62149425819945,91.18594090549387,111.90006864705396,119.28843721589861,35.94830836125681,42.66260576417545
287,80.98365062114252,76.06899600340786,99.57142088303704,53.18009810491709,73.91001355204342,78.4778046818067,116.61904282312389,107.83278186781061,41.12797874200608,5.031632442098282,74.47768809486865,74.64530512340457,27.166128191311728,0.0685475064852028,38.9560460663346,24.216964106456743,40.571804116275516,69.86078093745024,73.43834429606406,33.47108554805402,32.83573670819928,84.07812292991133,112.79313563201248,147.22013990861413
288,50.446283539103085,93.63416402411985,117.57490776646007,57.757347623681945,15.386546617898297,34.80433947657363,98.90036085035675,78.60595495658121,19.868380809823705,3.6742690966761984,-0.7850525956306953,-30.187563445014803,-32.249072574048284,-29.99477591074018,54.37086621986384,27.27488698916821,82.94754095818438,84.6193647049598,119.30777608035814,139.54049408476234,105.73299833521858,136.5964297246079,110.34570950768739,98.07213350446314
289,46.978969083947604,75.96621458355429,63.89208850846951,34.99940044107718,62.1758695195222,112.96074821399151,117.86154169003994,80.30634660420097,44.51365873555122,53.62757034269778,59.29439445628521,56.49835417301393,49.310012284604106,12.671465025298236,100.47462213166347,102.61610998953442,111.45648761238843,158.60213580491052,129.69489445937862,117.1153646460313,123.5065017321902,110.53717486816554,61.94798033517981,88.78207750181411
290,21.416905099774816,50.550602456180144,102.35928481531226,84.49524526501426,75.58266341796381,97.07005285938554,286.3694839379705,194.32009207733788,145.46174913792316,128.78401895691113,68.58765762941756,55.73752183993955,-9.493287791857163,31.027334252820374,104.21931473436827,56.66613880695943,106.66475939400884,155.64389949521157,128.0556766743907,90.56332886373906,121.5220041204949,123.05529280550334,117.85634967786253,127.37367920701838
291,58.28160054864187,40.83905317232851,79.92954616723665,69.05301929400719,51.618100540165386,36.422969673142774,41.028312272813785,11.193786072241693,-50.89704430168092,10.203990273227362,0.758707254525298,59.69185782275842,7.468270347420102,17.81027604535206,89.27220285189064,95.56012327737027,158.1505421657509,163.12821597243848,150.2533579586003,157.60832813997567,127.95554200923738,165.36544860164008,132.8178378269508,153.13235638001402
292,87.35635347729357,47.11591770240419,79.01037246076429,126.52728692024593,75.03900872718114,119.5683219633337,100.21701992921547,51.69852831097651,63.21987826313381,104.42361608640454,114.572080155723,115.91794484941296,59.36992391550226,9.611099663499534,72.40371316325319,71.11116326724861,97.81115210981825,93.38701346157288,113.06031599983251,152.92064899093464,165.8487442127549,185.2663126640477,98.67902515148435,166.55509093526382
293,23.26810337932396,53.561843327101656,51.71960465280529,58.254576365917096,17.006739148178212,53.77089279804519,64.58193663172794,67.2835681006332,84.66590238096819,68.30610631707772,71.17378634940309,73.2111682822829,3.055871649445727,-7.123017759256982,55.52309439842322,76.57031983783821,127.05433824958381,134.344775796247,119.03451465915283,89.44035192357143,147.56216455504665,187.55860643219796,181.74634332269443,175.97113763518524
294,20.141376629880046,-2.359131415639709,22.50812461649192,2.7437851003281324,20.561867443875474,64.02251406162753,77.63949929458008,45.30874535925571,51.78212915802877,51.921796042375995,92.00431424701668,96.29386045596719,36.947788328038385,15.225106949131987,65.75491518614133,49.906436096097174,105.5868325930862,113.35682757712961,73.07580622750534,66.19894848066761,88.6613534600261,111.17066793046551,112.65506212191923,112.6892283203519
295,104.45056999480717,84.10349254222301,74.91464128657412,87.95417562453063,5.277633536256268,64.60631196692142,71.4706647346083,103.98938427390202,38.60130792845237,21.875396448440686,80.22024604423584,52.976323901415554,25.663806776938387,55.108109515815904,102.60560657901996,133.96187983097713,150.97589756121326,211.37021240745807,131.56501353568137,89.61904613729149,110.14164030600335,130.93076822120852,124.57629241785813,108.36011392555639
296,18.29239171622985,14.009273113586062,-1.1403154394504256,-19.270389941380024,-24.972713034106476,25.800199397880178,41.40182173207771,24.373344045397914,42.97421904442287,22.068518655234463,23.413834170986803,52.72625332422821,29.822858596716713,8.78761589379858,48.93047960934921,76.07926013247021,134.942182582812,158.61856428449937,117.27229544944146,94.93885515072807,91.97668290699474,133.577671621605,112.65194801218274,93.20299345394398
297,59.64635043151676,81.83092834573067,77.3106125125215,62.519709572589306,57.4549683110883,38.33122832979414,33.03857730076381,46.40142796786365,25.69297597536468,45.536797663274186,32.34621720425683,181.71532423534313,128.47331114416994,73.09698900671282,131.58656968652537,147.3553189551265,167.60568864959794,148.59440347843662,158.8841839074828,122.96077811583744,154.46953367593144,139.34778963924757,110.75584243411626,127.11279904862357
298,80.41699535505528,84.05792740191457,111.61191639309547,68.75248748948432,63.968226811931316,103.61550563252624,85.69627111857024,56.13214296425122,2.685422743571287,41.79178190771819,45.58209706818408,1.0592210318474429,-61.81155414438891,-13.00156405400027,45.73005546723381,89.21239369037059,121.80854070376625,204.0450924327627,186.55949311095037,160.29407900041082,130.6257345021061,94.03131087757666,141.71597521710612,177.4621155770853
299,13.767508656451412,14.11164561132286,19.392991666942976,19.707831050199488,-27.290121154470242,41.81799584070524,38.486994345956596,3.5017823852361687,-12.07316619881783,-7.2224336232563076,10.925158670588015,1.407173851522927,-19.406953393482027,25.318929487793543,59.803154178376474,119.7046700696643,106.30449319951839,45.94329504396977,35.84920658053228,51.826875859318775,128.4397297941328,176.6851167602867,120.37531527667673,144.88666226032893
300,19.999333356868842,0.45730242966624246,19.084613645100973,5.080026510135781,66.83350664190769,112.16637083613472,84.64540329866257,88.44361551798588,81.78496549663882,48.077622317141255,68.32503113939413,24.903727178869953,0.5264246588210497,-15.617768462936148,43.04445269289536,93.27119855289463,162.6079519314591,166.26155857295726,260.6520585254403,210.7004389127361,190.56550255062191,182.92813416087637,136.52287421782665,107.50198558325171
301,48.88373246619395,28.461087374406755,43.01969249772816,41.870468453529874,35.83054999462909,85.89627062544261,121.17303338814284,92.1857745643841,89.72647653065404,108.9485383653192,94.39698023236403,62.747563313946245,61.560776428804175,47.31076023062539,81.65252256420945,130.7678657818219,156.6890328937683,179.65323666418317,166.61230717941805,191.79707653784774,210.382430456869,194.46571658745717,165.6378640289522,187.59108843058397
302,32.27212187265506,8.161047065371342,46.30035775481688,33.23059406098469,26.27171049134928,82.99775240008488,94.1001101501115,129.37128653412023,66.70658435176011,70.20633818476175,28.48338926092871,47.42402937770755,47.92846829604081,49.99375451662051,122.69882855679025,145.21127800918754,185.87980125035926,165.27059170251272,118.42889970123409,95.73559156450517,143.80326458707114,153.89203380817924,140.78696686054982,165.21895196908608
303,101.44329277636078,96.25618603640353,79.09576116143165,57.336702969677,58.35872269276202,60.74283806008974,90.8952576507492,60.302448138555896,35.44781276974971,45.7311003457593,27.359190291592007,68.73678087971206,48.74108047034507,69.4843465391327,125.86747056875325,108.03071145950429,162.10879203253822,182.78073687734826,173.5212414313697,154.13054587082718,212.5908192882356,182.04747463983585,167.70097800413583,147.65131479042455
304,69.18025570078213,97.21905278270854,95.15088807773358,84.95619471936777,62.28572475640755,89.06644556807814,93.25263686330196,18.56820013273584,35.87555286769431,35.60348149662952,43.42419931597349,91.49530945065979,37.67828313982649,18.764300052001943,52.83198976563153,107.27307457500399,133.73168096027575,148.92228298563558,133.20546368324975,99.96587628088749,130.56908858313554,140.0083378805828,147.27495616028708,174.62112664785175
305,49.657097589397864,33.74386958484136,60.748059275022605,66.69221909406434,76.80846095681191,133.58995365607274,151.42411441647607,118.00531540381735,73.47891726899607,64.53254179608285,46.156015201814576,43.53030659874127,12.055002962633042,-24.2373520001454,71.82561899315965,89.09455228575105,118.70713426884747,188.4766638153278,237.74039818105828,200.46742433551157,186.73452503566114,193.53479265437767,147.90777895755514,144.85293927751445
306,26.376018286315585,63.092805213401014,59.77552565001413,72.80189393328132,65.72147668120755,43.11895211820218,11.5900224874092,-1.7569332528437869,-10.495190110179863,27.76503519436561,-21.367638963255033,18.10673158118561,13.20911361542145,-13.354187349681816,26.946661451733007,73.22646900673621,89.88167156393854,95.14780628250898,94.42479842805486,78.74963333050545,77.19878140496036,124.59920290362108,107.24992553681719,130.81303479320792
307,75.15846246038383,70.08190116547634,44.89825222654049,62.57479887699856,63.111448131788755,79.63650951324021,86.76867094400933,138.01972364599604,75.07416910891486,51.16274925714826,56.31644876729869,20.216328677843215,1.2520990511251533,54.2419873764461,96.21716816579158,146.54180568625645,193.23292386693845,171.98464380881242,181.26782366767853,136.53462096449118,123.91882786585484,128.69928457767742,132.97499095925545,116.39339376133253
308,109.1632156282136,92.58842500503073,83.13046317427921,42.13036004404488,1.895449397728779,50.0993312724332,53.689008253147634,39.742738378023574,15.822051505091004,30.0861330218832,-8.147821899203699,-8.627554019111471,-13.484375808821508,-28.01746281210395,32.128653025404205,92.48536413524391,162.7227027033539,153.37117398299645,140.958180871558,183.21504670647244,126.98341897994922,165.86765815715395,169.39562996191466,145.09700103970383
309,22.73461929751591,-8.37007155671958,16.134851506441294,37.05857229743373,1.3187149414412325,75.29429689585548,69.31047361777223,76.89932485201741,45.60107313802848,22.403697884331116,7.472384877681179,-22.985244767162968,-57.967411649358795,3.7044173374871576,92.96277102660207,51.864477092196694,99.44556616714578,111.33874438396393,83.98569648760423,87.02153531922444,116.27618308013108,164.36705627496855,131.4954073798476,103.193574236192
310,50.1797387475651,44.308475044433976,53.971105329995595,74.04993840501398,64.38141923861993,117.80557846257558,103.45485361504161,83.01104953095734,57.19913524819084,32.34140680136035,23.840005634531494,57.1316614339935,51.30722722058149,34.24539347790334,88.06427857771634,95.89531834942797,107.92111540137056,99.73611513924156,115.46100095031872,114.23034030571577,127.01108150098466,156.3616981269568,176.42860134116353,178.1933708671213
311,78.08089429215389,35.17409432366981,60.908409507994385,38.26410548588922,-19.170877899989378,37.51095270425546,54.593275736180956,49.22311971218872,24.082702464158473,25.745390341292243,46.59941338323395,39.95219661087071,58.87212861784387,44.09403243087633,78.58996809012137,117.61115531816489,140.83028324412334,118.56207981028906,102.70306798598818,107.49178213971517,112.86845435647979,115.98244654155157,87.7431336014815,119.29241847471646
312,94.55947014765218,76.91039882112157,92.50748658789392,50.287252349053674,49.25193945146056,40.72619571826672,55.9520128596558,101.68848760857527,40.6628934620577,57.21959249223367,63.05898303667645,97.43681376682677,54.509099706870764,52.79917255199804,91.95346930960707,95.7574477788554,101.17371220832428,151.13280895543983,127.20381915995134,98.52197706473825,86.48021161346773,101.53637427380042,102.13668448397053,99.70431641174915
313,72.70597256372557,94.27839192736855,85.85631803024326,81.26670034336912,43.05338380152394,47.41905011982383,79.50716168500611,79.35721722771626,53.32683396359158,24.446215286002776,37.723134589418464,33.89289024032534,21.4068858232499,-6.223581099502866,88.01320528739336,64.5506809561011,108.92425052702609,112.70445527673411,133.7879381449799,136.87590519749384,121.30178631986351,143.79036370028066,139.23391142956,78.28974030310737
314,14.745870874563558,17.54989325724564,40.45500141008114,27.596229959351582,11.014177765121403,37.38698584295433,0.44183388130421974,20.484420826666394,-14.522897332987739,7.735278850039059,-10.857228507420494,18.140371822744854,-40.12437223870434,28.607102244750493,57.94858594842848,59.97119045735968,78.93939495237531,141.20735980354672,143.51737169198242,120.68995643630868,2.1518153851824025,87.58536079062262,79.58377566479349,44.7908202293427
315,72.53660510307887,118.26479289219542,119.29139937108592,79.21193356388274,36.671631786181656,98.86739802264682,110.69001944597433,46.154970390746364,71.05592426790352,76.26437981512188,76.14730042942433,80.5068029405011,19.042492032640627,-1.2614239009594286,16.98837317672026,78.941865492379,119.87945268700761,159.00341684912607,110.80791009908432,106.54117012478606,114.71605067446863,116.67252075597932,118.05507776695089,149.10216441201788
316,48.642471008089814,28.135182915983343,14.194999083157683,-35.181548116215374,-26.910967372825752,-9.528161433576159,30.723213124963536,58.36096181978177,42.779635559999925,57.78988055200759,80.00868690061489,20.5366088462037,-17.081534960613823,8.909991330441864,43.03286857003367,89.08507524281069,115.26725406001005,132.9368093393321,155.3403658709855,102.84352169806779,154.15481668139242,165.56033472892378,160.56258271281663,179.06726024871787
317,13.410950584156232,49.05195358911403,49.28092400457125,67.74343945802369,31.11096659723206,23.986471310435988,48.94208819690675,73.30877996558547,23.22636951761649,38.142980015504754,24.754873834182,-24.852403260223937,-51.62459974776711,9.293303275905714,71.39572833448395,109.03346629112059,147.5955815706103,124.50986378440635,145.5141207956046,128.1833555669444,134.1102801643205,159.55338248582814,177.41057841548903,179.49700270674163
318,37.047756041460644,40.17961873078649,20.438307376396395,-5.170900687794436,-9.910804550100053,50.256510154737015,56.4563849928242,75.80251447696406,17.476466387579183,31.313422049380787,51.068144333615265,39.69852794936736,-5.962449077781521,24.839215596661482,56.582046213488155,37.095298370781656,59.41055923564558,99.88236756044212,87.55669419936035,61.871682340439435,81.15939655191491,82.00230354398627,61.96771369671893,72.57701286164433
319,35.566434140107134,13.988577865223384,74.3859358850292,83.94123675964386,94.21959594800268,126.05222028526225,140.32053558314993,119.11573342626092,83.10572638615051,31.850464595869354,27.53869664189839,29.10360773005493,-38.21381166020009,26.738565416369582,65.37323900614032,107.16766609160777,138.09639015735854,161.82061810350586,163.3524308903765,161.83922329128603,136.17396322894675,180.2887399250712,158.5554188628001,124.23518942886648
320,42.581502957931775,19.60906275370006,74.72470029717776,29.893377240503064,-1.176507510941562,25.403292112528092,67.61230527926017,48.67289884486504,14.240615689887456,44.35213692814598,41.85215307505776,79.82773994666218,37.47500865344842,58.09805887338987,68.46855543641435,89.73082442806681,125.75476147184466,152.187095492858,149.89739808045124,98.52935000410524,126.76647441256368,153.14142907825018,175.3976745883535,231.19842752723974
321,32.05988920744422,17.43579147611556,41.45345732357883,72.83844914505724,60.62750054232903,114.41794846049476,93.68056812312939,86.48099993197317,82.38069727217771,59.60667333526047,43.97431122398018,71.43771860936795,74.23028789097205,38.518125535587714,101.52127732351224,94.084667052756,109.54848534396173,120.22362597069879,103.37520445378456,111.93999531246494,140.16267666710334,150.41214124475707,90.63472710746221,89.97509909522107
322,84.05055069567027,77.24899041558405,105.71016102321539,96.28668438261798,23.10312220612895,36.238614423955894,14.259555013751033,27.29611675814047,2.247607232114312,-25.068951010637313,-17.678746160004792,3.1806122594830626,-24.85586854266264,-22.84213991359558,38.97952383960316,72.14387540951783,94.27721964542621,121.8557141424955,109.35276862749072,134.62775637895072,107.1642320929628,126.21980379144333,123.97857556983512,131.86201380578052
323,88.32041127751452,51.55306489344687,49.73260866860365,18.375042601380407,-20.223761832484456,40.86426245335744,29.71843843082101,27.27536934543116,-15.789434785980141,-20.734621614583084,-21.03257014897072,26.884533557652638,44.35721377144994,70.76125418533951,148.943311012725,154.48646525434168,151.24797715023232,115.29010191786855,120.85662776902369,68.04811033593292,76.84086791459058,84.66352899922586,94.84692699381543,90.88642760820107
324,79.0489878789469,39.476588106763046,53.25411484522551,44.86652592875554,34.428876638956176,41.76229203474052,67.79412528086525,43.04742499115843,41.70606238375244,56.68235543643452,16.722720734166302,42.74193770838261,0.1728123400070487,-5.496147231462643,21.408862975541183,44.51983986835042,86.87261840877335,125.30157326403028,91.26093608141221,99.3086582709826,137.47043796648305,126.55679091538305,119.26772739255749,106.71656023768443
325,67.02390029627315,18.43949904346474,63.913501661056905,61.581351539749946,42.39114079868485,67.73172541070744,92.94463731025611,72.08233163367413,65.93566363068908,86.39273788236429,61.536897445083895,55.23574878104039,-14.05245342457934,19.160644978797706,57.04642372804243,106.84393316696016,161.49933142346606,201.12978840138044,146.37153000572127,131.68488823930423,178.66648397194496,172.1673839421958,115.96852377208666,86.3173992282508
326,112.49478546057512,113.86158698903189,56.84375780693489,15.093894617533728,-14.700689004670195,-19.841674869592126,41.05343229949261,36.12903601118111,48.54709852918923,71.22118868694079,73.6264643889433,36.087012719583726,29.63351765380355,40.24389046430553,96.19671711083208,131.77064445039744,151.53816299433296,172.66636765489315,188.75460732424193,193.30533011977025,200.91881565573573,174.70743869973413,161.33115620097232,124.13676683742304
327,-11.104792541268715,2.756061462410017,72.94700646608678,27.206165792584514,32.31199480957751,62.91262928617019,57.767418430901024,73.13579611078222,39.668809080641324,47.56121849875132,58.719937769097385,239.0093844818241,212.2544716614027,118.81648943779717,112.50000555723103,102.88481709872562,118.15309869213817,129.37630258073852,128.09594863892846,124.50612232199073,147.47214925305423,214.82163981195097,199.09918789592672,173.74304515924587
328,84.93816809117789,47.18915425845668,56.46417029048556,94.14836595641005,68.48401257715764,59.741609934319946,12.626593441704358,25.40495849755699,-23.094960441806975,19.90935680290547,53.60657403632006,24.06836861641308,-53.42462781621087,-21.4223469037765,8.630967579562302,27.148517468993518,54.99251790768527,66.9212585107634,57.518042779266196,50.623540681484045,99.60604536322157,111.03323039277123,100.56783072002534,151.22704790896051
329,53.123482605638316,38.27776765526511,53.507299734782876,91.39166625382663,63.21244823064886,151.46773515106463,163.33993092424097,101.19735676822646,86.56495429119482,62.506290042394895,51.69079445277278,57.77598521577477,51.744853059413664,-2.695487488350601,69.60642622001608,49.06161802431113,75.80294225696633,124.67777501212791,95.51277578656348,110.51899131599394,91.77105083515666,129.72237699650788,105.76339344935155,94.32427065099017
330,34.72387186327034,24.782805402411658,51.48552453446759,69.93427437082586,53.15032076924832,82.66442334552016,87.41126803765326,93.6490851560001,98.87641013791543,100.54528181089015,19.26048214223215,21.53449381699152,-9.25130627977395,13.327385469576997,60.76344109127983,92.22984144823775,131.79207026865205,122.10075418841959,161.94216624262452,128.18700688348525,160.4491634411887,139.96142923092762,118.78114372561777,151.0414078663403
331,17.109188564891753,61.94487741572565,34.025059548036936,44.866382028466745,7.953866889084551,63.59637063311629,60.6602910204474,65.18487077607115,40.349460240217375,24.13024357928009,20.01321206621319,-9.226968418526411,-5.555046008696895,14.6774777533129,54.53370565072487,93.32854219980787,145.89070524447385,162.89271090603344,193.39077132472588,138.21795217023876,145.0427773236916,154.20364809568764,116.51885733222466,132.69093806292864
332,25.120899947893133,22.9089729038546,30.09166798330979,-11.921538496852854,4.150371257577692,53.813607307720545,39.46011303000554,24.545337452398385,40.1060498566993,37.587815734936406,35.82763820850975,-5.005797618969041,8.329362640499046,1.5631050755638434,86.39777237207097,119.77211887036064,162.55804723628626,135.44663165155765,146.99418826081313,116.69707002684768,109.3176027591399,115.06135388091266,99.11276424231238,105.94671702932561
333,84.94038607336797,68.28537640182728,40.0686949300831,66.26474240611196,29.842439559172256,71.71649772706219,94.27497406399627,117.0097788167772,79.39476159538232,58.40350797778147,118.92385328102651,78.080198526267,48.2179052912133,43.677355611951356,86.67345809928061,93.88339699697507,123.33259895608192,109.77077851060366,84.66026010712264,93.47142611261103,77.43698400886461,113.25178559996712,125.48779106980732,125.97532490873604
334,45.15728686695761,39.09685881067275,38.47494529572269,41.44822894536526,19.664823986321526,45.61914422874342,68.03023409791,47.07126639215208,4.09388351334993,19.224426529991646,17.87478226466512,40.64816212553973,14.212057303704054,1.1833782896207197,67.20152096101732,103.31319196332569,127.2616483830727,136.76379402925946,118.41923561017519,107.38402916111863,136.9867591432603,158.20872865463622,130.6875134421221,121.96340117138624
335,113.09817187159098,90.35451027008466,56.71364004412407,44.13015185844802,55.213009462330334,88.8939352441069,60.771939818573074,25.691477752274643,-17.280379074486632,15.251890686693521,7.385787181186863,57.14235597084409,43.84614256405017,52.76913503960257,69.81789317882402,62.67985891196006,67.50099536400235,73.75078217813552,83.83989666569444,114.5437438391225,148.54781371841162,171.81103139874145,142.17743818521828,139.64292508178306
336,40.09751395676655,88.20575881970548,109.17788328456248,90.67461542417962,10.686941756904648,36.23114644710245,63.24045865835212,33.76436164570847,37.78259645993098,14.468742873845873,58.886830045145466,72.66485565365383,52.76759629013275,66.29575277458954,126.1484077303524,156.41265987571387,165.10597549286723,171.60435740420388,156.7433630266879,162.29017999325805,166.360881291944,176.58363770229207,133.0107752775441,107.02270856697999
337,15.895471191110374,29.524468554726067,61.934670419833175,33.44647173465439,4.407165627769714,14.225398391649193,94.52528255085622,112.97006798804134,48.40213205154052,52.94965750006119,5.156463979205057,10.861545152539712,30.077105602530445,7.377483480397867,80.11151803960048,107.00457733509114,173.95543988590728,228.14015452668522,137.21962592905186,100.44893380073943,153.82536409123108,120.76210880831113,111.17688933068632,151.59080943963335
338,23.34730509351784,1.077172876893009,47.12657900156827,7.651202949551745,-85.82598909275485,-3.3997362771357302,4.14862100840547,-2.8365625198925812,-15.11935872469364,16.392639466368035,-29.156240108724752,11.275842355227002,-9.213057318210346,-20.71014931894897,47.96649038236858,63.77946085134729,77.35248724668187,127.68845282739923,133.17084329026846,122.38064331722082,132.79179248413968,146.64144098669703,132.30055416591227,130.9302145612486
339,70.51082889614227,47.86793581066746,139.6173059689727,106.84779403685718,56.398358888074945,79.6298295475924,57.12183381822817,28.213157318146905,-4.692064095322081,23.326438481529383,59.62542442866341,85.00551243716029,27.303235182214756,51.22307128342192,100.85954933504195,125.50484390934854,109.27349781807725,125.19030104151686,132.7866413078784,107.74591123481684,150.24688460624907,180.73184758732197,141.7285434924943,152.006866530555
340,40.99623044667498,56.950345701938296,19.627557970406862,51.065435207229264,16.06045077940606,82.79460575263249,78.99946047822401,37.12193255941352,24.23549634852897,15.712881195489633,43.38214762767177,33.312182302666116,45.89526710995239,27.121450374323857,120.29203612679906,92.12499863011121,111.45448973818557,129.11561079344153,100.62024729360309,37.42724910576379,102.7782523110843,98.81812321257019,87.76859962942788,69.6656528348186
341,87.5762927022343,64.00573079360674,109.56954753954349,67.80932497375343,40.22237077359564,68.53776128738555,76.27312695458149,55.836256535968026,-10.971845875956944,18.642902199582295,31.561305952317277,68.37545745722406,68.93305128924425,82.2163895389754,110.50372134798889,98.3453657449223,133.1688555059635,147.1298104446564,137.6833746476389,142.40497319358235,163.21845175251713,128.90235950310694,151.35371741501464,172.4421597949344
342,95.94311534788874,62.570384895230674,64.57179499897373,66.70435059941039,70.11712935449928,98.34902905957351,68.44782702990614,77.03933540640048,68.28355269405489,35.59605742808354,46.00496588221719,32.65621422230599,28.295886233881994,46.85466955276461,74.27738350372904,37.18879955913719,60.75430851385008,97.55347384578995,54.4802041138656,119.78060087453562,135.0519555279488,135.0295508705903,132.4646071058296,167.5585974249835
343,32.100109430109285,15.661851993644504,128.23686999426627,56.42633190460674,36.98684237146153,81.56248056023911,108.14151424465575,55.857988831345345,-14.119085735595007,0.857651954553134,18.402961107734107,-18.57576069329319,-59.120065711155675,-63.05421013462263,7.603682431442564,62.17721893846131,107.7840469437592,140.95702759053123,138.22256179325007,124.42887866586126,146.40061843959273,160.69956294216777,182.20152867166905,187.5619387018108
344,33.174446888632396,59.93332704883025,88.37281188099871,45.14252578032959,38.44260671334861,80.86981884136837,92.92706313987208,29.58724501810981,25.077150483040437,18.211371410168,58.008584299928614,59.739407858483226,29.260480996817684,9.390213765347351,68.92290363317022,128.59026012643582,118.97390301221353,157.22250136980577,118.95083345453952,91.0344423712926,98.49809594062945,142.72180907501772,92.75842513310718,138.5301290925542
345,87.42329992879385,103.75298067308896,116.65503465085521,74.51617196765558,78.96860144660496,125.93210048353222,126.44149043564055,100.15316383827084,45.4682442147913,32.77027322858874,36.365241132593205,52.04383714623029,34.92401847444995,59.377601398786936,130.66873816699254,137.25874374798127,130.0988454610091,173.69340776347624,164.28744813538458,165.56602968500633,157.4824613895741,133.04482492541777,75.29256650920104,91.6043463260537
346,0.45737086358447243,38.94035792935414,49.25251863469386,59.814292480604344,71.38606751601,84.79873097527795,34.49695362223268,-12.602593881836995,-11.660030194222422,11.775430079012786,24.878683762205902,84.21372803648018,23.606690460858346,9.994671437738788,128.17096456958149,97.70251194902215,127.39938137399325,166.98551411235832,137.84365740873662,96.28631849304244,140.85755514758293,130.89270081530512,80.88809467632663,128.6454729109238
347,86.14272579582641,84.91591962793903,106.50243358219436,57.14823117370247,45.18587830165305,84.0130468142344,56.99029326199813,69.24505266254819,42.44006682818846,60.91592440750581,31.185693865247654,14.978896554069326,18.08963904459687,-16.106641694252332,34.914770456664954,96.41172142376122,117.5694851937342,199.01683374151608,198.7747104193999,136.8161651093149,223.9964410701877,240.54806730884633,223.99203848979187,245.21204405923663
348,20.697410658252668,39.02015075753042,71.21041740248481,37.002197832660386,51.887368088332835,36.53523059301798,4.490810074722376,30.266809379343027,31.4902545387503,1.1527786862663092,22.746822187490515,5.80636095855381,-59.070603703545075,-47.38454156424692,8.78544881018665,31.12260787055851,61.05253053851332,76.87479241917521,71.8386747457718,59.405428217426405,121.69075633737754,128.21922438478154,139.87312365953704,192.84291412118137
349,54.73900249169377,-9.361613545357592,17.960604092622233,17.620008969022557,-5.855570113874293,4.805718078457879,29.372617454664883,11.046336426025888,-5.071854889315006,-16.656940661200025,-5.354173164770451,0.47469181158753315,-38.291996501157385,19.79967810421038,65.69298106900955,102.83153599425692,132.2330202800871,163.54481187819698,127.16750046272396,111.37502104333839,161.46547885804375,151.4383170275685,118.00051510390651,104.18450140694551
350,82.89848669545631,57.55416953015875,25.344258620728,38.284293793749434,12.322991478722344,38.66488306551875,52.9658671335974,-9.592823676961387,47.32600395556216,41.391232242247,39.250771472921265,17.44743755076501,-8.97606289504957,30.064467295646335,80.47833130766237,84.48575493379556,96.79646099653577,111.7409762987966,150.51225243028713,106.46533794512533,78.22415214454976,141.64949980401622,122.34183283147104,114.38761898169226
351,14.12982129486332,-18.119988586099538,16.385717428331972,30.82519031697518,15.703116407246238,0.40258990452399246,33.856521052469006,45.578321175796916,70.70512619303796,83.00653335380824,95.73892946404123,84.38082031354432,17.06639134301511,60.90817963611007,109.9236957324658,138.38598141718262,178.51431368686715,213.06018338204422,158.66311447906193,121.64671620646159,104.79233271515866,99.2748281622444,73.47433791952533,111.22613038531995
352,88.17226917423612,62.779532248761015,64.77800769635581,67.53603210172533,69.12971832586516,102.87236570045508,90.27376341750806,89.81587906343921,118.10372179289587,109.23543118701375,90.79264065807598,69.05859869830465,18.369360930395466,-36.88306950685002,35.852745843159525,-3.421673817128962,81.9445479955711,137.14300177211462,135.41085818281474,173.36114423820828,201.19907031315492,199.8979021752395,169.62416263470288,165.5816814042198
353,4.636716974789898,6.325933746650257,59.99448963731851,57.335079321522116,73.40069298468495,97.90246493282284,75.40069869392752,104.13421726444548,60.00900417292499,61.95334147777384,47.4879913180423,64.80775856847764,36.50575721478241,3.50842532989439,65.16228590356991,71.56966792990417,130.2766666484003,178.75185069918444,175.44461023287676,122.1695440544592,120.66695970478578,135.13471590331716,151.0070598781141,150.98039844610062
354,76.51696096191084,63.27727350715858,76.76456403073587,58.284791083148356,24.791128109312773,59.7762005445688,37.99002639742083,85.97369266332805,52.42254652839006,63.32886509033158,47.51729946959229,46.7677733072479,24.38427615050597,-3.6039465064343936,98.25001313098903,134.53053986435427,126.91451718816639,138.1719924066431,148.46387827762075,151.47061149151733,150.8861333312734,124.4288856013971,152.71469021325956,164.36967821644592
355,24.395285447987042,22.871637620415928,70.57303252807394,59.23522216457897,66.22701533860172,108.84897836109195,152.38417031971,127.08403107460326,45.7175488984045,-5.9828867284567835,26.854007736383725,32.53065298246241,15.744596428255017,25.85995333629566,46.846719324995384,105.39239540642886,151.44819731333817,117.03025403794761,167.06859623962723,157.06031344362015,156.93699508466705,164.4948058635789,142.1081490758301,109.04624583849673
356,76.99593473187741,96.08432446940844,96.2484261396804,48.04867035298986,58.47054440706693,90.69765472048557,118.37212731643913,84.68543008571301,46.936851358676094,27.4293627547789,23.82826511600172,24.062643839746162,33.65554167181123,28.64046701236181,54.51133936951195,100.62511054376958,125.71555681439652,124.11679386753002,111.63504088710103,136.9781790742973,130.10860387409488,146.09145079606952,108.91801880375118,111.2240923770695
357,0.2502239048921737,23.052723452127857,92.5004795361906,85.70792621415232,47.49358956263225,79.53600118380436,130.95071838524197,120.28621700623172,86.64008903447285,51.28348619343858,99.378229666258,75.3780800996447,51.272307861913504,44.14384273070727,113.53120056536565,134.69151454430414,137.48825768243398,113.3244961667138,144.87241581228446,138.2405148922925,150.6077850886106,149.26930296643357,164.41597882572245,155.3931390578286
358,-19.556143721681465,34.125658584207784,58.79822994075628,60.66212125353958,40.120974825814955,93.70078737840925,104.32588206984306,63.6464397403426,5.6139301281147524,44.41525707429823,56.140580404629866,67.96309469557849,19.109151163654982,35.16940966316582,78.94569998822375,134.1364182433119,169.07567274377885,135.43472329574965,119.45034184120794,131.97429767501112,105.47827858448218,116.08368262866368,112.64355941245375,133.54043359954917
359,61.15087480068428,-0.8056187783628843,31.802976659798354,9.450917040770712,26.462712220250822,84.22692662329034,83.52535918193816,82.8057536749817,46.67070170308955,72.00095017037785,54.56426988374285,40.05203380487365,-17.683080619926358,-13.194678999600512,91.12779782311162,76.96311967613636,126.42077436746851,92.71384070988711,84.72845271984619,98.85409130011688,123.50978700892107,160.9402760311658,116.22741061756446,95.92149365997795
360,-22.912667919095384,-4.575167712329673,24.192503033623808,21.131578016716,10.608533096935982,30.371020324135813,21.838054389242473,-14.192712958441547,-40.363413275216544,-46.74938772244044,2.764404660638725,13.33965790753544,41.14489754896774,89.98944030727611,100.13341740913162,106.1940980874713,162.5965703800687,176.82300292558935,161.24175930543393,181.75321704777392,203.23356659756018,209.92872557026095,184.1944117480138,114.5923954123098
361,49.07247989834331,4.59328545263358,79.89464054963156,84.05349262025263,35.05836275657234,43.09954419955359,31.999375090127643,-9.143857680488466,-2.605956404367703,14.576863695788546,35.34309820877831,33.44811217620166,24.249305488031027,45.747718181958405,87.98020226276846,60.890440669054534,92.74343702920153,151.55479324791906,120.17949113852274,114.56011870051314,90.63980222765407,135.755532110321,104.8291060745987,111.44924683938012
362,48.83341786400443,50.16200226605217,78.91687546411083,58.91504051839978,56.00915940349618,72.7099253686331,66.60910702334614,86.82375897005973,59.98474329089068,44.880955247145536,49.62181151784764,120.30378119685726,87.03392429100315,82.10632299816405,116.25975114185928,131.86811456587714,171.55795145107516,194.18488839341347,174.74791171135325,192.6202003205254,190.46276092559827,189.0711280473817,124.31563625302124,135.01281466506202
363,56.11786221011365,63.3795032439248,90.11168186236262,83.36824788206516,62.24220410589045,101.55170061757005,75.13045909854984,79.41218455115586,56.17246475471728,29.315086756071217,1.7488284544576516,28.09064869960875,39.74941432790159,81.44118177955565,111.38106194729738,104.3592851515528,179.1884398293608,119.68952659374526,143.67007216302383,148.90533768662647,142.40333367418756,144.0191971919554,143.19485640624168,139.61487644858147
364,18.53046829715845,-19.22102444238714,83.01084620155224,72.69849132052285,90.01654659008337,79.62656753274058,98.17358583921265,81.36243993579501,-11.296801825050949,13.550291869643189,21.976769292571483,7.2111278171431366,-33.09580229557487,-5.947292553154416,123.42517666131923,160.39023955403366,188.49379625021726,199.54933816220222,148.0080243195711,164.25487723116942,127.16959140463518,160.39465687177662,155.36676687856655,98.30013354037209
365,40.441024323346696,40.5255485552826,31.911922673208814,24.912157349078054,27.853527773323705,50.07166333488072,14.611755080177673,16.659339398105196,31.73614319438944,7.442534271873292,42.13078194268513,59.06696950047274,71.97589916659487,87.7021814576986,127.8949797266429,96.3629974128527,106.83783670433823,114.39796274303619,105.31561752547643,100.54314762797165,130.76167096126957,191.25820623963227,192.033190935422,204.08834749133385
366,4.65194011217843,54.65300646447328,122.39533293503303,90.42949291068038,80.23175360086218,77.83064033598181,74.90581593873934,84.35213860990962,83.24587649578143,82.51647644789895,123.18846699853177,102.48575400877763,97.54359742351737,36.57995896708721,92.61914997892177,126.63253707015001,144.33852321472887,171.37600113732992,193.1797750912084,144.9987074115333,113.52362007261469,145.8871281316148,113.4288524659298,147.81077372108524
367,12.048389804681591,32.506955392416145,53.85213535178651,7.624979592250568,11.54214115642517,78.9772423072165,77.45850598927242,51.29296263521962,19.40653745975626,37.575526445639404,66.53771815859567,67.7254667877429,32.37676857996029,25.86456329453589,98.20593739112583,113.76656145431201,118.51836449489556,106.73316876178129,118.94179393926301,116.5220930299573,124.2810998270262,147.05550669411124,120.82758595475696,91.73206347788945
368,57.61325979023081,40.788314408103325,102.73667136742708,72.67305861302222,87.17270586017904,108.83767436018158,80.3641172185676,10.821699888258202,9.746921764979817,22.99826736591442,23.104515170582633,20.91629035568964,-16.844609448895596,6.35096452952715,93.81603678450321,111.1622057835896,132.44429698459206,203.7239008757745,184.86936736714188,126.9795316816016,131.90796753384157,173.06976459216915,121.89108439449687,134.09931632880654
369,95.37156787605164,53.747353285010284,44.915575522288776,46.16530297513566,66.04250592273979,101.98393127218776,124.50955201757986,70.82432438606017,68.3472578466527,50.0094232709031,42.043145095364814,28.461189413971887,7.532872932428791,-27.94928483387158,38.77427565245988,41.018445776283826,81.57614806876697,103.4343541464008,110.89964710022524,140.43424685009677,149.4591405579922,139.74173347780743,105.053311529448,137.77769191339792
370,27.826292441122465,-7.734838486382571,37.24915680609131,39.395584251248366,29.179520781040885,72.37037948025147,96.8308816553733,55.72879621193845,31.659381621322936,58.2701832617512,26.683169636734885,57.56876953285628,58.6752962466752,41.4566841082263,114.3227665487788,118.39327066867514,116.27900756771356,159.7282226249842,86.2075783958581,106.12722866489197,124.1893114071088,123.92728697155417,90.52968641333709,114.27458769248696
371,71.92439915049289,37.67235684066043,40.019961501687774,31.564055606125162,39.71294607356202,93.56499798629241,66.49743379356607,17.748903555911113,-4.435862198862225,46.186849886353215,109.15273977221307,48.46590292445434,42.93047669484061,54.850186962295204,103.12403562212276,110.39613639638112,166.82646402539888,174.56691611393677,143.77735916879072,99.91326362459759,102.01925246245423,149.1477995149664,174.06481346739525,140.40031091535528
372,21.71594411372987,48.63469939275724,61.54557073913734,50.97734698250439,40.36912467912149,61.70912058573011,62.507477252987684,76.70338742061331,61.27512040009345,73.58335786815685,22.453612982680554,36.88993971636526,15.727422707344306,29.803092851009417,61.63297616538614,84.23328422884339,118.49475496347523,135.0356073558573,131.65287392325214,132.98732385989345,131.29359413226618,146.60344192135406,183.39011269438328,129.92647137224176
373,81.94363030797219,85.18837977701239,57.948918811046646,56.64839707595746,27.38273918475275,40.45607089691231,54.976062649443804,37.49189575778607,16.099572474741585,63.19968544584142,91.0323192005217,82.63389860980567,39.25768410501889,7.640850528252946,16.46227911429316,42.5718855407831,65.63362083126344,84.12649632560614,78.08349810555418,62.00281150777906,108.90159976533971,101.74045780256101,108.07383759211194,123.13861519197529
374,-10.037538887632337,21.094445466607738,32.52421760915563,14.215509913888631,16.9346234109083,11.1821286208433,17.66368965622621,29.296821326903174,47.03055893933271,42.91647313792114,21.521140721312378,38.32470749135205,-24.733536437755177,14.278085308283199,31.04079675524708,109.83179443254035,167.33909850202664,139.38973649713935,136.5525748015428,109.49495547712466,94.09828898238985,110.37508889962515,97.05735949523259,100.77577494307053
375,30.25152696432335,28.54592069248649,33.95240438879853,8.021193902806473,29.815941312394298,28.61020977975867,76.7893056313038,57.389743983569915,34.11198308498189,50.77652342957201,69.66769844969099,30.764642528316024,49.73097743876623,79.46606230307219,98.27870742014946,99.6608691026796,143.59274859673755,148.4267102360444,134.44255964161616,126.90961686567593,126.50946671886437,146.46641516072364,109.5869546810273,129.78986437459085
376,30.61958842521667,-14.796783040684595,8.600920908207748,16.09322184230001,21.314278429667425,69.5090287072672,79.72227159918037,83.4889836107376,59.01574694069936,31.98216786445917,77.57067216169236,66.42256922258863,61.846276595045744,86.30032134978217,179.14578613412834,132.17640134833283,185.00956602444978,158.14760728039997,135.95294050315414,153.19329422453518,134.73425993699686,164.5332792854593,158.47565122570188,158.06297548599088
377,54.478196100067166,19.775378455235952,41.87022216216447,36.78259967869504,-3.5482588892569993,-6.951968963007076,-11.82920993228548,24.468090598667757,18.51887541991961,3.21660056982396,26.57865423335994,32.13646886547874,17.631821592462007,15.180805706075667,106.05870468144039,112.97052685061955,158.26807201012022,174.69319974509204,150.9553448621985,168.0785312494089,164.97303741742542,158.72203219085037,147.0012964315772,127.4381237096499
378,22.93548722692225,40.322183637456575,19.928644580821924,4.509427553801395,47.01372725234905,81.88674618447644,45.5474747018897,-5.618225960589058,-7.061055128476937,30.094902904814177,57.80586615959931,104.94009598110553,10.031972794670281,22.389621943906754,60.786315606664814,66.28854555854932,54.436253523080026,99.8292010906489,118.8259097572163,128.11246220672044,156.0276094730786,178.74038661699086,184.92092448352747,143.1230934309832
379,81.72374974816859,73.00644222712425,98.71339099782533,125.97251243137816,112.24394022929488,148.18979674978243,70.80316909783865,57.00566156639676,64.81158504022866,14.9146521020743,32.74510631794185,27.610015190204034,-8.720583895222887,33.26765138753852,71.6356725637014,68.82586664924153,106.98734438830712,136.2546345846096,158.1011208171,124.19550117063964,142.97031291208245,124.82417930273198,148.11608580400616,158.11311719741474
380,45.00570751545856,22.769295259956547,28.853183069492193,1.2929258803313246,4.679661512213858,14.388837552508342,113.58764633184452,133.26233859130207,121.24950941019182,78.4763078557964,89.83083498059892,105.96862936237423,48.98323248312847,40.65450197013668,106.10069600166841,103.38210573443644,93.48672363604805,139.5942370911274,109.5591089507528,91.15272450198582,125.53270730124932,172.4093929204216,136.2721664824343,170.4909182406031
381,-24.964187737059845,9.009622600699757,10.451523640108405,50.96577694519011,-4.535101879794745,65.99858986219685,72.11736951775784,52.582638508140704,8.378211573633358,32.75479950966582,29.981533481950954,11.775015430400341,3.2657921174989895,34.503968244064566,88.53780654174493,108.56181085680075,122.75395548003807,134.39452396379426,130.6513485689915,98.88150995948615,121.42447179549629,139.42667588812924,96.1796277478879,114.80198657046043
382,116.03077853778665,72.96404807207807,114.07438156423714,94.93308197544636,77.83100261188784,130.28221813834512,123.531942179395,57.74620124350589,50.96224597607579,56.42555748297489,40.12606918359643,84.17673867443207,97.57539755224889,48.48631301878706,137.90240358924012,114.96830112851016,185.79726714494024,231.5709498196602,198.65156648426031,216.12939345336702,159.95673534274002,160.9934831240317,127.60804618944408,138.77415355857232
383,86.69739859189386,26.416427938715266,7.1811532777763745,58.30701199687043,12.169185035329502,45.74890002359004,37.16016262632337,55.191553986463205,16.657775721236312,-1.9259057668159798,-7.608611028986282,36.55426097697462,25.414036685078578,26.22488031088725,48.84358052343612,101.32243714894085,159.56331319882452,178.77601467430597,117.408899168984,138.88177516803995,111.09969583640697,131.8727356978975,122.8365868268876,119.31093369988999
384,-19.23380940770248,15.912194178211209,72.20865458010329,91.26999227979277,35.119945452426464,65.24430849926864,59.72160867072611,73.09828745012437,37.80257705944819,28.137491884343,26.813669822565487,19.18395237099641,-47.562697504638564,34.98223965514398,56.23304486663771,69.73518043689973,122.90426072829247,143.45055129399043,88.36802512471242,86.61786923425765,109.11266113973852,141.13104636480034,162.56997297772025,220.78396403519093
385,33.26671287537765,45.17377339888845,71.54447742725074,53.188758279111354,11.767783922542485,102.96621053673576,105.71056538806822,93.27338107470823,22.39247993161144,64.2130439538405,93.95801282382527,97.10942601942698,66.09253080299595,20.036694205108034,48.68790490737818,63.97163703192362,96.05246173393331,107.65680121413237,78.11054396173046,54.29421370239359,101.45622576082243,148.66910563109593,101.33739914868443,119.41050545909067
386,87.12507649504388,67.01040990834926,71.64551953309245,45.44958405074231,25.63558646060053,31.53595084079366,27.724930551185906,72.04168460035905,43.45201596906614,100.0849142105784,72.63002204360814,75.61661933464399,31.98465255730445,70.7634959955864,95.76503122469688,117.87437952190552,138.7578938179789,153.0812580087831,136.87430681531882,124.13212605736669,100.87995763396324,136.43304633243588,159.66114746990667,157.8255766545672
387,75.96415200466022,64.92436151937906,47.78360028143931,44.357012729628856,18.34807708024161,61.810852680566775,63.17206951517201,67.26109115004199,46.93703835239334,7.059862795492332,25.95268231421011,36.50827090272708,41.157746653651195,25.55697070155179,26.04742272763842,17.926895870408686,62.15249900942358,72.81603172698551,94.35821234040031,110.69776818661047,137.63072794651967,123.90220707982668,95.58586814129788,93.76501747226706
388,-12.942056920073036,-51.38924312762212,36.25136856728995,29.10305892040036,58.25355585627025,66.63489621265849,88.39572694996819,61.75158836029475,-32.25140126435534,-62.00579736688898,-67.33051823857355,-60.42227480919645,-97.04721762674663,-27.57935529887697,54.93648531998865,95.72598644505035,87.81169637308099,82.66651438584664,69.66002141288816,56.81817981788338,63.0848275462606,110.99186664996085,121.7105492827377,139.87208786929617
389,9.360276215546293,68.96917441098799,55.951988304898585,48.36854149854659,33.49510148623316,81.2119851092036,59.15986278068026,93.80779383331588,91.3396495059045,48.059256631437606,79.33485822873709,54.76780706415463,14.009574064261578,59.085519182290184,78.62393066796707,74.9741714086338,115.56993657497381,178.91844794056757,139.2334862829757,146.2797879293438,147.50938922271447,124.01257686583455,124.43899380037473,131.95215206665446
390,-4.093834547771152,16.29664794218001,66.180134454397,13.845138938505222,62.8453635803122,129.57514299446896,109.00109204758344,113.05573329495735,90.01437044142507,59.41974582852241,72.1657058364298,55.832761803764,29.485978265523688,-24.867852636463134,20.011160751216096,26.529746027690173,75.78783517837903,67.45431160658671,102.55582903752347,90.51429351865454,109.46244843864466,164.98178920234318,137.82169453392356,108.84703574835258
391,6.290799054032135,54.88062473913219,40.84917247922667,40.9192543702771,4.917195444603614,50.7889172836137,20.495880909342375,41.18935125868411,24.574872970602087,55.94883550239102,94.07996220087927,85.65050669977524,71.46479275645214,90.92713576028717,85.76985126282491,86.99889555657477,154.33111418651936,151.88872828097075,143.68445190568488,123.71383071311573,159.90477161198396,162.2477470675724,133.6138176833305,152.27244573092838
392,79.30454286610559,28.685241549901153,43.247072171853034,5.130145982832566,17.63702420557288,34.92671505382595,50.09106334587403,43.70312270938313,52.637502392593035,66.25211848297437,114.2799894953003,54.911157641356496,11.583366218552039,-27.921588548804337,68.41827624658728,50.83240381977228,134.1323770700438,166.7444961798218,152.51079671190183,86.3179454753627,119.11096981485935,136.0132981703663,130.35299207993504,141.65789532965633
393,-7.4569087077095375,11.287204021727739,26.89537051012927,-7.374217673636551,-41.67891824901436,52.89074512130819,68.64656074609404,16.525260280785552,39.250577770468546,42.00109542504948,23.02957030583999,40.64518802723198,3.471825529077954,23.774373193303884,83.2100246536069,131.52591999248935,112.21155604875085,167.06445530493477,201.9567503590634,171.53428593794087,84.97405658583446,74.41224799232934,61.675555060342106,100.59364967710273
394,41.71940928152612,32.65688596133642,63.064406005202756,109.24332291627877,89.80676148084933,65.39870058873163,33.94069878467545,-43.52712329328884,20.05474697400207,-41.41673802753447,-26.242253810015647,-21.65710173824918,-13.578753698499284,1.7396295555849228,53.16335600006654,123.34965588095469,142.11603181009298,127.46038641180797,93.45494319458686,87.61064603923214,76.31024023823231,140.3538499366066,150.82239486592422,169.3421071832449
395,60.74539569199982,51.899911991787775,85.9219505261726,106.83786266420461,2.7709241113853267,61.52887495565286,73.06780791513218,58.338450198877766,83.26267361166131,104.70035043564769,101.60932600081767,112.68874805748978,75.36218771787482,58.10777261319423,133.40428709433843,100.97023838850279,124.43251607651675,179.18593329611792,173.8978927860436,157.1283894235462,137.354925492328,101.23566209978438,132.18171049091637,143.81345152485116
396,132.8936937041359,78.02942046421634,124.38420201592437,112.03782822527921,136.189701252185,109.80693104036276,120.46425979826873,108.87171213700464,104.86144460778897,120.28414210570759,66.5580191918439,86.64887451357743,29.07563574240887,37.73044195131449,73.87855789704197,51.60701311921598,100.51534512213051,111.75098869605465,136.62767168272322,161.6902450301294,164.7829159254551,184.73890345420693,158.0601217798893,192.93754719192904
397,61.542996506971704,69.79343403518499,77.12427782572973,75.75139531988593,34.795496563059,54.87734992871872,52.45537024326396,57.369416818864124,37.10776479270936,92.13342722534017,85.59300681847338,47.992671112627704,-7.693408491852878,-20.13518598490989,30.96907359517047,86.42115851960457,131.61293068418325,141.99259165719664,96.61486013458445,116.34691289056273,143.27777213762232,151.5864192636379,138.0940343684624,165.83994151057402
398,23.22214581503635,11.21510860922955,48.05964376396702,13.690398796945793,8.849727705443598,56.723715982321366,77.94890499756984,58.566501368080594,24.008055423214508,-9.746251261017917,26.824923077071563,44.72345237998441,32.91222156253092,38.318509701924754,126.50417861679077,114.86522375550713,135.77834552271858,155.81992168753936,120.89741906714033,137.6725328659596,132.36298424592368,193.94937107775985,172.9754301431717,162.3822293128396
399,82.84512221700854,67.37653625526558,74.40227306657688,-59.731950834717075,-34.71082278990559,-6.885477843067264,4.45906092821032,51.13356705568395,23.168077080219817,59.15897612991096,29.24930558195718,86.18969729265365,68.81731887138925,44.88776730920502,78.94841897443965,88.71970203764826,140.8594624013202,159.72678901574037,78.52777579959694,79.06601415586404,60.96295315005709,108.75404868876748,108.39338147698417,127.61955988682033
400,37.8520787546086,-9.211203999460885,23.624495559289116,68.76371183936934,38.40528254974662,59.50690080955653,90.72440765900586,34.74646306141821,18.764217673652162,47.68481815970864,81.4239343009842,56.88834867465551,-6.327867378798572,8.67994444348615,72.18207518043378,74.9080211974456,101.41888137482519,127.28011324148474,114.86791793569358,78.05794720168379,66.54064106296423,105.1156728331837,104.69772177212705,116.68817279163926
401,18.6192275877741,-26.82295682468485,-26.14063057762617,-33.6947927990765,-11.622272323533906,63.03891882338557,91.5223186414994,66.20782696799074,1.300779463922865,-9.656488612086697,17.37299420084043,25.791572465901055,-6.666264575267871,16.90252365913318,22.08408037223414,45.096474281555544,84.95149714000215,125.9145934689978,102.20743133079341,112.53122372367807,110.6952126876292,169.72086842831595,193.25335981799645,227.7980837856069
402,63.12494176093686,19.419743147236304,79.26517264060614,44.66975193532881,38.737287929472885,22.67923706679469,36.793685678893844,25.426601628856254,7.986345076958344,49.958620140013366,7.328912856568429,34.525350599181856,46.799804716285124,-11.652724078276975,42.10893092167301,72.14494944869996,95.23582190088055,170.01063404158944,133.5407024902854,116.7162970825169,139.13611776441576,128.41252683512448,101.63521584787638,134.1640441464892
403,18.749370734027462,4.096321106420326,18.118274993520316,18.397743999872404,20.369513237590738,42.2608736830937,64.97659527803238,55.17970885665645,35.54583073151778,52.273190223800725,92.85556965332052,118.29275591154239,53.753355342444635,77.58347593689663,123.15027512377931,138.8725001602229,199.68228379258125,146.34329079595253,120.66258340650859,89.09268406351651,110.61391046988722,164.01635538242203,165.55099621443958,148.23603831852373
404,36.29548507970227,11.582147950937276,31.72839163391771,73.54309120212814,37.403370987230105,54.33272350993157,42.119195307996,29.34990252416486,-27.907092031232892,1.1843627279795896,-11.617698344490897,-0.1877912710606111,-37.293896683142336,-54.417662065395184,21.72532363195876,45.033195682712936,103.48969512647102,128.70147416652108,102.27791380852085,132.47921561600586,136.27335848381043,168.27526685128854,135.84663952914354,142.56415031500643
405,67.41902820712355,45.456974147877794,86.32383918031722,81.42825157396516,87.62024832996386,101.79772991906387,124.81007709196678,111.87384192776724,17.688672703537804,37.25336123368703,44.98502746060119,70.35088826276805,15.733567748616593,-1.9380708490964906,60.65125735169394,40.761486045620416,128.74874218045497,127.1184491875406,142.2964558507858,100.76243484411486,142.55613619278824,127.37774142390398,49.60096148981535,73.65451521899855
406,28.82184150639693,-24.23267345424516,0.22410778376148954,56.246284891606834,18.441182413244356,67.47923739368716,53.20833530633857,69.07237061179885,31.792609862800404,38.93284613466553,11.185806493579964,23.827820286136262,-8.804951728589387,-3.3357425206629365,84.23799350875436,86.04402183201978,130.88472811024775,175.96123206429746,137.6770227745995,136.61331938720295,136.92240876239316,163.1287156580298,145.0399630811052,120.27744266901426
407,8.895342702132453,15.212737618299041,40.14258385332107,64.79062115709536,60.84360424455723,32.428453503682185,67.79832786417873,79.29466005537915,41.58902278816968,42.458880934830475,47.78828573991373,51.45891216000907,22.243289963703102,81.14935861803181,98.4388665637728,106.03211059037923,121.65795102061328,110.70595315318425,84.08143353498798,40.18534831926365,60.98714479634988,72.18957159309143,100.13170284140301,142.445037225956
408,100.01095971334396,102.91183420646516,101.5504532255289,40.8654596955082,9.37407264204706,81.79720269157036,81.39959963137031,83.80370244689678,57.8590239095098,45.984089498347444,42.180940171430734,21.967015076157654,14.67219404068871,-22.687236787252886,16.377232932336398,43.685969782141,94.7402392144009,140.67616611178798,146.4878219201055,129.32479570906418,176.39528691647612,191.0804124422137,164.78441568905797,129.40747254614809
409,112.42949197112392,146.10345881139295,141.70068492490168,129.8204927335904,95.79813226698468,163.85519300184507,119.64365187157327,88.95480822799082,122.55675063502706,130.11404192373925,47.81834425710099,65.95843968394092,8.13763328083466,35.5282162609848,49.2003184426211,61.360515551730664,80.54924065980417,120.68550469764081,102.62280257076696,117.46698563202973,166.10886051599522,236.49139991940046,186.94068224871026,191.594789260254
410,26.47907786682235,27.472552161801936,72.08316691832599,78.70586284107002,15.396918871766971,35.53847548629162,71.8522150842829,37.167378033088596,69.01725572289195,11.350241527690589,78.54411567237928,134.87705599094824,75.79611413615262,40.31735429189821,80.93546720721346,140.14421604658253,192.85153529368995,205.263448845788,166.71757884275203,135.22983773364086,160.85565581074889,234.85450187483772,205.4772211522819,171.84505088373788
411,89.13611948439907,77.65501241475798,53.86804788380568,40.96716350375256,31.178565183147022,43.55415959254371,51.29644406883516,-3.7420897070423678,-48.54900647668643,-49.177619419883264,-2.5365012465608814,3.7775415756801607,-1.4653099643576866,56.493499930048834,92.95041887467795,116.91011695736515,144.76127027801763,141.38925369577842,134.82267233783003,157.05207855977937,163.75885536461885,152.01253483506684,158.2232269950257,120.79647931782844
412,124.01689516949547,75.4649945064888,97.21581720459058,82.19279050460679,43.04780633387527,97.61733212694081,95.9506798948365,84.59183728221811,86.34136226991464,77.9180208254736,96.03672587503675,122.12766518713617,23.75575749712069,43.22086577255237,91.08057150219963,74.58841260507472,155.31632486052155,110.16696073181103,80.38876711362515,119.7389961334321,176.61965992861735,157.7070232130353,136.66148875071107,142.24251140688187
413,103.56071701729283,74.79551313900075,82.1846629599803,34.769168341597066,-45.04304583514656,25.42735682440322,48.42097928617462,19.379002478113293,6.914825590984204,-3.469549554840569,9.360012518095573,9.429146423941084,-70.34497487966104,-17.769764131766053,92.61438477731818,73.12806995576214,109.83600387232224,182.21358301504665,176.5902111438368,161.2177556861415,123.12957064395754,106.34467800890062,68.36394816196618,84.54978433600259
414,52.26531830964562,81.0337247887874,100.9732945162701,58.58008486516351,7.491365072023875,34.34418588276172,72.01430056072665,141.8463425753108,85.75443446085615,100.53076351603323,39.39746503916348,44.4563239076862,69.68998785559009,71.05069385637657,131.34926753445586,116.5200544933268,130.89781295652745,178.35803864012553,145.08420119339434,134.80395088665867,158.15401690598156,164.4499578148042,144.29876991065754,148.18780457343053
415,58.84052003753462,-23.506820093001167,3.109436427800432,25.106981283503224,-21.609659070749068,-0.004335079705171552,-20.88533841668736,-8.837805768639925,10.38943276644089,-16.295613965758086,0.9741452146345964,40.07682046386428,42.90372637745565,13.488482322070304,53.47230951524971,97.63240954692829,106.24236703147878,149.28112514893567,159.92996354868475,129.77365790817998,115.74570300747578,113.23673266047155,134.2728120404806,143.335701959427
416,55.56960258955344,76.71289660781042,84.92904411323015,112.4217434473945,92.76971977315185,118.08343935671525,84.57016652167466,43.752657121964106,45.98970135459416,3.53326519455252,-3.0051051943241944,17.558599678502866,-4.715279312501629,32.76246495458543,105.86059862603446,118.74304454022123,142.89095068299838,180.61660695053274,174.80919582603934,138.6414277484641,140.68217763368327,138.67284723514427,133.238626170393,111.23083397359356
417,59.973616283411886,30.8631910847019,94.36695294777849,38.5709491045111,91.99753726936318,143.18183548744452,76.36032968508323,56.76933053864146,26.504618880271252,9.11553854832647,0.07712738843382994,11.221425184611778,-5.945162554408043,31.354691719886212,75.8917728280232,73.57173494426277,145.54831159043573,142.34320362483527,118.89247395048812,151.2852932542168,212.9913225943715,192.19004414719754,167.22389054428103,142.74471155361041
418,51.74992614866709,69.44144327774771,96.42714244556198,79.81770202728887,42.85299317828524,93.74034696271805,91.55984609680948,38.546867414953425,-1.2579923364283374,22.60518584719499,15.536434302553683,10.993909488485258,-17.521252111226858,16.38789386151181,72.90439473020213,120.91917177708102,144.43581932027695,115.07010161796947,209.24747247062507,168.28327008500216,145.9219696756303,190.97540970520316,166.33745701740867,163.1662127841724
419,26.524754507256638,49.20471858596326,69.79951722367483,63.19737511911127,66.70945419173833,93.31208432086356,98.92522235584376,53.33341373398405,31.107026963129016,7.816085104981482,10.902705873535602,42.483070959874745,41.615389841592716,94.03619690595869,112.7312232747179,124.5912631579292,132.72229033566757,280.06908031052745,220.79941117729345,181.32354922475628,122.19288197748344,118.81104292386958,130.07801854747592,92.93901589107483
420,42.51115959131192,-33.627271763374466,23.36979210488228,-39.6478578857268,-40.065980907553254,13.239390559090928,48.934158585021606,89.27146556223273,44.059236892019584,55.680293912076536,62.78002174654913,28.395534447740566,-22.340484684009617,2.1670849090979907,80.52959844926568,98.2506656865528,115.3997474613248,128.29121207590717,105.04667185408022,59.074666000206676,101.03266737040857,120.71387413752657,79.21515847970619,135.6938014757476
421,77.91004735060062,106.42709899470502,88.45830930071246,106.93300315836775,70.78610679281479,76.03203380426119,98.64128599761906,97.77826604097542,40.24357291017887,49.396302509641224,-17.45735199629444,-5.702540610875779,-30.55185565125172,-12.703744422253948,36.844937292954384,63.75757720846572,69.88899601605581,82.88202918776311,76.77986168398775,101.77860001859014,99.60257148019406,133.24331141105858,157.61679852623234,126.10267224671325
422,62.92566920866919,67.2138726872561,78.1830357119224,110.10498881056279,45.61785228232138,81.15671689311188,64.81007347897824,65.3431826721129,68.01863326614483,55.59865192664877,71.6504850505411,33.45972612265107,-2.555062182623061,26.782163712019294,62.87879077909787,56.823711838508885,144.93646839816836,166.64583184691753,128.95296589851185,128.50743822179888,140.32625307867414,161.3413906825842,147.32217426285737,200.98789462821927
423,32.91812113132595,44.306712288077115,81.53988078109415,31.99368595236509,24.53590259469074,63.11287363099118,87.30666745509987,66.88967261392963,36.452638130698354,22.953067964909003,22.233937481317604,24.13336447626898,43.53784614244604,30.04580793733939,110.39689473322542,102.64539154646258,124.821571226813,102.36270947124663,94.40345621638053,76.91534396840375,113.1001163553764,145.0008353879221,139.73736557997995,129.92007692374347
424,65.40155901465532,43.30383058920424,61.14259358817646,45.72194412885136,45.39986918944738,191.4889469118167,204.58169078112195,112.83262817872317,115.08929531953916,87.80480962134456,84.17721554985965,105.30182050993682,102.48559933021876,81.22622612101719,123.03374296374534,129.46037694688764,189.77598009531744,285.05268782326993,238.18482855949935,215.91871020522206,191.5555390267218,191.0635335204136,134.54569961088654,166.83945210579483
425,66.71798134771856,34.02913025787707,-146.6168641922385,-104.36742583974936,-69.78454271916817,23.547292803606773,43.334969566387755,40.03500521657848,117.82721007810451,95.25998451433887,58.66291606274967,28.57150806508122,92.40827228001478,71.80819199082427,107.61573965678015,124.13703515262524,122.98386255082346,140.61034799676065,98.82362598891223,105.02645078234836,186.22057923769432,206.1300318842972,215.40328235581208,246.94358713980176
426,70.58966566420813,38.32387872881171,51.872962265555756,64.24642328503224,48.55998731548085,84.95871798959149,60.80737700476453,67.83382656749731,45.54521773815431,63.02710971443328,21.32743812701374,25.504069831585035,-18.858168129398223,-21.604747597881605,37.13886614494315,65.96882743738551,62.56359711568405,100.68095068061058,122.83816210918766,122.06144411055375,146.73194708204713,181.29243193295366,125.16287058063277,128.70967757656732
427,61.001045067022794,9.094404976681545,44.41029077198771,57.02073828963502,21.152083213584486,50.77679133394363,68.9956830986355,89.3012358078577,73.90768248453665,62.20047919832403,55.650903163998066,63.754663445176654,30.8528190189933,73.8609212200954,82.71535737829183,64.66756363697179,75.36625777842343,82.2446196680474,105.94800004814044,97.45876086057876,134.03862558391776,122.70389784130865,112.72517326708677,130.7097313755011
428,29.971101539813777,58.365481817380186,77.54647002186888,69.5831374502269,78.41356147265822,137.18666221965867,99.74930270779483,61.51706126711875,75.37905384867851,25.63082703244523,63.704143483933684,51.84229628465944,41.85470897160171,62.82695081306637,110.91721905467486,109.1318589995352,147.41814691737054,116.01456048505267,108.92312557923329,104.23192958020407,147.66254056414988,132.8757493475442,127.96543432589418,163.1455041637919
429,1.0769303056700323,-31.67889970354996,26.31437259429714,33.02619177828565,38.46516434136336,72.00676024003118,68.475773094606,54.78130876084826,33.75122536660251,80.62745080969111,100.99591565291001,75.91903763082095,25.248217339297483,70.62258157222823,117.42588803285904,127.07041401251887,121.18079617764779,112.56738682194047,148.4609539560671,146.51945508208178,162.20207282898832,184.62431992239047,151.0691508781414,151.15988123082823
430,47.42196724719054,28.40531574403485,39.54272128113962,69.43228595951314,73.75282744792463,126.4000694731373,117.55487104281269,113.32354813567505,61.81798695128402,69.55145232045922,35.62638834044655,13.798827473576445,-9.956054356058566,-30.232696005826632,57.204526650996186,61.59456711768307,116.3626733692146,99.56057963165986,92.85434120890353,60.95463865139544,77.2245906934157,115.77827932924757,130.18623195720005,107.29716366376874
431,71.54004130732446,27.865832586153704,62.680086916379686,57.4865667510411,52.73154556634966,100.885656654119,120.56001389104736,82.07636135323115,117.85383271204272,111.60606909613992,119.26616683497781,92.81760141118204,75.9832391153823,67.49394841070217,133.77075828008316,123.83863747593536,142.06154960101932,121.06938189402413,129.93786497388774,98.63847358582069,131.92882655714666,110.85252499013919,70.32416039417754,53.16198839950749
432,67.5294006333302,35.15929040384832,73.94670561021499,75.1296504421565,29.19527951968717,51.60782400188175,54.50221663406488,35.75693720428134,27.943028473682254,-11.649436743450018,13.823409659429721,44.94091771938424,36.97374462416275,60.975320747079316,94.74145066178147,105.0910870172152,128.434110425561,157.44563962678782,101.85127642179977,91.94004264388485,139.142024275393,161.4265675668427,122.39520191319497,103.39141448151912
433,29.135286596434653,24.01825392055299,73.21406865662559,43.192303162224604,43.118981350747646,92.73933837109038,127.61831179513882,85.63232502450145,55.42947384936461,9.328575070049524,7.479813097439532,83.96475923801945,23.257962349728224,43.137414939005154,121.78107156491606,134.80773169299806,140.19922542421398,161.91080968199907,145.4820741636957,102.4967517055006,156.85833833712533,220.01533545800095,146.2759364388026,89.49504267928918
434,45.690120320915014,51.21887465748651,71.42058177101359,72.23448230859874,69.35783603571588,79.38665329813094,71.16398384550854,-37.365214585375554,12.978720201704235,9.476111372059513,87.69540748707209,98.20765111524969,63.669790513236,36.55492743405752,117.26085691045027,144.33722727378915,170.16727467563118,175.70527097551673,180.9731613727953,129.84435619756647,160.36112208084253,186.03415524768187,180.36887115069933,182.6966357187303
435,22.534576236795733,52.47698495530871,48.94540258035628,34.09989312819695,41.75843652051158,71.80775609233937,63.752408634315586,87.15631887099713,22.687296523649902,55.247284425885695,77.63774926964064,93.7853429132921,61.06099248393286,53.43910514590367,118.57527366032208,111.6347157655905,115.55867923412714,147.6449362822257,125.82882778665717,127.33305774938208,136.25735993365905,149.8320634750459,94.97365503872498,79.46024000625656
436,31.79438310437562,38.911213776739366,77.76489546342336,119.11745965398029,113.09899625242896,83.83833111525622,76.04701903962555,53.811205446170646,64.4245004752461,50.43997049477552,45.125661794259045,13.931114847469349,21.671495514643297,47.691398514195605,76.22903193217752,107.06086783221947,162.28880007581995,182.28545640523265,151.2587677873314,126.08264947216666,148.70369751840272,163.94584404340404,131.0665661407408,130.8493491032744
437,47.873330911471186,13.116283738099291,2.7840013530098133,-10.82579459915521,-51.28697247678828,-3.282318233507425,33.699277740624765,54.9604497108412,40.718511563629335,-17.494745046928145,2.918653324768087,31.013331236008277,0.3839032668900657,14.001958194032804,47.24137327191375,38.99691904589984,78.96308633283633,113.37473443556091,105.30845792167727,112.28615237513561,135.71188555299824,162.99593855391052,190.62155535201032,160.33608424979667
438,67.77630489696331,20.812152438877252,57.14474028045814,50.01034378496498,12.14480308380205,24.52820338025999,26.00271960180141,65.59572721197891,45.204276278823194,50.22046197849452,73.51380506979864,102.727601797994,26.995239328055334,8.943180666854616,100.54963199876984,113.75858662714785,152.1611110225566,163.2971926143229,156.50994084655494,153.03809805128222,177.41948654918284,149.58860181132889,161.63503105900256,181.99504816133123
439,75.16456199587427,39.25418300000806,58.097647266492665,28.47447834004205,5.2372173956320935,29.27855559361747,70.129036212473,39.2195008778109,40.71643352840726,8.51759065399198,57.723265266134895,72.51412811610723,19.930926375641533,71.88133500692501,83.55157013711732,93.66772055138532,144.0103627510277,156.83039256734037,155.64068284554014,115.68437531882843,106.7829760121959,143.66287811415464,128.7393484736947,175.85062571072103
440,113.70357772941875,74.19908879375134,91.60395808361248,29.914015783211006,22.876675705895543,28.135621527763917,36.10003793506936,82.5234655056594,66.48514974601324,44.38626607963616,12.589600367382381,37.20628401473621,-15.065070588149055,56.230975501404174,83.08114440007667,98.07553493101199,128.44703002078074,139.58080860182798,116.90916941552737,113.48198791222734,112.69044133316757,173.7453033293486,131.396301330436,162.21547958739544
441,41.79201412535291,30.674971507665514,54.96302764019559,31.51755706860223,-9.468458413164257,1.2759840838589867,40.856180817540846,55.12830826968799,38.29921147155611,6.93256009106463,50.45493528825261,12.791886962125645,-6.195743930759193,-23.96573750165924,59.838588546607426,47.63530377506356,121.97792744373875,159.82011971189556,140.02963828658378,135.94092216963404,114.49462525477914,134.9987289494824,106.96497432106796,113.72888017097327
442,56.22483313818235,22.877955497429717,13.198379485820695,6.363386295219954,-47.28486875521466,-13.946270094917494,43.66374399331511,9.122707308479733,-18.393053346210138,0.20179032414382192,-62.402674112269075,-48.94488417152553,-50.097419458666195,187.8544349214172,154.67535543422755,150.40638934792787,148.82193465041018,187.94830367975442,193.9488269484355,172.75965163028704,164.02764209030016,147.6277122293756,113.23553048995116,87.09507131533289
443,31.465474269705673,-37.71199446787966,17.878663037021347,43.34667763815604,2.6718862001228842,36.735332572986025,20.56154167978694,7.0503887418200435,-4.633183437275825,13.383840697524086,59.65673391049566,50.35143995299696,4.0410640291945725,-23.845633145669872,25.91156007873917,76.04476850078154,103.50341356637995,125.2958047299727,145.1163164735726,117.78488579550117,135.9669791293465,173.7907460717,145.4502235240479,134.09237557529434
444,10.564783610217816,50.71348111026991,110.42799360486171,97.97785257284593,80.11412733987692,103.99462459704762,87.10190482641413,91.7288173452304,90.93654856200038,61.75745001713957,53.19533557656027,66.96058257105577,-3.2685898542024816,54.71038470442472,100.01240390801613,103.15931101733389,115.07669619098463,107.01835850112644,107.47239257234641,95.66513054849966,124.49206375096239,185.16270334913398,219.83492319777798,206.06960672871415
445,104.40260264791655,93.44202310525063,113.96058493547906,82.33344663474236,60.17277311798854,62.80519330174759,53.580408740325474,37.448466889257034,-15.490277985353146,6.721532806972288,45.76046540750219,92.84584035783664,24.273120745350358,32.94452121863242,91.46064560560576,118.60342529160852,74.81389396943626,83.88535260360483,63.18088543998108,229.70734351803628,193.58113494376153,171.30939555236898,155.02134163033065,158.46727615111422
446,86.58487563629978,32.950934416862864,9.993893632678095,9.498321992524488,-3.126821325359977,46.442732608886054,45.069265971424784,71.41775979909639,11.823889480212724,-8.893026635740185,-1.0163353848564185,39.75276933976947,-2.174760750986067,26.29952790047301,91.6229509496051,90.43691939250638,147.90863869273358,165.87648934460984,132.52669366453793,129.86036426286543,114.25875158560737,145.4051859439165,120.17971483041983,106.07016294231401
447,90.4523981686553,93.82173232428521,67.84030036188042,16.938010625732325,22.25529722010862,31.531802602335844,66.68252864534841,56.28926593935731,57.906849494013606,27.64737205310892,1.9498974754689513,10.280898066862513,15.329825489517205,30.551297369205734,80.34786298125088,90.52674499516985,113.62412990621974,142.83765546054147,152.55182937834286,154.6109565557462,118.95306876190058,122.92819798753362,132.66354654119652,123.50955364883501
448,27.095069076938366,14.768073495518657,63.92754738790042,88.76699274583493,63.86185520538666,101.72380421027543,116.48872804005705,87.07270112202389,-14.57011458673935,8.668186224382325,27.472466621056615,0.9767686295769593,-48.6810424250494,-61.54029031479133,-2.9860693650910264,26.531412234500152,73.05572044222131,120.91951142102789,95.71847972789351,86.23271012551601,74.78433373716527,78.87671783344791,113.38396656802266,100.97038998779851
449,61.7154712301992,29.818274208743034,50.05683577926099,62.10106465382458,42.620582999698314,91.97907625017655,67.69807524869128,62.531957372005195,57.22342697717498,59.65873089799966,70.89354942456126,58.21708935036974,45.03260471644782,39.585090440914925,92.58406729995812,95.03806223252009,141.13064347855044,135.56724176792767,123.65872083363493,115.79337965932807,134.19578327343376,162.38585343734408,101.2834046549447,104.12134388545321
450,57.99714506946886,-13.127831030328082,39.103095014802875,-10.430249407465901,-1.828062527204537,45.210009716881096,56.10486782391555,36.60405680469833,20.727540493122387,31.099812033970615,-6.487705438566884,-34.72776062438906,-22.330457848738703,-8.820601826769021,52.06606153008042,78.0594357340053,116.30409619771825,128.10162303445654,114.05268451899686,65.85415585114558,81.64931045977585,136.4317324920517,147.10858812309343,123.4899389882132
451,5.63559592023352,-5.400945730217458,19.27008907459478,45.18205650167015,10.296414688736867,79.68204297503168,18.005418965376172,34.07012921856527,163.65342372274029,130.760020515038,107.18336622831828,87.73936563862883,26.319906833942127,19.131104350181037,61.52708218804407,86.20393659356978,98.1800213110439,142.53708531434842,137.114116706732,113.7719844319198,135.3873049774611,108.7778831747454,60.334324824388645,68.0327517314979
452,53.393352814929614,17.64606345991443,36.187215506855296,-25.397825951681988,32.642824377878796,79.14970013175136,79.49008596252959,63.42585452611263,22.798634348412456,50.3618073669768,39.195239337332325,16.24468244459761,6.166291846529894,7.578495928435057,39.38962877154978,40.13150665971191,63.4259279179625,92.09251565027557,47.21764405084116,59.97950180437134,53.45771163317356,107.00954732521689,110.53892899157096,87.3229692352048
453,57.07343962164239,13.385587884063334,53.90246063634346,40.439619173050716,10.331820005661946,14.810914599145477,51.43555717248229,76.65698270223224,32.02566752561944,50.919514529170144,50.923508331151695,67.92125656464297,32.17341474900997,43.60545802445676,73.90125477064313,118.3143054588925,177.94763117889556,171.49203084653317,92.95987402627466,86.35998581233096,108.41984810743953,157.73942861410296,119.25372695246632,168.5919892894513
454,29.125937714852682,47.65630902459235,73.52296351167024,49.99178382494303,0.30133008716376963,51.71990919070512,39.612745524679,74.5346043883244,36.833016138447704,34.51606603634487,46.83643988650351,60.743032857500175,58.75643147457348,26.808896739756342,56.992794736726495,26.12626569710516,80.07407340665804,77.90528415156534,84.14551180439427,76.28077967830676,53.77433915294726,104.76469105401462,79.03887196570949,116.95817837158633
455,1.7009249459153892,10.914165707766543,53.13754431532149,44.63573971228307,-26.973302976681275,10.063108597943199,67.6869487554162,46.42438952895147,31.798786682367336,31.53002038029196,-8.070909052359475,-3.3412156448863968,-22.306845716501222,-27.593682407233857,39.93938753604095,58.56664974757151,85.79460968759035,122.5393951425981,146.51592144711248,153.75924696380602,108.35553377145877,89.71830155502863,119.01499039514576,152.76725821832693
456,16.76312279399304,9.615705570080124,41.77748778145667,45.31022877242219,18.97521805499823,43.90947645114316,51.326589473556126,75.24065301817296,53.14146266126471,82.57841644277545,47.19162383080345,64.23045532083069,-12.238027327570578,53.64303972257675,108.67604528098391,77.61344110004698,119.34791385914396,145.91589520288397,123.3700558284264,121.86816387984604,151.75523723915995,191.17060176793157,205.5759142818826,202.44186286603485
457,71.00810821617782,65.18014695628636,47.30960969397695,70.34132197526627,68.38009925189412,131.89926583213077,131.33686217665007,116.24054441095959,95.02472870891367,67.9689810727229,88.96216797580809,81.11996512911432,30.585571610674645,11.41092124005712,86.29852325536932,88.8218657442591,132.1883328544722,160.24880690516767,143.81351734992447,163.5974988516786,156.47414565954452,158.797548038903,166.7416118928208,138.1965273143561
458,67.15216495479963,70.16758414239933,112.92434483987019,74.62481494481113,13.655639851518913,24.561657822379686,45.641754915239574,5.575409454118173,12.771921170434226,26.398604720864313,32.59183642713194,64.9643229404394,-24.043607517698092,-15.329951637783864,62.76691065524389,60.59815337315686,97.10752522646612,87.12040512847719,89.78910979029085,125.3580267209564,154.17687322885217,163.1173327119842,135.68534862977222,137.17840645761473
459,52.04340988747575,51.618131329857945,83.35407110008552,62.16618257625338,19.315588849087312,71.76180342179495,59.42554708997632,56.03212972230011,86.1402537827449,121.52897811718327,66.57070384050982,37.3844358960265,96.39548144498274,65.57805093905492,98.46820161214994,107.4019579842492,152.90426899819803,154.37801817787485,177.01246859814145,154.91308797722124,156.23169324954932,168.97398444110155,134.64311881513714,117.14137588197708
460,-12.781410456602842,14.964054154292512,48.22899280683956,27.358162186842016,-1.7280540512810916,53.701095908458555,54.847522417298094,48.26940693959793,24.694792646513445,15.659793864507709,27.82331635353647,50.14109670922291,-7.533324116484188,52.05030065270106,54.453873035447614,116.70800195949107,150.35944851051505,159.4666254751856,166.61602034558942,121.29326173295313,119.36501491777258,159.09704170356275,144.93914158785358,103.12435138024905
461,-19.99696034303659,25.148658984701335,51.15133378968018,5.244790811752523,30.695867628500235,56.05008643692507,34.55569543408244,51.41128985697938,26.79886707920794,27.86772263213321,44.62521529132716,61.232950111028316,31.2645214318862,45.34558207299245,82.02287087046622,94.43017474129644,157.78622911606536,167.1131530008326,166.15323072363327,100.11534301509174,106.24308894578459,99.75956922719183,85.17064845621769,98.39922803250602
462,116.34370790634728,94.90743825276894,63.99539151649663,43.64916860213063,0.3793755003350654,86.137824045092,142.11191890711066,95.00737460999986,61.99291416771007,55.104702706012034,42.82551802033909,24.13278915748695,27.38463612378238,40.12080694427017,52.39103379043587,128.10873200740747,189.2574610376794,170.36400859967577,127.28034126052947,145.55718521504363,127.74859298340314,193.43833352526354,186.185343019197,158.53475768425284
463,97.44218504067096,76.62969739649594,87.4044720194644,78.61597428494079,43.75417987586605,117.18618371261756,67.07976674549019,31.85191836009871,-6.516332015487578,74.20154057358306,37.39933239314274,48.85094458546453,16.1779272503699,56.142717623102854,114.73282552722465,97.76486682838168,118.81398484674602,103.44074380424246,106.54903244400047,125.65148062620378,146.30211100683883,75.08227888604775,101.74280421335341,102.42042883400111
464,62.51600201244125,62.9627317992216,43.38821874288385,37.163080806079826,39.24034823990647,54.19258763612916,57.86654786695276,45.505791768366834,43.350292993565596,20.57938897432944,33.10748372679521,24.810472345787257,29.169477890605965,24.850922707944402,61.49248301188533,101.6062520437176,87.41779832722568,195.0863031551759,162.84281978792137,158.9814883282695,173.37915442361432,195.68404355208105,151.74304883632777,148.59113013893182
465,78.91811559761904,44.46383917027387,59.18588784119353,141.76938401727722,81.86185939845649,115.96313578499874,73.32079310368341,83.09138316394476,60.84775578456452,-10.951470121446889,8.412696726191143,82.59495745177958,53.87698600154365,60.8332996724915,104.61891006817241,175.39993909292912,165.08073458345882,153.2559640278117,160.19794305120428,116.1072804666696,122.66998307998637,189.94075009616125,167.19820655363202,183.02399298014092
466,55.0403852955015,40.56967241195538,29.094092664568354,-3.4315102996025075,25.297222342338696,27.906767372477844,68.2316471734106,27.100747216463944,8.452232233492133,4.199501804104312,6.567461711751257,34.72441917561275,-22.710774402835185,-12.761367964202158,58.30506827379955,103.9604596036659,123.89059121227434,111.64915396117287,115.4479627823951,88.69551495934203,87.60891800732588,151.40172947118532,147.29062561192686,154.96530121378112
467,72.27752688952339,92.97836945698981,147.72595968276107,125.9349411197538,67.92827529288469,96.31855250608812,100.23378233768102,88.85866837959028,-11.647987950345616,4.845621381213832,-8.70190853710914,24.61038898477168,65.14747156099955,48.988139621992765,87.52040181025166,76.96455464130078,106.58030507752142,146.11204632820858,186.4263844878907,193.05835472651043,165.01981453330063,186.97710926846574,121.23702080141068,123.06619195658622
468,49.56501549342185,-4.9582465505965345,34.3581939919713,69.95945078155341,12.58881120270311,8.809978601594054,-12.409422905365275,19.00774749402496,14.629704476848278,16.782528855664097,31.428420215712528,8.27073830818589,-50.568940334047625,-4.18921346236921,-11.829533031691255,-9.081576988202869,82.68869338626348,77.67553078375451,88.44275242343065,96.88548310315024,149.95454116449255,148.40969499058016,141.33325778906138,139.47961862417367
469,45.5823647378865,21.582721646851038,74.45327617641166,65.34999675312763,42.24439616843991,18.624645118313893,9.893643875064818,-0.3955625055962031,-25.671454762142744,-12.859403213751271,64.36015726368493,53.582652807252074,9.759979099923168,26.88108472762457,60.419361004959654,83.8991323272954,110.59772100283061,124.75336190663774,132.0028005515156,90.67017886248276,121.37708091891223,137.3837822410415,108.0595028925594,153.1996246546
470,124.81922485813094,79.50345080973008,110.33619689802433,135.07845615853014,52.238126607282105,80.76823815736091,90.84095369256033,115.69682369858883,57.87163976165105,59.60410283349353,69.49366309928814,7.5306805519655455,0.5783065916288237,13.855835952057628,52.667760694624526,51.48347425816693,100.51159066670441,74.56594460772845,128.44168726234338,91.25690769005628,71.89240407371139,107.17154118880667,92.66766844631118,143.2477818202094
471,72.78829281302961,41.74416881690899,62.36932904041088,45.94197042868103,12.692173533711724,93.35068878708294,85.10378254946964,61.733444380708804,-1.4032976561942476,32.98208690895285,50.17260022784494,42.64988810592283,14.017384874124097,-19.99626145808005,35.99833300186256,111.0711801166974,104.53490668026056,133.06449198909502,142.74969600350133,148.05177711779803,113.19522432960837,109.6280450726609,106.23569866229853,143.04859084706212
472,68.64966501750419,69.21117008203025,89.09615368220844,64.43418567097793,113.02620257760724,82.6942941094508,94.53236940557696,77.89793395569654,78.99588554010285,92.47047232540287,67.28648880126823,98.91699798099178,36.4254099275888,27.21227518047792,70.20807006213631,91.16697595763328,142.64273913589471,178.23720104591382,185.6570559455575,123.37379300683483,116.56946199826437,179.96935741362836,195.69393099144816,180.30849787128992
473,44.17784368954685,87.7443822873567,60.599338038483765,73.44401880516591,44.84589399693242,38.71779092855556,22.374505103893,44.90764123056243,-13.878902980967169,17.23752051222566,29.468152766062417,3.7285737308984253,3.6759983445311217,40.11320372055429,75.92496499975701,60.0282395349245,62.953138762591394,91.08116120494344,101.01438310389888,80.99302697989441,97.61514603791542,140.44024190784597,90.387879148969,118.3671009796114
474,43.55340999008199,-4.816413621219382,26.814309926726523,23.181251077232794,6.930529450104164,80.37780297067411,103.8874035533912,68.16558465161678,61.240464513973585,36.62005660877368,7.01342086082866,28.473095954587226,-8.096027802016451,-11.320894553162589,44.48973509687436,69.45168204992717,98.20715339262938,135.94627932907068,122.90928671271534,101.44645545327509,117.43795392097948,149.34314419811287,165.83624905302406,167.1120650837014
475,29.678572598573666,8.826674820027861,61.968102933412666,33.388025095749434,10.555463182183416,39.00149508010633,52.804455617294096,75.86372584364071,44.198647990204094,-16.78032569318343,-6.318878311959246,12.303165893439704,-23.982505824574744,5.66205595813674,98.52653787257708,154.72745304642496,214.80163318065183,181.6602213115544,144.42426444577072,116.96214048089372,143.8524872286532,165.10423155733216,136.97950934300354,117.22601648179811
476,34.48102544636275,62.741134857660086,37.79626529437688,-31.286214667632954,35.66594469512909,86.37651269573738,50.422575581254705,22.193526512438673,-6.059274629225413,-28.37022876009977,45.799108180810954,73.10076718642149,51.37523293454635,26.131122055188747,73.5405630063854,75.79198333976545,81.748253937228,67.96580065438624,65.62515060561724,36.667055075120444,71.2934681288043,78.76832477931427,117.2550640822191,114.4342464769386
477,117.07660712526224,67.78020840783873,108.59789395186307,128.93558483173442,107.20472745533492,81.85552186996502,40.252482900605365,35.68200070620681,44.491808916229665,-18.05208973330221,-21.77935001002792,36.50971881808261,20.989750833961114,43.72348230767307,122.88393799089695,76.9244700130312,111.32242849132963,136.74970270891032,124.86576790758653,95.89927181126002,138.43927884733077,182.05154045754887,145.0638711258816,166.87711329889984
478,145.35865758033702,81.16626322784032,117.23791862595345,79.07012787805105,25.29084870599556,70.65576623157679,61.47243821205119,63.26198682543156,15.795991096480929,12.264328563532658,3.8499166412069528,61.58604320430936,20.57056133058994,2.9760159628480523,47.96208651925201,29.000535781639073,128.774060493721,148.97484805655748,119.72135424213562,118.36633978352859,133.4538691592491,129.98451607375898,95.93322242359227,96.6315017182053
479,38.159183557251126,39.51211145632806,64.62191290082528,58.09907997932199,15.495178274190579,76.5132575254169,108.33132026945421,127.29397125861894,38.60023784707336,56.28281214097761,34.511211776148144,45.889249520384844,37.711591499753794,9.779935201320644,21.216125469805036,33.53990994449877,69.63382296056436,99.77065244736576,149.53072637471087,118.86418635568089,101.38882542850097,157.46642705449358,154.86357365142885,165.6828066172563
480,103.785114775333,68.6735266832292,70.21744638708589,82.50076559162879,57.44594532443689,86.50497106955441,82.88608935848322,129.05278723078723,52.09450014338734,53.104195700736135,26.087204068398435,44.42963064776176,1.3004439834943504,14.299432097534869,69.38447365450025,118.6487936354324,121.6443326157035,169.333178126789,130.3842702839191,79.56627932799366,122.06725320486952,208.7499155371166,189.12352786193244,168.6983033675421
481,76.78226827964625,66.82534218788155,75.91542234588972,60.861948089827266,32.71363674828262,92.62144417411253,80.18239241217768,51.2500123626886,84.69892126693645,35.97246305377823,42.83861233914309,48.826296528865164,25.948810678278214,1.6475984099917511,69.12072987200948,135.02601433257644,133.84052755492897,128.64088382605627,122.54072434342451,120.80818486548223,168.48680526897834,202.6537862193743,138.07770311114626,161.3933354113315
482,53.05794366864821,48.59684762753196,70.58734711945576,93.34905942340018,69.31596038023993,147.96683378153773,95.84019917734668,123.79539366988146,132.2745120620574,116.2080894651196,94.45356563681995,65.01090529151011,-8.575721529966494,-1.1270115154658384,99.23632086598934,69.96784147252234,155.03986782410456,211.6981988521387,197.11192445877228,163.5866654516056,177.98790838705614,138.9501000805359,87.5874858573097,84.31763679898532
483,80.65179810471257,91.34964147924792,45.10336229563356,41.76404830860316,24.94476628570985,67.42037883436413,67.54275680402219,83.75332987494106,71.62177308452294,16.998852042783433,52.54943522214061,15.978941845476317,-27.026384420615322,-23.430087062932863,13.989763003184521,48.362384418272775,56.342553755288876,103.74458980144273,124.63201987546115,93.4510292617,95.19351652333395,144.47923735750715,121.65868360296474,201.86566670042131
484,67.32251481599259,69.55849529312084,63.958632522970525,90.51944905096849,64.57932611691822,131.20564643752766,124.65711839687178,66.28205289960087,65.72783619193898,37.695112523691876,53.07199960003375,105.04047525619691,92.9058013591752,89.60074551713421,90.91315023214968,109.87532142698839,123.1542552880046,137.7199479807903,113.2676309478064,97.34302078094345,74.15403163741527,112.21682630078371,117.68615698389051,131.78712866004867
485,46.91560132453768,45.22979547189143,109.11146404913019,91.74286188330436,82.9244403070425,71.3801400872895,78.49032075745583,109.44684853272945,102.26420808171179,58.525597086816774,42.238820752580544,35.82944135974896,-14.049431557486834,-4.590336430589048,68.89505853330806,82.38527064485201,102.5402077354579,98.66474671924246,120.10038850073342,112.46649348050788,100.02510928121025,110.38368647539944,52.292330366687466,106.28005329912325
486,9.956866741658608,19.398661772347893,51.437570556803976,101.3420157695642,65.13537964058244,83.96570542330655,113.54005820345955,83.42527972576772,66.05932019990067,54.30049670594343,14.527897288184928,29.152752751593116,33.516840975749005,27.79829575941561,104.8834637062563,89.58391181067485,117.89713409784024,133.99911453442917,139.2902845014231,116.84709191912566,130.29076376666788,161.82086078927756,152.1202853770396,145.59325301424184
487,-27.494486538553886,-5.353808804359922,59.75296097970094,49.34467853660956,19.776153765910102,29.12334089682318,35.04898439467268,73.41716057274566,61.72930501433146,69.36042535778688,102.84417063447549,114.45287729992704,77.03004085581156,83.40008864326441,134.86376995683085,154.2882550639689,149.54090396133776,128.25077643704117,165.298914758347,158.8089407249709,150.177597227643,192.92596075672134,163.50641549050766,113.74352233892326
488,97.76293553500344,37.819648531909195,39.823105806229854,40.20627570980518,97.501689427991,118.13380375619784,73.14344606096275,110.12076689740142,91.67954216045491,95.36863444039088,110.63495745674982,137.01620445284345,91.07452629535726,45.94371870990055,68.09738572008646,110.5848832371082,148.52651495880073,135.96550309166042,106.42170692193977,91.76944076493312,108.21636969586011,133.39011899813028,135.97996369052584,156.03529949232268
489,41.73039555984279,45.96905772951956,71.07528738067124,78.03460929375576,65.71486479075993,85.31709125125289,149.0723522075373,124.56586065883491,75.46289490750283,64.70632208703324,59.818070257952115,62.148996251286015,6.902994341488135,12.788931938568316,40.9962434620201,118.42377818479355,118.54376431616146,130.80443070530293,146.4451943981218,100.71436700972669,142.1872614172634,162.03605608875614,117.86796931385332,123.39632311754008
490,13.24800257750013,44.77706471934091,23.99628443072764,47.04165096522131,48.554103020402884,85.7907305232884,62.58424385040001,53.67049662761806,36.304046451648524,20.775447804391362,37.33376282058999,31.77051502262062,5.270473881993663,74.26857926717497,101.38294358617898,128.9732645440145,166.38252617734867,188.82461643291813,123.92645614178141,154.4564377687093,132.5065441615701,166.89685316154237,135.28248264810034,113.01073103913066
491,76.02361856778447,23.970695620362896,32.11723611182076,42.74221646346146,14.12899140495152,28.78855054829519,71.28988560514833,101.4206459476888,101.7865528000709,57.94526759051645,43.261648115572925,57.033980260734495,36.4590716200116,55.22498948459796,93.0559574107314,105.13699884352492,113.29836800649562,125.43329091710325,99.67102527000769,116.13601555218904,106.91232533114105,80.44650849509087,75.2454109521172,96.74155732925743
492,80.58239401243135,51.32517574536386,73.76552693840534,20.739535914026526,9.37310585232968,53.62152198769416,56.078471689145694,63.5695693927956,66.11394224516758,27.04777247444817,0.28075068818437643,10.954086517858254,-14.31063907883415,-1.5974012351671583,50.96724322554621,59.32496764288287,103.42494495152543,125.55568650437996,55.571313239166116,79.77803151934887,143.67793380244422,117.56637653918335,158.6286792938681,116.43072743859037
493,69.34724106452485,22.233970299096303,28.25015656158761,18.012572266368217,-31.622910748670208,-16.082356663581052,5.4697362000784935,14.982869585938928,20.713572079440205,31.55493891447211,90.24671940531758,98.15515925397887,45.64455593340884,80.98022085894107,94.70251220448829,85.88037413992873,128.70797238334814,110.53051985912086,87.96067740982583,79.36729258727956,106.27896410727067,160.85497395746626,142.2552759234894,149.16751791096482
494,7.832691322939645,40.2212532273931,48.9363863434488,24.707908856996312,25.19107810703362,86.5449302240023,117.61370785877716,70.18745013569495,34.40308820358569,33.60623868203565,42.83107649743954,27.542232802328783,16.77642041414175,28.812013923778462,84.94706063967044,109.3368488344202,154.42183720929793,163.61035555844757,155.89922561518006,126.4695323792027,129.74133426846868,166.12765579532117,183.9735921267505,166.37747456145348
495,66.38992871938929,68.69696365347477,112.6911168868875,99.4241442499115,84.93241600644896,82.68804240077529,81.56768750917067,43.6517096809451,12.693431109271948,-3.5967106213422753,-6.619826378320248,36.900812952428275,-29.945043467946967,27.25468276079598,67.14761580301187,79.28533356007178,158.27116142247377,176.33815133806468,96.31603434408186,98.62056785781971,72.97202830336826,92.68415467705935,98.30089471566961,94.12577596917613
496,44.297813053880816,20.73617700856539,22.161628470493966,22.560280042096323,15.597357272426272,51.47582179229784,54.81733083340659,64.35516153577242,50.092943947409594,70.73840550399899,37.85733497923972,7.042037666321789,-53.121278795124965,-49.169885209313826,48.28159249555936,58.69916040392192,106.41544269623064,107.39448693570372,62.510451820765866,83.22562226915124,57.14993246611907,87.69097323999085,76.68282039299379,174.58418396952817
497,74.57474749588881,55.626671365782286,92.46110089264526,127.7690792413263,85.34157740615075,79.023512735159,41.73408307722504,1.688848253134232,26.22559067698435,-2.2356079434129796,8.661398462610137,47.54124991391387,5.432059514412963,11.761512377593935,43.24848645460939,52.099030717929736,121.32219631194322,108.59399363808669,118.15325133242368,119.87260977276675,135.0082883748451,149.68582937718736,115.17847185628884,140.21975310365772
498,0.1652423812597945,-17.95855352935706,-11.57788676761237,61.02246518334133,74.59510504432635,122.63144131946663,88.66569528135557,57.50210610453635,8.802755147521044,49.733910660124984,55.83094087648537,23.38630391339076,15.733245901004294,27.791097634880924,105.18017374377803,64.29254684613123,90.21508648394544,107.3222696055366,125.28764521917672,138.96370283133717,142.49936820508123,143.28896133919653,54.07936569528128,76.50212536435258
499,75.14233852172086,105.89777468670093,111.55588769138143,90.3638956761651,39.69656559130166,94.91641834371097,79.88987542007169,123.69490378328257,79.17818688807628,76.33274031909306,61.35939329885298,90.15463583859199,79.54765207427944,60.74840973152667,106.21396063527109,104.3422601026414,118.2067050980864,146.8491825217782,113.40476329927442,114.8185090883356,147.90550571520959,161.94234135406649,182.9545209518186,160.75773653345556
500,94.3478513795427,66.7462548306159,55.79938610052114,-2.348049171728036,-10.704738219747412,29.283219825049763,26.324330610302866,-8.445531690193121,36.07583149528658,8.118959486219293,29.327528516788064,53.178753911332116,-14.34578984290981,-28.199854907264402,26.06943856745709,79.25750232093938,95.14710816308798,140.10526306992355,131.64537174796072,104.63008387208592,126.86223125069358,116.24622543281015,57.2937531007135,46.809974747617304
501,-12.654231483826521,9.943286721021693,25.131764887188673,39.9537581428572,21.10581989346572,97.86696242397772,102.78068819821027,83.03762048440535,76.36174874073436,34.01984494050822,12.813958374727747,55.39236092323581,34.36156029689674,-3.4954537547944184,48.05795955352731,54.51280728518857,127.17394496595537,171.8336694903123,165.39082176908352,116.67666432556217,144.9915010969305,142.08728704869586,104.522039046472,134.04305623846778
502,69.48347358813177,87.10433253779127,95.18512281321364,94.02201142283181,265.69009101680234,266.24101295583426,224.65460701066928,156.00307754003705,58.99693508762199,25.496146820654506,22.252192182288784,30.710262189481483,68.1483999951625,62.934321307725455,82.01341318693387,105.97072986240607,126.6761299981376,200.2003046737058,126.7784735020679,149.9706329088249,159.62467042797863,208.4526264507943,189.9293193094812,184.01000106302848
503,5.033075401867578,37.216676835598896,66.04683097388087,109.979847551104,72.68311289864795,86.73159657754908,32.11407852570544,29.561295382883532,5.545028336842016,69.39365093607725,42.43701101039535,59.23857944504764,25.309633919306698,19.743910721080645,42.69238278789726,85.12414495818489,116.95909875690046,144.0010251506658,143.2188775899431,147.34710440283237,143.1774190257449,176.95359137067797,120.69252963951422,165.4092066824324
504,26.35453986419105,33.06925198815392,94.82611764699828,99.08496762005737,47.21776064115413,79.65614967033974,84.02128283025797,105.43771934881941,65.7048987083711,59.17745498518428,42.377826518646614,-16.384432678723734,33.84670511972403,27.334140090657638,85.32886799595661,74.19927485683333,137.40172829585043,151.84645283757197,150.81655229422822,166.54754256997848,159.83329736131276,167.32477230400585,185.59833814768677,153.73962493131876
505,56.808180028595324,-9.11210468904035,36.10396842719689,-7.206035452493431,-37.20915144007141,45.28507236402952,85.87409854109849,51.09174670715985,60.04383207785558,22.12430505160584,55.238121222266805,51.73917483356858,15.828317881010927,22.00048930982889,78.72915385932025,104.60643122405875,134.44633287671334,109.81807764530942,63.66755952373356,47.64771730470089,95.58657683628458,139.10712924921003,100.62267383856877,95.49684561206527
506,87.92589942176382,49.23952524495601,97.78524782510938,109.58608162015904,67.93153871957142,118.220381242283,118.10108530180864,83.95062089306356,64.05368830563738,59.404077679542624,14.411823396000319,-1.1218277709275029,-27.96960898071484,-18.37603240059577,79.716815990444,90.16514837303869,125.68972491195922,144.29979161691426,97.93652492065034,112.48461233225997,119.473493953104,137.92792577142802,99.71176827888846,88.66371790499173
507,29.59278663465225,16.357547202125623,73.48007193755974,28.962006192435773,1.8797763541400805,62.86890265697568,43.20180790045218,65.34831804739396,-3.8663450220103783,-12.338217345246925,-10.719325118946507,-68.21231247134577,-11.276222153669622,-18.479671484945527,45.776235031872304,66.67964191165561,81.75135465292912,118.70663997429529,107.84663568602751,139.22944886099836,154.05321079181226,196.91746508941105,136.6100684949189,135.06125068243094
508,48.2649533335071,-2.59371115470622,17.228136291670772,42.92608175824428,9.038275416146107,45.74590629244509,70.69668870801385,80.52100379842938,64.33616844630103,89.0854115406502,53.62418821082963,45.62786665019018,-8.167113534029298,-2.2908213954719088,92.96490190066976,84.7631072455169,123.39308588155622,132.26590766383677,125.6580738249616,101.20218545231515,94.27744691233252,110.18001532190948,107.97370673212757,128.9801961628886
509,101.75821407261046,119.1584958074515,106.00853019723829,78.74338626976007,-5.537509272658731,68.64088880115185,8.94762511642103,1.479255314588869,32.6345993864233,34.88107672777062,1.3117436155184805,33.65955113454265,-2.9916526538087282,-20.505115946304272,11.171045786388333,65.5323433069709,67.85733954525314,120.78673517824187,100.59710940800016,65.24002715635237,122.76211407249076,125.89836971484935,98.68392795077037,124.23423707839429
510,78.96082385726537,13.879878416760612,15.06502001584446,1.4772538182814827,13.26607849110053,47.20612451407803,68.37853448988312,15.902655558251745,36.215280297581785,19.451717371903307,30.65133018072225,-0.8582510251783333,-24.399108640022817,-55.839339496212325,10.317634483869696,50.34588546897643,104.70445922883664,154.61008940074322,128.2342339101179,134.7817842789521,113.69171501395476,164.07674957270956,89.20172030224631,109.74107637730725
511,48.24635954356022,44.924826602507274,50.079212189470454,22.754903786070393,17.33726829087282,56.44555196441381,65.1378919957838,51.977913978001794,41.558318555535756,66.87961845924065,84.01207384165909,79.55984394919741,57.06361315881375,48.05139254244417,117.55130051812858,128.24736412560324,150.2684931998928,216.48073387213188,116.24733990187298,180.49165513694936,158.01605406892224,182.17062942143585,185.71389294450228,215.78162292082007
512,64.66306680351657,87.36069901597448,110.92196577197137,83.08174280306181,71.15061784708956,84.95947611711804,111.14583393856883,77.21446606086455,53.10817011643404,36.62309069907105,-6.166235574267851,10.81118044237536,-41.08785041053278,-40.548415307294796,-5.275825751379699,24.708132704258105,92.32951333221453,98.64178335845001,96.52899867362886,59.16152638511617,78.61352127145767,66.88670511122288,68.03391832275344,39.00556710467316
513,20.99605630416926,-2.64292396882162,64.1114324772168,29.296929629757578,6.346413604282432,58.313183937459016,21.121886132453632,34.402894018327274,3.0166758030286616,14.32615209294351,34.263165359978856,34.467773727893174,4.475126727858296,12.5700671520937,42.45743908931758,52.4316313953104,98.6666884832387,159.44886736652774,189.29812883384312,123.65079879727861,158.56877743280052,140.22025479704183,117.14609981048747,129.39811144842847
514,76.35298255430797,52.34172873697405,32.53668758048325,62.34276206124944,27.712886002670103,72.17789889441653,71.40110420830221,65.41305288647428,92.23643834593102,69.79500393772187,76.6587482561398,93.02684222300881,29.716593180259487,28.526449967773928,97.65621887923774,144.93017180189267,134.17922709131332,115.90263925331448,115.7063230538439,106.42497384357512,139.3942793514794,153.77611961456736,98.00600616672314,108.73412963287697
515,61.16992866741526,32.03043221435649,57.21668316504118,44.65220841976395,59.597008453802374,59.88544957849834,70.63356413018923,79.49418845581735,67.28489448592437,36.75340737865031,7.52221046340426,7.702999049429806,-25.496588778117136,-28.137908077590588,-24.28529768435841,52.893671571974664,86.83706893129525,143.69743933289843,123.55939514174449,114.65357737552894,130.24493627644094,147.47467691254872,111.66991227413124,159.6787782203695
516,95.98827683892088,41.884618645125244,82.15566716021176,69.0651039594066,112.33189796341422,134.95090139532442,116.72594133812375,146.56494294703617,103.58890515919546,63.08215371409982,72.5669242443158,6.135034940089319,5.41827465240997,7.074914734903402,57.33828276410546,80.81013219727934,105.95227086636187,145.70634333352544,137.35890977115997,124.11672469819445,155.95603014844235,136.17381955733353,100.7267091924504,90.30282648102252
517,72.16867980465743,42.49409427519116,37.00980637798159,-4.89432119670527,8.65757662046908,-11.860843529272856,21.010341788217133,34.99225687728293,5.145031189054336,-20.70380722115336,5.975361164128486,-6.606164412421094,-5.727822530868,-3.0684736375204977,71.5749126160911,105.27407187337467,142.07221984320304,158.93252233252684,141.79617180320707,128.1568750960809,165.56671516785315,154.8936183763653,155.75190927604507,159.64684629088293
518,112.06947030856506,89.93446012743246,145.44031588972427,126.02733467599379,91.99707275219714,136.25343004664296,157.50639637818904,157.44461297789775,75.42515449571594,73.14348090786663,57.36713168438525,6.569902722183905,-17.38357296828479,-3.9589305834199493,76.27373518242155,123.61902060921291,118.77686516615667,169.8504649324586,132.10609372637754,126.22482651862573,113.1735938299208,151.08331889148525,125.85157751551716,123.11292956107008
519,42.91205226183435,9.081889608033812,9.420501377528055,-18.537606362883942,-38.69716377517989,32.98428181298918,88.53944134421772,20.150564127377933,23.636064164128047,27.403432110755116,29.505344328454928,19.504084754631013,14.971441212713938,42.09376937132786,102.75976025392582,111.90439736299093,167.15711763898548,153.49139022011627,124.8361659755064,151.3695661338046,144.61243239320754,141.3272783493179,79.4586938914719,94.34942975983535
520,55.785816995832526,55.18758959655289,70.71103937379715,84.51713822739387,23.302756698001755,36.32746766171151,42.326201263457634,61.33236514431786,55.52540485014339,36.41391177686702,23.87442484801081,40.089273367933274,3.5368205957531664,7.21555734029079,58.042150531259324,80.29793751260036,106.77582024766659,153.25376309656656,112.6477397042272,137.73288961854206,119.24375174504829,139.22572146202668,143.03659063292304,131.80336207604594
521,7.522103205728726,14.468019850961962,0.8097552014978362,-37.011029088728385,-27.256368722832057,4.480988714074087,16.63722986140548,0.26146373539531,-16.342623945688743,-33.37120283887861,-46.95564821106489,-7.376647504219818,-38.505254856787936,-8.072560708176532,72.75548757408853,95.88492441610941,135.54151486040112,119.93485102628472,76.15920892805545,91.68035561495208,115.030851625758,132.2001827854296,75.52624980191744,77.07540949290059
522,31.55199429397247,7.630481272648687,10.880537100141694,10.044969778905092,-13.685122217877655,57.51147517227582,13.219542864473034,46.52212608117809,39.65537070507354,43.95103397536616,57.286553945865634,58.57743163085572,-6.54680064104339,-26.242865980496724,35.236808020802854,25.75588856966732,73.55602224381447,94.71217097850095,130.14865657853863,85.73512936378793,126.84235840731594,177.41617870539918,133.1240328060516,115.34025948695263
523,29.6520657777034,21.649226752993897,68.14826975815325,50.62215358121764,-11.33735184269134,37.806636552161024,91.10308668357644,69.69169184005578,30.904450208711374,14.965445665495551,41.48344927008388,103.57026426305765,67.66872533805005,69.79438222325274,109.18995870610652,115.52481555778934,119.62541858952703,112.80945795397781,101.679433895715,131.8934758138744,175.73938293485963,207.06012105076246,157.04204576977222,150.38623013767756
524,62.97302921075817,46.17489697617664,49.706364448434385,-5.1493236681127925,-36.13301406571645,42.89873519009778,58.76431340807969,65.62666800929088,57.9308866817389,49.89009127731355,0.7547480563977444,21.863015242635278,75.82962470295551,37.39721543711315,72.96685836971191,121.82642665757541,171.34613284196735,182.09155151025396,180.12466225778508,166.80421348965507,167.25750769279128,195.82031665793644,134.30951191332653,171.58816176669131
525,120.61149123846546,93.9985333454718,34.32545287582296,34.27932537441773,-5.2508862782379,57.163844088681074,50.81322643265199,78.04281204804053,79.53698940119693,100.54390717541455,106.11114148105074,78.90878272949872,38.83766285378026,14.850110773255828,88.73866772935878,81.99481307686742,127.06363808980738,182.65781397708753,173.38061178183239,140.24320996685253,108.16952918112159,139.23580159066228,131.3245304116657,123.88873267426862
526,84.77112260223811,30.405752529419463,50.986677490228786,38.8433658313995,43.512028373780666,133.15494677263698,110.75173320746116,96.06800023688078,40.301470912361665,53.86915371914422,32.90862378974745,-15.19933024985049,-13.782401500452892,46.76822706956509,74.35191104055608,88.65360631293258,118.0551797917398,149.8319278872488,139.52667692199083,153.19864846181312,139.4267579284039,171.5098947627907,159.14732726375084,165.85876735704392
527,44.4311142471615,8.812185548633131,43.0588914975892,-10.372438064133824,-26.894347305306276,49.034597175019016,58.79185039144135,74.39277735813889,91.06136366260046,63.13806479972759,15.755945411882955,11.963257705160547,15.144580442703262,-35.15369157812714,59.00185150403991,98.05743940405073,179.97417085339276,173.57117226698176,218.88204526501687,225.00967059530348,231.39954446520838,247.72304414598867,175.0524623155669,162.04444293957766
528,-12.595464572655388,-27.176007360115634,53.46915681883393,31.5058066431634,-16.902825678357303,10.659373759808567,47.22244110001284,31.765897445166747,12.09313363377543,34.46325159831386,68.38742341260915,101.62648827871419,72.03009275721983,66.22805850963601,118.68126011773762,105.34191734249723,160.92164139356316,138.55775029180347,139.65948461651388,154.9586430500072,79.24683200369951,142.28766038814152,104.98889520365279,129.21514647888088
529,40.76978671936133,58.809008688362695,108.79506441194206,95.8357584326501,17.99767125913551,79.6162116934207,52.863178972344144,58.61780165050423,39.92054119642128,42.83257702162584,-0.22394481963409163,14.874321452957222,19.33950915594621,-13.381190423036252,25.690677354146388,84.1668402844557,136.27715869177908,187.6900677584706,135.1521986433663,92.32295183791652,67.79353776700964,75.15654621884467,39.582920709569294,75.13087146468825
530,67.27145087752096,11.731130826415555,6.324102955574695,10.780414319286422,16.586261319370728,76.75383383850958,57.01947502859201,43.84269149385882,65.92131729605163,62.49458613195884,62.72055854850439,53.814667467992365,46.150963487617574,15.740800356664717,85.31746948555471,97.99100906915244,115.90645378248327,133.17601862207758,118.8894353913668,95.08204857283553,158.99767817379666,192.74502285215922,145.76033643805826,118.08124907157129
531,42.57601131577033,29.201264460270888,0.009256589260871806,39.69205783109604,-6.903171301687749,36.467847524762085,62.748968701004074,18.62900245677018,26.414419315668663,-18.971319335794348,3.2127821714001,29.437288774551092,53.97730827102333,46.01421666929886,50.17771132133544,85.66540340282842,113.44566932426291,126.51355955213386,86.63455424592263,80.19661776241735,100.44592744512005,116.41197036612013,93.86509910196858,111.49697979744698
532,69.89026005259552,53.158042645478645,57.45984108710064,48.481101335049935,46.590647815142646,81.79119322738096,103.76226182721345,62.60908823337247,71.21176374804507,46.41632865255245,88.94804982180344,114.58678136147651,52.840496347792815,64.95403773426767,92.9062961664911,94.31934844484249,148.2428833385563,184.76206429941683,123.79371873913641,72.68386136958122,137.86948618531886,144.14376422525183,100.1520717586387,140.2498160094132
533,111.67417359346113,97.11941017615133,69.95064777721663,16.296061476451143,-19.10484959982,47.472171742627125,19.191347074173343,-13.896149294871776,-20.507034490363978,38.07181562324944,29.711468744403803,74.8553087899052,-1.3674881196878914,-42.253809157132444,28.751437273122626,36.62976434937393,103.46495389519993,128.2653241764456,73.66234777617338,78.29862617363591,96.6554758724244,128.4773025039666,102.57068576794717,83.09481297859341
534,65.5566092366195,54.26177117190784,84.91273148216536,47.622237884084896,8.166673677770323,99.12126640351174,81.44071250059302,75.43780195452801,18.909199315090675,21.31701873875708,66.77354985740443,56.70135024603415,37.0109560649705,17.869274075134634,47.101073954955545,74.4660850774795,86.04778879153639,117.1284776065234,107.69752812092949,97.10679644810841,66.40785854144461,120.53625977795895,75.31486380216772,78.45047619296226
535,43.83244674994104,39.4901133135291,64.50946102194885,-7.217257122516166,-0.8260954221217816,60.1352994245445,51.26148969739744,71.2736678808818,68.1848325013175,24.70791785682082,31.93466921371484,18.20626370374417,-4.94219221284218,40.339987614352914,130.56594819711773,159.44567898231884,158.1000177356935,170.2803087838944,169.1309020132472,202.80502177746456,194.63859167594364,218.17529250779228,173.75451481409445,153.68765756638106
536,40.80879681112724,50.69797719310091,41.93804646480769,51.32441938985284,41.27597265861383,78.76654999555754,99.75763916355565,68.81106387730117,108.8059396844887,72.46241264833587,50.2458693486989,41.80282395420118,1.4433109670194604,4.63826605555689,64.03176334415278,73.28867250615673,132.54956455534497,147.22234242671126,126.17262208700681,106.68417936072811,115.11563731625294,166.5149569910018,128.59173586818594,134.18736787000464
537,-4.883635239228738,24.683398911221712,58.013319652465725,34.435197981487015,29.806919660660675,79.02757159181499,54.22986542255053,47.71732306952748,5.692483892361018,-43.390093358162126,-17.15980046674514,8.779950849319505,-22.32388111981325,15.451450013529247,25.2132975996238,49.28318373590716,120.34775801269136,174.04469535350734,144.49923307275725,119.68751062205337,160.11089941504912,229.0346628226843,177.47052075062726,150.0095510157165
538,-7.754158832729878,7.729781885078005,74.52170918148093,63.16147624036202,87.68637307365358,58.815514654733015,78.30870832249504,56.978404696428946,-18.138662944585604,0.9664480070311399,-11.043663653954717,9.294008444061049,-23.751335866819126,10.213153165722101,92.44317403627485,101.73594076445109,136.73075435410752,133.53224298086474,119.21898281507109,95.30016269764043,139.0739224384705,136.97092596933155,141.69970193435006,105.18880279610795
539,87.82254765225224,5.899869580507229,17.136908640473983,-2.5445804947221333,7.958669543344271,66.63002148327816,91.59250123658578,19.94083623984784,53.28662391290355,54.16899191671449,32.624584983811715,44.46684039208343,47.03407532655838,11.785341045855478,31.646460949130216,87.60844123524541,120.96429090722842,143.18809818642845,145.1647763517098,131.52688446264807,153.00300505213144,164.865398268712,138.08651951263113,142.95898435667374
540,6.341064756973495,4.753226431009708,55.14116924454811,27.940349602876267,-21.491528598115067,-7.34101947320012,15.636038563464588,77.19093534696637,37.17831033995745,8.541786444396866,35.84142933843552,68.09190066449723,56.42406232920674,25.99098987746438,97.45611981964933,107.26419724397938,131.4333778110665,177.75396989626546,142.11983081280255,140.76039973987383,130.3858775959693,136.84835041799616,80.5641887835229,118.96958028534533
541,38.91855046068316,70.51822101347796,59.23416931719389,14.876500406370127,19.851161602506306,61.617863750940465,69.69633767572915,62.85014251140788,23.9494834055662,-15.673408555511628,-22.504003181590143,-37.10529142920478,-59.306200076590116,-26.714185075269853,2.477846075022356,21.04197305651344,62.89431946280753,112.71732414022763,100.54417146053774,90.33623465218474,140.5285736942065,127.60794690099091,131.0945243403358,160.53680050253348
542,-23.762043415569053,36.08501787710534,13.251500822703683,17.236113037957708,10.323431296085648,31.185556552822703,73.22300853266256,29.342474625577843,5.514982936993228,28.111883427060338,37.635959408976824,-15.57454069291527,-16.379455809044373,0.059377912988736625,53.290397771562965,85.63621138673338,114.20793316017534,133.50854233690032,167.03891427413723,107.63988452046178,131.26391853710993,155.90863068402942,80.53820121226391,102.23418394174703
543,-29.95527528095137,2.679322102646786,11.827852035350816,10.241657441913397,32.863399938279116,53.86349624077985,4.498260081927263,-14.837357443429028,7.834731755990987,39.27573676919437,53.442196951394806,47.877151357789565,3.027979648908227,-17.003981766176707,43.543826255673146,93.75878230117323,85.8686983810887,131.44563304599745,101.60753476108759,115.12300432392986,108.2230630725835,163.07063425990273,161.3993409943855,149.72414763835366
544,32.381039162095135,38.02400109628508,74.54163783264838,50.91383937670347,36.894206862455434,70.3702512230815,73.27931173583222,46.316644145581186,75.66147238793106,71.22893651638596,1.3990170751606712,-8.868627272191944,-9.669293338738417,36.430356154404684,112.36763268611179,114.002764874798,88.76401806897012,110.55642789494918,129.26487369076216,151.00298034820128,170.4017595369363,165.64576671507407,102.28739970624382,118.51329284117372
545,59.974800510126116,55.469500490727874,49.64361847472435,46.8674128302721,26.993077137062322,72.27043736363358,48.04658554792571,63.00071536427243,38.09434364187721,-17.38009770878719,-6.704703196032,21.637575246958868,-9.91692689478218,11.30972767176986,87.75234090012319,142.48931635024633,163.60756325151823,143.21730006428317,160.71153971756684,125.3371680633219,152.01057249154883,153.63059202579052,156.85158748266423,104.13197719862123
546,47.019024229804245,-4.278848066638133,24.987146516133727,25.681497986192426,-0.4599703987826871,71.80143605408021,59.842265872993536,82.5497497313634,30.27914093269958,24.960659287270758,31.286591112694314,80.46488957921412,94.32975494096955,107.39579427756539,115.20144092364006,124.64195668899512,63.5766241588681,104.80158966362345,83.04681182602684,74.96025324591992,93.18646330232028,122.45111627940902,103.8103817447243,101.73090106124167
547,15.215621413646446,37.47707223208038,41.980363736101566,48.32326355423006,59.610243865459914,51.764442358329546,19.923514296793464,17.655429884900194,9.238676350573847,7.584522043740076,59.788719454515004,92.72807370838375,9.595613490991248,27.847950419416097,90.99467708356832,154.14988448734297,168.07370767466514,189.6529398224021,137.26931018953422,123.68214679979562,170.51853034838308,164.42418773343255,141.3232911503508,137.9034863697932
548,33.1702643087975,16.729474130942776,45.16414245506401,98.84356578376514,57.04419367329758,69.99875372285132,48.99382570183052,77.38122052984116,48.875145033720365,106.74790899492717,88.50516595481515,40.564767832193425,3.5849519156907057,30.190905846563744,114.78006301870501,104.25652494909372,139.50366114131697,122.1382640966134,99.55260649852666,162.23722432903955,145.9948469712678,159.2707948284799,119.94043000725665,113.92500967053087
549,38.597875429374085,-12.65613936546334,21.354817192630506,-13.294185385576391,-13.774133993561328,10.512999247487734,26.353097855039962,11.742752939659127,41.55008259670279,40.03493846941241,-29.033363118379945,0.2963485942202908,-28.98710243646738,16.040749899332702,26.821815704270122,57.37851683895393,116.33333399230459,112.35141563226898,107.92769638899634,110.835949612977,139.8200628397234,105.47146191838388,93.11300908171711,108.15215711580097
550,12.291523149746226,44.92608897701673,57.08103284457276,27.477268427113536,15.457529203406871,96.44005285334279,125.78366033256299,105.50932851276453,89.83533634027077,13.45505723118577,25.32655112274523,23.489006222937295,-8.928001614317285,20.158466396108828,94.36235597235031,108.14264746086118,161.24937585326353,227.54541036433588,202.75234628008013,182.71802663151476,176.65941986235524,175.85435948423373,147.59422379154213,159.9795449137266
551,6.125461963552311,12.697323275973687,58.632228280086906,43.66717481727721,16.397840217453922,64.81329593805488,95.26151785870744,69.50649254046613,88.48636777986675,64.54840233983839,45.05834309136368,63.50434887019885,40.1716143146339,60.813008115313885,108.31699347597043,112.66138642325627,142.38458882560903,178.68789416776698,159.96064776243512,122.70362743055513,104.544620768904,151.18067847647447,55.44613364985675,81.22705513257661
552,149.0375803564609,124.78097201453078,128.13223674687805,76.98120203938261,4.932255151446853,23.28217740407318,36.684957267484975,61.94661607609792,95.47550279595549,68.57074890743672,53.511419877765796,33.325762100993195,36.828652880210385,16.07279887111207,88.4014568367914,102.86169371295718,140.31535022139798,122.16724643740297,109.87601702766904,123.81736335579794,121.20604404170581,148.48653702368222,104.44475609264111,148.62795621411814
553,3.275270913459039,-34.90147837274803,13.730261174765431,26.349981917347836,17.083531923110897,72.43441111333031,52.81943200225973,58.06927938317687,58.17730501013142,26.171354240736388,-5.29610908562335,44.9997568737385,37.01545023077797,56.027425117665864,129.8113534937841,121.5041292059964,119.97684102167305,143.15561440088737,130.2258179940348,111.93509717435954,217.00528059082916,222.87571618835094,121.49244771193825,155.09434842141863
554,78.37580688553946,72.26431770947465,28.760626170719444,3.477602252447163,-21.950867614088544,67.68404261527851,79.82447628510275,46.64381810180695,2.23435613544774,-27.338443537338797,-22.675583332614487,-30.529414975641885,-6.84275257261525,1.4817698047845411,74.60029957142191,103.07505472581579,113.02392747575455,136.46338076273432,108.83768711519326,94.61775284011149,120.3213786885675,118.7510830354417,132.62529579286442,102.90512167582847
555,68.4538290291535,80.66846542371344,83.6289216667755,71.05140095529279,58.83075997925196,33.354128121551526,40.52072921280634,65.28028463168434,13.0290023225728,22.090796265180664,21.081340510179302,21.32977763549045,24.921904269373115,28.94238302991727,39.07868586309419,49.18313269074561,140.73842577256582,172.73177301942496,196.06634822727767,196.97282689502748,178.51598048303416,198.0110275928708,175.09762429184812,203.27129623319524
556,69.96604594607757,85.50943683081255,68.05621176269307,88.65617502066458,92.86264344353566,91.11288252201298,62.05546443720051,24.97767171494384,22.87232300297651,9.791957829850809,9.784569209252982,9.179999056145462,-3.228633434744708,-12.447323344814798,0.22406801701396262,23.50408329527197,100.83302412044561,93.68643375563205,117.80314372531654,149.10570339661078,133.5975058553724,95.12783373248566,99.42162505711278,91.59182982273663
557,70.91453632269625,76.68783006973618,-0.07536364878584578,-11.621396759627963,-20.717099720446164,33.22654070050788,25.23818142141012,25.25995224449086,22.17226246318932,21.052579585044864,54.894624176509794,40.5161095134565,-0.21627368983411088,4.076717261013563,93.10560113593209,85.68539739809418,81.36737243302244,97.02145496551402,154.79044733844825,143.5675119374062,172.71633226564273,129.48303104534142,83.32999314794007,93.3799513190854
558,52.31871628670064,62.99560963539952,82.21618409109129,74.69700747909026,61.414875054489286,12.883196750498364,53.89629027529091,73.26822844310203,48.56173526127901,36.61355048955844,39.96589034994308,33.35427402795814,34.33531198744527,55.79908622053472,99.86935575294885,151.7748481562191,161.55979360594299,182.65137155568956,164.21718319414555,159.02827601052013,212.19840623803088,236.76826794520184,175.735479153805,169.76208903545364
559,26.73696057835453,0.6267798060536336,33.00852717723593,56.6179334729636,70.5504654330555,122.48569682882606,118.56600617539786,90.79707168004727,45.653289485258966,62.62464523070677,85.12217753437088,71.38137724196271,20.53268566833792,54.46565010815083,85.9462553523328,83.4217774287111,136.94696489831497,125.85892662708119,79.69376261324471,83.53399760913972,106.37605669255423,130.54513069227784,82.22908120304544,109.21945317372891
560,40.65407817636331,20.739361739781273,-6.278468688126665,38.358919204581085,25.190202096888747,148.9565071759455,126.69882204562106,110.12707442058677,57.58485275245931,94.72126594908192,70.2565333576129,22.48414550863026,25.91677417989553,-9.562935030740608,75.10736703692963,55.03051951696007,90.38467555240149,120.4314181766374,76.38707807723935,105.12684239509822,112.94027689608619,126.24858542683126,112.47553547218736,137.1108002249036
561,22.785877852921445,51.72818152630943,73.80043024320112,61.67688124360495,49.06129624336802,79.98585114564759,107.34521876349689,138.09846897690213,100.70187365890905,69.4393228643417,136.56521291643278,146.0162614987358,79.69196671476399,48.33090843908007,67.63365895275781,95.58672764414547,119.3847047776833,104.74001490201218,77.0016791444994,102.64133257869949,72.7651291934882,110.47226802831824,75.54975730360617,46.45633529501856
562,50.334658580173596,14.385548876999415,-4.408070219899841,-29.166593357684498,-15.265968125063395,56.41140045452799,96.38128377180738,84.33784013412591,36.054958752424156,48.250538975645725,72.67382420615408,87.7506639006437,45.56539791784832,28.901148186427303,46.52555117265516,68.3005611203071,102.54152774200708,135.25247319735806,40.197215258673864,92.66336713358676,49.717580734213556,102.99707035827848,88.47206064026534,104.75008368213783
563,48.37082748942983,62.88335242392057,32.18291349281837,39.40711317870765,37.32480783289722,54.87821118185421,24.959917825157746,50.082117188947166,22.636445760320026,-10.926432861828324,-37.54943803239426,-9.479518181140094,-31.776768084061075,-6.089225578478917,38.70249345408863,56.53041963702607,120.83099556746087,141.00456826670296,148.5502716926593,131.87504161422376,183.64077381656068,179.15070166253003,166.67074460276922,120.533764300137
564,65.91286382860598,38.27648985040004,42.302152437013135,25.93783806959088,50.46251991687387,29.685446244271233,61.31264587463842,2.719287929376037,-32.506384087917894,1.0209851732195006,12.333489928299915,-2.0449671617278824,-23.468978925210543,-52.44446436132703,0.15413322775029314,28.051384356714053,54.654498717499976,123.72020017829277,146.9320836978831,98.02400515880831,156.32686753234245,366.46431566961627,312.52909699647194,271.87505697515127
565,71.26682035325047,59.604171998871436,80.71470809526853,61.268066699881786,44.79427888955627,39.75205701635725,60.49943056476391,26.11162925831725,14.72675874414643,-8.965795505864378,27.80741750723085,11.958752866430807,-2.0959514222456086,21.139338272311917,61.97019620945089,61.959504471815784,136.32719973774897,152.43011992466185,136.05073801965912,129.94155065530225,145.04666568349947,174.14852136067205,138.04991396443717,121.1911301217766
566,10.666927843671687,13.3301164189016,3.112405696855049,-26.77129001210691,-33.29750580775783,7.34993780254662,12.33511610192864,27.90642769969375,29.024369708608468,32.92440843420612,-26.646947679172804,-7.452927411408133,-30.41368087899363,-4.910080694235788,100.07634808858424,86.74694611824587,131.73260782784178,159.97625443264835,127.20042854301562,114.12414817338964,122.38349777896057,149.48848129984742,166.04343513984392,203.88778187551566
567,109.4844558173927,50.2482639498173,56.99249190631368,22.29298702946778,21.783491195805414,54.64034394469335,71.50605476126043,103.33536962963694,52.77060115408707,14.174962324969336,5.868075621666293,-28.961150913350465,-7.245244683656352,-12.866102096196677,73.64663821813005,87.66438689157884,85.81575888105775,109.89353597497616,117.78600679745065,152.40718312363305,173.57938013788936,164.9220339374859,124.69034394559489,133.2042730304887
568,48.6623541943824,11.527694331250842,78.05441790108524,64.4176362008087,52.5854155833672,69.07625860351976,100.63798056607271,52.82556209165356,58.806041988760086,79.19803087685139,41.18424260885449,54.12334232157272,15.557857826854615,4.773176745251909,41.19877256673002,65.8595454311052,98.87064091062769,131.49326391132342,83.55659845630039,86.85250741600184,107.7234933935778,120.62990016181844,58.54634705238087,81.6242312948263
569,83.45501751505688,47.35747063023895,66.70478231749138,59.040097598826044,35.586454540801945,100.45148330910072,102.08276580003722,91.35823478374503,84.55992177793544,59.71941120514902,45.07391331619432,79.94464902553722,54.754741460710136,33.24803976157692,57.56566665726017,85.96055769752215,89.86145972152813,137.2339499150952,110.64215598471739,116.40379660977445,117.82715694190273,125.21668332759583,137.8132958687614,145.890201502079
570,5.351308271601837,9.41406475052888,72.70365310832221,48.587258575713065,8.181604595387217,77.23936513711622,60.22198899247708,50.734088095807515,0.017363186050339152,-14.278885870009823,-32.48600065855306,-38.86169745015823,-56.22937845191673,-6.408551817033683,47.54637100451231,73.48919846265578,121.8764472977079,136.56924100704123,101.09894886849936,147.65940086504432,181.2503925814901,212.31250263059627,219.2588382575488,183.252782512514
571,56.94381561099047,59.14491456317417,77.61161080716235,70.09255378555484,83.90420706100092,135.22946893983647,129.03368416884786,98.5478783011256,54.57423845692439,56.8344828641208,40.614340771575584,21.211905050265905,9.586151981023736,7.526623836650398,63.90749346041407,100.55658276332748,177.77859114161868,163.6737522724848,139.36218639165998,122.52922444896879,131.3376709590357,134.767347370653,130.7402266341011,129.93831487093632
572,58.902341489830064,12.663215273177236,53.33028724385083,15.493024629678295,9.899122789019696,54.59890299065056,116.61250278329808,100.64137798412881,44.358955006160215,45.90101668472007,107.26166816254093,121.5529248875131,58.53525297737804,60.08928539523032,100.15533240836231,110.752592436465,144.60539626400544,202.40721464965006,160.80091399326128,118.45399450247444,161.22937369031172,193.42285969653258,149.78600234673203,162.20430457499634
573,35.30367979284802,32.87215697664345,81.32338532154866,81.63922888966948,-1.8810107264379567,36.65636667497783,34.44957209769393,48.33335130032925,21.112206495079924,-1.6459259769951373,14.614475464923956,38.90700609661146,62.24454897536414,58.744124369839696,100.3629264290125,119.25119344950699,146.00062584952423,134.78592986448555,157.52250906287586,144.83910695870242,173.72902749221913,149.97829823908154,142.35658694020182,126.65652060794773
574,56.79470545652609,39.603305070507176,104.64831672459496,115.69857824376442,73.4719120607157,99.30569544628327,129.13335534215187,97.07414137650039,61.312892854497385,21.089476765933544,37.35090532174055,66.79678091151824,72.54383871813609,34.90475177348226,98.74199414193647,119.20645550493832,167.2799068829179,167.28889584625247,181.0713878199041,179.54137292162505,147.15966171646883,145.46327036152377,97.16661515255576,113.23240734381325
575,26.381753416669213,40.170560048894124,79.03202775236758,107.6450323468397,97.0159303841614,119.65345017883644,140.87167793442586,82.76094304050116,78.08282649092101,83.3450608381655,72.95108043783384,96.54974444170945,37.59296476627607,86.46304057858723,133.5362852193013,129.83712245318412,157.65943784702648,138.444618216995,114.08101029768518,92.4242740470128,138.10166246320236,153.23939017642306,130.9886020444784,135.15457670054505
576,81.66683533222157,93.7177462352745,60.68951094925178,73.00514176485585,27.762573634882745,73.20433218666088,103.93732206828827,37.46271362773847,44.179284866089525,50.772972932933584,64.06437174665169,43.88451894250844,31.279297931040595,50.797812206581185,81.71110783338666,103.39205057466863,157.5255872088951,102.25754417031958,79.70705367577855,26.53256036242452,15.834291752431938,94.1757830363051,84.07275401527785,92.8704526762188
577,61.25916841139771,30.64267223174282,41.722370602279085,7.7125387196791095,24.694782113195004,75.86412546213079,49.79602581053236,41.02000499942248,70.38454756797142,70.87305997104423,83.22968471837954,47.17238792213529,30.718523484190108,29.96295163791538,57.899761133918744,86.28433235267191,129.99535673391563,76.59017309364206,86.53156466612047,77.99982730975096,64.63976208270702,81.48959069355504,92.88670864383931,105.90765537482044
578,165.61014918590922,130.92661881994798,145.57096640842116,118.37404194880733,157.06503161481191,152.20950229323216,141.87487164164077,94.84873393783603,48.98852371243025,79.01535268811307,76.89896356238114,27.658807423547316,6.459443834991603,-4.940411177629958,44.20424682526649,75.54223588718044,89.46713519118997,73.79226058524321,124.0791613460835,111.54593186221153,111.29378576919385,119.01822837441061,153.4814578208398,160.1332309053165
579,25.447914641447873,12.76760160164119,42.3971465132811,34.607684578271055,5.385474470837789,49.165719631696625,79.95999129747374,74.79450793380389,32.918906243688824,-24.957646175703616,-33.73721808853103,-31.136475778228046,-44.77219500384885,19.280953508045457,104.02304227096737,138.20701374611912,207.42914292282342,219.13473596053765,173.68220286701842,129.44804793916376,128.14764412193279,152.0376418998037,143.82363993569416,147.5443610367228
580,110.8167532048393,108.08642810377098,127.19267191489793,141.15240337637297,87.1544258707198,108.14716771416846,114.78476174362955,92.36895391730502,52.85819872694419,23.94228641745629,33.0368066888055,49.61072594238911,52.3947014029802,68.26179033086316,88.61592985562277,95.78560547239442,87.62118867788122,83.68782521330182,78.11481307254154,103.99470893330061,126.83319762470224,93.062843339343,100.39662470027885,68.47163093407414
581,49.49648056522196,27.405946686174172,53.06180548911198,67.39244573391025,77.2520941252431,113.23197211169165,118.4000664175204,106.96930146740883,87.62364411742624,70.91056273493179,88.19107666092106,54.643039041302444,32.594731244384725,29.652938519108737,88.96767218160295,66.23476361756323,79.77727641093327,105.86412846260552,48.8139090386791,86.02084794155417,101.01931193158447,132.13256489589,59.43321908377375,47.20945643060767
582,67.86389881882201,25.11349126443509,58.22325478285161,43.61728538033046,69.97909031872508,104.05859726874202,76.09425275936171,45.70971438066081,43.642237207425495,59.615834508685936,100.8082688907254,31.456245555776093,-6.337423523917117,-2.1960323020376045,6.755692578394104,61.953242527904294,95.48478958724021,125.90720410125033,153.6080491674519,172.72606621398512,204.11495682733408,184.6717208373825,184.17029626901183,147.93007665574237
583,35.97353622272871,44.04075332270015,54.861829095154675,11.690358626817982,-2.7595018531949904,38.87657790828642,7.55622411657739,24.21001641636058,-3.2024871179813843,55.72434980854596,44.4864474815726,-0.9820143885167241,-0.9350285178122171,1.0334120383211562,40.38536435320603,87.6634841349492,116.21575743034278,125.85502037584307,111.12722085527602,91.70517404155066,93.04354979784004,144.11135671714908,211.43817034695064,245.1205576599189
584,40.989042941114725,26.477421407641614,24.76704615971508,51.22312152110767,49.303512075256144,91.39436644829175,112.71210133331012,111.79758532041336,89.58537864980013,33.220480610031935,32.65202374723646,80.76629215329588,47.56830842129601,37.91171097799908,61.951017236020355,103.77252599664247,189.34182067999575,179.77206423720818,109.43991737659906,110.36680730213652,107.52740685334436,102.60626418385459,75.91759298186616,112.84174890195743
585,55.69095017019082,34.79006528608963,30.550934346740522,34.31419885116931,17.29234924883325,11.6312476792965,43.86061599802698,97.98084979613097,84.14845499700448,84.71379448803225,59.249963288737376,93.7476842323302,44.475618653251445,49.59343859137569,80.35328163431204,104.03773241230058,117.93273275713847,151.69094392461065,157.50061766100447,141.9164350767181,167.6362259860676,171.51218494022615,156.7962250819395,117.31903181142889
586,30.614742364824252,41.14873031749241,94.74770252898097,28.50735076419499,19.403192646627694,54.19216340594358,57.59105913620835,92.40354988321076,56.06794904004886,88.14036024197233,81.67465746064155,44.20815290409024,15.26076857131281,79.13052208518448,154.8437492511883,144.2946333362691,147.6966742144006,123.03668694841743,107.68286057205074,88.42314878377863,90.62165399621215,160.83185607948968,122.18952242204456,126.17974363811325
587,29.67870295050389,45.97773967442568,78.87047354237207,93.21314872841954,49.52091514101731,80.09776857464799,108.46813069191913,69.6475814527299,109.08615249346953,78.14271905587651,61.29253399063535,101.25409341961887,65.02420973826148,95.21568682728412,125.76017088957495,85.00202037768372,105.71221783848584,124.1856234665613,115.23610626297716,155.5313180640057,180.41282673156564,189.11971573488952,148.5759212451352,145.17418853211745
588,82.6123959313324,41.00730163212434,56.03686017130986,29.355837436198804,54.263910243733875,149.80913310478775,100.80597901740495,96.32237204576266,46.58715221534577,39.38040431053116,56.86876791014626,40.2841957516586,37.58959322061182,56.89417055982907,109.94572948410064,67.65681741774083,134.13099537852077,137.29016066673094,136.81979115994486,67.57732797785494,107.76272635613128,107.41869484706123,94.54345961748868,100.13602161824188
589,77.8711193294177,20.65206075581864,55.86647754588293,54.31019866613083,-10.86937613739505,27.852599959997676,53.85087732094398,8.218215885286682,-29.453223605405327,15.877142740738975,5.703666611497056,70.1791079061608,36.680105061097954,29.468091966022353,140.31371962195504,147.13104332237046,167.53090021009916,175.3088535576854,152.66190086313395,165.06250929571945,147.91516216523564,155.29747521191968,164.01809767287452,187.41801973732464
590,59.45989418183979,63.34278316020759,47.21112868022128,30.23878485766058,7.109545668121566,85.11793343768356,53.77045487833353,81.48048976475388,46.809049886530666,60.715502403331584,46.84020731321806,74.40475815661193,23.758934140946437,57.45049577130639,106.16115143042532,121.35732008506238,188.58149229492645,211.0720331128035,197.3707644492954,158.75386210151197,165.97504266435473,154.71077561366292,174.480530618856,205.50166665238123
591,22.402901093565145,34.068369318062736,46.32724702665219,45.01418686838218,21.124318429276535,20.00405710147689,31.30298732561036,67.23728961412246,23.162955150182558,37.08031045080588,84.34974516141588,62.62575362059678,41.33820387266351,15.280087677786035,72.99139332329673,98.22115075016708,122.59486767765137,141.0569820875268,119.35938688284672,108.95598246324391,114.51549209301552,124.67356109337888,104.81108744994785,183.568910622248
592,39.3236410208997,40.400203799111424,77.31521006207126,67.50510523483375,36.954474578503294,13.84781852133122,2.3284930270865516,14.351189114520821,52.52093845800397,14.539265392787513,39.92797048045266,69.9119168863619,27.245263196069708,24.807148462620855,65.5294000177013,89.28700355277589,101.99207971731329,145.2459006946235,100.14395154212448,61.51031081707376,80.2453295184426,124.43684944916129,95.69311569332285,94.76548703226143
593,21.95271080822638,17.00322414526123,24.96923549878052,33.807271479142415,19.480752418805444,66.17744621762887,79.60959081451112,47.495834593916555,71.56078475186706,79.50085102680481,75.99688520667277,44.80647851105981,11.164795024548182,4.7554691612118845,34.5536855803507,77.33863351481608,133.54094271563656,125.30001758248221,118.92685515708666,126.49530622216807,124.41074682296416,175.91343299094862,187.6595040405329,225.0247976423112
594,19.97279096940433,42.47135226153904,60.09650947843175,32.860692097175935,57.45470542270612,87.79065600406905,74.2541037653157,78.7459870112427,75.05721304897752,40.29171139438891,32.84708673109549,76.07625390754316,54.08632096721527,38.52224452690551,70.86859164862528,91.56606831598403,125.28366304147183,126.35389554527357,127.28055522117056,116.67918842863851,156.26027714045483,191.9736151445632,134.73280776439302,118.48518160332938
595,28.222774372466095,50.40382594034258,81.51954033317567,74.20864694597954,77.75194712403584,108.23595537710264,48.30821515587771,13.506077057085236,20.478156746374808,4.864033404424916,-20.41060964417587,-44.736480854446924,-97.38754493659746,-40.13132131502544,29.38840511541077,22.094911671597885,65.6950688747109,97.30771696843863,70.40345718182871,90.03129000998857,122.35476278512216,142.4452795287979,115.33510068426729,132.9167632480307
596,22.983649975024186,47.78454742410505,30.808670356419643,43.009201541086924,16.786285551410998,24.881335006542173,7.708452044685544,22.406825166360235,25.428653724398096,20.43373065232295,20.826609114060254,42.17359702562514,-5.783968957838876,35.27000013534526,68.78555861093729,95.47604718514876,144.82444101871118,136.79705617753498,150.67920362935922,183.47253957491398,127.9001237712985,186.5030893395986,165.3560930439279,182.60581708528224
597,37.76232935058284,71.80947572404733,114.86136596491681,69.77911558139614,43.002103978097345,91.0309696736682,83.59000905146243,72.98903677042183,57.1638647998013,42.99997194026641,103.4615665175152,60.797837613092675,30.485508719497375,-15.411877048390558,56.34363627880414,70.87568042949025,87.85809374191675,69.85284333164098,58.12255544086514,44.030854260293125,109.41866849305443,136.36120621298903,126.24299765531184,107.14134216046186
598,13.269473512865822,5.2087816172680235,41.177276802211644,19.908197509157553,-4.028304412630099,45.11845281659803,47.4671052961018,-5.27450480573296,-59.47649580275896,-28.6664437301633,19.721691903398945,-14.229671707284417,-33.70640861069586,-3.136914307579225,35.16430708946395,43.34856101493469,93.45941056754911,60.692997888301676,81.74254759344024,86.84797262459267,75.94466446522884,128.5974008190463,101.01498923535779,113.64020980889717
599,68.92068564568513,80.85137003437471,73.7841797491502,38.32317748117782,40.09659616606979,78.85868450733328,74.15690493558876,44.10287647691011,30.151402547337707,31.519885467416362,58.71031856093178,118.02037699937748,85.10102471947638,96.80472161498938,156.9606168556772,169.38674385046903,185.9164399634697,183.00148392654404,160.5719061338009,170.10002122198776,189.63338740808197,182.66556380373825,173.90174678111043,194.45700193544218
600,61.7614673847094,40.89673295400229,53.96136171178097,36.143789932070746,52.9429301292025,111.62259414144638,115.88502772732308,95.00865400531961,43.165161734711376,53.30807282833133,67.71323686794116,42.47920232718792,55.32830170393041,68.40865212742989,71.12478721886038,115.92393006612768,138.4267093058491,168.29203707993446,114.1142971089815,106.53809861406553,142.24315555572014,128.110494885191,171.44366855472094,124.9402933825304
601,161.5989821647318,74.15674240524204,88.82312538631909,60.81318388765669,41.485375928381565,56.152664145472556,34.612323178016005,44.39576884617903,29.546580423214056,11.123072104646909,59.91419779712055,63.686610531899134,8.228574110482898,-28.266963473385516,68.37449165907384,102.46839934398905,186.61082474686862,168.9974401238439,165.89120567285198,158.690046237193,142.73019612034915,137.92155862586108,68.00951595074051,85.3484076441442
602,42.36359209901735,18.260346420936074,45.1250802903113,-5.226847991668379,-14.908744488577724,43.549931478842225,65.93597356985029,43.25262422219046,16.077997081884156,22.848752312733982,3.4815141952114246,-38.65739731506967,2.243732422554487,15.58209781126166,102.04820024119161,107.5895003342155,178.01860847202693,147.46668238607595,99.46478000761542,169.11812336297407,154.71233188572836,166.93345839366458,153.57507421219287,166.1888616787566
603,75.49535362217603,135.54822569265662,97.44047495352709,59.318259890167255,25.774125497130857,82.20666952306554,80.36869543663816,36.855770609713495,64.15786744216196,85.09195889487546,65.8773169567209,46.86427657974871,35.17346092072,66.35400911297259,74.68111500828668,95.11218323761938,167.13602662108377,194.8294345879743,173.11884536634278,170.86626019575812,137.7206805356025,136.81770565408385,144.74876949142285,107.16771611800327
604,-3.4330391299990666,47.24921795181021,70.67964998996845,13.507063281462514,13.075746934605252,106.74010164828843,51.550453321795814,29.60640864603474,7.604528436734068,37.79473042203329,54.258774284286304,43.29211298042533,24.9136802441472,74.79447793024241,86.40207945576,82.20549564781659,147.38496888888426,144.77467814925257,106.82362079386554,73.90729611453077,101.56525949958628,126.15649487073144,110.02623786222493,94.38294163531691
605,109.13052442009948,72.72494464137567,112.34594069723296,115.22344669731652,-9.19793030540012,44.30207072872251,66.8669719319428,47.68033056804264,17.2221553775374,35.99483523081148,39.82202945397596,24.774801634982357,6.253331166694746,-13.117558852505212,48.045683895027054,60.73708123986423,139.18961104884215,163.5079518597149,175.96093317587392,162.22875379715174,156.12071257497828,155.81273911053003,136.5187988915057,128.40296607917983
606,61.97186204176083,21.50116992849837,65.49037190643648,56.22598560751965,2.3025808223175197,117.69606496316348,93.34188349428571,70.2414626067249,63.69350549158476,19.519875010046743,67.92613958281733,59.824562568924975,54.91224903204901,69.58642280931454,45.235067165234575,109.12273075934877,157.74782006651134,170.1750446806518,177.29454518698208,125.98894013933011,134.96037512897158,157.0394085918639,104.24039736120537,130.97059148128957
607,49.271678954744964,54.64042953665819,20.2155409102987,14.979195008935328,20.346275662190923,52.2876405322917,96.25538793646926,77.07642764632735,46.33239423277026,85.95879700406863,65.68140128443446,73.77121300486678,74.45591516551931,1.7949097137546488,64.89361173268904,104.290870886572,144.86121393007548,145.94066249605393,119.23642818499408,114.1183696204055,122.82145153713662,170.12897047045936,190.92462318780133,138.8805316770846
608,72.19080029341254,75.77879786105176,72.56052533721444,40.549630003288414,18.821475748112558,53.313176855682045,50.606095456436904,46.9022715300743,37.92264153348643,26.49304265695892,-18.434666006813863,48.378201413790094,13.594461425219652,54.57304268923234,90.53715117934053,83.79532266073586,119.75982176093535,225.1494664021332,172.8443181315205,178.03597342239604,181.72671599468617,202.0931939461327,168.46545784275557,217.41693403347563
609,71.01107869158213,65.63093081127305,85.63342217088112,89.86328484735361,61.894116667796204,40.36592022618318,39.01301388135845,60.258335525684004,42.0848240178929,44.78561832367497,26.63144460767967,23.364687861401144,38.45047346766935,80.64147876425531,76.26630905221984,91.04419811464595,173.83317437159724,159.06293693283033,157.60804576658592,195.21617596636747,189.26495611925583,182.0389107921381,145.473879071054,143.50500708010185
610,29.91283409287483,69.44318382384772,85.81237068381623,53.35414766246606,39.522315194728456,44.594024108835065,33.89018211126465,64.47072264853188,10.160304674499564,30.142818918307277,51.321206398252244,195.7767805380513,108.09621523537231,74.09086969139207,120.69181576393521,147.52785704023947,167.76534272810704,200.69426508589925,198.7831225769106,171.35507419693982,119.39567932660356,135.11318822484353,86.71410781509731,101.80530297591687
611,40.49625858754237,23.95898163791949,58.5449111209672,93.59441936544113,75.05313889831562,114.89247393329195,109.8807935240886,75.30815705149794,68.09781546345269,62.58304122687922,24.30849265981085,29.52217981761467,12.583125889293818,3.6029369909409112,64.47127966907874,97.10883742646905,131.9995327125849,144.66323834326283,113.48467919493199,112.24946066311682,120.57819263043169,143.6850526915419,104.14278318832282,157.5415046641976
612,18.577103106110798,18.250271908698526,16.669811537418596,68.45970471479038,11.284520149932991,63.51530594493788,60.86563386188071,49.019944724558584,14.387910729046325,51.800273563818614,78.32479243273144,112.68279252887945,88.41058646080175,98.22962710709635,89.01080435670349,103.51603340047932,154.7932916588405,119.31002093948287,118.59324687330147,68.34004084835826,79.89483571156292,145.23143505345348,135.53139898531,145.08030485165045
613,26.891447458585557,15.075193580319535,27.708694782791355,36.77457972723259,14.224740228786182,64.4488776568663,39.28922172888123,35.05761390431107,6.532424466125391,53.08676031945125,49.34639481717506,53.44340840855099,-16.056843396049175,1.7411465557786343,51.67103519190069,117.22084261069153,135.34733657201312,181.74415076923628,149.6514520390479,194.57715728490308,195.553890632089,174.5349804526514,135.38719323714048,160.32965447635556
614,33.7181078511914,33.90625905192041,77.27173839978857,73.40829862719535,-31.47777913902695,31.75784080547406,26.007845025894014,23.648445302950094,24.571666781412578,8.540894706097752,10.662344007935701,-2.8593686104509146,8.93023402751809,66.0710595218354,133.40890810945814,101.94170268203302,133.50040019481028,126.77548156332072,108.03051816798097,34.126771531206174,70.08550068387909,110.71753970898823,109.39718923143032,124.57980408909498
615,86.44607582858725,61.25566486741825,85.85678353349888,43.58128184520389,33.76321005298065,97.51265181632667,86.37877734737248,57.46309639574541,86.44879128228261,68.48613535519402,70.33848667098941,81.46700272203732,31.497569764357756,29.554136443768115,116.33660956863964,121.39425539479552,173.1840525503978,229.33410841607005,194.5506207172077,151.80754611899675,164.03043570811138,108.63848404447316,117.98309041039532,132.4051993603625
616,59.423785309110755,48.6628015013739,84.36876561912891,43.314727611743,8.174150849201489,23.853049266007993,3.550766988457511,22.66277616410224,46.74736892300551,15.249434982135458,48.2077731342237,26.35559820696117,40.539175335625714,58.96934003712314,124.98182846313777,157.49800036170052,182.422179924084,167.95858101314883,141.89664726287634,123.6944880753635,160.63240770130147,213.2596306678891,179.3842514520229,184.2166249946785
617,107.750936576695,91.76799600280577,92.64960897363693,70.93987146167471,43.07893992745876,67.54812657135247,78.09870494302055,139.33369016562642,106.97618234240599,101.21680953243305,114.43574172049844,51.11404245328635,28.304047129246648,54.69242443521979,132.5785804731657,142.03793003607984,174.4325239980382,200.9323264121764,169.6174269601926,199.74106804320851,160.69296039424262,165.4179639959094,149.50052322333357,133.292515807432
618,60.4425034202213,23.108395883325123,49.5257583857158,27.55865691322608,-2.76641852066804,33.439336036612396,78.79525920806442,68.07992265161063,80.58280153309853,54.00907320581685,68.3497790298012,57.33431002774864,21.015000160799122,11.830835946092101,88.93461961498528,77.97757625568285,91.08830847725332,73.38057780361099,66.33442978462898,99.03859448620213,114.6120464437849,144.28541525513845,121.1056966916645,74.53695329766076
619,42.43275141742904,1.3598069768397352,70.25162756208437,56.21671213749656,21.68116528027423,93.78709544773594,132.93116621905102,59.088974457227614,10.179035667837873,54.63637861250251,71.78930174466825,69.52286321301443,32.562761384609644,3.585126680971662,50.43338899502338,93.51535873312059,120.1112184338415,147.09359118060533,179.9996844004765,180.05225606651322,181.6505526951206,207.849175452439,199.6528410519302,195.3816693649778
620,54.866127868169684,51.70397435715299,84.84318434215278,38.945373538299236,19.827388486708845,85.76162795774883,108.17471345251084,84.12063836581233,20.141089527772223,6.47550219407848,58.58764735204875,-1.0972622412789903,-26.00100699863951,-35.684136086398865,58.875115063954915,85.69263478128666,104.71941970179361,162.68372745182714,127.504863535207,110.44562562840649,140.13618589689565,175.22978112654334,158.72286992048336,169.72459410244056
621,-21.87918393528487,4.78176407447819,26.84648652922032,12.775603906390629,-6.62518896674279,7.846217108366375,88.11997909328633,77.51078076915455,56.42622214081647,75.69852662638085,92.93453254211599,128.1476526348029,75.0223608483461,83.73096533922975,144.33323754629333,116.65196307894297,157.44415187875398,198.828292822115,186.94020775529938,121.56134743610473,104.86074421132125,154.54605418182933,157.4013279554213,99.44389624533085
622,41.64631837449851,38.04354895714552,44.551105538950054,10.836318203198573,-11.429827758210493,71.64046176822974,33.658715086627026,16.30041324892305,5.801295154619119,29.73988092479962,35.185925587789846,41.284386890361674,42.30998552328754,30.185599697599145,68.23469013622278,94.43798588997615,123.71682404905447,159.58355741640156,154.12021383546465,106.43336116520196,133.70573004388936,156.783115701551,80.08453981776967,90.96223331271659
623,108.31779545318746,86.80935969379445,84.99736521563068,72.96450335641663,34.96625283053189,90.0478628008458,208.56915938165258,113.85695802687792,82.31407828631035,55.00855131865899,72.62914129174067,45.5374332826456,46.73135507450487,2.3983463223325536,75.24749153575623,65.5261422899023,94.03575624067412,133.72839033800443,96.42514262514824,73.23060349910509,52.55872158913016,100.29172968424145,103.45113037272635,165.17304241169393
624,89.41099800798504,36.418430747595416,92.43085534054104,83.51977128564604,68.8871648754093,117.85984788480916,116.20539113314642,99.37983331685852,87.75124676335862,46.228163835848406,96.54082144238592,121.4720073579631,61.1339789980808,56.09512103953997,83.89960523209248,79.12000477331634,120.66018346930908,143.77430604518418,143.5348668204737,147.40481323714403,126.1842522891036,159.46947038682785,138.57280338391243,130.02535270423584
625,54.62794073163284,26.827807759827234,37.809826531286475,35.75496951995784,38.937285358730264,55.32182386954953,70.17834692569123,67.36003243395487,37.83056532601299,36.03023051887544,30.84876390479522,-10.779690303553835,-13.471646513913178,-52.2699601784114,25.14924961035939,74.34189409530599,63.95910272190453,47.804300078963024,98.16975725079442,101.22830214529043,122.02454265543446,140.87535930234196,97.00535491634804,113.3527345598645
626,62.779513912325854,63.53524792813188,73.0921382552261,37.21299281454672,-6.75918056893866,32.27016394927167,-14.804968434302353,-4.9087430520806805,15.201957088736378,7.764705428075036,46.17141700710029,91.6966890409754,48.3368043347956,32.60030835768912,92.54237291537609,91.08637467367309,109.86635043853387,105.02391207206223,17.678139510119948,56.93202203680416,131.26137167672493,155.59935455837416,115.78098656966867,129.8171554980384
627,111.72359392835013,51.19902214818676,38.00561081690497,53.6635091852897,15.756089560937028,37.211483201178225,24.04616411746143,-0.4748708433453146,-27.870553217879745,-26.803041823176997,-15.56406151887645,12.412533509992485,14.646539312879671,-9.173508987518598,79.74166754839422,87.37992647939399,104.08175706100438,99.40457268541846,144.5165658737311,173.03998758808808,175.9923481036143,210.72473425842054,171.8557847877462,154.88206269885563
628,32.80325441457725,41.81433196183967,87.25646792763078,101.97217691491952,53.88138327882786,79.3283887587964,49.19987710951207,87.262948457123,39.60564966484607,28.29908491346053,29.179151270181215,28.076954031348127,31.325260879883878,22.071027957258536,79.07123251344306,64.63922860189116,150.86378009715617,165.59659665051214,136.59897491570683,104.26447929745142,122.3794702047552,123.71674817134917,37.61616959242741,85.79625858086203
629,46.51863552647852,51.38259245324063,49.917185731840334,-5.800191786608117,20.009390265781857,71.46347226633867,-13.716487014645864,29.85141889946213,-0.5336907528916868,27.597751423930543,-186.46288038180995,-102.1067731634706,-88.71784360431167,-67.0507578776552,17.66780131747737,79.20118120046897,135.42060891559063,108.02767262103636,127.8319309707697,107.36724178004691,151.65152770136365,158.0298609020014,128.64889881066523,161.93178703924625
630,60.14275673427308,37.97622393591833,70.49705854131993,52.39659147422036,-17.315752797585425,16.992744628624486,29.266964220343304,54.274914369443536,25.65292310016741,-1.566885519329702,73.66760573993867,41.63281854706914,36.98099382668525,44.48343517602317,110.00371757772342,151.75395329101255,149.1041720703816,273.2649398048954,189.1534579646128,185.52383216161775,198.92020828106712,203.54695031597765,152.14364733208453,113.22718205788493
631,-29.834087294554692,-12.863585268936163,42.480786805440744,45.25469244393027,-7.929852679068496,59.60079424634294,69.17690042930982,74.1948162169853,8.221183996479642,36.75306997808803,63.340775734384266,46.01302358661937,13.097039764780082,40.900972667072224,110.53474228247207,80.76523363224211,123.55324321264538,129.1145146553884,112.46083234059283,128.3803941685915,124.4959588831797,121.60773390995399,85.49158631152903,144.769565962616
632,54.66123255952987,67.78040880965538,73.14814233661927,53.739046739977006,79.32319231577704,66.93273880508016,65.70855198767646,103.40961005429627,95.99659856727737,86.77872635574124,58.53767339419647,20.601512939978555,70.5121697227768,26.293081492462512,103.77403718272467,72.7503564098761,55.50965561196233,109.77716003153,134.90472794569197,160.95441647059093,118.56541525503054,156.63491497603945,106.95964422385342,139.5195189827233
633,32.716443862957334,4.292162237527094,38.420064333513146,18.632246446570996,10.121002531894241,30.444044540318252,50.15602631753634,48.84158385082827,3.681879705297355,13.961816610557651,38.813060153185006,37.26637302904827,11.499488775360856,0.9809874849449258,75.07367303464495,45.35457211263796,65.20632369336377,102.36484385316132,113.51032948634187,133.8676798104218,101.10370345762175,147.9975225994078,136.7051476431336,136.40744711219241
634,82.26507313867171,42.84149368684302,114.5604103044603,63.33359098290048,51.593467807659785,90.71797424599282,90.64618114517371,64.95476438860044,28.712035490852223,89.45489622277404,86.3323473795584,73.79121950775684,15.203142602640924,-3.935133422761197,41.1431386543592,96.60354039201488,105.12703477745889,120.37828479644998,114.64712965839533,119.35583221674503,152.13190561991098,215.48153089019655,124.33260126228951,127.64045925714372
635,87.07884592456864,60.90505383166817,44.90700818021904,92.06411453698456,40.626634420222146,53.47610723552852,82.48651587841553,143.2969236664827,62.46000863727812,90.79337699780629,82.96564890700637,123.40564215035887,90.54030573701405,69.17100822053055,104.78871903173976,92.08781744147045,159.30248925849708,138.23284268021376,168.37241036527578,115.10121517463766,126.10261966957462,102.37391750695767,116.06122081329734,123.93981408094535
636,64.10951957552942,27.07333659157278,25.075035599877687,17.777899052575698,-20.176507718399336,37.02382376949163,31.807407128416244,-8.251267277486221,-21.925337457370375,26.938888529527553,17.893766558154418,42.822059269982354,14.477143467865558,30.73187487593058,63.58194714140836,93.76784956078623,149.21725817586807,142.4376656290264,143.64792355702173,163.73119836216682,228.88495466663008,219.88979527370458,130.39992514924347,135.280091656617
637,107.1249080889019,98.58334979726513,74.53165443081281,6.671284089539583,-17.274547900757554,18.965163573531264,15.727017943722934,21.98560381618268,-17.15351189599722,-63.17555796957655,9.646273150228097,36.74724569480657,31.141122086536775,52.834152938138004,151.78280331436017,165.8266818151219,188.55425462071128,197.11631730898492,161.44918855497605,153.30328252328712,147.67958570873765,162.94320511074335,119.12447895807587,125.81632676628166
638,78.0494758799642,44.185499737465534,77.52343565485305,119.21438742635686,53.997486799105914,68.21531761926657,75.51058493102894,63.345014066311386,35.27703023764233,19.22873615944635,11.39503070032788,-13.664059779135549,-3.9130639420344977,-6.927720380375,-2.4020991783467593,74.15325713367508,119.7535097358207,132.19014540842875,120.16549326031569,37.6548709282293,103.34421604310127,142.92044285625337,111.47382693961065,113.32511533402314
639,-16.679662214540443,19.689934104674922,68.03245666485856,60.081247601106995,31.738313923928537,52.96260407455334,51.98527271455502,73.87183478667535,25.19873970230849,12.468272992280017,24.09816954807962,15.456033851535253,35.97868936811864,61.53256124647104,101.41903805927495,117.82931934693426,105.60384892288678,-6.5981834052392685,47.360689885725776,74.27495543303047,64.74923691030816,101.47728251634919,57.01973951744958,110.72353117336289
640,68.57602933605256,48.6810720211992,89.14340954095051,34.230270512396054,42.7573810787023,75.48544594011831,44.897505873144475,-4.807996755650848,32.6341045155798,3.648769306780288,21.7849925990894,19.94603965528828,-31.610261029209063,39.41266602333328,66.10501077807153,97.6848010061749,122.18241451040805,145.9324996411797,154.43859342989037,134.15572600070462,129.7604810860643,100.1363219653031,89.48194345615106,49.427417206796974
641,65.73381762533248,40.79070675645697,68.44508299630526,39.46719225949958,-26.806471802375043,16.130328071449405,35.249518724801696,-30.47875975397976,-21.863457595672088,-6.938516721064381,28.700919313915854,-26.177256292756212,-50.060556444062755,-25.13851045168215,34.63206865102899,38.78188103164736,104.61947296583548,133.9246509779198,185.52802796488817,141.1054704494478,122.20367089702073,164.0151285409783,101.81421562142255,117.07164108151242
642,62.137891916830824,20.419121941613227,29.95211028117905,68.26594130094041,54.31718903946588,158.46851546158425,185.2848441505004,174.51726060641104,138.83680203805574,93.90123137804119,102.87365614314433,73.87719989889379,16.43898914221617,39.09376373419532,92.22313809943174,113.13958472795127,117.70096372437419,156.90857216318338,204.4780692160919,152.25985408383252,136.90001248363717,164.78525220729932,176.45680920555236,178.29314540808406
643,32.6503481413085,30.536723045099066,30.159404984166088,20.467639410072323,-5.694969766104663,34.23419581638336,38.382231409077775,69.9973168650296,22.051180668653636,24.515309737034926,56.208997927994076,-25.31391518359908,-17.422508546324877,71.10264380997288,123.65773099312418,143.01904306127773,131.83341346405243,160.40767738980233,130.56173838967268,129.7222638875911,146.31755020355325,152.96591343904205,149.40574650478297,129.2013128121126
644,146.73364784454833,109.88430517418676,29.561630542087883,-3.1517291747541663,-37.94646645297611,9.685009721391744,74.26416170518206,89.1279810507875,16.48373027819734,45.673223392358466,-15.983646807308979,-0.7977370297105963,-32.99087617265375,-1.4321504300482673,45.660704602535695,130.0149426082804,134.39827329121823,125.55354827215506,136.11642403328253,126.81661617072345,130.32376829165364,132.32836849112752,140.84376645555966,200.9856828472606
645,22.522367898754798,71.48329857866617,128.34928876130147,87.5180893431548,64.31901439990378,82.14626110416535,71.67014504926861,99.53197782649478,62.91283849452884,5.864921205784448,7.303982587986717,47.63577337179656,-8.69461649392224,-54.42688744302961,18.25066089137966,53.13307638364977,82.2083754444046,105.91445173137666,96.506505923394,84.98778193581586,101.3813174368867,115.27809020175647,133.3627106845177,141.3756832809875
646,49.55412044874092,27.72199243402875,58.512761628215436,14.194216534760457,-23.499365441110868,6.302501148681557,57.27784160472996,59.56200668336694,32.58046584022371,24.15920217192161,52.920487433246734,23.264158292466515,30.53183329472241,-18.287523563750575,18.030217778037056,-10.281608113455903,35.7922946068834,76.97129733509364,59.91722815796314,90.90965203761445,121.91492675151136,107.9677153177862,59.06569271901745,69.77048851455363
647,69.4991977172464,49.36180106382946,36.68310065952505,46.607569404264375,35.298274783001204,60.29774622563016,56.95795566169876,81.59140782003877,60.1581364904739,65.28408289451947,75.40518378854642,29.37485089395296,4.329660069918347,41.43378312828854,79.52297039832149,81.66870999271615,128.01785370215103,161.29790602052458,175.0143123760208,160.71620260018838,159.71466899116336,179.16230888788357,161.94343399264366,167.9463143742007
648,33.19878923169778,10.390514868054403,48.86224526032417,46.41960969352211,34.284882372311415,37.93109528856256,59.390296552901404,39.026456002615774,8.166516566203601,26.23389079035468,-19.127170901083467,-31.068031739787855,-40.61081056059897,-61.500312149125925,-3.8461857932602186,65.37114920579694,97.425766317246,113.90518196153953,133.7332291674746,98.4988863925422,153.24008315735765,181.29563202722593,152.8878117493793,127.11953259930557
649,-17.310985090164237,-4.370649434210087,12.7848156923597,31.100167480855383,-19.440231102186523,-8.556028749068005,-17.24113082131923,3.4464783608515006,32.46810794848078,24.54573810044311,86.79910189383654,64.67460548417375,26.21235621534248,70.58208581072121,115.88505798345287,124.39542249418841,124.2977444537965,186.06358195181056,102.1038923445667,86.73381796253776,149.4682758515989,183.34990357935283,180.03632783259604,189.89745606170715
650,45.38451428791118,28.230632307132943,75.31864083122863,49.345247954155596,-7.349531305504819,28.169383697079965,38.28713002263706,47.32817452311258,70.3837505139854,70.59509160513588,68.20442303990285,3.8048268946210015,5.83966941193742,-10.614535127457899,75.74281432674516,122.23949254249412,154.1031395639008,169.13020818639845,157.76786506338908,155.94047445143167,147.50077744916751,160.7502120490342,138.1772048265293,166.97917501715844
651,52.286877655560055,28.531480252723643,-8.356086557066291,48.71120750340982,45.05642550663826,74.7323764902599,82.56233537888068,89.64293407803488,61.291890585517095,27.880649298323252,66.78021355468765,87.43953579161438,60.661693791349855,7.140781563407071,54.84703799216705,94.56802939730865,106.24771728372001,103.31874996707076,148.52282715965669,93.38132327299888,89.66770091263234,108.2996435731495,101.42922559654758,121.22778056620368
652,58.05007522008755,64.80484361207635,89.78584435773517,21.88370956685523,0.7225977205123542,69.03421842986273,114.77406253585124,83.59112772140855,43.32687172695467,47.09486890024885,96.64047461770029,64.36372606114088,49.429351472240015,49.674049054932524,88.57362761389058,127.00187546294256,159.35230960890107,173.63075637772909,123.9545982005204,104.29937146507206,114.69772939914812,139.73494262240195,151.78549986624733,180.457177879727
653,120.12390991098674,86.66353199546964,70.63490025500047,41.05712004933519,-3.83343180375752,60.34758718664983,88.482852434199,82.36157720628786,54.55160035395464,44.68229685843001,32.40033784142173,55.38290164493131,27.83406299704447,81.63161512733254,115.87311459144047,131.53933754534492,89.55385750887065,99.27975027281752,107.41170610078436,86.11032740324627,107.52616055244212,154.15421450455017,178.55729975725598,205.4686819251727
654,91.75727795679765,65.60751705245471,44.052878397315986,48.97496625400288,37.701740411551526,52.28609892492827,46.121758252536495,42.28468172841855,3.3395204320397553,4.355848810214237,35.39066502768294,51.541863030923516,60.69303714673631,22.438195694561557,57.73605560895235,70.43024093484098,126.50663031353096,122.8932906475385,150.99985853412898,120.29072193385217,138.41335168262472,121.96248121900584,132.47912570063608,112.551725426048
655,109.11920930623184,37.480981622601405,51.19871716594692,68.33354906469621,67.87199613288806,113.56091049135325,100.78280733925064,49.08928605152781,50.83414640906488,67.16150602098358,86.50726677758652,86.86820335610876,80.1597225656629,64.59853673110773,68.43346569952598,80.48845844300122,73.56232414200318,127.16275975006442,129.78235038825122,149.84900443729487,141.8661745994629,212.38299792188496,144.4360242069428,149.74784569088908
656,54.70894969135618,22.285409875180473,38.67944159743149,69.30036324931235,56.10646340464146,129.77677912986846,118.55432753840694,85.82672115354336,51.44915093324394,24.76881381908345,8.714647081174228,39.32877320814162,102.9261744304445,126.29279540920822,142.8304884597469,74.83213792169626,116.84171074831539,82.00136894424003,63.95049311586611,97.37032146374335,118.02718856007274,185.7133077563653,153.32357252336118,175.2428206925182
657,9.597787094091046,8.454610997853074,-4.352414565130616,7.914319425666534,9.28405448807787,78.45660796729679,37.36290056451193,23.48455168687859,-30.059126401976584,-2.8487232342023816,67.44834856056166,93.62400885612777,48.39522784045039,90.56663220801579,130.22746379156325,146.2719922707434,145.2894803738081,283.97514341210524,247.56508417128913,205.0225759770632,216.2689912861993,220.0014891782798,145.24953126430432,165.4257523398317
658,4.468015360218949,40.7110711723604,9.759621289793643,40.32791321705702,-8.772067171193946,26.480779366661025,28.200301343618946,23.298152567657894,24.672823471649878,-40.62833004599907,34.26637106526505,57.4957313594986,47.02548812220988,43.205055681105755,119.01624881967209,108.85316098827596,90.92848364768115,129.26241969724336,134.90869870180023,87.63691424202938,51.86246632097587,105.93869225395943,87.58049914574596,120.95139860888457
659,70.04353790629521,77.41901916040945,63.45069627449666,36.56913865591448,36.34860011960259,38.98922848690131,35.011553755376625,157.0919360710909,102.50394277990719,122.76738132101207,119.10530123090089,120.69941995345424,92.79697755173612,126.0890403155066,153.961988856682,91.25552586007234,118.17129870651742,188.340002316547,200.5596312146979,197.60946459192257,185.46654569895668,146.57485999514495,118.31035148722657,105.51410716345266
660,28.294241875337814,-0.7268600828954135,38.49264288902822,22.692240546799695,-2.0831144652763953,4.941711516201515,8.215600191022702,12.962994706237346,6.180068091425731,36.9378385998013,16.984765494623602,14.188166318263974,1.8982990310052994,-8.703871237124659,53.41799267459776,101.53222656478903,126.2967341805515,135.8114523588503,128.82519053935624,104.6709005907725,133.5690221423742,153.00107228611554,117.6913154004862,76.10695046154116
661,0.12791455562724252,6.983801199015346,6.279026227913704,19.676632045942874,-10.588981030338132,63.38494020417302,37.155033336472584,66.96676098734068,70.69208083612696,37.18092925371346,12.761529569258368,-44.964679382146784,-23.26828040229779,17.899819803987803,117.8081534930633,117.22024556595949,94.1345238582835,166.31301019513944,159.17636540193166,151.84770563235406,120.19496854296526,129.91573317933478,117.48897172335472,114.60762823952777
662,107.7809761651354,52.258688498924656,67.49240664610339,5.1112764500066135,47.94163289660703,124.10494452310498,146.57323925862812,103.8451288300916,71.33750543440624,75.09936832740709,89.27778381455366,88.53346909167095,79.12694640826692,66.43265672539945,96.91624676090464,118.02469673770935,178.12660487642506,199.9966738476163,210.59512324914476,183.71499336988816,185.51389629207858,186.12318193410022,146.5252888925926,177.7116678494432
663,-1.1700102584224013,39.72867699336611,62.40599623246259,69.91649223910233,-3.3302050854428344,46.06233207313282,80.38898829155785,64.94130394479072,37.43538461239758,45.30950527383984,1.627034909744701,47.529807488439985,26.054296526564848,50.79081931356177,91.34331692344458,149.53614303665552,126.14873950441682,127.56677557108267,142.90476133202193,156.53504506126598,133.40125167268351,165.7407563683126,159.5680538916812,106.70639099889365
664,38.425449325287374,30.27151292141096,50.29847846225286,63.251793164488575,26.0482594827391,61.38392580086214,108.57255905308179,54.666698790601714,17.208749026017387,55.809991468488434,89.62991601125194,64.31137627976275,13.667695832074282,26.713468869692594,113.39893618282956,75.17046768501586,111.74213853816448,120.31925176791759,101.22038122988613,79.30829288974984,104.68413770225897,127.57027148111518,115.43193300389628,92.14389983981599
665,47.402826948228714,43.75151061586185,76.65929413237997,60.084879821828295,59.32679868644486,94.4324674421443,60.006385205462635,40.70003842934991,37.29875837018996,58.810640352137085,85.8264480387734,75.91319750531979,57.97682348689388,81.2907315097447,96.25707492640825,131.00979257467623,129.05658109375304,133.88191976591798,168.25902321511455,134.41386103154593,190.2314039334649,179.7873542202966,161.84565651715678,170.66777928229362
666,36.397472404992556,64.31797447570351,86.56843090812595,6.914455914695061,-13.642270564639475,45.65582500127111,64.65238124946798,57.74322074972072,34.61440492113602,16.597512578520153,-4.632484976297995,31.48115488250927,-2.3870917534160903,37.8734704981631,122.00783376341843,106.60537675187041,141.58597371645027,181.3359757391462,122.39000472173268,133.54095095967568,160.374088454767,152.17769519592164,131.89567231692308,144.26069070890736
667,69.85254459939114,14.490917878660728,6.909091962066796,37.53668847040652,19.821203987956892,38.98388139238333,71.99882495787867,60.38559073913345,57.845276576302844,34.10327023419036,77.84077364505107,47.232216761287134,30.292673277518134,42.339393127441895,115.55029316109507,121.22778464134083,180.0161466112546,196.35897478305336,175.92418209364544,167.68163537167152,173.2651353648335,130.40206410487156,149.35406061605394,206.64869760403064
668,17.940853415161612,22.763158768768065,78.34248017690838,81.37737052928343,59.28692478313158,124.90152784618664,139.76613093794782,80.58779291507751,86.53923288512632,90.25924995712151,88.6901469520983,132.32359310114066,119.17155738671316,67.45803374758981,104.96211997575699,116.86639176028726,166.28998197694477,153.5816813961564,139.29220256897054,143.65866106466984,174.24168960376738,211.05420355978674,142.80223256686998,132.3724209302357
669,85.09880669636524,51.28150997345947,59.17949198040378,68.31180449596539,60.167246325456574,72.25014270508127,47.29048542441903,79.28345374827734,80.7536675660345,83.33322746657447,46.98249855783705,82.32198496005205,36.87775125154148,12.230790743697579,33.27275282847561,60.85864603135798,100.52375886657791,137.82516664248428,89.23333762249787,117.04104496704369,87.06073192827989,132.97207895640412,96.5909684900176,131.83622087215537
670,16.6061390122154,12.498276033303696,35.9018435353546,24.459687066833894,27.287372505959667,101.97733411838767,96.317730518618,59.173539146630745,33.20966930913239,31.744680910658225,15.685524404137688,30.312124762431257,24.35646274821874,33.426066944957185,106.2775910194178,117.93631835883386,117.64422282998177,118.04594982320548,140.29640955383474,150.50127663831535,132.60098363158687,166.03152085952328,120.781828541078,146.56745533800043
671,56.158998607155695,75.82751468813264,71.01026008946117,58.2604903777974,28.17251588970543,70.2448370242425,85.75085575139366,78.1531662329605,44.56027243563041,-7.797427628257722,9.695432203557722,20.13556057446064,-59.5175232483699,-38.27874066871858,19.064316484869842,80.04705163133431,139.4890142533503,179.28547928096566,174.37164867494351,197.9544730207952,171.40970669467407,157.41994952858414,126.58652602063793,136.7426816906474
672,21.25946700815151,20.537191375471625,65.10260690439242,71.75630264471661,44.67616140346066,75.34456226166836,99.36209695064117,129.87443242093048,92.81469432067347,63.22329468720122,32.18699420923518,72.53711865835558,36.83825032582831,46.39554949869529,81.90450173146584,90.06479507669094,106.87700970049929,164.80934844383626,182.66107148988192,189.90457197182315,186.88699323784854,164.81578528255682,122.9121177943611,160.6411057443505
673,26.16300989066364,-8.877315988967446,45.05455448938493,64.37283600577551,58.98568815065955,101.72079002304,122.74043820496239,86.56804201447201,56.794350254536326,93.79656675585586,59.81364699254209,35.6344961722352,10.363056979635438,-3.044223354148187,63.39774026004359,67.55308532228396,73.75036635439841,111.58797835522064,82.82743372617747,101.85663821519722,123.24804509378575,114.6996516727287,195.62701982228972,135.10987111419882
674,52.86652740256328,57.81749146987104,60.671747079602596,26.62801119585158,19.65904422824516,4.324070358872973,54.24110155052584,57.81857027164834,52.99218640749248,31.554037687716082,41.411867626316486,63.4629611769966,66.49051399328607,41.997038581784125,66.2789850213042,63.172535929649825,108.3187414067332,76.402277743919,84.97704535659116,97.01009214206073,140.98231068347317,200.48001175829623,122.89442972880643,129.87993976030813
675,36.43690950752102,46.87163653968904,44.712079664629805,52.41807880860594,54.160477525202396,119.31394004802864,123.78163903691026,75.19167349233771,17.95980389038843,64.52952383757169,50.00221533060601,53.07926873751747,2.9273495911516143,-7.7793626752662455,16.38218121801838,58.88921592832956,100.47378128901019,121.95616879729808,88.05352571119549,130.6080870430847,129.89236458352272,146.64139499300143,145.24881392639088,153.01052288250474
676,4.482051227771166,23.06415839808021,75.16360955154965,54.40554601388923,67.08525586005362,53.81137930558936,41.56403214004437,61.35261159546467,58.00085742233444,47.1277184383553,27.726290173546495,56.09830509874635,60.74149893960835,36.464392374696345,71.07233931941889,92.04732935467068,49.22132610952312,75.96503425963661,114.16844562464922,82.81499255354726,79.1021251007958,82.53076900928122,106.26549681963908,115.79963994920344
677,80.0247862166694,78.36761227782462,78.14597280981012,68.46850955246974,35.93408628096476,100.29219068533968,63.81573320218623,81.70961218205365,62.4278287172797,47.47591573921873,72.70492791938369,97.08335477833603,69.71254348646733,56.99341702703196,69.98052553097426,81.6079512337258,142.3307043661215,211.61849156334105,190.2616756711718,155.40895747857974,168.61386403153338,200.14893329057622,165.89116787621364,166.70143984024034
678,68.63336070678206,17.095287756964623,51.36923442086542,67.50997078078117,26.775531880765612,65.02376954515753,190.3732236354063,140.22512125699336,81.45491610880259,80.89752404961686,108.75259682960228,81.83193632189854,68.07444359060685,28.69054242105721,67.90444514200571,94.7685831015511,103.46168457925367,86.25503887578336,97.93306816191577,112.25340565602137,104.61963055378514,115.26035626780691,139.47390152986455,106.81457769149745
679,55.71999032869997,83.04060521357894,120.12709746349836,106.88107905795002,53.18659446528038,84.40385120896046,65.6721380639567,103.22338128791178,56.64745007539532,36.41454208597912,18.957220066499488,-17.06300797490708,-33.882510070995984,1.1603405741873232,53.056422979136684,64.7212683084754,103.02983104688812,132.97050183445495,146.93404366334568,157.2379887484003,159.38911704556386,196.92817828676252,152.70639394849783,137.56065074016414
680,50.033910202856084,73.06945760553538,89.44414837956653,25.986627987795003,-20.250540938101956,-16.847195829332335,49.23535138146767,79.5198755833863,72.37848062806304,51.5370228719467,54.75607461292617,87.7848079897142,46.11412245069385,88.99506047164226,226.86668261793454,222.5961578627942,217.1695129840996,169.28713302248408,138.55222399493587,95.70662395070256,103.36715497982385,84.18773657551637,99.8077276173463,104.07225182752097
681,-31.83722935341261,-27.317151290741847,-10.483313545687352,-8.280670868964023,-30.537132390915588,55.15768434790637,28.82642517286375,94.30727172054375,67.5729042475108,9.541218181542373,38.09669504149176,38.020451499207496,-5.7029529220168484,-10.909000695169112,7.489913431706384,55.64412446737917,93.93463808407752,121.44172263503128,104.18890562901285,118.39415091007967,117.35946301213365,155.7589253206224,166.43011149427736,103.58050889040291
682,72.56720793801892,7.049501866069797,-8.484342547172588,34.17846788592959,18.046220966676888,1.4010886969710867,13.163480906902649,23.9612902477447,-10.364734339542458,-20.358674608429276,-8.004449861771874,29.158993413471826,38.191372951509315,34.48272035622031,63.36178295837789,102.94582070861316,134.25819916817846,122.52187446126075,135.52427006471837,131.59027782093594,194.48854764828383,221.7403635803036,181.71436572357933,168.88435346264922
683,30.08993875391611,22.94639795722987,90.79392455423131,46.30064854354595,-0.23870376355547052,45.424957488393254,121.05830917196772,114.35267832142135,78.9363963733174,58.54429728395009,8.884528272640427,32.089659975576915,19.94565555802484,-14.848032862605578,15.532870548250088,59.7096927171915,124.71288431073104,124.37486119704693,129.6096824824208,162.1526013975677,121.72434286384579,169.53980847694814,377.70901922752,269.4428291428505
684,31.67972552711197,24.016592328824746,51.61960462074368,2.576476849689037,-21.220405724276134,-8.485795556568505,20.59724020338421,55.99039360383007,-3.462836165055883,17.551442874691887,19.696422460079862,32.193887165512514,34.185290476519086,73.60988185830348,120.28992087152585,115.36443583811857,155.72415477950747,176.74839576944083,151.22642145527865,139.77183939150325,149.93090694026466,212.06495267783407,144.99669680830607,119.34233257091121
685,37.64066801439269,5.237262767931455,53.90331988377466,53.0791657447977,23.01164357264411,84.51630809405127,98.62132640627635,61.44459092452277,34.45111183345763,39.43392674785211,35.53686747016797,36.990153829466074,4.960036427846585,0.3292358810707867,15.09674062976081,44.99031375581335,54.592601027932375,104.92237173195366,115.07571686653203,127.07481323567022,185.79906039820779,196.9467069021563,185.30619701778807,171.23617437825337
686,85.7364389399431,34.26523392554734,65.66361860965928,48.522765739282846,28.125624249090077,98.32464477959365,83.15765791006484,90.88537323582307,93.05735807079941,67.58006924537958,71.41714909032109,9.347882074796445,11.03781781016498,17.049123441851588,74.2151182292694,125.6545171228444,140.39503179619965,164.64732325182405,127.59428544219686,140.4835785382652,163.17323694093116,204.2868607979008,119.94670264113728,133.68618644884197
687,12.722879129295023,-19.50018867574422,-14.46565581956257,-13.196536297104693,-13.431966098625168,25.823707431336416,45.56245012225041,17.7226923483039,14.498047680244717,48.22630985907789,33.09869777068279,50.49430869199174,4.816369303190671,34.184829334095014,76.05632758820487,124.62503703966681,162.72298213259282,146.37447283277996,121.09323781627421,101.72382437386771,91.12789984994939,130.8796413030512,145.95282104586983,153.5313240934462
688,57.0170494815197,39.912417863425176,41.019346931854884,33.201067070584244,-3.5320675093265095,22.481617457875345,18.019264958437724,32.02743713464711,55.48133179525703,106.46379765427014,61.04672886242378,77.64361220096868,43.8459097965013,36.289433287897296,61.022741748572244,43.71239671090226,49.224060306325,59.525772596966604,74.97663691458169,66.61959910271598,80.75831643121458,99.17351115405977,84.90350362418765,88.92423057393049
689,29.945467328317292,-12.677048090265409,31.518718368789607,5.8863715803056,27.81822761573991,50.10641390179515,106.31609754548488,115.51443604864022,92.8387223714635,18.540789342612,1.8505973105037086,68.42420774963385,92.2928930821438,85.9294891138016,148.72772329635552,120.45440810262423,154.09467164985773,160.54404833842034,170.25872395920624,186.82737814977872,200.63510992154875,198.22710586063903,173.57867713812112,148.50169163316687
690,53.212941515970726,37.328342990588936,65.54844928895285,59.529175659605556,19.88257263822438,68.16754751661371,39.91152075358376,48.66537353965363,27.944793276820434,35.5174338747762,37.68776572030501,66.25985028317211,60.949357358027584,65.67443676041769,61.875377832636325,56.568170567320045,98.71640636351,116.86915303929018,112.15449817199939,105.06540969074445,112.52086082169956,137.3341250577963,121.76258573626664,118.14838890902053
691,29.108134256744137,58.52849193450088,55.829443571119164,19.449230992821438,0.11417526394708233,28.026904103380147,17.32172197665969,18.181566429465008,38.98257299911397,27.549035721730927,35.52400549126374,25.99912186331354,5.276033272750439,17.208415433396244,62.215310954526586,90.96606224748301,127.93366816167706,170.95619579758292,125.70274714257886,92.9591785643681,118.73123160316662,125.18024937763158,124.29484044179459,115.76338809862943
692,32.49305626975112,33.57345683807166,48.953088966978356,35.75532562169283,14.960637347040397,80.03342232850322,90.60967358049678,107.08884318375945,104.89557016495637,67.09580648901243,46.267437760199144,62.63621522214092,11.896007287481323,-27.25662123493769,28.585233499789922,44.35792771441017,47.49411791675955,92.74403606419564,89.41064187634413,93.97111993520974,138.59357290241252,153.81031382745175,140.84843650247936,174.7523380417246
693,-17.862965673004638,0.972875318415845,11.509008487277839,11.441506387685472,4.736765970504521,63.56444936438659,49.56723009864605,18.23717797914655,22.263599030242272,3.667673721544702,7.977600916555687,15.664108833028525,-3.14271602062216,6.307651284233618,31.36828692492614,95.50244403008278,134.18626359694306,137.68191164455885,113.03655088908516,160.86579881730336,162.04315764236358,165.0044099169071,199.95203040240136,163.0731767102606
694,79.73502951403056,51.11877932806112,95.36217364895043,64.91584528398111,40.781927843816824,56.65160434513071,38.001451594076734,41.812747631356444,37.13349290198499,36.13614778294212,66.5835767487268,18.356691604035927,32.49262887298552,34.74503821946246,106.44954714428437,115.45959498729351,168.7790432979565,147.9123181036643,29.48233158605423,32.13479792316478,56.13058206135153,106.69080039467792,78.56666314101027,71.33027249394655
695,41.83512234506745,65.20838557700179,41.825828551975164,44.14922070144695,37.589246125859624,67.46933502862807,83.0984144793683,104.03600685967069,57.70757511812194,41.45431530645769,77.6623041764077,64.44816505515189,-41.09458882838926,-78.33568120636687,-7.002874046151263,61.92868978496382,126.49971039520976,133.17870289856245,145.46551023576515,135.50663240976138,130.00185595259097,147.94929178584422,127.55580065578182,163.57091829308877
696,53.04774700828577,58.24483693278315,84.9365347122539,79.51239673888341,66.43469664988541,133.26897960222044,140.6990530276613,116.47743694764131,54.083603381799136,37.25317771465619,58.54862573632924,19.310960939950313,48.848628582313395,24.267153425772406,51.75957989931814,106.16997182135901,114.69080853505241,153.9260177078743,171.39686931717728,116.25509190996338,139.2325769039279,156.1932224958618,106.83100166346645,161.92405965540786
697,32.55722172677258,79.92153904312653,101.19825637430615,37.989340132241786,65.48441037295368,103.11991944472003,90.48849217543794,72.6310953263336,63.65031170939047,75.36028554399584,88.56789014777377,82.28306782937159,42.98846934334043,38.830181558822474,106.08775632650827,122.90882297814503,156.95011088622908,185.76709111403957,154.91775145952226,123.53762094018725,148.93872466245418,172.0344496417166,178.65211964458496,172.3753130421535
698,20.256587502295968,4.5263275699156225,37.570065704559894,45.425609835876415,-29.609501471188103,24.258494950480497,36.60518896598916,46.02492331825661,15.865310045484435,51.48437268875239,40.447118778966676,42.56165899458107,-21.63050597681167,5.439988414320499,79.1602109582911,95.68294869471899,114.63919640883199,126.35285780663916,109.27478018579697,89.15919995040925,140.79089379047667,147.37060213110877,136.86077093973788,131.1564427819303
699,26.86772501677054,-16.8988632367981,62.5407524249745,66.69945479266049,8.001954919476233,62.63366155717152,63.40922941390062,56.12313840731932,82.80013677076286,113.82263971927159,60.473783689936575,76.3426503721729,61.804470040725676,66.53560761560051,96.52908195294472,162.4504417088964,197.87787659462583,167.52255048445133,131.74109609162645,120.81104530142709,127.7599490686191,145.41764810259306,94.9460959500253,126.88362027606154
700,50.84589084905151,66.64232554438358,78.00801724685745,55.32111237650087,4.220530254957861,78.24246393292628,62.53864006260758,73.05741696244684,27.627703542560994,195.6967552390033,128.56290595291435,127.35369646144215,36.40563606651224,49.43466784376173,103.75591716383799,81.50216352496234,108.11725836827317,81.80976619787356,71.15873127345004,30.335429398915053,64.4292183395215,72.1793388395736,100.30041813677286,125.39643805601447
701,20.69587847809259,36.13490609926791,79.98767780718933,56.767625175286156,24.5750326765366,21.824039469591483,16.931059560513702,19.493532646179865,-17.857521136235988,17.895513930694346,-11.496733559101578,39.07428449607097,2.1262219361809063,49.6821753208184,105.26428048850981,141.86760421751544,160.3250761421217,141.60732483902564,110.84848273651357,176.82069905790047,183.39720240518562,130.38255292211255,94.15409720307876,78.6837124283274
702,48.539096492612344,28.32987507228552,48.28519312490086,67.65094204567801,4.835443463115727,35.32979675638037,59.29736143509856,23.2572219639121,18.207619660262715,59.01630345337479,34.22837885582632,-4.641361146169224,-1.7716807909989036,-39.10289341708971,58.292833340077884,102.14853621750001,116.8854128866246,104.31591648400357,165.12119667800943,192.51804698858072,230.3038219577607,198.66271870766195,178.84552704290934,182.80874867966585
703,82.8695952901068,36.01176499117072,44.59565124857725,-12.762320801546814,-50.546881437803975,-18.79995904842879,5.661071924946867,-12.029716872260721,-1.2241167759962224,1.6526152391268312,35.0135674023893,73.73968318123687,85.92207447776404,86.37832062214352,80.44152724498198,91.24557215889445,110.43544561865848,160.61577724449012,122.53752458544153,123.14013988040665,105.91441770374901,147.2790566413338,122.39527223709271,127.64505230340897
704,102.11890068137797,54.04407493075626,32.37630259712951,42.19606132090357,31.89165948079923,35.32722526919776,84.88122818678357,61.41095157978707,11.132257737502684,67.88110085672079,107.30086602722619,79.7659407479531,42.659570224833374,41.18358087008779,57.19726304725094,48.404232299460766,108.8398245168381,153.52689194004986,125.17068942965523,154.0054652116974,133.2074966027778,92.05513167061252,146.86971140140918,177.75130128781927
705,60.273359340895524,54.6102317897402,75.17711151686575,48.569734122143814,49.162919685337485,66.42218387392165,56.355746353444275,26.231982082264388,31.97844064519058,35.64587656561947,33.07979543250061,70.41596258007684,11.818255885323193,7.779568150445314,30.60881976048239,65.00266891987303,85.17437195749802,123.16010416931084,173.10566921277785,91.3632911453129,127.43857797536248,145.1241393511068,126.10676835110085,88.15820168304963
706,42.02500602102505,13.474127493012027,59.73795527411414,16.0018254797884,-47.7925142040861,3.164826372658567,57.58634844302311,83.61613867070143,26.83988667618841,34.37288526877701,40.737010660466076,57.09015771472563,30.18861039217866,-13.407093165281893,73.61091693947357,58.646742766721296,114.33066743770792,122.1983055328378,114.44226380132882,95.12533352640662,99.51090628701739,157.29237853646842,112.40673799717737,103.3388308243949
707,-83.08013231876886,-76.69352346307464,-45.07071328262511,-7.612193800011653,-33.35504922748102,38.757331783515426,41.64973885578995,21.408294224557935,-9.44595146573343,0.6815450612928657,-0.1587328482128214,-20.173705852147464,-33.840482256623936,-4.62325217233375,66.95949521871408,92.56022304503834,144.17220982623903,146.45008402211388,114.83066906879165,118.75851607287647,119.50733646935298,100.19502924871318,111.09612976760346,100.96568991227554
708,64.07746484343383,52.109240588538874,50.94130553599026,57.45219624479666,-1.819763583090321,58.410754585329585,38.24970970925069,18.05533328076497,-44.76818176918685,-6.435422147043987,50.90280757640061,56.531028495881884,4.073581434974367,68.40921330040862,107.31427037988763,98.83529864914117,214.27981260221435,241.38360867239652,211.90214922890942,162.66261934098205,172.9142128774733,199.0591114000612,167.58151719618655,180.8243060847605
709,124.53477462256622,110.59880741003677,147.03933802969857,127.79670176783796,80.50511440794511,111.46577650241527,69.60470997071997,25.18454782518164,-6.389736080122461,-6.006826497742374,29.125516360681736,76.87484535986027,10.442571624874539,15.379461059231051,41.011286552182845,56.76811683776984,63.71714819113271,131.66655939366677,85.93244902323978,116.56287485352846,26.756581692133366,87.00731795287223,47.07451377465463,65.5871345686689
710,46.12451245929178,8.961316616729562,50.82727313182406,58.561297383818086,93.80672218398547,155.6180701841452,112.17427310240211,119.41812527050591,56.442884317128836,18.04651535550672,-5.515755470450642,36.32993506184057,15.330255823878417,16.171907396130436,24.71085197053764,65.57117854441935,172.85254155804716,167.6092656472923,145.47411002035173,153.27318390508742,172.25882085329545,215.7630889129967,140.0221673896449,152.27122389767734
711,86.61043595881969,55.47142493769089,56.68833744741276,61.413056466539736,45.18719360995171,75.89561075692092,75.21007134667127,78.98165407964149,24.112418036162985,51.22017534793004,43.557733857561345,31.04692705367336,43.82549983993994,72.33240127736987,91.09120640266339,83.48235019068946,99.92946968975642,140.5078872786002,156.04033205560913,146.95435290903578,173.27676367437246,196.017697574338,185.89647228263422,148.78576799405934
712,241.50799803372598,146.35783760166117,163.59460488482432,100.51640766478353,59.039792798830035,71.89148572774155,54.650042463450994,27.530869885226103,45.45006329896469,32.2856410049215,31.873616318595012,46.63993192380641,15.394594172630812,23.925102481508052,44.472466824487846,27.180172300523992,69.43618951498965,105.38617992140276,144.45601453556048,119.42179556279189,139.28081431316897,181.88773299676603,158.50040630041013,169.58800440774306
713,31.043603605249906,50.03347659989184,83.64475562288015,85.21341029010614,61.82940595428181,75.13101041193416,57.55051946692423,7.192026333657253,-18.398141350512816,21.52790313162618,47.41195201308109,28.959693073702518,-2.4162067473711986,1.0921692840309305,46.502169919927184,119.4438596241906,149.54415839187078,166.2679424440095,98.03755789890255,119.92296758823834,187.52513103961576,225.54628731739055,184.7842727609716,156.05890605305888
714,60.28196977235842,57.67826957655362,90.66010620443416,23.60841786559515,9.199654601904477,41.71301628652433,63.64794156226755,48.91825542420727,-1.6621851490424149,11.409397885405916,-16.873666180851785,-93.06983189735986,-58.862175248177294,-35.79800836525986,35.338108068683965,97.92657102024825,97.23096042587932,140.298559801529,124.00190419286983,130.14296959582637,113.02258979532394,95.13559520235616,73.72011830519658,64.13017700200278
715,85.19417248533733,75.53277953330837,79.3014906549617,58.68885133845157,46.42259734973051,119.83018556625049,318.6533915473926,210.4735597023296,136.34668057688958,119.1865340417688,78.92868431650285,70.03273113661865,-35.901180239878656,-11.8818111822399,20.535018721127614,91.74665560854137,109.32513920617774,129.12989486136053,131.96651930595033,117.66130104862222,123.75468155071205,152.56273965324038,106.41453081541319,105.16934859382911
716,100.42683004753133,90.51893896291196,92.21638100214096,65.63375098650594,37.775167066912026,49.96917587578876,16.22484317403115,35.935910267297714,19.57627721318184,56.04402686315656,62.54260957047761,8.714859690307549,30.37431735732311,53.55816649755975,82.90763991350522,91.4308488128542,145.9265959619907,161.47399013840015,134.04319610581095,137.7544264126194,134.98880110815207,113.89218198042897,132.1238250614647,145.3767455781291
717,13.615425480222015,-28.567757383772246,6.402622062954471,14.436202270610465,46.35506789772944,87.63391311711523,65.29064568662398,45.57687007397459,44.608607140540514,43.30534743219991,61.84578712495734,89.53028596052225,38.8846045660364,41.782011838800216,108.49694602366081,80.70960535072763,147.4052419806969,168.9277511304176,110.56388325493805,46.31067418324703,85.27827523584011,140.9550385570774,122.40549315453191,136.25008250757472
718,29.375158185307534,-17.073795871311695,1.2552892083131582,9.175153323317872,-4.994227748123436,50.13560999889404,57.24937476309424,39.49770916802403,50.24796866110259,95.24443279974452,86.31666180395732,68.13849117256741,42.72008478142269,27.360950407957578,94.42605707860712,88.08852749029285,91.83246465080617,69.4357629213905,85.83072578174237,64.37488143593146,79.38692185437355,113.77040390217199,116.49541268561653,127.8284653344374
719,44.05336398201633,19.125635006347288,72.26606517890242,73.61635313394709,36.797064242884474,67.04076262756345,103.0831085126847,112.04782156152187,96.0215048240023,35.487073950649524,103.75421193994464,106.0303790366578,66.71265080902688,75.97336977183883,106.82750191886556,138.1027723427506,138.07275144357087,149.95676420978486,165.80994853817236,156.019489566613,132.44863445199363,161.72705014438972,144.7523642604976,103.08627798693384
720,42.913122294249014,26.79743344921679,11.129684285861018,27.833538475120733,13.449105144765024,50.025122040836266,36.59851619992347,28.108544342822178,53.09159183071545,40.45494211262559,72.49877495353158,84.91241150814028,38.30456058295153,16.104410161610986,65.67247702568037,96.83307288934975,143.53724322581579,176.4784998660666,129.8481353491773,126.63099363337074,109.69708631320731,129.92833581445367,108.02802053385807,115.71223229624047
721,75.79985750433524,61.295124529739425,67.25270093559703,-0.9339691637987002,-29.30031541171465,26.701719937717726,49.05434326929057,67.72574801502503,40.67143000719298,43.0478513672469,42.96907038393229,84.33060725773085,83.16309730527276,82.65503148700589,139.50058489974123,105.66502740046613,105.77221338438349,93.33125006702357,144.39632424963781,98.32047033992238,147.35959686808926,122.9731327403421,64.92617602173583,63.70455821433872
722,90.51795299919152,108.88636824761728,113.63526394192378,80.23338787924334,32.263063317245056,63.65600366813503,99.30867719625485,101.78981804606781,41.41431811246097,60.1676895814369,49.40561734379613,30.029456778510024,7.274484351835792,22.065450053283158,82.58828654893942,87.49046677403834,283.34991454325575,237.49069367697157,211.2715060528554,196.75901885445242,195.11403418106002,206.11399457287249,151.4687577125446,105.99062758597871
723,118.34031176442942,105.36785752886446,144.94744509902688,100.21050036154321,68.46309317999237,76.04835569742062,88.51444866712256,69.68352837099043,63.103954313806064,32.932069864651936,48.34173294271846,51.73005434297099,-34.38397381783189,10.931170831411851,39.242013642033655,68.2166478553332,86.6755628601975,158.4518922296224,128.23769312934334,120.87306487251611,138.29950154377931,148.29680578949743,145.4807153052558,128.3797483142487
724,62.524224791518314,29.803464888369106,54.21146469319842,59.74159628161529,42.415937757831806,60.75062125411127,80.64097472791606,63.26206093867419,61.99728644965232,11.091959571167454,27.373615194035075,85.58848361507148,25.437070276975557,-28.14574136142948,15.975272023280027,88.81734216607813,98.54602681572642,81.94297786232693,109.40079202131975,88.4810636542147,99.40273617464618,114.80320052616375,148.0014103988793,137.09442133345416
725,33.542658050740854,14.827953786274577,4.723428934458624,31.115006795694548,4.819841102019062,-2.0818159658627025,-2.022062716028472,-64.71329243632455,-65.98367606573957,-44.29137179634481,0.7971835747103881,54.91044983838072,14.537019362465422,30.08431349582133,105.86777391522833,107.60373246348064,146.04196624442065,135.9431724708683,119.02090523105869,104.32965776675955,137.86048503901378,146.4106038635636,114.66313287153012,130.3134898169508
726,72.39368880379263,34.493445184232144,80.58862893164539,40.3857168111651,58.7385071607294,110.67508485837685,81.59116553899742,101.01562704781145,69.14535015183867,18.32551794598642,-21.78788682312237,44.34829408787263,-10.907173204605193,19.18538765776804,70.66995883398214,88.02294767775477,141.15187528460274,144.6884200549445,156.59061017526346,140.13193712279798,139.2428377543331,238.80933568553473,229.4645835586902,244.0106530650413
727,76.29667383241006,84.97473465356651,105.09633286844208,108.76252295857998,58.397510058564706,89.87114869577255,95.94659249389382,68.16504161299429,55.68071777510092,35.09510909583493,-18.582032435693655,12.189813929205279,9.52121111978733,16.439316232093663,53.846744090347514,30.556705510888634,83.65228875980162,119.43983473373757,158.81255859675096,152.27598153260047,118.84768804914764,132.2236715809793,154.4364175739163,143.83025664248518
728,65.19890307825827,67.69315974284338,63.2692456662078,68.15398242298599,5.244491241249108,48.00222912437278,57.615476665923346,40.909493703326746,1.2175015912556617,26.261135920926666,19.77501100311704,22.684372634758763,21.63874531343313,45.919128637859714,69.30044685692911,73.78689720323099,97.10227881575118,91.0274259962791,58.88489506712915,81.23057805368614,119.56291438829717,118.78077374392322,96.72522921773682,89.19830124672426
729,47.748898365498825,15.014251397497922,33.98435869444232,56.690407670726245,34.11236101908163,94.81201998073905,60.97978495022589,97.94037180193158,60.30302230084382,52.76845351632538,26.73565782378615,29.48178917908467,-18.25510052054218,-24.942091739646514,12.952567687831746,56.32553142048428,134.40920155190096,186.22384788355492,174.8604949975925,143.8399490006408,146.93161319214943,173.13176428676672,144.00714653214908,158.98178524069945
730,72.6939266915187,71.81499399234775,143.93278772415783,125.37459836367984,69.90127717122238,42.028380973206666,73.35301827878924,81.47037759445053,50.210708550092306,47.16890287450679,31.24021410730409,63.15804649283433,13.532403548324947,43.919774546985856,137.07058294245167,167.29704479779903,150.02545385532403,148.27459641471353,85.65045783799403,76.76403710161847,78.94041616707227,117.40010043564877,95.44048449562652,177.8675116573804
731,106.97540947184999,69.74589142411457,72.04281777662216,17.02567227436193,7.499027694757494,-10.700891422382611,28.660586785342318,28.87368097628302,-9.278887715841151,5.257401481872044,-1.4284975517340186,0.4862326451676324,-19.76935304449954,8.308673305283524,47.20396291499998,70.34837026734888,123.42285637894682,161.0512899866899,180.20918594120238,141.26689243298475,119.49822738028708,115.42305670034379,101.82267588233005,133.22952581274686
732,90.02027782559198,59.87866690793104,57.78483836498124,56.95194381205856,56.90120645144481,43.36395908062035,64.6181913848432,57.03647572505084,22.797669897254295,-1.3217489811706358,-5.526497301722834,32.66913437359726,-11.25261208273503,38.153425242544216,113.63001347815432,175.42461627048965,221.09588289220858,214.4868020689233,202.43078678958037,95.5074934335375,136.66686510255295,143.83797612856353,104.16240079582694,93.30067212801526
733,-104.1584880918668,-62.93389099409181,8.917083752147278,-16.463487983049284,23.19683421366355,84.08126306652339,104.14764590894575,103.66418549157953,90.47119899883087,32.0418435883967,26.27431309958719,20.114708368336572,-24.80396549621434,-19.835590019240314,23.18432696227896,51.78415775566078,118.30498879993443,163.11786137843046,152.91373967670728,137.87053531399815,90.82788892802171,128.61950467055826,98.28404013911464,110.12851703062243
734,17.915840124884006,44.313567281102436,48.513415488630436,37.58207657018541,31.11674027438185,49.24679791324285,30.021407995759887,-12.88395404867353,-43.9664239688212,-19.426402098294034,-2.6478089494708072,-9.401543864353613,-19.879680859962043,-10.055153044024266,23.2483858781774,77.6158286458392,95.30069758943311,105.36087647899902,34.18658065542033,83.06488938029092,115.06516270579517,271.33827425032035,263.74812617575935,339.3339737841952
735,120.76677920885534,83.68757851102741,52.35576026467278,83.81863541614356,78.49721627624639,88.7264001740528,42.23495071056895,38.39154228442994,37.18211957869168,84.76157362122824,68.20618485176342,33.5852862352202,-19.545441480277432,31.088905672909277,92.89421242007953,59.02270964520898,77.00113457583102,133.43688094500632,94.43867971726826,62.76594611275242,51.708269965604416,59.836498419504466,51.092858240732355,53.940364833124704
736,-3.9738518913659178,-15.173983607724061,23.911103816456908,54.390571768705456,54.835343687210326,65.13144612537786,97.98422380128846,86.76721212101415,21.697505846458945,27.10524056798292,51.920499614845184,43.45858443965563,22.942787910572893,21.283002919882854,87.84848053649677,281.39572912095923,247.04819540682996,252.40516653440687,244.23287698410437,191.02092913606492,193.66689553994712,203.40308941912824,159.64269567771086,126.20520026262938
737,62.4647628337692,42.67125863942402,28.12612057054132,77.78291060559164,51.57041705992242,43.68448859914305,31.03412717833713,52.661734687286646,50.53468551843892,23.513135211999824,32.75354368119333,16.926647746842903,50.34949768590184,63.819940043190975,116.38301845840175,127.3476447631645,134.96404719328422,194.90617969273347,149.1991217951686,197.2596177488306,140.38092978471826,197.00512327521423,213.91676900438512,169.12402835694687
738,123.88078627761205,126.00258956607924,110.52923787718717,125.56188074032693,64.02857734706294,85.17535174552049,58.77579729413981,84.58158258998493,60.11136550574224,32.94044514878007,29.52090894469677,31.785237084922507,0.7511636616812112,-17.51018948902368,33.18316522559315,97.8252188362725,115.0098310826945,134.93965708602786,103.92087071898888,104.93625637764022,87.78713207329423,92.73857787799794,119.67545930591746,112.44117023489369
739,20.308629626709486,25.412983301113968,91.91949299431231,33.62078975588077,51.85674610599169,86.84584968152755,92.14979606234905,78.45470662360044,75.26139607550527,49.11149977785687,18.64029923898446,13.577498688066957,9.225317843370922,5.370265963636587,83.65277111394701,110.64112940171333,181.83155010302403,200.7774013160274,170.7285071642414,137.53137117893456,146.08844223729886,167.93077522250408,168.8987535265881,166.16865780505427
740,-19.03531456787873,-23.314859044616256,-7.648776559640581,15.252538231857201,45.726825416497384,91.8760689798658,106.59970561280446,66.8342497212095,39.635200246294104,-12.813990832100423,46.81935345525426,44.065438818853345,31.24860327507151,62.30119284540731,107.49305196080024,115.6483674226582,153.03533230888772,171.5840694568705,168.14220131967122,104.30318292836674,133.79401725308924,141.8995582675838,141.47686671492045,144.60904959819828
741,42.4337389984579,13.946936898792838,10.448041674003008,28.513362413993903,10.386672827346512,50.34787478481543,57.650060448265485,40.34577429350022,-37.90387050761683,42.8868850118245,38.45199650485258,79.43714849867948,104.51662701629326,48.961000267725616,105.5343130704904,66.23834675063165,96.09886302742478,132.49251650786618,110.05309040613923,116.30713249585378,119.52430405899787,62.991483533769056,64.34961278246375,104.31559403070338
742,110.64526662395521,69.63831437766723,67.77396680944665,58.11630867458372,45.40025796883061,110.88696180696476,83.96045971725299,60.72672078581742,-3.9577583196773816,-3.482008600778194,19.016043022984427,12.423179243340794,-8.36965293538335,14.28125755569556,63.725769018271876,70.43122500189831,77.23301275931794,122.9811930848063,133.25771578063498,137.0800574756069,141.12886775583044,150.5184763755756,143.49025934668225,163.44136554364007
743,69.54844667732972,49.73869452158579,100.66678178467713,68.4484384338643,85.84149108273483,155.5484985389578,134.2339817243452,98.93233079559752,73.37261283352873,22.684091457882175,-5.920325467549681,22.58634160275902,2.617645007263569,23.354620485860757,79.99481813925028,80.23161564966269,142.4792938715662,156.50683644479716,93.47713228595617,86.25800711059594,141.9466780913229,142.1784371206788,144.17018897578384,118.7915530039531
744,129.68217226997393,125.51370096900112,107.86800163106025,97.29533030691596,52.92433703799986,131.84582558383414,146.00387126997197,157.07396604061032,135.70196683897834,94.5272894186115,131.72886618160646,122.8741864211344,100.64471797244732,84.64811832174715,139.9651268033479,143.4359419747229,188.77236409895042,194.70660180468315,171.7746054373241,130.83389686593412,141.8816932230339,157.7920118516539,170.6123860868011,136.22514863425477
745,20.48154395336494,1.595080298934505,25.63890216562619,53.50186685027441,47.465674065819854,69.60729093476355,73.61440857641007,77.81144632384363,57.18757174822203,80.65394921265282,94.67462443780124,68.98726404945893,78.41139745992348,55.88791838606503,62.85006638813994,106.37896526799526,107.96112183770768,100.76779232534923,115.12616888484014,112.37022166544078,125.05034035798795,146.14270621729565,144.20153495688527,128.22906188593655
746,36.255163021302906,-6.601533379965986,75.52306391072382,64.35439336744949,51.03014089391925,72.59380734172376,89.32225222436172,119.66361491039208,74.00913560803126,90.23788643126308,100.6745957976546,73.58245290555176,51.132970171271744,90.59194100167537,153.16389223855873,105.78146354875382,115.48353817888324,107.95547824829222,66.86933290373835,46.32094766752337,97.8385138030436,149.49206321848376,129.28527392803133,104.65330898692906
747,45.900913390379074,32.54885686661682,39.635156969270994,24.209703890047297,23.90113396018173,12.00813527324592,7.240440540552832,1.8561442096465441,-8.064996080640512,32.11914687649541,11.31165622231714,-21.47504390128249,-34.5588738867277,50.309109945748254,87.3411010612393,79.04482806378971,124.23169633529213,104.19473639479605,112.64415863465655,75.07287258713895,136.41157082314544,138.78876153065227,96.69649007854832,120.26720991111621
748,83.75613610699301,57.74547306702006,91.5944209495146,75.06462543040234,42.022536069492176,50.58740280391238,63.98061634584828,76.98706989773004,48.91735825860791,52.95987856021744,44.248596201428704,19.22688949864062,-4.200525684348335,3.121601165622291,92.54220006734226,77.57669165812138,81.43091406494727,122.21187901705437,95.30455556573388,104.55714620168035,141.5285954208574,183.47938471734187,174.29403166927955,179.62572269839325
749,53.719610021472754,72.95277333274561,56.8717780688878,66.10113275891699,59.99918847538423,60.63173299233726,120.8022155199511,98.14764274913571,87.15749117042795,19.286207298853903,22.932744622957216,13.429137810622187,-14.35681920510864,-2.121599161444429,64.4094631146581,68.6454041702205,53.04309941663688,114.71636618086846,121.07797780055473,134.65255075054264,127.6001445505543,150.55618980858384,126.71953662165635,128.89578876275036
750,59.389589887091866,77.47931687716274,44.03279004028749,18.534442053317022,-38.60004361274599,36.947220224054306,54.1471992126731,53.99420788971965,43.732632622984504,47.58850721388747,18.851608699243535,12.914545857234767,-25.49527850078003,18.825843804837632,57.709249679473615,77.50392121380352,104.18879403433844,105.52639857945152,71.11995171348562,86.00020513603111,77.94617685474306,110.9336762924187,109.27843321373922,119.86462920886049
751,63.32588586169242,24.958386821189308,23.282251847004325,18.589679489932493,-18.25319247428382,-5.4333317403363,13.547046161380045,18.2511970608388,45.03564876027779,35.16408256344245,55.45225920055383,92.07277981856888,35.813145814474396,50.538996015000706,71.46504532787043,96.95886566782261,97.75234885666393,169.4212141361749,46.5336069034299,15.838071343115828,50.13880270570573,97.25917685306945,90.64658643216188,103.35872956772042
752,66.66569406805151,18.072434885022773,53.825321882038736,85.67720146812874,2.434700413858746,54.68902647892884,109.53231496754455,149.95039025679182,96.26777572769996,59.415879335483595,73.66943185636501,106.14962936650501,54.656081076207215,106.80487704508107,131.90586977793313,135.03622128838748,103.58136087153328,163.0113666296033,169.42299794747083,167.99679888596037,122.11998122454374,112.52934477741086,80.04515883570618,125.26248061952376
753,-4.8764315692300855,-21.820695152416405,51.289317160425185,89.61761060460162,59.325322014985666,68.61638290885517,67.36971761177423,72.22263441705569,80.61397338610416,88.38017026873877,73.04343760443952,80.76688651738992,64.27474578512435,58.458669424310955,121.25335369790088,124.36638882036142,160.15176623618177,168.87378357616018,151.80384576416665,168.0349745943243,137.8979319867297,78.34783623162724,57.375549634841946,72.71547580929584
754,80.58944904136405,53.25396086773976,23.62368177923271,57.263880984652545,52.68897075447946,54.16178510740505,66.50208472585192,82.19734708854531,56.634576095341004,66.49836717118761,108.72663498251887,116.1749594835556,92.06906991907422,64.23534818218451,96.26206351559158,95.13662930594037,126.51741580692443,151.85524981732385,129.6610483047319,91.49277133789944,87.47360891574009,146.06070006523728,173.02150260227813,210.213756477266
755,65.04797544846497,52.33538162113069,73.19632199108199,41.422226089196414,59.125380637256896,97.61262513437352,37.04457990851506,39.07985813274176,36.60823605021195,80.4489510784883,68.68096890647652,38.65642967540719,33.35573557005704,31.088490264422543,72.37836797895919,47.31939028615139,97.2391820404399,128.82278154728124,140.25299614068595,126.43102540008645,192.77208521752658,230.99553999477905,180.947429158695,190.9900042477553
756,101.53746170812056,127.59157708143678,154.10976970816608,92.70448431170959,80.06133251709359,97.33232725193436,116.71872435575033,104.15313385398059,63.75516857637028,41.05477234122809,31.902279292494665,33.46814727614949,84.25355984883207,69.54191883908572,111.8916513181426,122.30645020008174,138.33554904049078,134.92034134630788,183.75849792693475,148.48400914280273,143.37908248779445,180.0937107293015,155.9254314451362,156.35507781614723
757,64.28636116875421,20.034512423032147,69.64154413433778,4.986051445499619,-29.631975468861015,7.922264695070126,48.0563030406837,43.06481727720696,-24.066617974245204,36.54510365131288,9.287304038819215,-25.860877608811137,-38.35050921668848,-17.32125556947208,48.49580050601142,72.83541749149518,123.11028583079816,139.59050104504672,122.34645277869959,165.52690899355244,153.9499849141299,169.39874991818036,165.96023875420883,161.47785970636502
758,1.4366802638530416,18.523690466381286,58.04845769466107,73.60680699255796,60.06161588439371,66.85780922685169,79.35338482409702,65.56016458982504,4.313591919107665,44.99564180222539,67.99403690586732,74.91267310803752,87.41572403178398,76.91472724311828,105.86179062795168,111.39419760225745,171.26022007826384,140.22316209732463,111.28440211306342,101.44975093987762,73.93925987994372,100.1309426431749,124.2902754744228,115.0125967969964
759,20.244525813863312,26.59235072545483,12.282434849551613,30.841975003786843,-3.4974228846988,68.70766909387072,31.41028513023081,-18.058184364038453,3.993540405706149,61.97886618217682,78.28228438606504,84.26962068569114,60.11228493361541,70.88411159140722,126.1354394421533,130.20829557624086,166.8345303209454,175.2410374021054,134.95583872011633,118.17218717624557,112.70959958407944,128.2042449216353,109.31372624821876,139.60756328358121
760,47.609936102785916,60.55020101274976,97.4246454852754,36.2323219985075,3.7578908831775486,47.226793073964885,71.02285329655265,51.84656549853732,58.872759342048084,16.677398988168125,39.89853729419055,26.128740607237365,26.069283886616,-14.893780601967308,83.66160976655061,102.42204227591215,157.57118456338299,158.93358136081946,166.35136681510878,157.26050629245606,176.24965905265498,196.75887913262704,214.4610083827344,255.9231823957981
761,69.36678919198698,39.30758095226544,33.47371695941766,0.8677622658516597,-10.761201706596879,44.72099810669245,29.66168559974267,82.99135719157212,68.13943524543124,53.76480304707417,83.61340548308199,79.37135104620202,34.720579202657774,68.22873665361374,82.44364256646368,110.83097673091949,136.83791475148982,149.73939140810532,158.353311100567,133.0578894235108,154.17165687812945,145.1959680524157,143.43591381561907,125.48239027972126
762,56.681263130148004,128.7202443322774,99.78514356248635,99.62514241790583,60.69993096451059,120.10101997296883,75.6419272258666,91.7301101889931,62.39669371731195,33.482238730344974,52.082466916618245,44.7764372462212,39.882747610835786,43.30323575261417,43.83650419828889,113.36732297195604,127.10643737570567,139.44479353079717,107.34628371445167,101.68532444152216,114.42733413037533,121.481439686523,145.17780021628502,112.59911085614972
763,-13.269679260729106,36.88154975474829,42.94369077031936,35.2621901642071,41.68734169528325,81.71539620148901,69.94593661484265,93.74517977134843,80.54413220440814,27.32196598709581,49.34121131446245,14.51756642168463,-40.27719182172197,3.9311364023449613,17.337541983891555,64.05968822936501,93.24229169580303,82.9199563042083,94.97271489500594,41.61611831734352,69.67225673162325,92.64475133559567,98.02294060304432,130.13830326422314
764,72.8221934027145,33.771750565951606,58.74775497004776,46.892887287148035,46.24742236913853,73.81412296756196,86.81274343822973,122.23379871692717,104.9769032619295,57.55877056879403,49.80437308799859,47.55291310559698,33.21555414780289,-18.41877496505716,31.99799056987807,87.07651444420141,142.20449768813975,141.04154198852675,132.4857203681621,122.98412923872931,151.76666076905167,160.82541149774323,98.53490815042682,119.01432469277276
765,44.864664431478666,55.62478482574735,122.34557113042025,100.87634904792634,114.5169900719557,94.41718565156125,97.21590116701563,56.201544630652606,24.229372334199176,-2.0180543526168506,50.47720735592591,96.11887152699704,76.98398685174153,105.3530532886983,125.8251949391875,143.51848358784696,129.59192096016523,138.91069811878134,165.42363929680047,139.4732212031522,135.89749364841035,184.2420612836668,171.0702416395924,174.78669230504084
766,26.919138168085695,23.209189631478743,87.01379095958384,66.29588623262191,22.59441333320469,26.18968825135287,48.46484733378105,56.6616390503714,19.653160541350047,41.70703644060191,37.68055477761017,32.308562717199436,-50.713324854380545,-70.18286198535577,10.569402251916543,82.18093381673722,135.83250545407358,152.73896502031042,132.8297308374187,147.75707044734926,124.32257191632006,122.57341158503918,57.138449838424236,46.562049408797336
767,44.90897914823918,47.44154215108197,97.55204586249411,68.97389972395146,29.3069160410974,167.24734652683298,143.5145255013596,152.72499102503252,96.99353415870812,73.38033902572714,21.047824786284917,20.371200170338337,6.296079630224629,61.06995703257729,143.95816889336396,147.4967331841552,197.61006631380474,176.24743505235895,187.06512422075323,170.3157205523791,136.76842134069278,142.2091491735046,108.8170893115191,134.3639780841656
768,-0.6296896198979738,5.307626163039053,37.94826169213585,-26.798140063344384,-10.772581295833398,30.277902968936566,44.83708849494095,76.50151099523899,56.74615547354819,42.71052919260807,48.29469626403575,56.32052486710954,22.272954325050875,50.68432263693078,130.43715735012623,123.71658742152451,150.74269085496408,171.34949283788814,184.99018025722418,123.61598250083048,161.00953578709957,156.3887928725527,87.55218215416579,91.67049255763543
769,42.878818041874354,48.60628274318604,38.419039124193674,50.05201828989354,34.28636601956537,43.12540571211659,55.519452901228,23.895916662711613,5.068425033026017,42.02244164259979,24.37669036160625,38.06249064398756,22.00740374725105,37.61266469972722,97.01957094768596,93.33329393241507,138.86617107862284,111.35598263230747,139.79510684026755,114.09388432487135,126.37649112743176,142.13395731205077,129.3272584729065,131.31152847494226
770,-54.72504574502561,-46.62428743833463,72.1212562067208,39.295838341754155,-12.77038869274179,-18.361049580637143,9.035186556838646,31.334156485446766,-23.75826758156885,-18.782459140881812,27.762181822976743,39.092822703161474,169.0411737296086,110.0438395222246,126.39631804066596,112.81413052888377,163.62206056235163,149.44622881089637,121.75853731882347,140.09467025093113,136.27371146870493,154.10676577566204,152.88902371533993,144.13301743255815
771,-0.2594872807881359,18.878270947777903,38.589666044856976,68.90522339482743,86.28709452385202,101.68435062229274,82.69174776986694,73.93447485108823,57.12235324675671,83.97136098648392,69.43042373328703,35.52049182183474,16.50307979494851,39.28783035863849,86.09754279085013,149.7037201716921,153.60292131589472,125.46829425967832,112.0982225909679,112.94993589684498,108.33561693215603,120.3893478528,94.39872327680735,119.49582993296586
772,66.30456620343219,63.244895144827716,103.4951892480506,53.40413124067885,-15.720036016846812,19.235362559598187,51.764922555718755,98.6235950091364,37.289194783250096,25.55492211209788,18.466952603989462,20.41522383196787,5.519805141499189,19.17758128831665,122.4168476379529,129.50501649847962,162.93704554846616,193.91731980142,213.15254623159115,169.72600777151672,196.4987940783514,218.23599711132022,187.13368365977917,211.8876065338858
773,85.65612563959343,48.334641516467684,34.034498515426215,59.28051988499226,63.647144312069415,136.43387001060518,113.65087946575159,105.71691703259151,89.00712379306795,112.04548405687862,112.46324321210804,73.87314180099565,30.352564119481684,16.355133176472084,59.924618311666634,78.76701492513007,149.4638320365824,144.3753389950883,110.67158099534001,121.02770557911016,152.2625121266296,134.16454436895083,111.1869767330403,96.28558478180524
774,5.506285432185514,20.224284917649797,46.04319709953353,12.878664715590837,11.34720206477429,18.62236929826446,28.712922024968705,55.24616462771234,31.13135667561974,10.366882904396107,-3.2459428097155083,4.5178692951315185,9.245334789795347,0.43516774232593747,53.333375997580674,51.67398799100836,98.91070542604896,131.05464652298232,130.02036889642184,137.72499705275538,157.15165810966752,144.68788144921848,156.8063392469203,184.81991670512315
775,78.94331807259867,36.627389872818945,59.68057204264984,46.96273151370033,38.05035870261688,70.52436842191675,32.84124085817396,28.89655585995216,5.052264849929038,-28.624327705396816,-29.806442372606718,16.3394887726375,21.87763909910954,-22.41123542311125,8.691291149539438,46.957087563526926,76.31922753827006,99.22916191956932,83.94918245068503,113.28848161682288,112.98747581956488,131.5786210178031,102.8545906658152,169.56029187452248
776,21.683369113545012,40.50011690449977,42.80037870202759,69.7472263228789,77.1339995093046,49.86369026744887,27.770672975839766,55.576821986561704,22.196663306783716,73.99358044795176,82.54517102814768,85.13320145124214,5.4205889089352794,31.05609815329353,58.32402937760703,54.33140949249787,59.05854337865016,43.07144974008585,69.06554902108245,85.07181177208454,132.91834747271065,174.70741788247614,136.33987344531783,114.240129833927
777,14.399625443121195,30.825479369659462,74.23300642530066,62.01113497085818,33.47478677088056,51.47790802060825,70.26328039332697,75.28034043906597,49.32635814380063,39.209759863550644,9.44679459171385,-44.04405714342171,-28.47940184952401,-12.029519903475425,21.343716391524566,47.950695197009054,135.58361453123914,181.7364757981802,172.4269479232638,187.48877113999723,185.05217599762577,198.7209876294086,145.3283103567925,159.02166034561216
778,103.44142568012212,65.50371489457714,67.77675669215526,35.36264531523338,33.535942522205325,56.40031120344046,18.313858122327062,-23.184153951006607,-31.2059073127991,11.074285247250064,6.374670334625236,17.485450598630194,6.359660967248381,30.08500590189962,75.52199884914234,95.36107948649297,122.31451393928931,184.02997206057836,196.5224152062972,188.4338476847527,154.65596718726792,156.9477574156495,104.51030619012896,64.29971884572095
779,73.18304654885495,77.71136603124452,103.77770699365001,80.6632094430065,55.944813230978,79.90803237121575,60.54107717441461,59.82469602252014,29.465521236047877,-0.8025318778945589,-4.399088814357334,-7.581781849277434,-67.87153536855745,-8.365778283288055,39.142619777076945,102.95498309034082,153.86110776646444,180.28770879859957,216.03547166664248,227.92122701960528,205.35514237045035,221.38290800823873,140.96585443892866,133.52758292566426
780,80.52825763879014,29.799466823939447,37.25201852505697,7.617985424851028,18.843291387157294,142.95355510024672,108.49301242391435,76.47797986703866,43.77921030500852,29.41183763454276,44.09261845749844,8.438946485148463,0.7884043273888572,-2.1663879848097913,64.72858066658446,87.15517816016146,109.57282066215203,171.47312439197347,147.05957100658463,152.89595262528888,169.77919662754965,177.42020658552383,193.42981383901795,192.3706099350577
781,113.42779260822176,42.16310664631044,99.01560666683191,94.91525224417984,89.4168838995135,116.4328297054357,107.92734119541947,109.88058770564712,98.1623207941404,88.25657688450283,70.13666242784157,55.94667945751688,8.432413908568744,16.236978579000713,89.4205430158996,94.24388899370436,153.50825218561187,155.84119666676418,100.51557142271601,115.34509951303134,142.10794621423548,139.74067196154067,144.4921364090734,123.47328339205662
782,-0.11023385734236513,-48.580119348976936,-7.232946823527882,-12.004057565758295,-16.318034519673468,83.56698902303208,89.1821615372049,64.0268993885112,19.128957787551663,54.75151833894361,132.04521953862073,152.3031912941742,80.3927386134119,39.826733209597684,93.789161701902,89.51265614376545,157.39885327693912,140.6312739012766,118.63392383593278,129.87063287738076,154.29448860084557,149.16857807149464,92.46193731591283,134.42480203997695
783,93.32107250960783,73.23607164793628,84.86568450729358,82.01717849606402,46.440679376528024,62.71283048100212,76.59502684551055,81.03816475941301,55.42969000426437,42.25162443856113,50.43109204351801,-7.6689165543397095,-6.334356244677416,14.29080254240784,40.554100728767324,96.75932171473485,95.58823200733107,100.90168879885385,89.30170507001444,87.14315619825803,106.35899483990494,136.14656533434982,114.35130999287439,92.55539786998264
784,57.34208767096302,10.237676390290105,89.69984932443514,32.34890788620903,-28.048758333740686,-9.271238795483427,9.068256102852558,61.75159413339521,13.265204296916345,23.868208738477815,50.478164307333216,51.99880592844444,-64.7087402057452,-33.23121102599441,-9.055549582743012,-1.861386090661611,73.5361643628088,121.80163735485479,134.84299694587204,119.25151896312832,189.12257754739534,193.6128362345085,173.72857084008552,170.14673187969422
785,81.27618722166517,30.619361294011266,37.18247756424272,24.292376040099214,14.477745134507348,21.520627627518024,5.668781705925973,39.36659513372091,44.59881573158508,50.55863478838839,47.12600696014756,76.63200075217267,54.83898398085209,49.36157764983945,82.96774073445688,125.19195771451818,174.21536684187458,194.8714138449458,178.83311684070165,156.09899054893205,118.23599724157705,104.94906495722095,97.6472380304213,98.88711650010076
786,54.833243425252206,62.30228599589393,71.76940591421511,56.51976850561612,53.41489283708624,86.23671257838241,57.45731123312005,46.54916002911658,22.57436465572139,18.052036694027443,-6.969970473482398,14.593508228282214,36.130279742216935,47.12819984956923,72.17637422797512,81.81539269847069,107.72676511940693,130.99693374671057,136.04804532613318,92.94031247611359,99.68050448730774,112.26070497116542,83.85771678198827,141.48295343291417
787,70.7820696965873,111.72703127460744,153.52089571400165,168.02539427877318,147.05220507354613,149.75775976466193,74.25158176179389,33.97271617392631,-1.2975185464763612,14.139703498394542,36.286765313771966,35.0366821256908,-32.84451757389606,50.846076176187196,69.52313169008679,94.94902634633134,164.2148900670849,196.0677783808122,121.79926216457645,231.8817997730745,218.20830909997017,172.48508338050348,151.1812656877084,121.01324883551021
788,35.90912399696111,0.5688582970983092,17.973740832754046,42.88683242579314,33.04306608690209,82.70984219988313,21.727106875425477,72.90525549409209,44.468554484849285,25.542998619043985,11.864776054429484,49.685112216553385,-2.798221595447586,-7.434102161333243,76.76972518979383,96.8902542193324,145.61886647173012,140.80395833281332,106.64254724098978,111.67276293955834,125.98963729108013,154.31856995847107,118.21672658795717,85.02683310090043
789,45.232061929375504,46.60715601079427,54.50391716786139,63.082616468247615,56.84605935024189,41.76087098727879,97.76937342502768,64.36202546972345,54.50780660459958,43.062326190028706,54.22791819921449,15.846825221979369,5.77869370469622,59.8916333044234,127.77930564139379,142.0085664307975,157.48072441121855,157.09481821695695,159.0236260230814,162.53583558148463,157.84688193205633,192.90271335779144,171.73086660231914,164.152882881912
790,55.9582794185773,41.4951789639319,84.44014280245761,77.88574655233766,12.169531587758577,81.29386603290274,83.06742883377039,57.986092539158975,11.54210842089131,46.58845964025483,26.750947446514456,38.205295673728095,-27.599045454372174,-30.48127332433483,47.11450183713607,69.94111620610062,116.54014916911726,176.41678407585437,148.74687157160085,196.90124406871618,168.10400544256697,179.71910664348954,112.61692727270893,90.33415234900387
791,39.25080883872111,31.149613350342964,42.848895945986165,44.29117951828398,38.64999035907839,20.22911535973759,19.433390128345202,-4.361748666413661,-25.297207408529303,28.47279613600385,53.029491418814615,44.446636488339635,-4.652204664914258,-19.647222138957325,28.2404367670596,36.10673998171936,83.21932035239485,90.3688565181103,77.6306728511406,82.12280389990413,124.36671381953475,116.56616954337443,84.29706804869689,90.83457701347376
792,27.913122345255044,39.9430837526595,36.067669311891066,27.98234481048954,2.5383690421814364,97.01535889891474,83.73373439715867,49.61931441406382,36.904358634089036,46.41187505356612,97.66452326726468,127.39689958680317,55.860635269901785,78.21017822045349,89.94457661035815,99.59409008443637,125.54403057677251,183.57641029594458,125.14166446729334,138.34113442256552,127.7900726452261,142.73069067482194,125.63723532579564,132.35942994410223
793,44.93520083408513,44.70266741086713,61.46014145340131,94.29888510389196,50.63503976684716,85.63637774124498,118.0641910414635,104.93683083903804,15.219994553320742,37.07849773826981,3.2520573961798434,55.10762273830692,17.111357876649713,-42.44288591926837,70.98588786076269,102.53468565358972,147.26547685583876,154.2594525636373,200.32127458786482,206.62091635345428,191.67803922122775,214.32076447155737,143.15609680807825,144.63470764884306
794,16.80971588708165,23.307750057079346,62.11702475385379,46.00096820101412,42.80412122881731,106.44097515313624,103.70167359575198,80.35002616486477,21.62015765331151,16.04615782953961,45.47153321857942,69.36419137230244,72.00017136065159,28.936653802731566,55.68702545580774,69.44421733961997,105.45780105729935,136.10288664333325,72.36420407667113,127.93457503708072,153.79471836151498,166.96604615304358,172.02966068756913,197.83530604714102
795,46.72574204120734,33.3016862880352,132.74848258301205,81.65745193266875,61.511057896571565,79.70439718085868,64.24338069159285,43.31383675385845,-6.067844092548583,-0.4111525044532769,13.529542330054312,81.22558496948409,37.61139464113042,37.82969027485589,107.88494121315247,150.6038418268364,163.1301396043269,158.67932101767133,196.34041914315608,136.70378244278757,120.88466582827294,135.6394994125338,148.61487761802968,107.76436344337907
796,34.01919909427649,17.34916815998323,46.23171649492602,25.481757205146064,14.06644558246128,62.3324730777459,15.793869247768171,29.553932895033615,4.398775073028418,21.87159873963529,12.430297061291807,56.35474718620209,82.3864625490402,60.39228393543114,120.68846846939083,95.2989694261401,171.20187146375957,170.08964452206635,129.23854902236235,126.1928567224646,95.54564970994623,-7.6984677081712505,-16.013949442125607,51.10165577420106
797,23.356032584953937,44.27849499708603,45.24528311818251,14.121384425081118,-20.838433580329365,-11.385768690559729,8.29499860522074,-1.5756070734193486,4.672566285026832,-40.85196114210331,10.488810670324082,51.63794505552297,61.12212266784352,69.34816659905007,125.97792993157827,77.55961867580329,83.63544615038973,124.15657739494252,106.55725006812084,98.4958233183335,116.02503820497714,107.84577656311987,92.42169118399696,125.6609531662201
798,81.41967006293208,52.75613486161795,90.04888058113247,80.89496953568543,91.38682483179512,66.57952959128431,43.288085768389585,-4.743879188436779,-42.45060758319477,-2.992094891457036,18.988402474802815,28.71586077302176,-12.7507974765117,21.595648188636083,74.80801857908233,70.80058963726594,123.5457962665491,113.39116091222385,99.30203277684559,124.8470059680105,132.66885484249042,204.63200784862707,106.89815171511506,127.42559710484784
799,70.17777074464962,62.095349612327205,63.430151472289545,-16.957535581719476,-50.45630006449588,9.193343289411622,24.3880693825052,15.70736554510755,32.00578292198598,45.927428894221194,58.285435470937024,42.52089142103182,20.522324868450912,32.44159785916443,94.71725996820614,99.63279749997801,113.67574597164494,98.49184295035388,75.67035980218675,108.53930964296767,141.9789429922449,138.78339816029492,96.65525778608702,64.5080480899028
800,46.59480459551428,27.424541955482894,49.006717229654605,48.38963254204231,-10.371722683081117,-8.031530928267259,-12.865856163816076,-42.90999812498741,-32.99026643433521,-13.151768057535726,18.60957530407959,6.143967755411325,0.4789992332705886,22.8610119944176,33.68376504552177,87.780998833603,131.29889854908095,153.2627718288341,122.15533832089326,134.7106982913068,167.07039083168934,189.5493019479933,104.07061746474952,110.7182782871287
801,91.97908923586203,62.78103414571838,84.43982444323959,71.4116433333804,35.03901742228109,71.30646619976623,100.5435434794936,61.95416655879518,23.304848428616438,58.70456785062697,39.177234016609006,36.19603639150787,39.54731170353841,44.34141774264277,76.75734766643549,106.70029421707441,153.11558676275428,168.4775498123932,144.52413247584997,99.71656853561649,135.6011316258332,143.9227670294119,126.70530804276412,123.08587678986403
802,50.80328469057423,7.261219226409487,-5.195803513628377,-18.323432161616687,-13.1030290170861,34.604376274053166,48.227831573621685,56.14172730587861,73.31668862938764,67.80095912617584,49.800902571134664,17.314041792323884,-43.050526322060925,-25.671993191022665,22.252032640442174,14.790318558264545,93.53953626650562,154.40218958134201,158.518991032928,124.65280229495778,140.82259722836048,305.4110373004904,225.32688613923466,183.59739464276345
803,18.152302527602927,67.46060053521143,103.37178383306824,5.580851742646608,-39.765861449046156,30.17048602371925,21.268587974162585,44.39155238839838,7.303870802916304,-6.636811698567563,6.0297085303187785,-11.640081519743347,2.1601121029324517,-34.977771977965176,53.941234747517285,68.93388531288406,116.59531569183034,111.80489087414242,150.73384793818926,121.56940382579991,132.4718599875931,101.38059842532093,84.76617180812036,129.60406977464453
804,65.34436969058862,54.68781934015337,70.81405296176983,44.44236523269983,69.68534124764868,133.13269158467574,148.3673363716223,85.47859892136529,49.68675441721421,39.46184472430873,10.459428803571015,31.680321933538856,8.179173381036488,1.4141187855965214,21.843080464324665,83.37890642336116,110.61172580240824,145.9614690139586,169.44265417651417,165.37417186848023,150.9333921363911,213.9061187650673,178.12084055658698,164.64715676413402
805,52.891642413423355,47.71449872570512,51.052060342323536,16.01586289408452,42.31893269588547,64.09819356408998,107.81388479438097,86.61933443717737,45.1404184867186,51.720983722756394,103.39750535475619,99.542055130613,51.074601055891385,67.65566506329745,125.76126120962007,138.09133603410282,151.21068154420811,185.0338891827289,143.83557957829913,149.61248883529294,261.4145117267496,234.02283041856776,234.04459285222185,182.19879117706978
806,39.03547104473354,29.246740657428692,99.26690425655356,18.299526650235926,1.4608603951223103,-9.906977591273971,-26.119662170539485,-31.99083490531042,-8.968931802162984,24.8790129921497,28.499184132295873,40.37434075351885,38.154055125624794,19.30889633888293,96.88842812230207,143.75156266009415,150.56804534959699,184.14602923024628,145.9623249896254,110.87049261616237,101.95417935272056,171.13470430488775,126.56531155179636,198.37703657059706
807,75.53965851228762,47.620729836812615,78.59051910336026,70.80174750071392,82.29727215267437,54.170419737889574,92.63770036787753,84.65372488791071,36.421681304032745,28.08642392263632,33.747881423370984,41.6097801490341,34.32492292379902,27.470867206716346,41.498382506538086,57.364070681843366,86.05082025673869,112.49571738537536,143.12251757360795,116.76291561062604,154.38221825486738,199.51438500248776,194.74371387980884,199.52468429512527
808,52.499687425389055,10.875599428753592,14.395976257807973,6.659168999118478,-2.142485531260718,36.71107012992036,66.96272872642406,66.80416950796264,16.037846855388878,43.75057939390966,53.85033925781261,52.820158915726765,53.8732287355277,79.84678563467307,87.63514038359455,131.16306406436405,156.7204838709782,144.9755622511934,153.80872045965054,147.26500775151897,168.7814191604256,172.3401433106681,206.5442177632675,160.98187613142284
809,86.12922963206182,38.65472879455626,90.48887909293175,41.244493279876906,-1.091086106499887,34.45375395622612,73.29407459909997,49.49223511316199,57.4060457063745,42.476018097645365,38.7668519827683,28.094131130239326,-17.617285981959803,7.453671396535524,52.85630598878198,79.75489562465003,95.82510067153191,165.3606862394702,173.6680944550588,106.30525967750206,82.56426513689607,152.14597044170876,155.835737892984,187.22951985768776
810,91.24448230386241,40.78992721922768,58.272129748751716,33.64492606800487,23.478131859551574,39.12405794655282,50.99533704540503,54.076342478849966,10.181442984594305,18.943555744157052,15.194254701839263,22.111493250742605,-6.9361545264542315,-33.10598674230252,34.16806983602287,36.832384959679985,79.43885926425429,92.36728309383201,91.76649799031897,86.73705480929681,122.73650139984244,127.73379976347627,114.71443960221356,103.73449817959408
811,63.992244490437564,77.37776853255752,44.881662576311356,53.86645672884494,23.126470106507433,89.97137543487088,96.81517692601744,77.80749654303871,83.90744133630561,42.92723496079245,26.346612581068094,-1.0820746196727598,20.07716048272121,49.070510971514004,63.84076061480921,72.59806555698547,93.95479748724821,151.77666095828425,163.6250946935787,136.5506254741907,169.6548996509805,184.05873996314358,181.02496894188428,121.77909729131733
812,33.82949603801539,13.985077691487461,45.47987945130765,58.87547140720205,32.59090631811317,25.105594162987586,42.39494769189912,19.786983818045996,-16.958067970494866,18.5915103410419,28.998445810446228,5.532209698987003,-25.113557392931703,-29.224829465947487,57.37626155368877,39.969664538677506,45.84739908309405,88.17232893138069,105.90333666212923,72.91363746821084,87.74855055477903,102.80517580087442,84.02273890425866,124.09634888121982
813,26.25819127343911,48.42240493235201,70.93558915292303,9.715306430480148,24.455139786370818,97.77230000958028,115.69920289253216,92.88578131436931,37.849151030432466,23.739387759598586,33.10550705608445,63.158069724405635,34.127171418937,-22.25529382095924,62.899694470392895,109.44062965511111,123.24813771132366,157.26337316776022,131.02999666786712,146.12421649112437,167.80792252185333,131.95989514906017,136.27681176988716,170.1973852265094
814,34.09988323638038,36.40682627929483,81.20805611269373,60.01921273990088,29.828852967883424,90.96396889947664,35.442140434583514,78.83862784852232,52.56176741486702,86.9255198551302,136.06537665763906,138.55567454366343,78.21029956592004,53.08444363085452,61.361309809729555,97.93194115072917,134.12862664595065,110.09521115780716,91.43494525875124,67.55645887437412,76.14053047445006,143.13353092324547,69.34792385408305,113.10913964014833
815,89.9451196564528,76.55468259191177,95.49455000480069,113.24746414465235,98.04000481867634,103.28526566763124,58.564812766650554,75.71397658147733,25.16725552435009,21.19105859101873,-0.38716480780314555,-12.351438834818062,-19.747409730220546,29.197045661268653,102.23959104028475,116.06449574010021,163.20326295586756,151.92058543030134,108.85898296881453,80.14682606316967,89.10639653209758,81.9008817093867,82.35495856595159,121.56281734138656
816,70.72330217611375,60.987840400034145,67.27133707208608,48.75113045556089,59.985113837187754,110.95754479364427,72.10483301763813,52.34607196630655,50.304788672862614,69.57561777907743,76.80257779600953,74.40326267295475,40.58850054370533,69.3549621191228,98.30204460974306,77.47749429842871,138.77891401640616,144.43315440823574,149.03366007007648,208.61046483297793,223.75897799303,204.74999689494712,181.22786262730176,198.655103622644
817,37.017397069645746,59.30996330271222,103.1471915388544,113.04558147012199,114.09922582437271,125.87832251877853,78.95218031233146,98.98661490962273,43.68264909951086,26.30208102328784,22.276608075007683,77.11538885992869,136.5971137544234,101.45660365974325,161.50521170819826,158.29517193382344,147.0452842888038,190.13491943436708,138.0702195780453,111.42186072982497,138.1655146662271,182.79264328476876,193.6866915085502,155.66786616465933
818,53.430728498336926,101.3447024207058,136.46069544762224,109.23172654373384,67.42815942428788,126.25531977054078,134.23262839621913,64.43636506363617,65.73712369981293,28.39864316041861,8.532853649593296,47.11966755303516,2.7149627989294114,61.85342903505906,52.51941285616545,80.22447488546122,113.40422133026378,137.59925499929747,104.25527110757886,70.1952273925506,139.96499711668264,165.01183497197954,166.2440246012428,209.50046827801148
819,3.7580104648244514,-9.855242192514112,-16.31836863502879,-39.30046434149617,-45.36106828930845,-7.8021159717591075,40.223190850135744,27.89790120702139,38.206052273596086,53.014364160504044,14.219946966351095,47.89641796808591,47.4039122564735,62.53932302491434,104.03010734934277,120.97168977872361,196.85551209029828,233.36481350481864,198.5838253193063,154.0478070307879,108.48774354919138,114.63430900785313,148.23224406283666,134.60369470846308
820,20.230354673431773,63.11321323987769,40.38069064303533,24.843054019267193,7.632954709095841,-4.84091486317962,-8.770031701578617,22.772169716727916,25.485230914062118,20.556566726985302,54.92155101861158,51.7133937386547,54.156032694411685,63.679648840796084,103.60947922874166,101.94354403876163,103.85430685191655,102.39083581568966,85.6663160767794,69.44002645019758,178.61254457095825,167.67209421317693,163.28655696858908,181.37311396914671
821,44.47331525373378,52.93787539804444,48.60368563600989,33.72102840679972,52.2921024763458,100.78061406923908,138.6660660192763,121.90349510438023,54.65977885277903,41.67791085780419,34.668674159572745,53.2946898468781,35.26821409506563,53.77680101439844,106.74094555279271,110.45001444654827,144.46577968525585,123.56453980646721,98.31580887712097,112.61913121203894,89.82427767108018,107.01057371915536,108.48857610314298,104.20848189459768
822,-9.312711049117688,-21.426741773675914,-31.494454644718374,-50.21412755234764,7.650325118981414,31.659281335713644,70.47692102684266,49.78144357979906,19.285623828700984,18.61189999145337,84.63698256244561,61.87059121238552,28.71570361648959,28.235172600842454,69.84491746235113,103.23005159143283,97.3556451486902,88.55705582391383,98.88152398803064,78.0428098315543,86.89209996044288,104.56515012457479,66.77817707606619,84.50662320905874
823,70.50031787138597,74.04780352881806,64.11673718132013,93.66428500452575,104.91764146307034,133.87029075855463,159.54085782022796,119.36878312495956,66.32738841902926,67.13922488455951,42.14644641582751,80.09118789061105,37.5755756848677,10.591756641856932,45.90514962096425,61.73484924332897,67.34380137178832,90.19607718842076,127.43134789377615,171.93573056199565,154.7238886681384,175.68185577966977,108.28912344653756,151.2029774224626
824,55.30559864611691,83.5587571831939,100.25882541663896,92.78235109217901,40.433095931193705,68.98466773276607,83.65001745698669,31.221823131633325,29.667891489848415,38.84615084320612,43.2588002456781,58.271272866730165,19.53037691372328,-17.595221125531246,52.94484050262862,66.47411599378371,135.08783957316368,142.3011303965561,116.8120397900843,131.61397909431793,86.19961220977484,121.96237641549689,91.64727693662127,114.38764920459252
825,10.64726962283251,-61.806294527553035,1.4027061407502188,32.844126054892726,17.58265237332035,31.067431277591922,75.1964170525863,89.20097542577349,15.770490731291417,-8.411436746397634,14.11662154850345,-16.361188197016716,-47.88117458984169,-40.45384202253415,-2.850397939684683,34.55747275176251,124.13007022691744,153.2506104888523,146.14176304917345,105.8980561264522,148.28778611645592,184.1398901876292,156.82225639040138,139.37234511807964
826,95.24338572219897,71.36719211783405,105.54453506770564,90.93743107492793,-12.914073203677347,66.56346376388022,52.43450184779916,61.83905676236141,31.968714992286436,80.6069513193913,47.389768441384035,89.43801563109493,5.055086038175801,10.448361575711278,36.75678220861016,58.53602459081502,131.7530023577864,113.82628538026091,131.38766879693605,103.89372620957064,144.87498413740803,102.15781906039564,92.51566026138676,122.9138642986664
827,46.37801448186433,44.0082726060512,34.48994298602983,14.241176968273031,31.790649416255896,43.20720703103531,41.28662498140451,-6.264157358012227,4.620757579137901,-23.258839080537484,-4.9658967297774765,68.70534263064401,36.59075035601839,43.359929639776475,92.50051757373227,91.70034545135037,152.17630625999107,143.51719408381416,147.96118082495087,113.16129329249046,147.9312120730531,137.09492566985662,150.60000841940962,147.0339264531363
828,-2.4655983032264146,7.118249578374936,12.673548161919435,0.6113811205420703,-2.7769202965778135,44.086511340354825,47.69856755685413,32.21366378903348,25.148622102979623,18.69927601873635,-30.76864177216465,-1.774646160649688,15.614728627531822,23.4877553355942,12.342968988771943,35.12729283705396,89.35394033381405,134.3669679373076,163.66877025740982,210.40838942643433,167.8641678308587,203.3912946262451,180.0555855155913,169.25976249233506
829,72.23736298747076,74.29819290900532,113.05387409712958,236.0191048039128,167.34157093875484,210.8732592744808,152.48550512098882,115.12353919297455,72.06251785670437,27.951242711575954,28.975755578418536,15.109685889744213,-22.48250409480083,-10.648632993428471,52.004922321772526,77.84927312417973,140.47349926747196,164.53931130141163,112.27031861165744,114.73183683713185,171.10545103569,154.0160789017227,129.86107844705705,141.19630012971714
830,19.97724382923335,13.735923619691022,12.730492329923585,70.08145707877702,21.540585108656828,30.81463930888622,21.99260662523342,19.844385388906204,31.397296479558836,20.36326693888841,17.3966063399992,66.35778561440262,-9.17790567563545,-10.662735051993614,45.085360549323696,55.29270133704897,95.96953843214818,121.83580925511811,120.20713069870374,147.3543933444986,153.39594848530038,179.33855003878818,141.37043280793304,170.08786508728548
831,7.97283450996688,8.678334337615858,46.846994568632034,117.8449149109797,79.32449474541465,145.9448198538507,95.10586950831177,72.50925653291816,-12.536697487620678,16.711582117183646,42.34750786222625,19.546788093777,25.228528671054985,16.431963952991712,41.87612575289893,40.755852695796975,103.49156783572607,147.85906679863638,129.67096539156796,62.423728743472324,95.69593677963334,136.80830017119146,122.2914576441404,121.99972983899902
832,25.005450261125496,15.913810217297392,35.25507934717207,46.00750409985599,15.272908482578924,50.78316943643842,16.467620411289957,26.784073701680953,52.538207003669676,-6.463294754006533,-3.8977566426354144,-26.71924716378912,-6.697878527206942,24.404769857653566,66.89963266941318,50.50898193038165,75.71719951679889,119.60850777595782,149.23643121610806,107.79248285294616,129.44541633208345,147.59942353102102,126.46630974935219,113.71842571536783
833,45.863379564171964,-7.897554726278635,45.178054513145874,37.71342694755907,15.304605719737832,72.47061818935653,79.98638780524348,33.2040233331021,-0.6306940040261395,62.85213286932919,30.59724447113071,33.29082553572635,8.291425752691266,5.640043464489551,68.7871595337976,93.37566239391583,128.41697488945104,151.39018537716606,126.4239374882173,127.18373695507535,155.2096105102451,142.61673949730482,140.41490211573347,166.2928465394297
834,60.39944947765885,66.0201277392284,59.852735595836826,33.65499674309316,39.60893202553037,57.57188257308719,86.37251672688836,46.80226958032392,14.112013832073032,52.68361993053413,41.20570815293375,67.91602607688502,56.21293199561425,108.38881707665232,145.12651970038442,171.2839808273534,244.38399798414352,197.35879940671163,171.1182858353045,150.67836089002878,160.9476169994648,131.42806036319195,161.090132218243,177.1264490421878
835,39.794655563442944,29.274560228745507,51.016440774087606,118.1059953625462,76.24775066594549,96.98648114252039,81.13181716408977,95.39201931530252,50.81708103301265,-8.489880043472972,-4.51164818979332,18.62131658675389,41.53067802797259,49.79099774461442,60.180317614020574,113.78409170237603,151.92364435587345,217.55155123168893,198.26830762202997,187.239068711978,230.03792390079178,212.7904864112662,184.56131974728288,175.62889335137538
836,18.160245043477055,38.77782401570275,74.57788830826581,34.27212109791253,-12.096074516605448,80.69954050498013,96.26574528532656,70.15380086071102,56.57928119863288,91.55777804510637,103.83980918480952,108.39603812340846,79.6544880839383,58.6064253938486,91.6113673326611,101.40725084268472,110.98269939876035,70.14711168057195,94.83975272169796,101.57850968121068,88.54216832584115,108.73069931348445,92.73352655897438,136.96311066851592
837,50.917697198173926,44.74182459008848,108.08584734466548,77.72499218234125,80.87157963636085,97.06479153533598,128.70596781237458,93.19665724726025,80.13828661818535,76.17806637647003,52.43314657733413,9.465349031730206,8.900282846276456,34.74271298814997,83.18397857949812,66.35998389932192,103.61180146607632,105.96417456412158,97.87310537820309,171.01392794665637,132.22349706789285,95.15954498506856,96.24099828676725,100.94009111718005
838,107.81423618181323,116.7217602682535,91.14392240711109,81.59542598124287,37.450379573908506,62.193967677931916,47.232940131434006,52.591082313761845,58.121334542704346,25.231179636531834,-12.489511052179658,59.42349112821485,24.650670769986164,-3.7618058776737016,78.70961270875549,114.51229666968831,146.65750859863473,187.59789223361582,136.1357691595018,121.18274316458897,125.00772341158486,146.59208768053008,137.44931509829146,117.13063566590068
839,20.186191192093375,12.873806906168262,5.320321959384785,-4.597158667733375,11.626721312565476,52.40392597855784,54.57931728648816,75.55802684213187,49.49388721281591,74.68877620940333,70.58171829107893,111.14537513919433,54.19038930375669,28.95908740302683,105.40490360481951,119.14306742752849,205.69147117459576,211.67561204697364,211.57436432672168,177.8042519947894,163.60008546607855,165.19901452588056,150.60968356492384,99.46321745466739
840,73.42046537588537,77.09377785471482,56.73444903211383,42.350804642897046,8.83435716843622,38.56901466466865,78.24574300118707,42.32103792332755,15.752833003854931,-25.488909502599412,-2.0934838266672386,-0.5796552011173617,-28.977007076078102,14.666993545277776,147.237213763736,114.73510106439723,168.13395876243237,167.30753747599113,140.8210721302971,105.57768507727195,115.72569420553782,121.98260342844709,59.46093406010007,96.70699195758966
841,59.79212663639336,64.5838100830932,67.82085224494753,103.61320764457929,76.21634657394316,69.16647886219859,41.9107838374448,42.33020455607901,33.113500715198654,57.95705228316789,79.36227663804851,61.17161002500921,-11.028619299869213,10.354829055744275,65.65894186818223,104.55170540885202,153.2758057058607,175.95605810453628,153.961481701356,119.8056569135581,93.35836241051952,119.72918175851963,120.09652133548718,142.5272979624475
842,68.39514182586399,61.605923867603316,95.11780023838334,117.69520364279609,16.109292466774228,88.80594344324354,86.37175699621642,48.83917702090196,-1.0495016810872642,-8.989089384807777,5.721218965229639,8.505991679646463,17.638785457260667,25.10995008215223,69.22537423815623,99.11660647167561,132.04978445853078,83.66662991408248,95.44920750374095,144.1309913881947,174.86713555792744,199.39825763166442,143.1329684890773,145.8501744136014
843,48.66175078627738,-1.6485472720248495,16.8114315204962,3.37493408150398,2.6682298862203453,17.71877723713741,-9.69838827506834,-174.3295256270559,-160.77208345109298,-103.1719573113804,-64.42563481551119,-66.23392812406918,13.463139983337584,-3.740992842810794,4.808828306369918,44.970765805759555,103.48652331996712,131.68769858917764,79.39455690980381,60.05772360801887,88.1158762871336,141.9212088828758,147.59632951268688,128.46156244937643
844,105.58994974362298,81.71233360477672,89.11189225964534,49.25575430550204,52.25229479307316,58.99760900818601,64.26380404291936,101.61424589493636,31.03601028075259,20.242424885236296,-7.814938499631893,24.52537957049163,6.689404254245227,33.68815045087557,91.55283510701457,73.2278464700199,104.39945934724548,135.15576402634247,163.96481644227055,146.24998638428855,134.64495324554906,167.06289685896277,121.42534048696183,117.3833606000193
845,66.04284248729306,44.030405281862855,83.68834065983296,89.06468826704352,63.20148195096671,92.36179347204907,108.72688969879573,68.29148860509048,27.362278090312046,-4.2666655342802144,39.96750361201588,45.173579752226004,9.731166157274995,21.813734259879478,84.53074734316357,104.87164081966668,103.89274801588174,137.79525294230496,109.3318798799298,79.52952130846774,74.00746437532464,102.73445873331792,101.57829237327127,123.88213591801984
846,115.15038555466894,94.63437789807978,72.34708970200063,45.119050231352105,29.017237404574434,105.82290931453718,94.3111597021553,72.60145955144174,60.25546396748341,25.43337836797153,56.630573173797536,33.383926317315755,14.042063359068173,1.2775387163372365,15.263418832386392,76.7595841730045,159.94530540032616,175.07293672180924,165.40808039470596,126.78645377222928,136.5538281961855,114.99615952561568,111.05975789492544,105.30730492545234
847,18.927961031575176,22.367343799763795,30.22639458836959,2.3057165785189966,58.94096805595109,92.78320753459383,114.30994208804378,67.50677185764302,46.88225677520643,32.958539127722226,70.85640507410498,115.1680175930913,54.6880412973142,39.69754155536933,78.66862502659515,86.16593019127389,126.17141929159453,180.53090086931525,164.4283251823992,97.79691163399843,95.3439815557682,122.91881380558412,84.06936443589879,127.75206193944172
848,97.04179795008139,96.82488621810829,126.20695715247332,130.87465658975296,114.32943049029699,87.25309286405329,93.17985559508624,72.95479114696278,76.50821118436349,30.78815731878426,52.20833602308197,70.38912869042446,29.354572073805546,16.526293339363114,90.62325843689656,94.58260354872091,128.41715045260466,134.23435176118468,127.00016964210305,123.38766007501836,185.20316227488658,174.734657940451,127.39130124129167,111.56294695062525
849,80.1610324512781,103.59946248419902,98.76374695581231,51.40389585504563,33.63236011022117,54.786444899052796,19.180778244461216,37.81196136263739,69.45934311695318,81.75428373792462,88.68820117361267,78.11844265301754,42.473598412433404,64.24648888380278,110.18715538669699,73.70163309995365,98.78135933518128,127.75083329252982,47.375244030277656,77.18050229363999,87.91753921794879,115.83000890665662,109.8369615264948,114.20992592445765
850,100.16390084229141,84.83661688606696,98.89477343900047,83.17334518583581,10.739164901391298,34.813718008890945,75.57986667713865,59.39095755427174,27.010715506686495,26.410904678430263,11.517610056533382,26.848786888000234,32.77957793063818,57.01552479373142,82.81972617262757,103.5273171059354,91.76867658502454,146.84396591472716,133.8218976274722,82.2839235577246,75.26056793283026,119.03329248559584,88.0634786888847,116.45489765722016
851,65.02674725762834,83.92119732517887,99.97313680379852,90.97663094172799,81.17069313498656,57.71355676737722,51.220917456281356,9.516958013924288,22.797039769508377,51.03391835213898,51.13882214002956,38.101447105015666,7.483848152497298,11.249653164774635,65.99534625127949,104.35452110959035,114.81532663867902,173.18081528234978,125.51589277857258,141.57639759647856,131.7276425859171,188.3428242639426,190.24465947128087,175.61831312876728
852,35.786718965627045,15.176528375401926,43.38792510827002,72.22775892471984,29.1357880787156,20.50076375783877,19.24500119865595,35.72783654953882,30.911597791096433,26.063859955780913,28.826301735395695,25.418814932088264,-16.741579292130766,13.052470814509121,71.264885948737,114.68204875629196,141.67854192169386,142.42173102295212,94.94664526057453,102.99236328064075,136.93312602529056,160.26977122753095,133.0505952069437,74.31420830643331
853,84.41050951919365,61.794425387652176,61.64153164952172,33.920057621154335,-8.63337522362525,29.785925489042356,70.67728238804008,84.98034638978244,77.80825589332204,64.01181400847605,76.8046688487685,47.902402191860006,-25.95558606282777,23.28955214427195,124.38647615202531,115.03120496103429,141.48166825325558,139.69384764463948,106.37679250926139,96.52838716203023,73.15887457682234,105.22124518900429,95.20830100712999,108.74918265470207
854,30.005788521485805,40.81852812258409,69.24985331603679,45.83828127926205,11.290444685144902,32.75741145423344,85.37499826604655,81.94535916997167,5.466800696972186,18.71308424755234,-25.363566517492643,33.116314409263566,42.82062781326738,66.59528265300165,136.80016616442353,129.5920309598149,163.1868526309484,138.0090788049981,141.56386735410632,144.6259864779733,165.80144109383482,133.51584109357725,58.564621627196914,189.4714860206698
855,58.11720124013832,0.050808636639153804,41.08287182765532,8.558533032316639,-41.51526624872368,-20.529388480360794,17.29553418048883,13.112321417175295,0.6559657225978484,39.28970524500504,7.557351593896456,39.20399887143333,40.51757927601368,38.680990908913856,42.18105466551192,27.96450226647213,28.70883343484904,41.19172113976447,56.81175014442262,-14.32715078867136,73.59327916655559,59.749772856017955,82.6892404743885,104.55432711081076
856,70.0666296433563,11.344178926822021,27.22674066577305,71.33458816238148,40.69182492662676,68.57161553816752,88.62482611981596,63.56942044789401,59.838347285933075,78.70580931062113,75.98363028831542,46.691024023737555,-3.7190940392203977,9.573017078482822,137.13824038382882,121.56905740187273,144.84204573055,155.98391477393696,110.39183694395639,114.76437349206618,148.3330029892092,171.7869310168135,162.39123359199343,157.00127318743247
857,113.66242919731661,79.56253142526552,119.37410911819248,135.1286416733844,110.38279687910843,122.24295513816875,104.32534649487053,84.71338093042989,84.74580650708194,85.16741000118424,82.5365089210978,76.27766520093567,4.909887856325117,-6.050310922139374,43.26428150268659,47.42616740885037,80.26794630774074,139.76663566015503,141.49766985854367,143.2215030399423,142.4869996811882,130.43300948179404,136.82714500469703,164.28282027140534
858,42.3687208584306,57.560552924879175,81.00060914020624,56.17243196180668,47.69812346511391,122.03979236195725,97.18217158930034,71.27706343505028,44.6500161219857,32.83347222290967,-0.7288186208738026,38.83122240707766,8.712851129817256,50.69477813520634,120.79917268221377,134.48938129327067,159.04895977706016,137.8281931199806,173.80131611766623,155.8500877429553,148.10625087810584,187.762511075869,150.69149174242003,116.81312086356701
859,31.575161856778596,34.5500935756664,37.47541524488831,70.83720497358435,20.515116818726376,78.02725094164704,73.44797799856632,74.98705697376242,58.242470980680416,41.440039493754526,100.74941109466465,76.48884901269193,77.64703043037744,36.936705440978315,78.66401222329814,98.09511289394982,102.40373988168594,127.61310757354062,117.17403445557223,107.59076769757364,116.22080902601583,163.27185616228448,165.78417166683315,133.39331400966745
860,76.13033797078916,50.269893729828794,61.93138708669062,56.713499355856996,38.87166017651036,89.09823316417264,91.8700484188416,92.87476561343419,8.31470597672228,11.970124571944886,49.457177111044764,-9.254222434359761,-8.277575163581599,29.369944261336048,43.89772816309592,52.77327284589385,135.55745082690694,156.37301479009952,155.5561763226919,122.50237116663556,118.97631642080232,180.85636961285215,151.20343733734367,167.72607472710266
861,0.7021982926926285,-14.670121034757159,1.2729328151892432,69.9691529282317,59.28876622945995,39.011118173292544,41.941610350329725,16.43494032241304,-44.128138626207985,-23.910101706665785,-10.06853204959716,138.80431833348868,71.66900000899157,52.18187170611513,100.15357824216447,110.84576670726686,121.9198734966799,119.81875626656345,101.80903593489433,118.56637024353658,126.67804819144554,115.24000750026923,144.37748532634825,168.2317140136777
862,16.711080202545382,11.399651312104009,62.39502569425193,79.436469277796,27.50979399673336,26.578201962336784,44.66292529718037,27.234957871360827,15.160957645063476,-30.98261890060862,-18.20202733405869,-48.32278920215818,-16.736917464134763,39.69677413165723,59.32264723053545,27.767029876181013,69.04204612352966,74.12877238246175,87.81421079980777,90.63330142003336,110.80912344375994,138.3273759859891,117.21111546931881,118.55858789723322
863,62.578011610935576,83.32186075442368,81.82501848065871,104.79371898571276,103.29018109272361,117.02455451690727,90.07926163469108,24.95948376769673,4.362514750513725,24.55912629052693,81.54763848097284,89.13711479777098,61.38246695164024,50.62595057533177,91.85068308735157,142.17276494112923,178.9219511225888,244.94082101001976,210.94587510045034,162.97321119323982,141.9921298060285,173.4272621087201,176.03978349112373,177.26663782161899
864,23.873380188382527,-19.25555532891392,15.44678221073928,37.664030203618765,-2.6099793192978353,75.31270379919215,116.59966174903175,90.5010811529601,31.266308755497068,18.14742205117353,43.78507483038986,83.70638399077741,10.050851781456004,12.207737977536002,78.17438202740365,66.74779315744665,72.30653193299705,68.6795603606675,72.84451488234262,51.30746965274953,69.56713193173512,93.68878772156597,64.54587863645955,91.5651807825545
865,36.74113492195036,6.12594025261906,-3.4092638237540456,12.439724348745173,9.069262477471462,38.56318469788219,47.00913886690959,33.32572219001976,37.45076832184816,84.53607160877465,82.44613592970651,54.332973207788115,-12.716615435823321,23.1952562217713,81.7822711159118,88.4013145907082,119.9822685959921,123.11931817915419,85.55027665965864,133.9196384494634,140.53456399641814,184.28268953615452,158.51944932380908,153.42064111977322
866,70.60809146044937,52.970748175752725,43.60112093757584,102.63859144615151,63.095424469964236,74.98434052854367,45.826378630016926,32.72893740256207,-24.700279047322873,-12.89753907339039,-3.806325319283779,10.636200008522547,2.4476773633108877,22.762421353284957,42.65784891923285,86.7271787406325,92.73692252566576,118.8826517812503,91.21882451970342,97.56131353781937,83.25896830187129,115.6112027669291,75.528371513462,61.981794467036536
867,95.49643066727606,46.39301342166283,55.49121520492473,37.610974949603424,26.788341124139055,89.20702535764967,72.69264670717175,61.31564389315602,18.78889082193949,55.82956142026035,22.030852786546955,18.74021629197101,-31.22200714903184,-4.117733672942926,28.761469020305356,33.380850723912005,71.01213049079004,136.7157269927137,117.6142301050617,140.07450373307393,157.01562512302502,164.50904053186375,167.62148922838907,214.76517390260392
868,107.49737142190843,66.8014843039177,14.666469164129921,5.564433253785175,48.614048216556796,67.89939381557545,50.99025502016421,22.929904479982945,50.812888802124924,102.89516577553843,120.0158891054594,36.55704969412079,4.698500341970142,35.30939830281507,126.65653406239247,103.75357133716828,119.42914979173597,152.49778352999968,148.32063905901614,107.41087377859797,99.58820865416028,116.64287746291377,100.04955647235374,104.20840006266957
869,5.20723479055755,-13.313839122830288,16.762469767791274,13.760374037907411,27.349664883889517,71.04909855679145,43.7466390885169,26.12429598285361,45.80130725543115,-0.5673972844623876,25.770163112283136,32.36358690259939,16.648115571760002,14.934580171853314,84.54501799745002,98.24243364218256,152.48669753209364,138.9297615433469,141.44585728653496,124.3859478532232,108.56693780467089,109.45103655970408,95.30593836567942,147.15365987690882
870,100.20481102748693,102.86711437484615,81.15232992849926,76.57345785819548,35.03263105962988,58.801551558880405,31.700254971714898,80.0265445118395,36.67646489368516,19.895128120273053,57.064570327461496,32.051156319631204,12.39397682299019,14.362670586026386,104.12377214612398,104.20567346212586,162.54056912795238,182.61121245748086,107.05747497486834,87.54990831458807,99.03367868246355,112.49644749130385,99.64789216828905,144.1456511046604
871,88.00302980066608,40.18036852393344,59.872844438454464,64.65561289578761,30.576121627962266,81.77027867397848,48.00979349867691,69.2098836098162,34.19183946017692,55.547444814043,8.933364570644276,53.70825861617545,53.36984066873741,72.33283630691051,94.12091480493154,36.2966390347394,77.09957653653768,129.57705268507823,124.8069560949861,120.28602173430636,97.28322377557971,149.46824338535563,172.66922818676954,140.36953531184912
872,88.99204935215953,87.18884436453496,80.10549855256605,47.14969639984607,32.7246720588625,103.13665129587541,118.04068295418631,57.282131145996644,37.64765323710514,30.497246102663397,43.76572348472196,10.947334698828442,-35.56962496847236,12.552698757262846,68.52579517168614,77.42377931366804,86.75704869352337,147.97399004277298,137.80352966204958,171.14983336921586,144.80346333292053,200.80060016578068,134.89946695173094,148.45336657051303
873,44.29899776040253,33.65411601522098,42.08389423121831,38.025112743932695,31.648278414474653,77.0931065156004,72.16707258609168,84.6805548813238,68.75490868962675,58.761857240405206,32.214724266788984,41.00506512325816,12.77260232670721,-24.970182557572066,70.50106864588268,70.57640453308238,120.37106224086668,104.29115566271369,140.86714353830308,88.561048153341,117.71754815107059,146.51053061820835,151.93031201188546,142.22955763590556
874,6.382210993739598,46.78114638836108,75.91141642716592,67.72333693807376,67.08567623853291,100.68682499314534,137.07009950682482,120.75065886276545,63.64469535110212,34.26041429224844,36.64466044882634,82.89145369851522,15.82949623556452,-9.033009144122872,35.57857403465046,70.45702402666566,95.22515263639309,119.02139810355733,107.49381277515735,129.7032663097682,182.34949029117695,234.4795731065383,199.95306196258798,159.0856795775794
875,36.89583301793583,46.41501655362713,52.33733827638163,62.21318376804557,-15.871007738801147,75.73042714193909,84.66878047937875,34.494699950332986,12.981762779731291,7.649515840797044,8.150157485973136,11.37466524506074,-22.780947317281687,19.446911350740287,94.90435116486444,117.02588974548436,149.18910088564428,139.02132020925887,138.72495909809712,116.05029666745956,116.84682982112942,121.0053466643732,69.43660197318718,91.2893607940025
876,61.30324952361569,37.04075444175619,42.576667793095666,12.850301245480061,-12.88044915970245,29.63884366616559,54.00597285359636,63.073698274525,53.151557022546214,48.54497580333856,11.885854738387792,27.609198570263008,-79.35732100110229,-34.319951633796286,58.460286806940346,64.77606583619246,114.29018890538984,113.81379153364233,108.47239446673426,110.21349953152983,120.22122888559701,147.73197433528847,181.9853336719891,201.30336817188322
877,26.8457543619785,24.057000260542097,14.242351565333465,16.233058828758317,32.05192138899819,70.6816561694196,104.65942578433591,79.643387788284,-6.673504161726683,15.73130041604582,30.860773935083422,57.7993307697558,-6.298683739674825,20.304260409242808,46.13415579811902,82.40726066192362,93.61017911326655,127.6036473728331,104.40744713994009,107.67185172808452,127.25444925818806,163.75134267108058,160.72246139974203,178.18657546725242
878,61.783056116878804,-13.245796991189756,19.652643991874022,43.64479494799131,12.730711862903082,30.630930396449514,47.871071421534936,95.92550056873073,23.37463882673333,21.208408978631066,30.25609149380202,19.553169898988322,-4.066265070838522,-37.618369514105034,9.683158569904165,58.47657283871958,70.86196862275747,130.80775825989747,113.24464992054845,96.11836590945218,139.36148537800517,169.42519031464457,137.09053225014685,145.49002288575682
879,29.607692216449436,79.10139052148855,96.3851977856169,75.39312680843588,55.04462780270126,200.83327213304472,177.5056555657137,145.64968638529058,148.60851372932075,109.87295176908074,110.59236334918288,125.0448965089932,57.19489747060119,14.355213485949704,92.21470583443434,76.71628796085113,137.72394325069737,194.63904027579807,176.46926530176887,195.89791059759784,210.52529352356336,207.92376004171854,180.61046676847687,176.4179001212612
880,57.524722192380054,67.34731561502663,92.99222737906283,41.57416516706676,44.468421812974384,68.49322525170643,49.15204012046915,39.20509536590559,22.35328787299118,9.789126545072179,-4.100397244084789,8.06572926011787,33.96400503319374,50.73562933054996,89.28273345138275,91.29975209297663,117.88614101513039,142.34156695452427,144.74903070740615,95.33699110102205,138.2341839462764,119.37684562160092,59.44242902563545,96.76476967541598
881,38.62710024860199,24.933887577075843,74.20194371387191,48.44945795766903,5.261958852283051,51.27426942473168,16.364189904773426,27.173492522706,34.91405579756827,-4.223611303485576,-9.000246942954618,-31.191610246667622,-58.28257729498786,-27.06535999864623,92.30550751276972,134.54759746414243,120.76302680232769,160.76509980257953,152.27379891807666,125.70254103677178,150.6055307947551,183.7603789167687,176.7676943367121,162.6035592673839
882,41.53919957431134,72.50334602522489,70.54758207072165,120.47076390261114,52.310796347046,97.9810212820607,96.3750373562516,88.2870831717928,68.68207298971186,95.57931339499808,93.61810292592688,46.822614056705596,68.50118853678511,28.557588224793214,108.55347954438471,133.89311235743628,133.5012624020722,124.66158708785007,144.86796290766478,123.32976682611174,145.77295383229136,129.47925654740277,97.47306077818541,79.50951431453925
883,83.83136529136438,43.075626159113924,54.613025532965565,67.78857576806054,12.864189767924529,125.9628338633159,83.45829585449783,51.968639006322725,20.13823931882151,18.496197234274735,34.4002236890413,21.843778211550966,25.648885213279826,51.1898033097806,141.95830088612044,144.66394130804892,137.69812704542792,108.87571264999885,113.07231381097898,81.1651662102193,161.3396578047264,185.29968005474743,171.15963448702246,184.84490139199914
884,47.32113167671622,51.36202808630104,56.74097659042797,80.51838926043635,53.16861169583855,72.89806676413366,36.283961276657216,-2.0458509605789175,15.693577829563946,-30.450811913414533,-5.298414716397872,50.26456105522784,21.631910945562577,52.53748662165911,94.37708885079218,114.07876704959979,114.08245764283657,101.11110166191796,137.43117429960472,85.9427798684979,68.03283269373348,96.91878428874028,73.46155275631406,118.58437375419433
885,75.08393479035539,42.339375579578196,70.10319774022642,71.65423094896792,34.4517403042612,47.09130652046892,72.98189837112763,36.32504360931333,62.80968699645281,38.70621288738835,4.108830721026457,-21.680158586311187,-10.890070971858961,-30.330899736799786,94.59688469590765,64.99997385095268,129.21429045909767,143.39952545088926,173.09697088663648,134.83707982898898,142.65067625656079,150.46551589836199,93.62286086556864,110.19404385840902
886,32.781225459017435,25.526949904899634,73.49557483003385,34.87596450647041,4.706808002771179,57.727931401457106,91.6167603405647,53.354638831010305,51.3556375200783,42.1693799977481,20.59860850719126,30.409218385791107,-40.72959872254488,-4.1082439794255095,43.12137865110644,78.04552331821975,80.69239112716176,80.56805254335532,71.55954610745758,91.55326322949456,99.05814075182444,104.5821612053604,116.02064167012391,110.00751231346575
887,39.90552377249802,11.002127657301717,39.33492505153161,56.50451055808462,37.5022804005215,77.54735699106499,47.864288872996156,8.572556180367357,57.31096077840828,19.68975245271765,17.577871742731652,53.51882487036673,68.03832487981207,63.06845210275859,89.00874824085707,89.23499578909758,161.6983859792172,168.66013060317647,145.59877588695048,128.46392508921983,164.7271374628815,173.16838581352278,175.19917875789503,197.4086278214482
888,67.55348234862484,47.28725611417039,59.283568820155466,40.74924824441401,108.75013246462059,121.17516694809247,96.94237627872155,118.2580296617285,35.28580565274464,64.5190535800719,59.08813064709556,52.14369569291428,61.73811586519746,18.52195860523019,79.43573165163016,72.15210847603123,102.97010532174417,153.2438269402279,108.30079507608033,104.8468384288158,143.11346626199895,152.8724653436587,145.28225649593537,153.65882203408177
889,61.185945913668206,86.75569243048074,143.51593556102875,104.15458893121382,88.10010340404052,107.21717600563517,120.99948389397179,73.67347043154966,32.93241690889678,13.21497053245676,18.140191445676535,6.894982077754122,-15.647023130910014,8.865804254798476,64.71631570609996,102.36009926401823,128.09692999946657,110.80095014683373,137.92603675513132,149.29119415721516,143.5142281731129,182.3825961824776,169.13405057370198,209.22097593144798
890,14.845911421456265,14.399967493129655,24.099184107510652,43.69917946064368,2.5236964363041423,45.16383895565973,53.16968736821331,49.71536218636365,59.83857860901274,48.07333388632527,15.347717380316876,29.003558216866452,8.794594007248579,38.90489506150545,108.01509688546216,102.85417451102161,127.07587693065275,157.9558444017335,119.83730095779168,171.18500873881948,148.8470890784935,115.41153878804474,108.01902446286508,162.62885439559363
891,106.84724853925832,108.81148722031465,71.36724888268645,52.886727181760484,78.52866971915134,97.72712400379761,128.7973774816179,104.37805012342059,60.742844267330284,26.73657502406745,39.70497091255233,30.124162057079964,-13.747117826266567,5.094653866805924,63.23546296173774,77.78362512564556,116.75997074107028,137.5104014035493,140.72703730700908,119.68483782941557,118.09249396886014,123.21656437572177,119.7443082381524,179.34416549380757
892,41.723344168507325,65.5840991959082,109.34678810660213,54.69850987417747,36.52503771946825,71.57185341840936,119.60209436762013,67.15902483412066,49.83689620664758,49.3848808461734,87.80433224120759,46.66160768667925,-12.948455070789684,-7.965813987624827,40.252894778805725,67.3621772514312,86.24828416305797,102.88985978170811,121.81110584721986,83.28145552841978,123.54206856933433,182.71242336286775,152.9897550034042,156.75780127137799
893,102.3239945021807,59.845682891574796,94.69361912956907,87.15362777970041,55.80200495840929,117.42793057307105,123.68139311400883,131.13485799298115,62.24522394949366,65.83014789617452,65.72639230484688,74.78254911622348,84.51982958623402,90.92501413718662,106.2038423357967,111.46627662872234,120.43082895811848,174.56104740113398,107.81434168781696,128.2040320873861,124.7370153025307,158.9441135495276,180.24921931551282,184.82927026893373
894,92.18022527884642,83.29890098157406,111.0621288121678,48.96698062119633,22.069941963359387,48.66849190990884,73.40877431924419,91.12145685534098,38.71374631727523,39.24177894521765,42.360575974062286,13.935818769263939,16.578660118948946,21.475818071496015,105.65885852499125,136.03292114526775,142.10145684269722,133.4927448551193,162.27212468585685,119.79570137477788,116.10297873609419,166.2697702488739,114.73993467055301,122.84311898700676
895,114.13264303236971,82.62400769140798,123.7535815375355,76.95023798641803,76.36920752898149,104.40130232531334,94.67996111885154,56.15027846618494,16.50270427838387,36.74710746934291,22.800679428528362,26.628881649674735,-0.5699032500922563,15.852086586754126,68.56182204226866,85.51858812557751,185.2790577157349,178.9357146474134,170.90401272450498,153.08415865605923,150.6362260860228,173.57194697232035,137.34699825323972,142.86138431958219
896,56.55697099979044,56.785768434992306,103.04490327508705,80.0946832025794,34.15631082282316,30.82262553018242,52.94967579326692,61.416537566254824,42.59666964675674,5.460877447354591,7.9467405609512625,9.698223538627936,24.33656873960302,46.98249740270846,70.95355267339252,76.11549607003775,132.46977951424708,126.78239325619461,142.03949880731213,141.68589981990345,155.09560092695546,180.2913367832906,172.82075950445025,209.57606210690153
897,39.60458598041458,49.663997130495446,80.1112148374394,36.66174745206113,14.068141686783484,52.034411696798394,58.93509181824385,49.08987058294737,19.48195783838863,15.381315101446312,0.4749425615917815,17.555452207457638,-42.139100556431245,-18.467706059304433,60.64824176468223,67.91157835110351,93.69421516701506,118.33963579494126,134.69773007629874,128.57875012009328,113.55706206618768,139.34528217737838,128.64381812552412,125.45756069934247
898,183.19478710006194,126.36183175800106,120.83032256334545,64.91572748031129,25.266613146084474,63.07246900860969,22.52311462346389,66.53800861316084,58.671154943242335,54.95005588340758,13.48674244266022,46.98497238222404,10.455598638100236,21.15447004073131,30.086082945543254,88.37963981390772,118.93175478416809,140.34529965741925,140.3688970427472,129.74564726742736,152.36483955354728,199.67623412149442,213.37981063045987,235.2761348048062
899,40.739610814420544,46.58091142525644,38.6644429231936,40.70858356408225,26.11711436473468,65.21042397226218,53.812301443322966,27.499692326305095,9.663234534708057,-10.84081040106534,34.090304424222836,34.301665234855,-42.73425056717007,57.902394042235976,95.13400684635394,156.80746124704552,161.89804549271727,135.1459527342114,111.30463813816887,126.23196696688348,134.99532030185725,162.81924590760693,106.88756576789518,95.85490754051078
900,87.95795878617785,77.36906860719127,117.82744063679849,148.80200894128848,134.5080324019226,126.36114502163545,139.07879157844604,127.06734108584389,109.32943003635583,89.99230630341106,32.152242735408514,14.276168712340873,33.25985501483112,57.418298296860186,69.25918443237173,101.48588671308937,118.24211822160866,105.59401437616486,118.66164519592898,90.66746143291962,110.42083423856877,120.80835420879423,99.59330925324436,97.303951861439
901,65.90790415897136,69.00750783441526,77.1974290515453,71.15074375177784,-12.262745562350595,29.176230146507223,27.715077710166966,48.21974299464707,45.882269142784374,11.83621161544756,35.83754944998318,101.75858281704907,65.97614948973458,32.59790274244263,97.78243114303507,70.75985843640233,128.24172628440806,128.78992345365938,89.34924737877576,134.42580352462582,114.69992685665478,162.00449745782052,145.05442100665516,135.6500790325701
902,30.06922346699163,53.61747769177058,98.20495356058186,62.22794357886963,-1.6003308705772525,48.64465338703802,42.448324210013226,43.615375130996966,19.895456246524795,21.902018937716434,24.273904568886962,49.44900822914367,-6.156731737063801,-30.831594895358272,17.177408317493814,27.98594495839251,39.88325436022784,80.45595094151278,93.94204358595448,73.99217795861315,105.51517569224265,142.33746205806054,128.21438892051475,145.5561023232587
903,58.043000316429634,23.50455841557198,21.5755293311784,45.12684071547769,28.536759680397115,86.81824046468815,85.88777371072928,74.72222884899452,10.35452409295209,-8.366317945471984,12.419181412880814,5.495035264688333,-45.59008299268245,-52.67860664028711,-2.2065659941004157,21.854512003397858,65.25283014855272,59.84363179786064,88.89022221543918,118.02675422313959,164.56133729318955,153.08154992328002,136.18675111512684,128.22375428219453
904,8.364117402937381,-11.494669261067187,2.13882205560148,41.508237305759586,47.723841324545745,69.14950409200313,42.59432042723869,-16.924447683606147,-10.877978875469168,3.227204046433094,25.059546401618864,47.005764319757205,25.30784247000129,13.034234986285567,91.23486079878481,88.73876628466894,131.62164051189964,154.48363488936948,129.13843502771974,128.9728977353102,109.64733646508563,137.69216626611086,136.3737137241956,155.7145064272989
905,95.8886330392391,134.53953200710703,110.45595952445183,83.16234378722646,81.38746696778233,89.28426503890411,107.54401766032419,97.86458906080256,86.41170864645812,42.09371095084494,51.80070571153237,126.51985381045672,65.72118783612862,39.71429557659268,28.535744187986722,79.93766753100256,132.95553462191452,113.8679956288078,120.41257817667751,72.44979490888905,104.07461266390317,155.0310422330605,168.1546462521307,130.80019851145957
906,50.58790842347878,27.251446750722785,47.66997712366245,56.97990431700678,11.696418967252772,38.164358281949326,36.10203629655751,45.45406798869554,44.90265123061241,4.5001566158939,28.923307151132942,53.420331591779174,91.76569755584978,80.37424236039124,89.59583635161759,99.80737262055877,148.30707351010446,149.72319305668708,128.56183453499955,102.10998108012214,98.81361872716718,131.68870156342885,102.00549040771313,114.78762146591413
907,44.59630717082787,59.59815770843188,74.79914847220287,90.30090416716416,41.60613052248541,61.95817540183625,56.94190714874446,63.806186473008744,73.1180278172395,53.033961644141925,19.805050940879955,52.107629108146874,50.942600510325406,22.713237149533544,70.94570927417749,78.78571900301546,112.61848666869977,106.58733111217461,121.00170449234831,128.64666364946947,151.66853875840238,147.86382038538122,139.6569509606686,131.4885539456257
908,-23.34703135069178,2.4698052434921607,24.042263803094194,13.937291024753677,-7.203419942863796,57.74953512836469,55.50861109176377,88.06290832799553,48.15329840669909,82.08628036190308,47.81898584399151,67.47172014255942,58.23158057609021,41.82125199859248,93.87060297854264,59.07481734656563,105.65289218991387,122.73845804586345,116.9057475277522,134.5250462337532,137.18757376153798,188.89277038890205,148.98584443286774,180.60199472757313
909,92.92506313350769,72.37767844881154,81.35589769684923,68.79524047524936,36.18623466902004,88.46491436318644,95.35487583862354,129.76071081439753,64.86229422464584,43.662753076548384,59.77544834933818,46.57451518273565,16.263156476793984,45.95955570897041,72.45502113357023,73.91494005391019,113.42700873733375,173.72859765245204,178.1954242595459,156.65456188921158,172.79775134420905,172.09740359859106,177.11593377706518,119.42477398640136
910,-3.538516666443087,26.057277238327746,24.638168797383642,3.0269890249365545,-23.832892999230005,60.26582824623207,93.32351266179406,75.50030004035781,65.32299626903023,35.84860548300955,-8.075437523920392,-2.5179419564258723,-9.942382466440911,-44.61551979303099,19.069637880893026,39.061839317823654,73.62277568036606,89.7588390457611,84.54543300067036,77.16246986456063,132.1655299855238,183.04657739030446,150.70112287610476,130.69474715360002
911,70.28430185557501,63.67899394823675,45.574140802088245,27.507356052195263,-36.53477502122085,32.91683308557859,97.5043898542918,71.90252710558785,50.844496537992754,56.32979866209176,59.834153875677785,119.42526158615806,69.76945092030084,318.07690813533804,263.6731459660868,208.85659846038752,225.57420095775706,207.82971315145298,194.5073592756328,161.14066648426885,190.27091588700924,213.07656726577446,165.9787647954086,123.53531799558252
912,30.08119226114448,38.6707038249642,51.82153413203889,46.88127401377924,33.497739066094375,57.29217891197764,66.72826511675154,15.93733617041444,16.530447458926666,27.334688287002066,12.807244704571179,30.997125932077054,55.241730456447186,51.25610574204462,119.59265847028306,111.60505839532948,128.2813220129582,153.1316754327989,79.79385468174549,100.48444846163385,118.1608699963529,110.66018483805144,107.92917964341679,107.65353727673897
913,105.952232916696,65.34932181338951,75.84427003115363,46.66490850636582,-15.984492573913833,41.16192352109357,27.84843270298844,9.142808136635672,-46.7181242224942,-40.81885112660867,-13.06360557474904,-2.750269701636185,-8.59682311997987,45.41073353097929,80.04646289266631,75.81287128825322,97.69503609164472,98.98671855997014,127.11400416610113,109.77507995669372,122.71508070644607,148.663262983367,129.75684402470418,118.38579388642006
914,47.367522965205275,30.976901879706183,48.91473111628196,12.464379553457725,-3.8339580860843583,64.30599594921861,62.71683451686982,86.03789103661653,27.105108174167906,58.143964071010316,47.913841365642575,27.27284286230462,-21.12242775684887,14.860712597066406,120.51739898181765,130.63245014373314,163.34286709900698,152.41633309340284,132.70257195880023,142.70972616259763,167.05362868686157,152.38224572128982,155.5358632889344,159.98821556791256
915,92.34695989065021,70.82947387335636,95.37593656065995,81.15441460408933,43.37270049015183,24.525720359970165,72.90871181251514,71.5184653079805,30.646819728358572,18.374046258205887,19.833369326139604,41.05971467958262,5.170886180178659,-5.970929546301214,17.20883502440668,55.54218608070402,94.75839675974069,144.54286726811142,138.80787643931095,122.1876973244014,100.98693820468861,118.53886811555638,76.89916642180467,139.74536806307762
916,39.19690047681692,32.786715881070805,36.53433389658939,86.27470609361237,84.12208983547337,76.48940587554368,43.859468211734296,27.688758961681188,-14.050145523557646,-19.111661115797737,57.536957188595956,50.91786303098337,12.271078207232993,34.797190659437305,65.29710645694915,95.57567685286847,133.60758894413672,149.33899367614205,126.4676547330041,103.57027946883846,130.05085128781025,181.64218227015263,161.70568575825604,160.51113828907262
917,79.70361360140646,44.6644856608338,76.18510822218592,86.7888141780504,49.46944257461299,77.51712856123984,71.57510999159912,23.367178096009447,-33.635210926450796,20.407527434025354,0.4165021521534271,23.144987311186867,32.76595675883543,-16.78226454695794,35.180917814274366,80.17681046144976,88.91891490648436,135.62497766498106,92.1296453754324,131.93289612279358,119.63252060465393,146.7256067763651,149.90019489605797,190.01888474191057
918,76.55503143511022,62.23456306460035,73.67565042074114,55.990043595641325,49.56745872028928,77.14764673928306,95.59386529011113,97.92360851715084,59.859845528583996,52.94310544845595,79.55646134131115,76.54906117181545,81.14525161768444,105.03006264811387,142.98330460441852,146.82948077431658,160.40517179382,178.5193381608207,143.65607754312586,115.79197604352676,140.7204983135694,187.41636974119947,162.0856728196358,119.73057849949626
919,26.304951195918576,-20.08948823661847,30.2766940387653,23.201103472838163,16.213252942800747,81.39868961795028,49.613953767160446,10.478966021530283,-37.58589979431551,7.3633407506208854,29.766066105208942,47.000566724770685,1.1872739434460229,4.9158595298005885,59.630069006044124,85.98109574238663,115.8653330918172,115.8269077968808,136.805693073467,120.81369793306389,113.45173206971158,142.22862484718001,95.78551874743545,106.57881143510639
920,39.76166903209544,11.471810545734144,-2.5317511036535763,-45.27860700046778,-39.28397952994247,30.419034077711842,104.91841008458411,137.8616332057744,115.24687869396462,86.6121672179297,86.2440051366062,60.47244470159009,13.692997354068439,-16.461701858415147,40.87988933100181,86.36912192856664,74.36430213503496,98.38010866904827,58.6946040847954,70.98314532045583,111.34798435479516,90.45018216968214,47.91669606040702,79.1543692816127
921,-19.24582068693458,-40.73133872151372,35.31104638296328,58.67193181037929,25.610102367993125,62.777549792930785,64.61771553142404,32.36366778947336,38.764613772221864,52.19171247869783,72.41436699932133,94.63982865853875,24.494694656744983,9.808406671489863,60.21154844974686,67.91419806712435,83.24676933895861,66.53106672928723,88.00107574244701,93.4142920060369,124.23479003088951,132.22238338084225,156.80633376178034,112.00853426788208
922,11.877428309528213,-22.321076211030217,6.247594762455478,-15.605807244571828,-44.04221196264926,1.6921506391562815,54.64743875952592,64.59031851035034,35.35126609192544,-0.943238850494275,23.50019905530235,39.67723929007375,33.79466349907633,32.72533215331737,59.99020559295746,80.4559893482673,126.87385520346751,129.39420875665007,116.2002032856439,139.3487646786415,115.10403076870642,129.77416486620416,97.042837709318,110.21632655687961
923,58.617640469708185,24.058093535462092,67.64166164131044,77.0555478966192,67.91087152444678,67.20934862846833,55.709361648438616,44.640093541846724,40.371333923261545,66.11186221903557,99.19769462562198,79.08460339358984,17.456160388204868,59.994972175162914,92.33180963704356,85.486554353463,115.93808452905361,144.01346584007894,172.64388602428232,166.23145381714707,157.48841557468378,154.77300793388864,123.76336084299687,149.2700327338393
924,89.71074476045814,54.037545787775734,72.64443374207758,62.77985621780012,43.46474647924583,77.82784222709411,94.88847697851719,73.10176028234221,63.07924835379433,7.956562127291264,58.499871683952115,92.27146026791411,73.36675504548307,54.5096603371658,132.26757906378705,132.3708768730476,173.21213331634263,215.32537233576141,196.00164205566907,137.53788162059178,174.00393547192664,228.80586995528466,180.96875313740077,122.62390401461535
925,23.63076914560932,33.82697832211167,60.08680118133548,35.11921565338946,-11.801872261700979,34.838339271859425,54.849496769201444,43.5090581753891,66.48606699952705,53.33940618944126,65.9776446873903,27.904611243279632,-4.645401948862908,-8.302292993188239,66.52814577961533,96.63407603420467,114.72926899600377,129.47792773240718,99.3884380245776,128.38366650921878,141.55858932784886,129.73063836693845,118.29059308124145,128.5856197865863
926,37.17771244817572,-1.3398416273824054,27.59563951714715,19.419331039850835,7.356428305324119,64.967633030608,102.80351324476536,78.19681892677939,269.6517143753291,195.4092944702191,171.09134161185867,191.81453809761274,152.02566710939283,116.54778436266704,96.38875559926537,115.03861488214055,108.7321573406803,155.29686605325975,111.46591881510419,97.96249865882882,127.95622323447819,138.4048693168017,98.9197220175588,119.82390188706945
927,21.981079162223104,64.25211248954027,71.57389895384924,53.69098239142009,37.05453728036968,58.83529246844353,46.537073347373635,70.98068470541848,33.88872773186252,35.170120060980466,42.94743364294444,33.178294370852456,7.374668650841016,66.41307829944009,102.67727451325044,126.89613000985082,124.63587751279444,99.3836394348991,115.00441614143767,97.84314840611486,70.83489703156044,100.05338905113672,91.39302995896512,86.10849284114646
928,32.961436812427216,-16.19211980663492,48.118587364345444,46.00008336419473,31.84947258292252,28.474474564873717,52.992784362035465,55.03594854799012,30.328412744312843,52.20344858361104,37.423708044921426,20.798217008917185,0.27622998013825395,25.780542674205723,93.88972818534653,106.76491393077282,146.09944002512577,168.93526822519846,144.3741874838749,163.7652431592415,159.78064660414944,158.38188015110697,129.3853266014425,149.50747295146294
929,73.54229677600586,53.106690636945416,42.3292516969361,46.09436206451822,-18.179667541556768,32.08621106819827,51.03803923390717,20.609603211506432,36.27091466641256,22.17842772152992,13.434934890932986,27.811636669196773,24.505992262650985,13.222068546790435,45.04428163456721,96.90455592616044,186.6213500782915,166.09820276128684,109.25361484669794,85.89719443908469,90.67799351588029,107.00585965853939,138.89136012197284,157.95568923648688
930,57.585047263763215,48.94035381635527,14.116459000107696,28.668741145558545,30.529582378765234,160.4896251007981,175.40084069251373,103.61916142286509,68.07850302725109,81.39165488662017,108.87178670922367,75.29422963696828,47.6954937853787,4.938025019898191,71.00486393057345,69.19840262739703,129.6125139228911,117.12793978429178,123.24292997866688,112.22783761960899,120.35793173476065,183.77525086374555,156.13336915149762,175.3584884914657
931,27.014113701179973,1.0202104762985584,16.21962473518809,27.206056300921023,-16.837706041916874,16.726375953002403,17.98337092484377,44.74026869550197,26.180823803130203,54.44050340233554,100.8182901690659,21.838268673235795,0.6301748608241553,32.70536770446346,93.84701090965329,102.83293493881766,60.38901827416944,76.21592449176458,88.67666112485203,143.32309803278514,178.596330158551,180.3470693307112,146.05212405831548,135.7378888042334
932,4.407922897993792,18.41645912569362,56.358351248569164,99.52699296445643,93.5569075468263,115.74045905087115,111.10389332215163,250.07390692724158,160.3517827344794,167.89268059913837,135.94208798012232,131.67511036892228,106.49794990544886,129.2445017537021,112.41398096200675,119.74897610073685,157.60895667135884,180.91825237595418,112.54322139297685,85.40974050131669,117.86473583669066,116.21049784981071,104.90516876812985,125.00964784400303
933,76.26047748718413,166.93911579192604,167.08673731558446,109.45295330206471,67.78363803176866,104.96217355204058,101.56460161698115,93.34653149224863,96.00613233496786,94.9199344819231,97.06981237854052,69.56417624050562,53.80941187809917,83.52811823076405,111.41962570580039,83.73265541105495,149.6178193701707,110.77966164019887,134.24514287783163,66.7903671730784,103.85092127634559,153.01185218747815,120.21869584360655,118.41889653434325
934,32.32433247869194,17.707716489821156,32.30030211100383,7.4170766606818574,4.223067852333848,31.813540705965714,58.7645317834602,23.556615460290573,2.0645365605868093,-26.93200423507276,-54.57463618755474,-8.562341101353411,-29.368876712593845,-20.066791897846443,37.30556773726251,81.12521109318538,108.9348791035747,152.42306947130746,106.42624455650534,110.32767175500156,158.5543278741649,209.1048248294697,165.3336153617908,139.00248080627046
935,83.68032781160571,48.739633902001444,103.17277110666294,1.4826041691788063,10.464012674085787,61.37896238404003,52.0214083648307,66.43658477642654,3.270299831222772,8.717935968386925,25.46869769255205,56.451348768691524,35.83651923479018,19.08883592898877,101.48115581369566,93.2840677670199,123.20025036088319,116.52655162664065,98.84459747857831,86.87923740638352,48.415170823362175,112.11393958845032,142.27815091396565,172.41810400198722
936,54.12964223774794,36.237459353463926,28.143513247572965,38.36881383102419,17.497729171992862,40.660136920729656,53.723478887422125,17.151423799772218,-15.866303431083715,0.8212460285677565,7.834525889222206,21.123197537204295,30.867845274154693,36.01975459773321,57.18899332160477,70.05631970461498,128.35456114289045,108.56860541320292,62.254641271721965,109.61656290680264,123.48718657046437,141.47731665089958,116.85593971118605,128.99569944852738
937,82.11816790690432,32.354554987641,53.53307364921356,78.73242577907828,27.354137152233957,66.8927637718897,70.75854066687657,36.90012531532939,20.529354799316216,45.87638316648929,65.89698423484445,98.62515280961782,95.03694193049496,96.41933452775459,104.99670103638553,97.01483631638504,128.86746282450437,118.18111560493668,109.98370682476813,110.4887322606537,128.82849035966112,206.34647968625418,171.2320207825503,181.10727874755457
938,63.66478617801414,26.716216811370764,70.07760737876843,81.31317466602974,69.36132619174404,105.94161724762942,138.08663539862096,108.69925607469355,33.293273384030854,9.158444204390872,6.0686367566705215,135.13024804445524,39.544589265283676,15.936751932083297,86.69863268014375,73.54898799016995,96.03137123585458,137.61043906011975,123.00029245555015,102.95416972961073,51.932932328172285,64.83381127972092,56.83676073813058,104.66112789661194
939,109.87317482480093,102.95233841508247,89.14474021450178,70.0816049936806,-52.80073812896107,7.992055755930309,43.26207665382222,79.74391785802,62.20539922119623,62.15203556483442,78.6846301552159,70.45038423949514,-7.513415978017637,10.934693119536831,-25.60736775687448,44.87905308853655,154.5682844874248,175.55916994645997,103.19963022864566,99.71992562831691,149.40583384682012,153.44500030350557,135.16897441536642,166.74428447249184
940,78.8094241066959,56.71013019850878,65.1842487619735,63.18065276298486,3.0089241736978565,20.348331601695747,12.021868838173418,63.69986227909785,25.58587379022314,28.948430123406336,25.905756089620866,33.04243942053401,66.77602046494309,81.16274351605267,96.01695330261988,49.80140765294539,82.45953289379949,120.04728338384814,83.73091576401148,100.35370989812974,130.05806559196552,168.22281682806147,129.87430743856956,155.33892047949686
941,85.62757835052193,79.22231613998046,89.12370136138267,37.15140178863817,35.57367797992624,62.863077609579,72.9483437085061,33.97113827432632,7.770499931285656,28.05976168268407,40.19552909141896,49.31149721306964,59.19611114203418,32.09075386553343,73.95682113405417,110.23307359858211,108.42056453487108,156.21376387543145,132.12448091045113,116.2413017326724,116.15937107978823,188.55885930071702,180.68836623429394,191.36739486509816
942,44.2193294719971,26.052881079278624,96.09117981082102,82.48074708499779,96.86408583419457,78.93443050588954,105.96247106762738,64.79616114645297,92.60082452037898,46.75868787374004,45.8807667887409,13.513347479674334,-2.7710414318614447,27.926070226618265,63.234680210943296,116.79104468763103,127.11179398919815,159.77784585983505,168.1929946524172,136.9906302814078,165.78543079617856,142.4335249823113,133.11813878900378,134.7976986128473
943,57.74034905849106,9.35295710295162,25.138483695728617,-16.330722862862366,-17.15606685673098,16.266825087963717,14.065477041454628,3.5622576772774437,-10.583732266178949,5.016502735884934,-0.7761564642625345,-19.029153772992302,-34.44044941473944,-6.094219263372036,78.94119760094225,89.49334905173927,136.20229463586722,123.46001561157783,129.44804846808344,114.85501852942406,199.15599513262282,233.65917927068713,181.59904328235342,200.99427171074564
944,24.026375128943908,67.00165014524238,68.65981571980204,60.650945324313355,46.05467353147128,115.00844129472407,118.43784065460507,131.17753009465198,122.76235948974502,113.85646192468897,68.47224865997126,42.924619903788454,-15.95494553427013,-14.447827037432987,123.75550782352795,151.08475520712543,158.34801431442062,183.7417775462325,156.81827209952993,135.60973694517546,141.05982012539442,148.01362873991695,120.81047575550915,4.060545259458337
945,80.26153601104409,72.48610167544658,71.48075726994944,22.545912829721416,-19.168344733563295,49.78444996039341,30.101681560149885,11.525013710716635,35.41302423641089,17.677102581970427,55.59157084951448,56.746450773967396,74.59768282453095,53.296980796134925,79.2328240308758,82.27096260781913,95.43983237085962,132.66784790988112,131.2193934524886,152.783766872482,156.99470196811282,159.3532183419196,146.4094189951959,158.81995220297043
946,78.56784942730101,12.328840360695004,34.816688358252584,66.46414855551507,85.86431953225545,69.98195858150555,66.54448159968638,27.77443710756944,20.82720378186528,27.877407284690122,20.315301227899106,37.106669363868676,25.21134875942947,13.604836849262094,65.32835884089067,69.11260723272096,101.31420850528546,146.15152655956462,167.2129520942423,154.91009613423563,161.24936112324352,171.56581113192962,164.3559502490097,110.1692559487621
947,74.20216099299225,81.95170471472645,129.1180423635542,75.80687165559667,28.838308563824526,48.65600095918012,67.68822989985436,69.53868528748849,43.06973711765081,25.284528011811304,16.906407872959107,-23.36992534236404,-2.526823237611513,3.179345358497585,37.61432351208511,99.84017808840933,142.3954109043216,163.81290748153924,161.44207137905613,161.8471702317827,150.94839053349904,171.18317002139858,124.4466211118637,115.40540927210138
948,18.27736705183184,6.659463779743149,86.38463249646675,91.433780758486,25.970057119874596,52.48247137370723,56.42933536037868,53.99147333630919,71.04013148608766,72.7841505190165,76.61620622401004,89.6560944596795,38.04139354182961,23.66136309634499,100.54090503700793,123.10650184969222,155.46541555698838,161.38884257463394,206.65213794512735,191.07567879173877,175.29690887502795,158.75267212890688,154.940840436869,194.07956773260014
949,50.388799078598254,46.81291211628092,74.02343146223107,36.07878651375698,70.6259905379793,42.27330244412715,45.98125796002206,52.030710024411945,23.12332772235116,9.512263587669676,-1.4068359121854215,31.786062534265735,6.306637731998869,11.457594860406788,63.61115326640754,122.55550384694887,167.6286626841134,126.87456618439506,120.14454172444563,110.02417853045483,110.8643815613984,136.96798078489797,144.41997057635967,115.48603880741446
950,28.325567505225706,34.531327874427774,41.35787846762282,48.26798436847652,55.40834923530345,71.58743953535537,102.65133931663205,90.32728557115418,27.175456471818627,32.23110493372301,45.58846345964976,68.98229144406699,-13.723233313294806,19.403360500370486,71.14382048018726,61.73993806653726,140.260121735075,212.34577014731713,168.95811039072942,181.21639477390738,176.8419679980875,186.45530887114344,194.29528527601042,208.69112516027064
951,146.78426409074683,79.27747062946558,92.88944783666301,56.96314951290144,46.25001052281098,71.94176327935473,114.19799729819799,101.9300405988272,76.79223223842243,59.07901021108876,69.33991037180984,68.49723882499414,17.107334700304246,35.14310637223554,112.78031738544126,86.63201584410446,136.11220424135948,152.88994872588617,102.87785225160245,77.4218255532569,131.85525872329865,136.04326134003537,133.75352271088087,151.74572174529968
952,61.876717019865566,59.39747582439646,60.582135987820735,9.388675635039895,15.483586767699343,40.120097805737785,4.3674563207410415,-8.77971497780419,-11.038194679056097,14.734943525935215,2.750042340020933,51.160154016113935,34.441677493833126,-33.265465244102046,60.03791197737637,40.517268455887574,106.16199171927377,122.92700939647534,103.82036555547006,94.82035260434685,118.45138679574436,122.94013351347128,134.1841724622215,145.26513003421297
953,-9.281670621068429,-43.69860238384612,4.870614445812805,27.44253431699321,-12.279705424724881,47.245015287253516,77.70482289613997,50.0947721488955,6.756777159684944,32.384717449032685,34.41578514331912,13.653160666884006,6.105638745933355,-28.96670976584644,70.36829687372762,102.40092867557183,117.49751051088565,99.12741153579185,100.59774849729052,61.02804393971542,80.33856709204862,103.05243174657843,123.79948163839026,88.1918647997816
954,34.65065570083186,24.810318912165332,59.26015026614043,57.92013814381475,1.012557928092079,74.79682450963251,92.5426552783487,62.36846401974563,45.854042530356395,80.16745276978736,32.096314132786276,7.999482278341318,53.78906138625753,75.70931102674166,107.51008964221319,97.35118058860729,92.50302736688471,107.2602664835333,92.67585567185255,75.09069485207564,135.64766780494224,132.84667426937685,150.01687495905543,147.86613769586256
955,40.64769110764815,34.561966425383794,29.930839080271305,65.49423956996291,45.67170573439709,100.62280999423682,75.29162076351233,57.800528145731384,17.2858903951634,56.76770448086982,19.80079047147032,7.744317431472922,-12.971967916025541,-16.485471600167465,28.923356807271688,53.22854910787112,46.82246155544355,73.03344864999076,84.17045092438602,119.96311285342314,89.11571080828458,148.46400822886608,191.67563818284606,170.2713052081458
956,63.81055128677906,50.408052892447856,60.17329608530298,69.58223927733056,63.098483512626856,99.81403353868639,123.1858465096204,76.46891602573673,24.33156513092596,58.13374070264591,35.112774815660444,76.4691408450536,63.00398523820886,39.25921717047441,119.12636351179955,100.08795056832923,141.74725588658632,129.8812157815101,92.2231267719102,88.36517522988956,90.42190895337865,92.83753794093751,93.3421062911649,107.23246951859012
957,56.5335918939939,37.121440045508585,47.428038449558045,34.853968569217514,-4.754344086434649,46.560618395493776,36.864008024328626,-22.554270842969657,20.619500414905083,14.791080985002623,10.752337517078296,62.754300196053904,25.697877645521615,9.535548354523538,69.37956343940482,107.63605731904437,138.8665178770666,135.39670552455502,142.9605193012942,103.07901138307032,112.21269003438881,140.9492022603459,81.61289635678972,133.89655101866512
958,60.95297168577898,65.98157813065006,67.83449332864613,85.72143373657724,45.06048517722399,103.26431821253165,123.28235564264378,98.72676420920075,37.840302837978136,41.72864988464335,53.91694871844689,19.555247643394036,-16.596344379684567,18.14608998951355,56.10873925458456,116.63633907394485,185.0365794933566,199.2284100142604,191.45118895191203,136.70594704701048,132.70835047187447,181.17978485613588,149.38439436648878,188.83206472365066
959,42.14845384143369,45.3936779283735,80.85433712777889,79.43456108594351,92.60099183856263,57.03829778555049,64.77186505354014,48.948979977171994,33.23261701377448,43.36212427772499,69.14225719268762,35.884560322608436,-17.96906020017964,19.386727615602997,63.96215470968454,82.06158663491613,141.67995286373804,185.92613931821788,163.6174560212202,141.39389873630054,134.06735753377765,174.01593771282535,167.14607907549743,151.17966122728814
960,56.01717263949658,24.89069903334842,52.13154741108011,77.35305286086802,42.626057985120696,143.07530396725824,112.15477021241821,88.33534029746906,30.124468839150527,11.20160737500543,-38.28739152220587,-17.623245836812877,-77.84036567208149,-7.295501390764706,4.135715742113817,28.874936020106297,46.380173469383394,53.03820574936361,37.95071533888692,59.19158861608039,122.67931447193499,123.56470999978413,88.20330886122947,54.60587657462516
961,64.77562332673673,59.39883805391862,75.23604712961368,66.56341250418522,-2.8878320509391955,26.77611231752727,39.690881902040815,58.29568901124317,32.26856129859346,11.215268068460425,26.660980707139913,114.44289115429193,83.34950850454321,92.13682424908495,104.06728381782305,117.36099667660255,120.40129789233973,177.49434446582103,128.60774115480646,79.02882336993142,137.20078927474157,129.6602082117703,101.25893228000882,156.21046982150713
962,28.187184725780067,2.7594979614693713,28.867175773791246,21.655081818316027,39.800121196685254,78.10780901085825,71.8494463605027,32.53187565671497,50.55944014709314,19.334418876563007,73.90483212160436,66.82595299643862,22.471918337248518,-11.769333893752048,63.122300330486496,62.11518997318284,86.18380239699968,134.73977147757333,108.81166603931626,136.7478250399373,124.26811299927417,114.4018491100767,92.14573237789702,104.87363180388286
963,69.01906215689985,44.122051410787265,65.49983966016518,40.19573406896201,27.25366236266792,42.11902686802863,42.17000685432319,65.26237741833069,27.448655973226458,17.01884285165005,16.370371586678573,12.90649016403929,17.288592589366452,49.10886847189518,78.07822391897814,99.94198255212675,106.57681668579087,156.36702430035638,98.01541108793013,86.18194869037154,110.69219744387601,148.4844906080436,155.80332742873168,120.87034660153222
964,80.78314826048377,81.80677964360055,104.24861695359907,75.3069988423165,70.59240944070834,49.70654871261351,22.996450131522288,41.569830039357065,46.4713440120191,37.46872576100742,51.0629142356221,52.23767743408003,17.067883267549792,29.545954645274218,37.42249080782125,69.6114696657578,89.74992503227641,141.73634882598935,89.78662170425022,58.53953286819011,86.44589619798191,138.8405343862708,103.82876726872323,85.77850601339152
965,54.649299266010345,48.240289400499435,60.423126518097796,45.516658756915895,47.43476612192221,108.12909755503938,102.89126972233888,90.1813397994953,74.49113480819145,84.56688426114232,50.64319068501171,84.75789455948231,9.625858217880896,37.109499922599866,56.0884767701759,83.27312009442147,270.12097005373295,206.82751260199956,186.41118003903026,153.86388622429538,189.71636919377173,171.62314377636474,152.32343761690007,156.04461068227346
966,73.0548401433694,36.54566096162249,64.09147126655958,89.96357302039658,80.70271788966686,96.64157087460345,51.992388463835184,32.14744118032459,21.112201771512932,15.14276105251962,14.443017837665607,-33.433833202800756,-20.47383932647626,-29.84488829243302,42.62821552101285,70.780467160592,94.87010927067138,143.60087028253278,133.64533123728887,124.55344476417773,136.44014236204654,146.0504235868135,113.83744436078359,167.12258981620596
967,54.68670323317563,-14.608674832366937,42.00308179352611,75.44655413768547,41.37187967403226,84.56807572379537,159.2241486116099,117.405883777642,76.67022210706786,93.38919287992655,67.28028994799368,83.49855131432412,18.318414730233748,2.3346929687252533,50.643961866006535,129.27261193764298,183.83385089263783,183.01473909713837,147.6994574507966,148.05987644033183,153.28497490476786,152.95283349227083,102.08966181965948,88.24203714583825
968,100.2124077913174,130.45814124031006,154.29848697758558,89.33479944108171,60.622743178327035,67.07376316192047,78.83632542934988,76.27189555859648,60.464666991925505,40.03172551778388,-12.901322259162967,10.50645450315719,17.927419034521296,18.010489686772598,83.32797918617476,48.473884829938704,111.54554038913071,131.9934300561012,141.11481892045973,130.48442807435868,146.72629051873267,152.80255926849753,181.01343033259224,178.2085739615722
969,54.43384787164538,22.429738831082098,29.582451969899747,31.622411219968143,56.86500255731574,113.58645459035598,92.7750626566689,69.79262820759277,95.11580603798069,111.63391897709883,48.91073748207803,40.89659245960537,62.438726289287146,110.14378657458894,132.09645282561118,151.45798941200084,168.27726308487897,179.57331870664402,147.31981872594258,120.62475039958507,136.75871523845237,154.13635494004888,112.39294612022705,91.42313486998813
970,18.526458319229107,61.794164657849606,105.50140780738266,73.16299593631896,58.99959871623172,132.14363027529754,75.63260482675247,55.02343891766688,16.460731236879248,34.287273555060466,53.62491755903241,197.12501110203175,122.13033438549039,66.45307753425442,107.51541706384288,112.06896954715567,107.3470777212398,114.09504706887346,101.19953408277969,158.5365547369219,129.93036035374482,185.67198129812374,169.21885041054526,191.03566431037453
971,50.34182981803753,55.947872795899734,29.32645778732129,31.32353418980171,6.5938789565174964,42.771001229294185,59.66269112848025,86.15412805010021,103.6679859883687,87.27939551434179,76.23036266613911,84.60616619674266,8.272216321169132,-15.515163112760547,38.0417179854815,75.36899493210304,130.0307365390625,139.34667976486122,123.04107849535606,90.24157335774193,118.99083577299636,151.69185436006154,128.63820879019613,126.9374461246105
972,16.667369715426013,16.995938426695417,18.451675921510727,48.67024786362115,61.84914343954773,87.84704112574804,30.845615473199203,43.04651413210577,49.34633228030486,43.40019644089187,40.83385991256268,46.94272260060485,19.247906407951227,-2.2378030955463473,27.76359129066048,47.95180526245045,73.90304102642284,79.40411090227792,135.15418410136138,121.32391604633418,170.73861149686846,186.20086385539406,169.98906688861598,176.04233914552592
973,63.16901760551121,71.42472034623451,126.96778968804237,110.02315522599588,63.12628099795032,116.07594977663588,74.10703980140939,7.1980605964803885,-10.489913311332657,28.059632503971212,31.168458064523747,69.05557076216357,51.43345511013054,60.45104506232769,77.32039291826007,117.47725455900398,108.39536730191156,188.3933727681395,164.91653953470296,121.88748260141901,159.9073665997529,196.31137425720186,190.34782534533892,169.3112019010153
974,78.50482268378532,62.03306653142441,21.52995024325245,52.65481302521406,29.50092240055365,110.1756531754955,90.81187477625446,72.09434673905896,83.42428235979345,75.6514407791353,46.24150954334512,14.241252961782688,-21.782513637015576,16.56965639704923,32.36763552391281,78.79304089250715,110.70339476203694,94.03362248146675,83.34925287197048,72.60932101506934,110.26128819061627,132.17695386491812,167.6899632568299,171.6896850385699
975,98.3849410326706,39.21820347199601,100.74318489836065,81.76665739900501,88.44340522397633,85.15403185691758,104.65814130517018,88.53283745795504,49.05605213007838,16.354124989609808,32.56622677358433,-1.7525606511378697,-18.42266657775503,29.375681888314812,76.59571373233129,72.37766570698925,63.05954417259848,97.66702309475627,102.80660269798558,84.78674672255447,86.35591984514377,137.99874418769753,137.19971688418005,134.3827059432261
976,74.36501544498326,29.34332602289604,28.722244489943805,12.39988040357538,-16.01569733427621,-6.075046256605091,19.5265105442636,14.030436650774455,-40.302085022912806,-10.45875503837221,-58.839657998929745,-55.16893416793478,-38.853745653882854,-19.836111735717516,31.401481114570068,113.28490480920627,133.85784176194196,168.47349896743674,150.93545179220166,173.8761846045377,126.6651596881801,139.45182253344876,135.91405608594488,144.84287758722675
977,21.4347224515042,45.03603485305605,45.472406480994955,21.88140607975656,-18.138365336402906,57.14853184279606,35.40959661925706,17.07547860575663,-20.41093548629452,19.355408814590447,51.17837598202047,52.566834110405935,37.45193323651854,22.49308103145318,83.12609953221528,65.04275418654977,65.62512757613796,111.72469274534045,99.13994438238656,112.46331356654797,115.99003567966675,160.51647882589478,171.48016225171534,150.122467156836
978,37.389989345456044,44.844892268395036,38.23671072024795,-15.447859369971873,40.386284045543256,103.8658069053982,72.521952020624,21.78934892503395,19.774559113200873,-2.6498919894167514,33.954892006999515,33.72127842998692,72.35348499394462,91.45728337209158,151.23174136650766,154.55373957107196,168.6451096182955,168.7510633611995,187.96796559090768,151.46019115505916,206.21710537092406,203.94379050815746,207.92351339463,174.47694175038782
979,37.07469080911993,31.331027040966312,19.944541305137435,67.04361654827494,58.76558203256957,95.34644798573692,94.73060494652125,42.21870643768237,-0.24665104801172788,-13.7967602494289,13.743385278909422,2.920750722933448,39.54163286653051,44.4503715487226,88.41256436535491,107.94478203050294,85.89032118464247,105.41556418250214,114.2528299485694,105.77875922418946,130.6133044301528,124.74872229187422,134.92431718238188,124.8899370935407
980,80.21762282759815,92.29892616083741,86.02222758230482,76.89177487146577,49.950957288959415,139.72177971459206,60.07320540161668,7.711498412980653,6.699412718601252,6.927431405826255,55.471039271307156,73.54693162401632,6.615470833631985,4.847793170571407,27.6901476894923,57.324439978923,163.48950614120386,156.55980455733751,120.15643530644715,126.73406689589397,116.71198854028324,138.66601039231426,98.44582497383337,110.94325448823041
981,44.34391544886445,52.80920786551322,63.928561495878945,77.42480426238558,70.83699812491173,80.11048684504289,82.0627715159892,82.75929250706592,48.28770433255182,44.68295146946406,59.23704130762896,31.968212180750633,-1.682905105992397,7.8631975872038335,55.606453412407646,89.76151571339932,127.39557922181424,131.17160455569675,75.17359579768835,90.93036919461653,89.32782799520685,118.06254598494687,125.39720672122242,132.09935157648925
982,55.65474957932842,103.17086035167657,123.40387276774625,118.97507166746902,56.127055631156665,54.9578598529088,28.43190772705983,-36.78828606185826,-43.92976310852822,-10.393511223637589,132.66670527921977,73.6848942425624,13.865399956413043,26.3580276404444,81.62750106996351,128.50881241870474,148.2172504331015,118.79921735001406,85.07253802765666,112.1594455175085,172.95209683109283,193.5099379944731,163.86025536216394,168.89478382015503
983,84.78029257841567,66.14015727176334,72.85545897321326,68.80577918803365,2.42793833788021,65.9585243938862,70.37684757242485,34.42695737217798,55.03436404334642,24.428295192153367,41.125066296698385,86.89251310029925,42.25560136005262,41.26583569448762,61.25411539025038,130.9751781130365,176.7680921360573,167.54005654442943,130.2011406366582,92.13656747501079,102.78055472646685,174.39225660011982,136.96239905418733,128.31287788962598
984,6.976868040706975,50.301013894444445,44.75038641181311,42.47840301428453,57.21321547895688,79.3330291304945,84.18921160988383,74.1373122052311,69.32403412632786,55.99879949749274,113.5825988306774,107.52389545328482,66.1163117094666,3.7340731080865552,71.95363674166906,118.51796411411677,176.21850479449188,155.2488397847904,141.63900204073616,98.33861045915356,115.62068346187898,133.7567864754017,136.70329423807664,87.66418789706135
985,125.80223939566773,44.22946506746501,62.68549142091729,90.69875027018703,38.093948075360416,75.3643560831744,14.058529890866126,48.91671602494405,64.70118869262957,37.61967983258713,10.348514634325767,-3.606047251101458,-40.698244687884745,25.793755563909826,95.72633885711747,108.14523481577447,141.75326350789086,164.53035731350093,108.59334898903285,126.8586575241739,165.31822738978923,182.4163204618778,143.94191068402043,129.4515794144336
986,136.62269190567264,60.07058030092103,96.37973261784573,104.6821451451662,71.73404611144315,62.31499720222804,49.70128444377979,19.72728110706067,22.0790761282533,24.742888768844928,25.537676336843234,32.6424093254427,-16.614405378381257,-0.29225770031134246,44.9612220580687,84.64510619798739,160.6489884376827,180.0279406011285,147.95186531702728,190.29706752476073,163.52940018151065,170.5960933929185,136.96542613509277,137.79421809093137
987,24.592793297283883,23.16712781222305,55.40574208838778,31.964274879052002,-10.848595910720384,26.134945291860994,52.05913248570603,87.4576087261653,41.783775869547114,58.88210334723495,21.89165489962003,32.31044063142322,16.330976395277425,13.889754884323423,63.543890893233,100.21619099460094,83.20032167190524,143.04468731194098,159.7759754695609,75.06133461202928,107.09534925420228,122.12219822810246,116.84424921284851,143.53500909817802
988,61.889865269481575,13.593144598395327,52.71183807824904,59.35371522438635,87.11069865353485,132.24093934265693,61.621114738623,44.23875792440726,37.99255058077698,9.741230336005565,17.73788924321541,14.787398712575975,-44.05124217150028,-15.346892638857945,52.45013122860151,113.19511278094394,127.93307743359902,142.29520578573684,163.3189276004015,139.47615549771984,158.13247440442314,172.07190407807775,159.4202860026068,171.89638879371176
989,43.234500903621985,37.13397727639517,59.21146136800038,56.541374377385196,19.155397871031386,20.26430678682972,44.80327990164038,50.314883262238354,61.01855358211394,59.986826174391496,49.680923942248334,11.362652440349706,5.325333069524428,28.77254023084565,104.51908143580387,199.05308659023774,190.29607829620159,221.7847579679734,160.39232334228794,146.63934867339307,130.41974474882468,148.55572429859322,168.3475359409259,156.78271767890465
990,12.082944487284848,36.9908770111237,79.36736201241966,39.57606359257383,55.68360777788604,43.6924652077025,38.31479359801821,73.73272105680527,67.93173944044189,65.25553944800144,61.397821349344554,70.12076550401733,13.035775892950525,30.448767140894102,37.40189604250107,124.27249532836403,143.21296276242362,172.9983739640922,157.09425876645588,107.45779904732346,117.40566890668563,118.67627137066621,91.99106143060945,77.0487445388119
991,68.71885348746514,54.34342976100635,57.95188586437532,69.25782417423852,32.501037614964005,101.89348795091834,81.86568698025802,35.54790682531487,-6.501991769414971,37.31212135860059,64.66711687166008,41.597399841085384,51.54000416447638,19.787305314789755,71.24347765637344,50.128661593073865,85.09411961099931,195.11325743553974,219.02851113289884,181.65644520802635,179.21126645494357,161.3587608539971,139.0201960141147,101.18004316932402
992,36.04282155254403,46.43745972170751,64.19240728201893,34.33220388383407,55.018194715904464,95.99446141615604,90.37895508843653,67.34853546204252,22.741524591674956,36.72088464249941,48.559646578852124,41.904307910445915,12.807098719449018,28.953341771684915,39.041724238793584,88.58693050426626,84.90731993813836,127.35667097945476,96.43821656721656,74.91407669987052,126.5232345524695,146.73203976720117,142.53663255064933,141.1793439385351
993,83.97068267315629,80.52920961896017,107.91005971198283,68.38225750985123,43.117280508994604,66.47106327066486,52.29022698845134,73.83285094151074,65.88277969750033,67.19257752546272,47.370862548817286,44.844770546922014,20.637720050600752,44.66575829138338,83.51972427676728,110.86360317143252,124.92603287803601,167.04550186472684,144.79840637857734,84.22408601953231,93.33769364543636,165.1892108002143,120.80887501632964,98.6855177092815
994,19.472512230809777,-21.06935976744481,31.974838359407315,48.32616288239532,59.7584055867445,63.04210400951206,19.227815169787114,19.42347357457679,15.445721725813463,11.750472126219712,64.80533579983421,58.69104643479301,34.43618062061981,36.34251317158533,136.61943921078773,169.036200429203,231.85530288620015,236.4965413625578,182.7922572912317,177.10554466741,173.76212962210556,161.92776293526043,173.09935715037665,121.21105729980056
995,38.15415769521105,67.41717214232708,93.93682868160164,103.48476668523128,27.949002741004477,48.97314240537443,26.987572864131977,61.189920556421356,51.23930781639517,0.3882210099308381,-8.771106658738418,-37.81488774684372,-87.18567656535129,-20.718122846747725,10.633967941882233,50.26767215672452,103.69721438926177,138.9637971366662,125.3417881870928,85.49310455962723,105.24382921278837,133.90297574156176,98.72192427124247,92.92366746997581
996,62.096599509024465,58.44568806549556,56.79895087804921,68.5086814421685,43.09097618487624,54.21399792827918,85.8971743972734,81.55331421163508,73.97685515657747,31.7572825842318,66.76356220951854,64.68395170269031,24.973827121422573,29.515062807985753,49.9104161442869,81.89969214422763,107.22298079863,113.92999788105718,124.27045032476704,116.08448975140412,118.88850850827629,115.06391977026072,108.32639289623327,113.47706039625967
997,64.64610927710848,57.56855621717622,77.9075133103365,109.33675631778945,100.60484286505425,116.96452509051787,91.03557016242338,77.7131781285659,61.77836569155805,60.66195331393868,23.50084753229564,-4.977590895290774,44.5671881057879,91.3756182905937,139.24426069992018,125.86508554493874,128.98337763793904,120.27722315637689,95.14907822542715,78.78784690931143,111.29760373895216,81.15563244050031,69.50922153621308,76.86334219726403
998,28.02531427593308,51.13814190898882,95.83351003681705,89.07979190426033,58.82569233866413,138.66858969122734,139.45941510573857,100.62183448697607,124.09481152805816,110.29804595087504,100.80149551485394,65.81886602329581,7.09505963332688,38.34487497334919,92.71136215208281,141.03757154870038,185.4015225376053,205.98445937362052,164.06460620434657,148.40444425560145,102.0288732554456,182.71130675210804,177.59811426546952,157.52263756285913
999,67.43487360678057,89.35106761237208,93.60072014222206,81.48270159287802,23.682444541867316,55.22535062018093,67.69570071129809,95.3215950189535,37.42970523024367,17.364788508635627,59.00144140434665,59.27839979371173,32.38902221099876,-0.19158048100613456,65.69205048541393,94.6161162959622,126.6131585895651,176.76266770613967,175.15849393923682,138.96442652601579,107.00836681379278,141.07104333979527,123.86598099932031,104.47870967080961
