,Hour_1,Hour_2,Hour_3,Hour_4,Hour_5,Hour_6,Hour_7,Hour_8,Hour_9,Hour_10,Hour_11,Hour_12,Hour_13,Hour_14,Hour_15,Hour_16,Hour_17,Hour_18,Hour_19,Hour_20,Hour_21,Hour_22,Hour_23,Hour_24
0,85.68046023623904,73.76635538746942,67.73249870861133,43.28070664513104,53.78942042461466,91.93569518879143,128.09302500151105,107.88618716135115,97.1415786377226,75.17520926072922,44.007407697426956,50.54779193214159,48.629098809655154,95.93531318676887,86.65386314177472,98.69741631803116,138.51671260544228,141.14596107778436,118.70325462850758,82.55284074005402,97.59316670551834,105.22005507465632,69.19790032767571,91.67319069799396
1,74.26973331586284,71.01021155275305,87.75070191385839,78.54005742726267,85.50897038936492,107.55337873560418,100.97886023383668,47.43113758163042,32.93629047755458,54.461803151514985,-5.167459450353974,34.9180551209293,42.799533779643816,71.36681936709488,73.44611094507476,103.45846161898876,128.64342103732147,125.32493046056874,131.18415618362602,127.05754398953914,124.08333343819955,51.66170405517991,55.07657489175977,71.25812829244938
2,49.45578667298949,37.29173394349889,46.073013762480386,50.621734543012465,69.42920286803101,71.37343134762746,116.15331833503637,104.2941454106998,104.68305208510031,71.04806416018843,81.1749111074477,92.37970229649201,106.25893595291075,120.53471739696059,118.19716259160867,151.5912445287143,136.60173023730277,134.24711452004223,107.44949096558605,83.72190473155842,72.453175381019,46.73159242503048,17.243630022652667,55.26280893208619
3,-3.752402934156784,29.3875236576852,52.312274551699446,27.247698237427546,55.23496946886979,89.35950780533511,99.56483707075994,29.54498330911931,13.872012736684766,38.306512841273204,6.083511790686089,44.407122866980615,85.57551421460504,118.45447143229279,93.83213579264611,124.094403831877,147.25858821416756,170.41282523205143,190.23262418011058,147.85300205837976,166.68565192508447,171.05828793568713,128.82906761638208,138.95915564410925
4,36.43945068883822,-26.895204693890406,-14.218477073898548,46.56166912586218,53.745068781888456,76.99805893135417,121.28064052933009,94.4637801826246,56.67639853417338,65.49071103899068,87.94069794541386,106.76220054070299,99.7712425543597,151.8964253931823,141.5992475255033,143.60213004614747,106.80133342367844,136.20212086271908,130.82868003809958,79.66298828143834,57.80701694107164,70.25051013786816,73.02715492848978,60.04112125195141
5,44.87519440207747,24.568288449501907,-1.3416716092942593,28.709366346985146,46.80631760206692,57.33514390403731,109.40462331978753,72.25714751324331,68.55825129365,62.62445676280164,121.18560026014327,-1.1700305336414871,46.066535823303376,52.086388623227656,14.077227524513546,36.740660097675985,94.95834181376036,133.91937034638966,166.0590585659096,115.6899012053673,93.6165662525676,77.61275132021159,72.06969054894294,92.68843603344742
6,69.94682104442032,56.29539039415747,69.53000551178565,52.31543318005075,84.01014921983602,145.32563944004065,152.82365499169862,76.29861671254574,77.71140280065562,51.21393882516346,50.61820906804957,75.60899523007517,71.05515644382288,58.61715930204147,84.5212937130382,92.75173501988121,117.33319929720733,117.29208690847346,153.74147914065924,127.80336694706506,134.13121985351682,59.651905576166556,72.24825267726239,87.16071542233927
7,69.98499294170566,19.758603793720766,55.9822961458065,29.719385309434728,90.81223078324973,118.59769508181455,114.51458179289766,74.79959558726058,89.24537138123671,85.13272345479086,93.62802947974842,75.51707019856211,97.6967710692025,44.64206388693006,49.33848128584395,65.47390828882513,93.7869095961533,87.32410954846156,114.91096773840849,104.93580764835072,117.52896871674415,127.53209886728399,95.02354471613,83.09045237247958
8,7.860468111905249,-21.708669070935045,-37.93267876035823,36.500930654793,57.65563425765653,88.05860714398305,99.90037901504826,97.64131805526871,109.61661267869093,101.70992013685212,85.07483086998357,57.60237735361942,92.50080965146965,116.54877326123064,122.06053500855754,64.75140047617683,100.61842724219352,80.1008448002313,125.94021245914601,129.7135555073671,143.27023645715911,101.46142311183041,93.6630703811831,119.59200662892604
9,27.615054304921685,-9.125987208432981,1.9346543373283893,-16.710245850063828,25.822924075083343,47.24844875762446,99.59686189601348,80.53381040331303,90.57356043309312,79.28113010011648,76.30318405090917,74.50301774955314,99.73481658985294,97.0375146814545,124.60731319436792,116.78518277281002,142.5751352358568,154.21882576824416,153.73597772208367,117.79508062022451,117.3336959061097,79.61132963119279,51.92112715260025,55.31689281527498
10,64.9675166836004,24.716850004611526,53.007805020440344,67.27568196294395,104.39738140356391,155.45728260737408,164.59224293443754,108.67283538048264,98.00113693456981,82.14777004830303,52.26504817147161,56.017800943042985,91.93276112915996,84.7963149110088,53.378222458620755,49.214667056987935,68.90625147602046,134.51468587181802,136.3916682732925,141.32980290331085,132.27569552108707,123.9966251874162,114.05267091926868,130.6246286318779
11,32.14060171463505,-13.913666758699684,23.130815247722204,44.15523594926391,79.00102728462686,117.5258010499554,94.58319069898181,55.919741266454245,73.84001644312866,45.995150900047086,25.73857573642845,50.22518208157989,76.77713092364779,100.86409594643334,104.51170121887719,111.9401415521865,129.1387920359947,145.4582161080918,104.97090536694179,66.57841731367083,93.43307841308427,82.41235352349003,76.14080619368215,54.37263347143808
12,14.941600159659089,26.674844446482453,38.584224177721914,52.50046104827236,74.40598652151033,130.7305856370047,175.65683390530347,132.2997522830076,98.36834090726836,96.20237520422789,68.07973781012117,41.491972855738666,88.1091022527036,14.193377144132398,85.5887244674349,170.82560774455408,162.82177123298825,172.1433092418502,137.26993804179244,110.73754990472793,123.51930801859272,102.91250737426803,82.49227507466331,91.22017695531972
13,-4.512918664053409,27.508714754253376,25.512040634603952,45.827235204978685,74.80846658870696,99.64606909031339,109.30034670167274,68.88272238193068,81.46033712995359,95.39715712674854,80.71905738063532,91.47767334444944,98.49587532643527,142.05997391574147,132.88875426453794,133.64210264725583,125.46014152753955,147.0152525172531,134.39877425334683,124.94049167183732,91.97256526064885,63.336286230403246,37.554036098134205,71.0257451659618
14,40.16376222043934,-21.84128864895915,38.80518572305948,14.960543123440488,8.87157779311962,29.08026599098322,93.20840410341557,97.17342860738412,92.53505813834205,82.63003981437532,67.71641473738748,64.45536888966687,44.3717028629014,100.58056927279843,94.76847737524486,138.38409219794823,115.18161031444345,147.30788702772844,124.10499317808257,65.3897788914575,66.16689231009303,62.61800588539677,67.65935300675051,41.637369466571606
15,3.6965238023160154,-46.97441664977533,20.330868599759555,32.35143091788383,84.68069210733624,103.54950012337416,140.49090676618687,94.66913397601421,76.01440275284241,50.11687432118143,55.35985547878053,40.713085208148264,33.40510089988004,47.81126666421127,53.445288406096516,104.36644072029095,134.17185714397502,117.11567072296083,153.78195672433648,140.55554284351342,139.4016243927418,111.04069684750473,61.40428896856808,133.26138116607066
16,26.3168888608324,50.75281249458451,82.7811487471767,87.34674859893,113.63525199248602,131.74817424754482,182.29694014778045,131.0902241566131,103.41252950314183,56.83300116342161,82.62632800637917,85.02561243558219,92.85736541275416,69.69340853734644,82.39734195921116,135.86733323898247,116.86271800752459,151.3838249436891,149.29857388582093,131.4611473046551,83.5721570026731,38.51595126422536,61.59899222777524,45.25255570294849
17,49.02131550183876,14.601626136971722,-10.175220616420901,-0.5502277252966721,62.522737571496414,99.10339288743685,48.80470392068972,7.056865667930083,59.33939825480088,49.823021280819574,20.927041721085807,3.389050660718617,87.88150851358765,49.85540828317852,86.61464321123321,100.22398950762599,118.07908212579216,152.71519533744083,157.62356926711962,125.1447078277217,146.73055712802773,55.027421554273474,100.90845882195353,125.22458628265959
18,46.0846517669638,-1.214413576029294,51.37130631190515,80.03960126187522,75.58930045399171,117.08394848094929,119.25894222532521,100.62568948527195,143.06257464459608,128.97417803172402,88.65008683117703,69.59488364720771,88.23578078748918,72.8037650433122,98.67614004231748,104.94260250285605,101.41674752416903,113.62020975449305,148.07164823956631,77.39705989993823,114.05395293158752,84.5161955292242,72.00309468799385,97.08498231796824
19,30.18152613643656,13.548166770383492,49.11590148382035,85.97988716824004,120.58547755446202,137.13125569633317,157.74020195480824,145.19004205759447,115.5743994110873,57.19545954806889,35.05432842614988,10.531553639117497,22.32536040286726,50.37310931268604,61.142861605444004,100.92001939594763,75.20923208606962,62.940635055329395,86.82894819840416,87.27865548344717,109.22280156338721,109.7560362073561,90.46948164341444,99.70536088965349
20,-3.850658130178246,9.185928876973009,-21.98388782583278,58.8208442408311,56.4207199000302,91.3737038489165,117.14427868208209,59.824539678447636,51.604259066859306,49.25329652384129,68.88369653100358,68.50655684245059,55.23183359350397,71.78300802506268,64.36209629132148,106.26617422405496,142.712300192745,120.13961206575296,112.60594459299668,136.05812111735662,155.8742525281903,132.12199337598636,102.33126350306901,102.28833767110501
21,-20.20256935466295,-10.6631374522293,23.3549305890317,66.01535502242439,137.5571083597655,158.67569680089665,130.7090857747043,80.94688824413845,93.74670111157097,55.8982995800508,9.907629035692551,-2.8809343431002645,19.552845292836835,76.1864716404798,92.81105847009067,71.17899206802456,102.28137129090275,141.65394371875755,136.52049494350524,92.47084648973124,134.86229507133788,179.62659298048143,98.63282115087051,75.90610659166398
22,147.68094758702898,112.97384626547682,84.91596389717986,81.30229226532202,85.49333207849996,66.04435874480752,121.28617813163493,80.21104103535069,53.17293144264009,53.34951204574659,13.606251936525638,26.075770764016127,29.111822734221498,69.29473280086832,55.19915173028561,94.9739140787695,128.41044118511587,149.92490596896025,189.5306241066907,118.42669877357076,95.39485132475268,13.968732722738267,47.68181872537268,91.36669247738743
23,41.58375201616522,50.40809107993473,36.616439132651855,33.83114557006589,62.356152941531576,96.7821159017526,134.95606812203084,116.91495095072285,92.52970974461726,43.08798519799326,37.94516059081993,21.524470334416854,7.678624722325885,50.241726001286494,91.61836952034886,85.84289553302656,120.37405772736463,94.91393840809644,109.20783229930468,90.26421038936091,71.53201277313676,45.909897377719695,48.531026333299664,116.64640160332934
24,73.49921983488136,57.816596247995975,54.049502014786185,42.11391778860711,60.10622910206126,136.20574196788186,124.4455597835003,99.21253169443914,130.70088174657405,109.57908924914763,59.441971324980486,48.86158812684253,49.56177644569715,66.60650350791765,52.94877637102455,70.95386414096728,50.40260437568185,94.39931833319056,124.67674173946422,72.6955443802576,70.31992954021288,37.42121662797358,12.669972131925832,21.258927171454758
25,89.09621228928921,57.35768723287478,74.8852833608918,68.77211268232267,72.22457111184191,69.12468487820853,78.2644664566761,27.51016756443026,47.16488557490266,13.199881438794996,-9.396095458108114,-0.4203327334647753,57.41844439904542,56.31860632444819,60.73990698012794,69.66883866200789,73.10592319940453,136.2559513010396,76.75811078150724,89.14214758809872,114.17696786301573,133.1600023488624,119.35369459937752,124.1081045183001
26,13.005874076332198,47.95542421608327,45.86830943466156,53.251576193368976,75.31600457424949,99.29430056119435,103.37838138896021,57.64091507352046,46.03110577372209,47.75749575455946,-29.084659395273043,17.822925997430975,44.43148573451832,120.4536531341175,106.41976913064383,101.52785393403725,121.13391576729784,118.79316297590515,116.39925277135227,114.69466058024845,103.65575102714764,65.99768291170292,69.16576318073949,73.75104159088268
27,40.0186233926489,52.33598391447761,65.10827080424036,49.65352168428791,106.71256694635323,149.2549933944312,158.51883081585183,85.12294496464818,81.56915122901971,45.00726127012794,29.69264263097358,28.533859680313114,50.88434652102863,52.67104502216785,29.12780222647372,90.08931840098984,150.8909715719854,153.50203417028905,139.55342434237164,109.94517855098394,103.52271228566634,65.00070065276086,53.57665870462142,64.09857236410689
28,16.348539205933356,-12.57897941613944,1.1145077124503118,58.920718770039855,69.98054302574023,137.11529173485377,225.73885978401285,198.7342060201646,142.25186182798865,126.93799917682661,73.91341613837795,151.08365799180936,162.99572047621706,132.96041607143422,115.63901740724103,151.0567304923058,173.30740413652734,171.70477561133657,157.42282010170499,145.94213873304824,135.0854289507815,82.98384155335624,97.02789001070326,96.23281074508016
29,-31.277588592725365,-7.99058879742315,1.1872699544325584,59.89697437550298,85.92338868390092,143.60167260669436,141.74163758092428,65.71310658658527,89.84875695740449,21.68789627380719,19.017436548029,2.7684053431909703,39.81747153358285,80.57529550068435,69.1731910656949,106.70695156290779,107.00826324729235,111.88094488259037,117.41774327075672,100.91058082366949,99.6727042006797,46.16761410999295,79.51131363534091,60.73160678583739
30,-16.814204584708705,-26.60630073628804,-38.22864234523179,-28.36776992912172,12.536345925060516,63.60045457262337,93.6605102529542,90.18905788881602,74.56642846474723,68.26239088421059,55.68812035571359,74.57697584242246,116.51437812002489,160.17231108795798,143.11502613895604,146.76767642586165,127.35419668495513,148.16496699553295,162.96276109799675,118.08465415564024,115.68476778503423,99.79624768987458,81.19348996581134,91.55313410257192
31,81.60819990714877,46.90746369943027,65.9205457210321,47.94995576846729,76.8581567300066,118.08677979655842,129.3839921644389,87.72817734071883,88.85084061651183,28.59618265643018,17.53920021777428,-12.990312072045725,27.362277662194536,66.50864444552127,68.12640395872042,74.41974881020984,130.10594077992235,164.66335335616765,152.91732181455257,109.48224540736466,105.96242118410342,105.40519829783659,103.26314436014289,58.84164034403927
32,-12.021221110985387,-14.668121232916313,-43.44510857533244,-30.901387160619862,41.010854495158284,52.034582722318056,115.24378276281499,73.3550418515862,73.15732674180954,47.583117057009204,83.78477754125447,39.09657947469097,54.16466514675916,67.17927010275697,57.61327750472036,91.38580144297673,127.15714369263969,189.62322528798205,176.6503114403855,141.18813526192258,124.44143098510905,137.45379812864985,74.07841401259282,82.14287645310841
33,48.74083073516124,52.381118733914676,36.669299591341826,61.44925944757638,58.22873580568859,108.1231178367054,123.61353096939935,107.68957056091794,105.65879261960472,79.15379487505244,72.13650381377256,103.72324713855895,92.13781484543225,122.37008734511095,130.73217730213713,130.88782255264385,126.12067210163855,142.42973989331125,140.12725761931665,135.8063472149878,84.23685316413739,37.66016501121614,24.36480622159835,48.8442372536035
34,15.847751643222395,-15.743076192416176,87.0963066398831,52.15604294924597,96.82309690180557,118.0011889506478,93.43026814857177,100.43720452206726,69.87810470611946,95.12562694064269,58.92080823618878,48.72209795442657,80.94685410735369,64.16592072492146,73.44167250517819,109.81449152780795,76.43374216537873,130.0148290361204,176.38314532530208,90.88740299424603,120.40335899035819,96.67361829904598,104.63600815220155,120.5970554532839
35,64.60155059169942,29.193854879934822,32.454769015858574,33.45282303884941,41.808568659951746,114.00028280112024,120.73370577171586,92.94997362273935,74.13430376833577,97.09778800325144,76.13727921677865,39.66875117643606,63.7012355466647,96.21259635212105,119.19361330969576,131.27182324003297,176.6891287953795,201.70548199459546,178.6366210222551,137.7631336451793,129.17021923597136,79.80586968596116,55.19630386215654,62.524030877780746
36,36.50859613153206,42.413603552859435,18.916694460668133,37.63916375004243,-15.08616279430241,31.333208453029826,64.55601071777622,22.428309371915617,45.48293049492247,13.253846630561817,28.462896914428214,136.24957336406098,131.7754188530091,99.92749388759064,88.37240144669595,71.07161603554866,114.31355345010951,152.01394176523695,145.59527015418473,98.66225498934821,107.05737609364569,63.2737378711339,17.597780245627405,39.46768938484269
37,72.20055515496925,27.86673703952362,21.659489749826747,62.352022990658966,128.98940206526777,125.98477131732267,95.43329858784614,44.337656601556546,33.87887187085808,7.090062368913998,21.936171971534137,25.74436822985272,62.86297914777381,43.90352205301849,54.5121540663662,109.671503640097,142.49740951794925,168.75660827846204,138.43911444855274,134.16612788626006,155.6622267324721,138.06720849076277,102.6368726624255,93.37499131017256
38,5.166422567827759,41.935075252322726,11.943978208996395,47.25696118423967,85.30732118536562,56.204178870240284,111.4158446113579,101.58304515909407,129.38695856202364,102.81276120000126,115.49979938591105,130.96304106891662,132.36066618124775,147.67717747594565,139.52667102342568,129.64510718955364,107.69711800465201,105.62716222427032,120.62557650163373,70.68353688779402,61.113683708208974,51.410673894477966,64.61657953741187,85.14706189315663
39,-36.05881782789962,3.5456287294407502,42.41663489075101,27.435906898579635,67.04516292160382,91.69838161861821,115.72722951413357,91.94323041087611,111.22341760792835,67.2876394631185,94.08024768396542,78.44402949097389,116.5918899084898,62.1171614525425,71.02677027534126,102.37669428632833,86.33319052153925,96.65713874352755,87.7730508548981,77.48894481224187,94.11228993690185,96.22013714177861,94.00300205695159,85.39048777765572
40,-18.16028991273548,19.260132249831937,14.53618323209874,34.92766305041687,18.658197157136698,62.86462488161948,54.3658025358675,-0.1076645139792447,46.43205113383439,15.256168365681148,2.798049063880214,-21.669728210940455,-2.649520985641402,27.82030566512492,41.63825454810219,25.382725889357218,83.09916830966674,146.7389942162397,165.8610184479737,85.15609782525475,47.73292781968118,21.52849991247377,19.104069330573452,23.867588098531414
41,-34.666705464105064,-38.06153616572126,-0.2999983370867483,29.5694488620862,104.12918135291635,84.18343274355824,143.55599480879934,170.21712114223993,152.04512297498638,206.86416494220146,156.73130737665147,84.84724371446725,92.47625370245493,51.30108184754661,55.06285309264768,106.74188159438762,99.17015366985174,115.3945170101942,125.67775984302635,56.82924799961515,86.96666997720902,45.64548567123928,33.6603586159364,81.0655509102193
42,43.93571515144956,32.156500071513065,78.40650232469407,105.7117058299985,93.15521999433469,97.20393904628446,117.86065172390992,92.40958943352197,85.69381957293494,70.794742034553,27.55793504409649,31.39202329749169,37.92823342372976,68.57620140339176,93.78547371498611,113.89884763453576,113.86016846657472,162.938776059183,125.01381913212524,104.58508749325219,110.16720275347907,117.45790226129844,99.33718317590174,140.9157668452296
43,34.09103149195834,58.886882277244666,57.19534290944611,76.30286594797195,94.10738213882652,86.57684752027092,98.41380790169919,24.126623737742335,14.922641243323767,-6.112624045343281,-42.87633207618186,-28.83254308687247,-9.432451024433888,30.880045204488916,80.43741766140616,88.27006133197185,125.93624452603501,128.3302111505128,164.31566358549566,123.17831456377013,87.13191282816504,39.37379138403518,41.83664903946607,69.02962224592288
44,55.74695769096909,66.02973757106179,98.61217329833575,111.68347050312445,138.18196091381617,117.196155787966,122.07616301020232,86.60156407139237,59.28180008988459,56.277055647632295,71.46937331393421,50.229231863818974,140.0490395267026,177.21706105680835,130.0409824008471,102.11960587647341,140.6785527937406,168.18496623287393,182.59739688606373,129.429901720623,134.2637084374948,65.38062230306463,48.81661731525608,86.99499368919973
45,66.10171382092241,56.235977216843125,59.243142409675045,42.45272198769705,31.326189096618265,59.77651186268601,78.32527762937995,71.55702475412585,38.800316918181586,46.04524808630988,23.537191592917807,34.80725754573565,97.01608615781085,60.79629194758367,72.89363159090189,54.28082496112063,101.24041719201773,141.6539272388871,148.98824973127864,133.2504502794172,109.39726001274187,68.68524591574209,40.093247647495375,102.5421101480186
46,67.60920186139484,15.314436269165743,-0.7730923064384001,22.243685407797734,33.565903435396066,39.57428595065914,43.69305664037556,48.89721001302235,40.70445251940143,53.611731696469,35.227200987052996,-30.41962194251824,7.002409269282154,14.553951007384498,4.240169797566594,38.6222244448146,117.12553631666574,173.10815464179638,163.40854323456648,113.53978033741193,94.36244698372981,28.144502499703307,-17.48168990632076,-28.798737026653058
47,-3.327449933233922,18.48521399162722,31.757973712691577,8.429409121179091,52.29515607661351,61.54282770187926,72.32198841779423,77.34073854542535,58.27905597624637,66.36679904417264,69.66000237405945,35.09649375072027,73.3476614721436,59.05377601728782,85.92089349294207,108.78352932793774,108.81412189560484,151.80787427057194,166.59672222398436,126.19439539609154,154.7781678608789,106.51678836590631,64.34842566383958,97.20791657900247
48,23.35189254207415,2.671998615039641,-46.50801955663711,-14.051766314414806,5.0169133305830655,98.45238154994954,124.5924569053963,48.84663716298503,-8.076319291104056,-1.874116050479529,-33.32329276582079,-46.11509122297125,-22.415601963818176,52.97522092518198,74.97279205854777,60.79743559880399,101.7973583274603,123.66198358247505,179.05603705879815,164.9374949352461,130.27936064196322,84.03373102050215,36.766699937179055,101.79673786499727
49,68.94175949668075,6.810849690499602,60.230914953427856,125.37979768343044,108.89623285982661,128.1172681298708,142.68468236941067,124.26538407940774,111.03626136992452,76.45952472348058,53.476590798713296,41.891370811549116,79.555688431304,73.68033795842722,82.92773457729402,126.47185860794661,119.6467907926055,125.12818058263318,129.84902011122415,64.64488015320424,64.19116733635477,71.2329597248158,44.71362907943538,67.41663802226088
50,-2.132942533362794,12.273143939287674,15.649480332861383,11.99679846381619,62.27195219554938,134.7351316549911,147.12622720992016,122.34711523482278,48.663669903652675,56.30162965236786,29.103800413877256,27.995876842466792,95.44723251222553,101.10421223305727,131.62013651919926,171.11834130997167,137.14308475450343,120.95937012300968,139.83118491440453,96.41487641423541,74.05685824319202,9.93137021621368,-15.974725935841114,40.511830045182485
51,87.95548089092148,-1.1708498520299813,48.30292912194467,60.95155471387796,46.903835281439854,82.96111422364415,102.23683110697978,109.90065961411551,134.35423645952773,117.63735820780639,51.047259595713626,57.09382279139203,94.48876650428646,114.77254149324642,88.98802719323115,117.965309828264,89.86772972625377,156.38091778516608,173.73627252532293,108.71116770146732,140.86229600145538,43.181552176895586,47.36235154662381,82.05976280779593
52,3.0585544251770997,-54.48133866879282,-21.938356077047416,4.513395111184451,0.6553425115310887,36.19215971626393,82.50707692801451,128.71317186715618,109.62520210758245,72.47805232255052,82.8737289663135,69.21494309539821,106.44542915650203,110.29111824903293,77.3502273927233,90.89967454064322,115.0249518200559,148.17022047216344,138.51512541431782,95.37965215519009,107.68646608758952,60.991712274256926,59.35991547815019,68.81002204570099
53,-5.471611279340301,7.335031057481462,35.184332418088935,51.53258882858805,79.96842870381302,98.28126532148958,106.80424369042565,68.78338694606565,49.56594374654882,38.525934366534024,23.42217415517817,18.902450115085124,15.421948039999975,18.431834632534233,47.091574351210824,109.03446919322114,92.1696296375198,133.43741715402103,120.94632385319075,97.09827038001167,121.20137398481205,91.2795890345526,79.74150308548938,84.7078551683254
54,50.63383358044644,84.0576810566352,74.992566980553,55.168502499251574,99.35954798259598,130.8153020730788,161.40574023525494,105.68611981492069,73.01060630389767,-11.876177080834836,-7.385202802229138,19.976176559552357,61.48043855258339,116.78366428228969,127.67432753376573,126.66235972793123,129.01209189588224,153.78612208303835,146.88965201534333,75.06433797810632,76.98599988592392,70.91870069568188,35.140717320155304,97.18265487489415
55,43.118397826328916,-7.59686936879239,-16.000955859840914,26.380766246419093,48.583420376973216,71.20153479711699,110.05548844656943,65.67634537108614,77.08167105877479,48.44415457042841,32.59134357590381,62.576598059666615,95.51627857513859,108.91517736520376,125.78322695742908,198.51407600549027,181.37027166823106,156.28371400190883,129.11949711373302,107.66130130094139,93.52594194233397,81.0648982333292,32.84082296268409,73.46468586648396
56,26.21273824965692,6.041869854344256,-35.42708857619918,31.347820468293303,83.14815419948759,163.04263254922398,178.82052767368165,135.33164348104606,136.2694937993599,84.30256532292763,113.16350385987872,101.54708864816814,57.576153379896574,90.61243324769164,104.94329503136065,106.46527867674858,97.11487956612265,126.89058788132624,122.51072117260964,96.45347724785283,101.48212314563669,69.57138705120472,63.65488488255747,78.7346165153964
57,-14.618680633153915,-26.767872696813747,217.38344367031095,212.12164556983905,171.7834453835913,228.32195802782866,185.6393095136452,138.0947460416518,172.29810594469055,156.2897106239426,146.79114026433467,103.8320925087762,69.07793914945498,96.68593996941637,86.9722672796758,95.94492838607079,54.12530773983916,57.195800165062536,70.80654403672277,58.3255208462375,73.21324439087138,48.852448614010086,38.05782402145313,61.61107556574034
58,-9.868889917711833,-24.076104985895846,51.308406521038194,102.16195767042504,132.06370231345352,142.84719588796077,128.2549315624867,103.67291503998203,86.74275369000225,119.97690021956117,103.50758659645427,39.37223231134933,106.56078878813435,130.83275478312936,147.0148632932488,118.26799879616547,128.85386872018984,113.44439313371043,162.673728140858,147.61771014912676,143.4395860891417,142.24140992928176,83.50429063116684,99.3960291426027
59,21.340853166107415,17.510751271970612,5.503648536171134,40.221742221130434,45.984196004654905,92.64433958357128,86.42693983474393,76.08409748572664,101.29858360038234,99.97962263314777,103.7438816442297,103.84357616977798,147.07167528984786,164.2571324969996,167.81190980078853,189.5680389791524,220.19378206638328,219.17998848675518,171.0362243681443,99.4284988673491,81.56200909358691,86.07062972607201,86.44767584622761,100.17545237045812
60,35.29157800607809,28.34796587373046,30.73215644737023,56.1758158342449,82.52533635281493,108.77456764548705,130.48276711460738,136.6102358491823,50.670029701164594,53.483104576772035,-5.159772966223521,4.81297760585533,3.6862832467045052,32.1788833739984,31.958670543198117,89.57503253414836,122.71361329696254,124.79440032555313,140.16121686088368,146.40485762311943,146.01304294014548,107.61748798710732,49.489900707142866,62.11196060417658
61,-6.3980203795273525,12.725928180924836,39.45935564748191,68.4264662923988,77.9840766968186,103.93171579943167,101.77639152390432,94.42654041721354,102.16304392610743,61.07177409777786,51.64499056496335,55.229528357577436,104.7509196552964,118.50612688157445,105.02037259198288,164.39139252378766,240.39690561821473,234.94164174778555,258.3069072186354,199.73510247528307,172.0949823402388,142.24045073259802,105.49083780786395,125.04035865993843
62,0.5107248546296006,-37.73768575776493,-24.62069587559568,-16.330451404367608,41.57131915176449,105.98275809707589,102.3382621893367,78.2036614508808,45.233245831382746,25.15262106545066,44.59871852148501,60.29783795451296,93.75710690637617,111.56593099385907,88.08704141759526,78.1274826949868,109.16663100824293,115.11380542511742,129.56482171463216,164.49863754325935,179.1052038268088,124.27668214929597,94.8899384469957,107.0674620750283
63,55.59931958171872,92.13676261128148,57.968215400847,44.931629161815174,74.11718532651433,82.84647782474214,92.37274987967014,58.6783639102707,52.35504371855179,-5.209875747910033,-14.221184316177876,-38.50818107867975,28.86938311500264,65.70932963777946,43.57355204884487,59.75111215075658,114.04491973074508,129.27515055370603,116.45887349781924,113.76993600742935,129.30611839021705,134.6186821443048,109.20150116031793,93.9380930586093
64,104.98906924701852,97.71439131656996,93.34135145493553,93.29752843297445,91.33987340792537,164.34861709041724,195.2885454522107,141.76106264526243,136.57376951209343,89.6418920625753,58.188987273538444,55.75095823904964,49.30237648334316,70.56810904858287,139.67497549501235,159.32021783219332,195.3643732900686,188.91927893780226,217.36016268579982,190.6944630180751,229.68137027812872,195.85489155482244,104.69523893855788,77.02930480661456
65,78.66519815856704,88.28476995949822,41.13381889809485,9.336214873860605,77.07525753338231,110.52158912039373,83.6280600071434,53.74622835667611,35.00508891397229,82.20837014383866,67.00687710161466,54.884143536578456,57.17507408913407,92.57404765099042,90.29268851710513,73.72555998746003,80.69481395553282,108.78652204531392,98.70426825811853,101.13346249498461,138.925490905816,109.55213487528891,68.2188760321075,187.97275772286707
66,12.747563520344336,-33.86268259672453,12.595725180505205,37.03661519490594,84.08113547608532,131.7867180032544,169.61888269938268,158.0638395191401,142.15151580319778,77.7134240187013,74.71618449445407,68.46338480696743,102.23578649265909,99.05387462649571,76.1392982563606,73.99404851209115,102.25918794804659,141.65553417105087,134.97444484140087,129.489453984452,132.2525359326629,114.03206677397381,63.44134826522155,102.46589907392242
67,78.11181575400644,46.83973572253995,35.307050842348026,54.626814660976414,44.421213255365956,93.22844026522247,137.49667509343686,150.08645099630002,103.7708709787215,77.43577315038152,75.35492306011557,67.69435622722327,94.0612900348947,93.79795336271182,91.88252614421818,57.15794532236702,36.736485860629216,84.71579665799143,123.16716325769164,112.43077449888769,118.76734833913736,90.13649161736915,60.70194349399094,42.73609489865026
68,-31.286379122941455,-29.452088780173064,-4.775013281662872,34.97855659086807,55.81087485049308,87.86623515351513,127.48510660373894,100.5394206118041,73.98807097147561,74.6000775583271,55.782712404138536,73.19384485151915,59.32846098129001,21.832547926588006,70.07759960692451,109.50952863087794,83.51156191060991,110.70277760642838,85.10195698069685,96.45028968844949,92.26376339710565,60.752379176566336,63.068684499765965,80.87943114891188
69,115.4832626015643,62.782716756689894,79.367392980787,81.88312987339194,138.98309075522465,126.39107082876046,152.19972791681752,152.93059158488094,146.5747503736358,123.11519121175112,104.07537858693132,104.40879766084913,106.09744142577271,76.26490143714246,109.89094552811113,85.40398272927195,89.63477781988784,135.12088366443564,151.99614563955873,107.19645279873939,106.45106040140145,39.05859870320245,54.15197271020142,15.122916683441986
70,-4.558754608706479,-16.45140553314561,13.822772052193525,24.470547468918834,46.288495401030836,114.71685130595742,107.09759628499849,85.94911852552883,79.00560765128647,71.04822041594608,-9.559337266589537,-71.95495194306943,-2.3483838361509015,-8.523076325713419,13.072976561101171,20.441012665979954,100.87226713355922,147.84400934472683,139.62618766287846,122.10552813662136,93.94111983167215,41.217972031515764,20.666944431069425,75.92754133301128
71,53.33876900287843,79.87784229434166,108.35416096133545,86.56353372582161,106.06867689162345,169.42084757187166,202.29239805688337,136.90164978503824,59.50986636131787,78.66918232273487,130.444566846945,92.85051883596051,91.63836364663416,90.11799502898141,310.78213583779785,229.60526029605114,187.32191110428784,208.89492272484895,168.57469825933993,111.88250282896261,81.75221252973597,126.38197565135374,116.49538359974648,133.78446790629312
72,14.485767438404881,-41.31728374810229,-26.68332470355314,3.1082272832062046,12.441427889352994,71.33114008417786,104.83936784754303,50.45202398801446,7.947995244574614,66.47577139111777,43.03188163529522,55.83564303748683,83.48364675470398,128.0378178710793,103.02885734511862,85.00503732251673,69.94284974558137,124.23031988048332,133.41496349502924,58.35291033248858,28.98530185302039,26.672570236359256,22.316846435257006,72.08816627731761
73,12.342824563330453,17.882474913076017,20.442922432248253,72.42641089,96.13175641641277,83.03247419958701,130.45156543286654,108.09847778184479,103.87387943888277,83.73712458267175,47.80479647226559,5.999053879954957,45.63656908663407,52.79097988402906,53.3357666270323,42.32718354946728,40.341430297039565,85.80882194253589,95.53898125316698,103.03562653906314,96.47333277865476,101.20650756192356,47.96612105086414,66.98854830402087
74,7.57928060545996,46.254819950931626,32.89902130603704,50.844336250803956,76.37668174070718,120.70269758005375,137.82501201052918,115.20699391597562,48.347446940630896,27.584313058550094,56.40262350193368,13.802475816058475,7.236348436341004,41.332091078190544,83.67937551202405,38.341334387291234,109.68522043002655,113.81591315826152,135.53283915365344,93.79764434501048,83.38276092609243,91.86225177767695,38.23599663736981,60.81037629995818
75,17.47149054267843,28.767531995901955,12.329533036510504,46.47796512860762,151.55305215779686,184.76843650755222,216.59662414325408,180.91110127602226,137.6409680369692,84.88087169313295,66.1306295428827,19.559576031988172,42.76189822314913,60.39199195043189,95.89616964250109,116.86280533193343,151.56882348693824,157.4015775612728,132.1203244263111,103.0400018368035,146.25920395068988,129.6482148479169,104.62962177645733,119.44828297686708
76,20.679569012777996,34.81432782492222,58.37659727651154,73.74586086758825,95.81768128964485,114.04453148044314,133.82795274737273,110.09961715335615,116.4860784950096,85.52415458160182,53.562586108295264,14.381322224686084,25.490822236636703,109.53839958225268,115.82304855036904,138.0277929395382,121.95747714510637,107.63133261849853,139.69663094243407,150.41312719101563,163.87092829999136,140.89309316613938,124.39641048447862,108.23967034284792
77,21.274888761029427,50.30672710030716,42.56142029758232,87.18911322032291,106.86282830794808,158.2338316246648,125.13688419068092,83.28332791434973,78.62904305442338,49.35851152921548,65.11127993310969,59.40122558873561,100.41550759235984,87.22947607890909,65.83324423961022,139.6135041037531,156.5180003923896,141.1469335239185,144.68087530695425,123.16334079550988,116.91702309703531,89.94575333641811,62.95856464004737,152.94700033159123
78,46.711510347260514,47.120810923872746,45.30686387899486,42.6954348194897,62.747966553438516,54.985831614914304,103.13608451385025,75.04558510269818,42.202734627123604,5.389495475957446,0.538535306037808,13.636216200392859,30.06801647327555,73.30242556900672,76.16874062505238,104.83884395677973,122.50650347040553,140.3362414378083,165.57229571605708,98.79141034900985,138.7052063014745,119.61182080605374,90.9690793119386,78.34610951438526
79,47.09325721050704,-7.164699451191275,-3.1029841728064724,0.06723778353477883,121.91334723797505,138.75372779719356,84.33357199159914,39.83806100404703,47.23207862776744,48.90617268467375,7.941647349334239,45.922302445854235,67.56362304125652,104.07911058715557,103.94776146367666,115.41039632873603,91.60258009462291,70.60354405329126,73.48791445573144,100.77079175941077,77.56727005555815,14.360058640796055,-21.116099501852794,40.335275378815794
80,45.27613235962268,40.08488067049461,40.19019448479257,60.69123815323229,106.98692700499257,125.80831795829714,144.5844162041649,85.80004480679801,125.48617954678525,118.30370169761622,103.32398187523705,91.87187731008913,91.49794239966718,45.06132900750378,91.3182842476444,91.78953329116146,115.9021357832529,153.9530579667907,179.80360037982916,136.5736477659552,143.7336053413876,78.61004222556707,26.77629483741284,31.17346739556941
81,35.50674843149833,43.314709670228396,112.24753529328002,107.87472912233972,102.12206224761465,139.35283946370186,135.3924700736253,112.89446482804256,106.56637078611496,108.260927025562,68.50649014530286,61.2248849331485,99.17328412557396,62.28543959976588,75.14668784709934,118.85546677973291,102.99066874858521,163.29838716019407,153.20862986316587,136.60544203354905,106.1962587523516,104.75212604894033,57.06758208017117,68.46396044465777
82,19.751820147596348,48.39205013153672,101.21321945266256,96.44325731708827,78.0426739443833,87.08750339944166,156.48863053872645,125.93696240551108,94.56154012634511,60.6975485885467,31.41705714190838,6.669078105779398,31.954078229705715,49.598774180650025,91.93917273109841,154.08929044139026,137.34440217451348,121.3084292501298,106.96850508455007,82.37982150811158,88.10091623621699,105.4795159369618,88.91739033249638,83.07750159149538
83,34.50936783714568,16.53107381143543,14.621306239565548,43.079805148404624,63.87095075058157,118.61696784553116,139.43490620510772,123.52455642060809,107.48967263565936,66.80417168955624,113.79443449889467,91.27356485331215,86.2398839035779,108.63326071764686,95.54456779827316,116.91050274679576,175.95723234458302,151.7192294017062,173.77360946937938,159.2076856890857,142.00812743159833,114.13362304312798,119.44982468179302,92.12538337407902
84,-3.130381179709019,-19.353117904076463,41.02161594154934,29.334968037422826,132.12943199561352,181.76712300073802,187.83899974934883,132.1184572688595,134.50030897200338,65.85673946181477,41.384603162891125,31.241254136046862,73.53476783436783,94.71801379119779,96.85036074046283,136.89242211625097,147.61848500099933,202.58588149592214,152.69264511675652,93.53486010841101,153.96398082802554,98.060711658186,89.8344216659261,96.62837298954945
85,48.99963312268516,44.45663736001431,26.7913255549085,24.9836660949138,45.31430381741175,85.83104524222003,106.2555229528619,40.44366234517386,42.70607405598488,64.34189218018567,79.26564289258627,62.70538036002694,135.60048341600597,89.53847146731948,130.52955023446475,122.09706765880074,80.21530256175228,98.28204197915835,184.6292098678329,126.60741381548705,126.83168822788406,24.252663301750935,15.354240769951431,63.920211331087266
86,52.148428747492936,41.140399258177865,36.431612092801316,43.25380311673922,82.64467980422931,71.58112081596713,119.36854911142241,107.0076023837519,76.46710275681708,54.80617713252073,34.78622417743832,35.7315737714918,32.14122453789054,20.021292863338772,71.52888680216464,90.94645204540849,133.06306357805065,151.84133987362748,171.81461087217784,114.93749035792486,168.629923437012,71.1014596338207,53.99419254802817,94.5333127457152
87,41.684446677940585,58.253852382867855,36.241472625016954,79.32983929273902,68.37623469177164,95.12094559897574,145.42157387725723,74.7989802131578,30.18433577443865,28.181188469613744,39.75304950407064,16.354955666715384,21.239082223123432,2.8555826745888737,52.08293318952627,101.11716617810637,115.5485190154417,140.99576401266876,120.99961028180265,78.18986300686478,100.70942123315199,49.321596797086386,91.57448380515635,83.77902828845527
88,28.391098914776588,19.703095065326085,47.16442506076658,28.40918977446618,41.30465847589052,89.01043664069212,110.41233651234096,70.1330253890545,56.79206922900998,52.69472305104857,38.010809607960894,38.10086751928449,162.3484634552615,137.41271356903988,164.0415025017931,194.34582406794226,157.59136484704032,133.95822150192467,113.75110310950248,75.71247895944124,109.8166551878383,73.69587552697472,75.40672042697477,103.60762853976864
89,17.80518379557638,-32.15184672385803,-2.7861800766231113,14.005884225109895,72.98119619288349,134.15686053562086,153.49540868528624,141.75716920175984,137.10169975589443,92.8709234496277,32.389663071566204,14.969596734839165,69.61472142933077,111.72037905128246,60.71501458134856,40.327314400130184,49.35892202242589,104.21765952447075,111.37556561569318,84.90835164081871,129.27344227686623,130.42205456029473,91.40392892612334,122.17652789008919
90,-9.143492173110765,0.8228550789693649,5.143907053127194,14.874649150277719,45.50092649090675,80.85198769943112,145.51803086312214,88.67194070254922,53.38483049456529,79.53050687620444,54.29190411951647,-8.34364856732541,61.328924763607574,93.27539563290438,135.05415375948553,150.69625315376572,139.13610375500696,143.7503098826177,133.5734506994703,150.6040781399238,149.5767491327046,143.79093648146613,115.28561348293982,106.88261133766129
91,22.53565634165927,15.262094801685187,35.79803019032603,63.85506541047506,62.804012743642375,110.31659224624735,130.68442992286273,156.14617639033978,138.5583214248693,157.1647284152799,138.71117570490543,117.92351469853307,181.31626110954716,173.48000399259791,183.0443333242313,120.88533474676782,109.48298712459231,132.5805389883288,145.29744366293016,138.4724760159268,157.45155960535334,148.7185615936322,96.21570675180766,80.55322920264284
92,53.53769855401532,20.206535768137286,13.727940879073628,39.3003799965341,32.16141445139685,43.62340023168725,124.53212753025991,99.23227225974485,70.58658908864385,46.62351979183126,-31.277336597684133,-12.656196064687805,60.02231319846602,71.51957674040709,119.87718420504113,114.1451535119663,111.23178857365727,136.05777662348262,156.5889919352378,138.25464470299818,139.95513949501768,94.89958340632822,70.85971470749304,73.46372771003242
93,56.89056858859857,-9.874418921856673,53.984281250505205,41.704828375998424,38.291256737307144,39.12424725118129,101.44866684487849,84.23792035373354,55.771347323590525,57.92886949955334,44.96518563481161,42.54078279568962,49.667775011803535,87.68643389465956,129.88026970140393,136.47741728644806,154.51626544972626,189.46658059206547,213.38656470330983,150.45797418513706,160.588494695723,96.47001046632002,89.59413733752277,47.11519821644668
94,-13.748812347191759,-23.251876210555217,2.3483714360131636,-21.915652824759718,1.044346668328032,31.36045095897593,67.75279038268728,-12.567069636567993,-9.495047670803942,-47.63607817321541,-16.00637541282478,19.26060756526648,66.66275470134585,114.00081281817819,105.40009115877298,109.62786902908606,123.07266338870923,37.06896546081947,63.87874956670947,39.12589172518889,51.76289651572985,21.35511240465391,18.672562220063476,94.01291910553599
95,26.872601055678984,28.55370449863584,-6.957738248107262,-18.128213669664547,4.907298971898285,38.69850597030728,61.894567752787424,89.29418203408044,29.41677268375382,22.63803488357192,18.218322289970462,56.543870959460676,62.314044512885715,44.32258128521838,43.1024415754486,113.69709240777837,108.9477475062843,156.62653063530541,168.29280728879195,129.1578337346924,158.33447399438393,129.16689063463932,145.45483596975888,117.5758462908988
96,-28.405398487813038,-23.907281673365183,2.0365958659346006,46.20421428301167,27.07920148684022,42.309592856761995,95.11682685585014,90.89248582959011,96.63114585054102,72.15272152931257,8.71717522087863,38.29677957863936,68.88117420480147,86.28581008057711,108.95254958216844,111.21657229017023,119.34654376790621,116.06165861931464,189.37921769356063,134.69332523799656,69.57777537305245,105.79045206300248,38.46196749868861,58.32237264896648
97,49.47288667021764,3.9676109055803153,19.824077458432,43.6896898230172,70.25374737858081,95.09423558114861,122.3155623544252,46.96557279901728,50.288839653469736,16.398600016804252,47.60683507255208,-10.427885982660875,33.85023559178705,45.51757990151114,118.82231257209277,142.41503027836058,146.73468693472293,180.23046116305835,142.97233526961003,117.23805224584561,137.3067662687733,75.72662708381772,36.962040336360765,41.88160944968094
98,-2.455008298771915,15.656866554697782,33.347133454706366,44.774773768617656,107.88441337010319,120.02705918610363,162.58153328378398,87.30373462770106,75.71211891523018,79.3904340439543,79.04969920728276,8.791422402514918,40.7304053700931,73.57805630613963,75.17690922897593,108.55404621499679,128.000524321493,92.1321603952428,122.4539053017325,80.28240804740172,89.3507862787975,53.67417350512274,20.021902863629357,87.21435796584578
99,49.21462663953288,51.07478306082312,55.60203772898648,34.9547822689601,92.94641558274115,125.95842890168444,140.235797180512,81.82371342580338,99.70884756160771,86.04984828315355,46.54948318786795,43.82395014449547,50.17096844426227,96.14987909647945,71.82501913959838,91.12242030233016,142.98236596654522,172.9666645554275,175.8251712299162,81.52237169072824,106.51896954643715,66.63016448448224,26.182990120069825,78.17005070019337
100,86.45167080260724,52.56719323383358,44.98254007713531,33.08660072571318,45.05148034421305,53.965039919731694,113.49688781110302,76.6733009703597,47.619277872915916,43.552879912700455,50.56272652474059,56.71306559308667,104.61121978487293,116.44115482072483,101.50439536626303,72.9528615367349,82.69903536126417,137.64480097717342,184.07800554693938,160.71807938510122,159.71371150960644,134.8299106954923,122.95643753585173,136.16656630646816
101,-23.07198957474627,-33.71086016627401,2.921031619360342,36.13289141973112,76.877226520454,125.97536240805252,94.31406757819056,45.93832452723895,74.48288680761229,30.363412050496727,8.307730805765893,20.053534774427206,87.39599865790787,77.62363410804986,62.76909258567834,74.39041219571521,72.38870066211345,75.63257622991402,129.98820033040354,109.42660548754965,105.03875873820702,68.08914046080507,50.70442573389175,95.92725164422279
102,92.97624299811433,67.97678186307967,68.15747956563564,75.15069275886596,98.21690066981041,126.53190354605786,159.76024624166243,151.66774106796555,110.50626480033397,28.041070450934818,14.797655870027192,9.52798767563656,41.33689743312112,38.97968403800543,52.21088156951671,33.24812951961415,62.28960830994984,116.46316060878347,93.9682276520864,36.845374797531974,62.884094014708865,84.96751264326319,58.36741804531696,58.90039010418397
103,47.63300787271604,-1.0453317130785287,-9.882884375046622,27.750684269353137,53.04924553299256,110.75782725873194,126.7493625322194,129.2880978733447,130.19973407446827,112.08856465508356,72.90101697164532,75.33162436790712,136.60307875687363,185.6689721750261,147.76613887031954,163.18620823273454,196.32887216196065,187.73636521941364,162.55256217910187,113.86913541708083,119.2886477906444,106.96740612661094,75.18739660004695,104.13096463878856
104,11.0926147337439,-4.192441551263666,32.813955115645086,104.62680492538874,130.2163309781225,161.06879792586753,135.7761084845465,103.10603551446809,97.4497180449167,94.3606844875617,70.70437022839283,40.05656618937259,35.710863530765856,53.81423500169329,63.869262578412126,92.58331057841181,137.1283926472561,134.25562776306688,123.18706994308599,123.91187631116483,162.74727275221164,128.3848614979119,130.22260161338653,169.048488942879
105,102.74820874106967,98.03544125078218,100.95107367674944,88.2331085978399,117.93522642138144,105.91140412269965,127.86487513972165,79.63579238221004,63.63412525945555,45.9716368791268,23.597913149293973,1.862752683169873,-12.063486349587421,46.239689784753836,65.2047671775304,91.29794504846087,75.50676588637141,137.00119122374878,134.5757276989421,85.44270237111246,40.525248842468756,56.57135753394382,18.419767653047025,56.49439337994592
106,63.366370018897,31.965489538355015,35.844983935038485,25.665985786570538,37.20697777831282,49.9816247543272,92.1719311655597,39.12771745055231,9.1891900622052,16.646902199619767,-24.147658865012424,32.04597463362306,61.13785703134354,78.27191486320368,69.25023414738256,82.48052332467488,59.18458185906526,88.65626508110851,79.53055424023835,103.00070403579618,129.25100230803235,133.18369555337947,88.04315364805541,110.54697487867112
107,10.255314955224833,3.004895307669667,27.495085867594984,25.75122715412079,43.14212799042466,43.91213728420378,52.595590628010015,16.507874987362356,41.65858870373925,-5.703276132928536,9.44548747130571,41.26714806863923,77.87241762877018,85.55208720975398,91.84360390573801,116.6608710628424,125.0202542611923,126.85952355126426,103.69038145903171,47.06392907744727,79.5784404952226,68.04763790579334,75.93245632977067,87.02066898346187
108,13.980611269098834,22.934308475360243,52.723311827935724,54.582574500485386,88.08951582933011,75.99160097879063,76.26470439022016,60.42298211476454,61.52967047310759,60.287921499035406,36.725054987254524,-14.923802526680795,17.309676061101726,32.11046811668428,64.82311303534559,64.08793113616491,78.50815703727636,109.17439120592138,104.52123165503956,90.3169775904713,85.78276388410477,50.76470703620204,92.26861838519959,91.42296130454831
109,17.09552108905544,9.679983297595603,38.94787418473727,45.97070239109737,63.80449420279246,170.06966770178832,183.8289201801181,147.31187508494727,67.52127910718129,40.869622268521326,4.149729352766592,22.728233734847677,101.53635788429973,67.43979280827403,77.42305379036266,76.98187377279959,89.97262348222282,138.03964259082116,131.0699691622259,126.65251556372996,162.62881394787053,76.97164622963905,82.44405954812565,120.980515640388
110,29.448185262682077,19.67325337747009,26.39193362431637,79.8688183137541,113.97064220564252,126.35267118969743,143.01161209808566,99.55066092141527,69.7699401762606,72.04193554491674,54.600421562582525,27.18466295870864,58.952128359419994,74.00109742534096,67.30294954344058,80.50500620771547,127.27379886542153,134.87789261862605,75.38956844603504,55.28420873247194,56.3661988679168,34.85550118198768,29.974946660878757,46.37874782331495
111,-45.01309906471299,-29.158386371479246,-9.662631752587679,21.146984159571772,44.35555605727883,129.8772501653001,128.57349364472105,111.15923904497437,80.71994407857386,96.60502965673936,84.11335370777488,67.09322710588444,91.48103723131351,49.256587347835286,92.16793131542903,95.8819647159549,125.94918987447491,137.3776176771544,114.95554612022019,101.39795901023626,81.53871462049284,117.33939067285753,70.6190599643601,94.86364881077593
112,93.9486203007403,73.23551917801261,101.35517605071476,118.45128459147988,93.4027635777019,117.45490965707882,93.76310135827644,39.98063288095212,52.99457461565726,63.35781598850514,32.81110231864363,37.517517238082014,28.128816457340214,81.4711058555203,67.45462377034391,90.82573115602922,119.77150595571224,160.41665454349666,89.93401856821518,20.49036441747343,18.691113443919903,16.36604512473818,14.352761761687717,34.66032054443487
113,-72.90425798584775,-48.537762915118286,21.56243102816181,-2.4923538608752835,45.22206765097881,51.2076672002595,85.98709682971992,58.53314858518669,98.78069826978944,39.00864395583244,52.92392072765547,50.17086538296325,54.95886856556639,64.10918271101295,92.29448500952037,99.18985494802365,93.81659178190625,101.93509296651936,115.39238685214352,107.80428715962606,127.07730387032356,92.98150712955612,43.710809958573854,127.29462803693514
114,-11.612408081793014,-30.25312994311055,-51.18412031633001,-16.499600104998365,7.501341993013966,93.07492264881915,99.76361357933253,48.96157817641386,21.32045985803606,17.80846487967174,16.824180681095058,24.398898093779195,61.416898658823115,63.883032478297935,79.57602983526844,120.81646806829028,139.35088722887625,121.56927069963442,129.33781714397404,42.65460357211044,73.19096187473949,37.036064555747615,-5.0730630924313616,20.274925517147516
115,148.13660167389494,63.95369754280846,35.05770594725376,89.61349944895144,118.36434415471857,118.3239501093692,88.343862975934,89.66197811531953,74.17276280755678,77.05931677737028,61.295939332177475,54.371973670137606,90.3846914038906,74.64548561505731,81.6615361023745,103.30451834589286,109.78099603624007,124.66000753658057,141.47894974240864,94.90971804518922,82.43108944242547,37.91002519905709,7.7453775447853985,44.753514226441
116,-7.757494077178897,-14.899031559240733,-21.133493214017008,-10.921615156220646,104.53219233761392,134.91108426938465,162.5928301838788,155.6371035358905,144.5426498411943,144.8169757225129,72.52697303946638,27.566715215810277,61.94752362118222,86.6441931180647,125.15991006937382,120.9304805577998,127.58724532435376,197.16116867253282,175.0850811096874,85.8113278957584,135.6698497565075,117.51205782453341,96.7740444516165,122.97439253948329
117,48.04294003031407,81.33934575815948,64.5251295922719,29.087727027859444,68.39680904082738,66.01374498509553,150.33325161167033,74.60505659816866,74.556795790045,68.35652879407597,33.20522119952516,1.3778677283731184,58.336497190021774,55.84725553455439,75.39703562472872,77.4586747180027,108.56192879002968,163.82991240161837,141.66980196548843,79.32357870460616,128.59433877921617,100.41545509325452,50.231151981471385,58.83280262825952
118,187.68590651872842,112.22899443564154,92.3529270627937,98.6705558154872,102.2803979497668,169.12372264099156,212.5671528773043,152.81317318809096,133.2185044441674,82.95806917626926,100.08933027414335,82.07369130652916,109.74196933335776,101.13993912089367,133.14865864544697,144.1532313986337,141.7654538244963,133.6493841672967,124.25190520992882,95.70850733009249,125.89933012236243,71.11655268066795,41.349631930320825,132.3845236925872
119,-25.14827004992641,-0.017862724247439843,71.41747615659708,65.974318612796,73.72222107557718,133.08919292732213,115.84407686067148,87.11977098011991,94.32945969037003,58.404759094021635,15.312387928487851,4.377316037873783,89.21826648248953,100.9429308781562,118.43021115032019,78.97894153990255,76.36743757613898,69.31577809385767,78.59757322147217,99.96082858277212,88.74660821123804,100.24803511348051,35.80630755402563,22.844658529565187
120,41.54319336475156,-3.17352957323531,-9.744199150737302,65.65520059337433,88.37545377651995,136.48343221488355,119.25630354734723,123.13756081250298,100.84019592706599,58.165124199938944,87.21150772379093,35.89844195609907,66.51657760328816,98.55417137253042,83.47313442313703,74.21800174537957,83.89854500373042,168.98682906027912,118.49951425266659,90.93179925199067,77.11466278612207,81.64907105734287,76.3347497483955,114.81325580855541
121,13.943338879104576,-10.285029256535807,-13.939247903991443,66.51235583964376,118.18201185074295,137.68994680604425,129.2916147352564,115.5319342216183,106.66641566341066,57.87835557634763,40.14770988028939,54.94520599688381,92.61572030274343,47.96690157978456,85.44881580427568,103.10554628718654,135.5572616499461,108.00115456088736,152.47385864577004,166.02323829670513,185.32218714007536,126.31503578371552,117.19697451805916,127.10804988916772
122,-4.2942063784183375,-35.45011215510758,8.71106159857274,29.052658946532063,18.268327352309782,52.31791568495789,94.05438770586863,56.202483994330734,14.715025707283502,84.33285936993687,31.079174282960047,19.792067285519416,53.82911253251437,37.77384239864223,63.39462516389826,46.89643357430603,35.384532915367316,100.10331625477734,148.82293067543438,88.68093447169457,101.82758740177198,43.483255005412886,27.504549214591094,12.15344828830139
123,38.31824857490619,50.93735058505836,33.16358709922254,28.16024196210587,37.70207644420528,59.67193338229936,98.50384944026726,75.91525671524083,57.916649939172096,56.75007314338656,42.59180385162586,64.4126854081698,83.63218680147398,67.05642078499345,58.733947838045474,76.29620010983794,120.23812146452016,150.85856402026906,156.90174193736942,140.51280523642907,92.78297710302726,88.55426988868057,48.46558493380977,51.191569520914754
124,8.515464376067875,0.2454516139769538,10.209771014716758,7.74874256122925,34.81945026076448,49.43630200330496,119.22111060769546,95.17012813351491,109.39452234866941,67.7757730021187,76.39765267170218,53.497405475147524,127.74742520432928,86.79535895506928,66.40008324468576,39.52137154094902,67.9679342658655,96.71938906547189,141.39533923010288,53.77670975759204,66.55614557687906,60.06738742358996,82.7680793042752,97.46689309009572
125,64.75641290530885,23.14103036007172,25.710144307186063,60.89634947489658,83.9882875451245,118.95565648454479,156.99112439958077,93.08933265997563,50.71673742856855,54.87711119565056,21.288909766933827,24.11137654555268,84.4228370263219,34.8587488490499,68.08450377847707,151.94257074005225,129.16581341984687,107.08340970552646,149.0541879692771,150.87420099623094,144.11436170455426,141.74384889249592,90.53153253531974,106.4600683709114
126,37.91646731768982,11.946523816914407,-4.573550769056958,-13.867228393559422,11.767261632531408,50.51223873376416,33.79861715683241,18.04303539202391,12.38417220499295,-5.288387668776451,40.35832388904032,72.04278450949715,85.78028383812601,84.29342535807692,64.36387795544206,108.34198277060847,126.861131818513,147.45659006971687,131.64949554239556,77.63496992872521,88.88446664162588,66.75498141523587,5.669964122236387,14.078530025774185
127,47.580136927750715,61.68591531632215,75.61386897393956,122.24502588168279,114.63468364168601,136.50432334048114,179.11095605867195,125.43705788738612,94.77601918619851,73.84211274427184,19.768986995172178,46.14047856738202,64.78621539307478,89.53610121229582,94.5674403013147,87.67440887611998,86.07346437756937,135.91713491926492,140.44976128266498,106.27491440446317,72.94676864565609,27.262181396654604,-0.5906689782757937,18.680496965085126
128,10.56137275169602,-18.09277723197893,3.592151528715899,36.724729304866294,54.853153833943836,58.130341050597224,52.596317835253345,-7.197761634886604,6.256533611043508,33.59540098444674,37.09160910830161,-15.902692157339594,31.642235863292512,65.61630884701604,128.17693757613802,103.18376788264469,116.98691249641513,136.35774882104917,166.1399128826053,105.76836690214762,102.92384608547134,46.74507849865733,31.868895274776676,56.390860749243686
129,33.6239779568008,-1.4639031063809966,9.782546178218759,27.04369633801121,52.30710063875872,89.8543809330162,129.7038266205114,94.6665530955038,87.60697833205897,66.60623184231069,31.172205484148293,-6.395869037898713,47.52527429728181,98.30513042654286,141.14975557830283,171.20123476021803,160.57033116284924,152.22714422955391,152.59090579111353,132.61230073096934,101.66530417200093,56.35965428390959,44.80659795545379,70.86445677153107
130,18.782206981641593,31.741924234650174,8.051466588737355,60.02545100086628,63.411060947721985,90.88810757763865,123.49773850215541,92.50380365140299,95.01785571280492,67.08522956723769,47.43626214766846,69.40748184997274,97.49866018425374,118.30192263414776,109.57128754613497,94.4583873309156,103.77547086781387,104.47259135527278,72.9992818911112,50.398505000095525,79.85256265912126,70.85114129935346,39.73781638133788,53.34241386956893
131,29.998551491272693,44.20378466250121,35.11325853792687,52.344903772677206,87.99373187166462,98.81310834925854,137.20411562188502,47.569982614182464,70.62278375439287,69.71148503405826,8.468891675195572,59.663283184326474,46.46447373448187,80.89596392259106,92.18971969394599,126.48880940317919,150.23086612927818,165.9187578519347,156.55143077641887,110.02981546977179,98.59538548294853,16.305933783968925,32.85369430241036,73.52451427381315
132,23.796484667187507,23.075039119138903,44.98991771852182,72.97258480048723,113.51823746015346,136.3446321922666,122.04055793618144,111.30114579923,87.27177015341448,16.04153532526191,-2.488731161069488,-3.725122043804056,30.121560610533642,38.06173430995862,33.237249812546864,70.43077830381253,104.49613560398056,136.8019973598284,156.57435192774926,132.25285571716537,118.31328842163428,99.2450233513479,92.07638671565499,93.86293137837906
133,-3.8688648313704306,-12.718002507311716,31.665166573918327,26.57684999609046,49.62205840738525,96.0556803066244,146.88552760091412,73.04779971011263,86.74113035988381,84.63119114578612,79.59271987305596,26.372513098045616,72.67901588375284,-7.833331354449143,-12.549992222729074,15.84486471685996,62.111088778843346,51.77490011647674,125.11488173203675,173.3441674336034,117.00185341629881,126.12819802789461,93.38040781154417,135.68169982476059
134,99.92503510496863,74.39826958232139,94.80292153513268,136.62126491594313,90.7486014809682,134.49508962938765,157.8748329345142,94.51198225099874,92.85810921454396,49.76115044139268,31.955938806400496,38.520100272685646,55.10650708715806,49.659817748807036,68.90880188111416,63.65662576678569,109.60595764930706,136.2558375960392,151.25386686435994,82.36231135220982,78.36097663838054,112.31255131470456,36.819815555337584,45.45845282259245
135,-15.599069521739786,-32.09718288984681,11.18373056533525,15.627397699787537,72.99719047966995,82.05107944427064,162.31734506246812,65.01083115857398,44.570174915592474,56.338499359833904,27.020585932694345,22.887023014985317,67.41078239930572,80.34509125641328,117.83122941542518,90.37646852697527,96.97924840587274,126.03944976421434,140.64953237753957,59.161615282362625,93.48825067708295,77.77526119476612,18.76642372179161,83.50018505299346
136,27.586649818576525,38.101443116700274,42.40693623955315,48.188250191973,55.1295811160558,69.33257982945055,98.57331852959419,66.50101010109924,74.65398499142269,41.40339019255624,44.23346481917724,56.71034061991755,88.38995598024293,111.92797930656958,87.27792708686879,134.2935740597477,171.31258033889128,173.46434398218878,189.03658410656791,140.68725429254303,99.93929295098931,82.98660136160008,56.051815116078124,101.04918306529962
137,32.18608524014071,25.49196084733041,57.086144893835794,69.25789206732686,62.43883998748009,96.59247638562275,89.77946670674046,56.28304958034276,61.29275993340492,20.305502654250212,38.13588179805019,46.2353784399569,82.34968266395431,60.08549407717443,24.115396336619156,23.596739271411437,40.13517251664079,74.58327631196369,103.3637155724447,75.15068233728212,67.77997685374386,23.777842221682008,12.436640206148923,55.47646152081289
138,74.38975666661997,186.67761193854076,138.21066610771572,162.7052148607576,139.91365391885287,131.44555512157004,142.20351045502917,91.79978638645674,85.50143580290467,64.98873791730053,63.80396340532604,52.109700065454696,92.79451804702371,106.51580595660606,83.95325700212109,93.4260938911654,109.09988643206941,102.43236472120347,118.28982183017577,99.21813722296166,133.28855642610745,67.40715820959493,30.75053328849542,74.01090270377843
139,-7.029527658432471,-13.059876365114121,3.8753985920545944,61.08963340595518,103.30282426889585,126.41403748236736,146.90567917369515,143.64786155321954,131.3429090482697,96.53558409435017,68.41416134508475,74.85829243028024,74.93107915851678,106.47697835125044,120.85511840970034,108.78933856218886,125.69792546142929,147.1890790307788,154.28829878815685,135.42379889596978,139.76510881154047,117.12502719897353,62.01731347285818,72.2480293996069
140,-33.123816696800375,-13.25316691050682,-27.960750607507535,9.421194103285046,70.86068452671162,85.05072091162798,68.06822486377926,78.36785163960397,24.21208257554838,-9.994197315019022,-12.864098617744276,24.37984893901945,45.83529879760624,64.75659372282034,73.98740371890955,144.30749589606882,118.38806819904244,153.7689004673301,126.31721253475335,91.81022238580704,116.18300717038397,94.08359063136565,68.70369774759897,104.27349398698644
141,-3.8813809229452687,2.9218858298280814,40.784907534418295,63.61881215281677,130.68877491852845,126.60078960381841,115.75954258236541,96.79024645367946,78.32478597327115,49.956916373916954,34.39391321679842,17.765558109909833,50.14600115859394,78.40381843280127,94.71129748652308,60.424702122719864,92.94200226407611,109.03601691010618,111.2716186015039,93.51496516992785,82.92785359941607,90.24372129436861,75.8889629102498,95.96472993639487
142,78.82887291001236,78.02933141394774,55.5111591558599,117.72905136511233,99.85246440113572,123.19251661979119,97.84566525507056,58.224211419811915,42.981425069242434,41.7698695725106,51.59692086906417,48.07200389510626,59.19560186124713,59.09604391176382,105.51483810152914,139.32505340486347,133.62839122051722,82.2075433092763,86.74886370768468,98.06227027037332,75.57866345730153,67.7008136329323,72.55970927088376,124.38353535471707
143,96.01678463500699,25.779909935885726,49.45196035114074,98.95308136305246,78.99719476262487,133.19924614689288,170.03647425456074,90.79137706553253,98.47309634269944,83.12315484068107,73.34389696402854,50.562295059649635,122.47524967381263,100.50281222634445,97.58919160393594,149.80902019599915,128.1602629979002,119.56542266021046,63.77579691474311,98.61277693344694,70.42255199576843,85.67711389966782,51.96053324619356,68.93535189606884
144,42.65892599174132,33.221662483492274,6.401165878140105,48.98094656668886,34.198309606131616,36.57203926466025,71.06721550011638,67.00484631266352,73.3135230592985,42.82789879951214,80.91697671436786,92.49910178175415,111.85310864911457,112.41914604100113,131.65739333661185,173.02795539444327,181.94515482719027,157.01773352232755,168.11680638727208,119.4159048982105,57.32773310746233,81.74576313995142,79.79264263451579,104.59727705509509
145,25.46220501890494,60.68670578122065,64.83230689178548,41.74822646919569,42.3732374797517,99.18351413422394,117.57533060177406,103.91146287237608,37.967484184290456,51.31627529236028,-6.163732696537217,19.242282911194565,58.37896538269105,92.89522021662711,72.14865184077448,86.23762549801874,107.87388102723475,125.17192825771245,155.42503392213627,69.1456059252701,57.8746247064476,59.311429468903945,56.96955437298877,44.496639891836715
146,41.84261682580342,15.65942381592797,18.797029152426703,-0.31679998679057064,45.524593890100306,92.65270450785137,144.9821247401896,92.62941867916335,83.71989870820529,88.47161138690272,53.345546605284916,38.0443019798592,66.11522142800322,87.14234641288562,101.12450945935268,122.5745288473738,131.5344604346212,144.43585206745203,112.7521048868014,76.95421888548971,173.2358458761863,114.11959220700705,50.193640742616886,45.621552544780826
147,35.249960093092696,30.23698798446431,36.16798160551278,81.27168435915033,106.38051955981666,121.61685184520765,122.38544843674883,68.26452577856398,87.76190266239445,87.36604860806082,68.02256740559407,74.57699975463177,104.89173783032686,121.79675339068277,110.47942629980739,124.10847954086157,154.91726594360085,114.7997387929624,131.15663235986068,97.60679107943065,89.8251906885283,81.33317851982545,62.24982931972193,90.76468721434222
148,-1.0774488090783194,56.25332107370135,27.158706251382593,52.402655664109005,92.02811636258377,110.93696523878221,102.71365095881919,98.67615935615774,75.74885565396627,65.24960501866698,69.89957001813687,50.04973199173684,81.93766469075067,90.92740418514944,37.492892609897694,33.94994311998333,36.180275591677045,106.42687870336673,111.44761144266698,130.86874635794274,98.90349225189927,103.05014699139151,81.52487074011907,103.6519784038002
149,91.02206562254705,84.52015425795082,85.72922580689263,97.22905477979887,91.65302122098845,125.57297618125016,157.5106583111119,165.90472890418383,152.73569578825422,150.48411486753838,124.65680641652969,64.40513456728941,107.27084452240192,85.51481640611638,62.9860791529139,119.18190803972233,157.90244102259692,187.38928134893015,164.25774593677346,116.15501633158868,111.98358462278841,98.95713658426183,59.51008720738581,47.84979967388374
150,38.511434856907506,0.4963558071196701,14.276123917368757,47.04301732509363,44.14782765282632,94.40048544080673,94.59500595425526,80.26049862342316,40.72655069519274,-3.1377076151119496,-14.72016071979214,-43.67139172867332,22.51760101072182,42.97470295521928,26.105434055622815,80.74457062809347,133.0776198053776,158.61276948844835,164.7594040187053,118.05284661647215,108.07023243894352,53.20680608684761,35.885654253294696,35.0900250181865
151,110.5627423205625,93.47605444850461,98.79316784855541,112.7225322440686,91.42272591400308,151.82325437642763,175.4772976706618,125.23902449229824,128.98566645583364,54.463160814779904,-16.344007521928788,-18.187701650128176,-16.67555818861561,31.1416525458379,40.80387801682379,53.65308739504214,74.46875403168889,65.13256569006316,81.22259517755117,44.34612548364008,68.32849615852457,63.02336833087877,13.048987497799402,88.64903361349197
152,20.831687995665295,21.92244351385481,50.396395228522536,52.45961256977942,91.68624710457118,107.13098568229738,62.153912859444034,49.627307902548004,52.25479575594318,75.33045256771732,101.1392069959713,74.76778379139111,93.0199299552545,52.17166298086957,67.45955291031737,100.64814616229702,115.15152099930472,161.23068111320043,182.68769798510993,130.60976724458646,101.83472357523213,110.07713248318174,76.92336226175802,57.67784388119746
153,-32.97947881256748,50.554942340855014,72.84102095135937,63.91389810291714,104.324352243477,101.55843764907505,115.80060443894986,125.78969194152334,107.3652575212646,110.34486651791468,103.62469191324806,48.81849126002999,91.72293105754702,52.72832509436286,55.004883321626316,71.02091800120297,73.99106722820099,41.94657261813501,54.06037509518998,59.52096603469867,40.534803672367445,64.79306484337988,43.533202637757455,61.71940406444079
154,45.41641731982765,70.88878182917409,98.12435907994164,88.71189256568607,112.05211338061048,123.20665138026551,116.808290690523,125.9507419449483,104.45920567597905,88.73601134606145,54.65630574882869,58.17112679682407,50.51419896660164,98.56743309645314,93.79716352905194,89.58032504129278,96.15037078589552,116.19610313111497,170.69525741390785,137.21586091528425,149.04081181388403,151.5420156094966,107.01291752476857,121.51818283298269
155,16.330358540535528,9.881322841451832,19.19601677635063,164.67798016206825,179.30441274496872,386.04999698801083,290.6066036600789,205.5913619555445,122.64502640441893,89.95142539715626,82.58320960490332,59.14916030779371,69.10480711751869,64.15219391363175,90.38376378369742,144.01665051461435,147.93751541866044,143.0908735771964,133.32116521716188,101.48702251075719,107.59958983905564,73.70843167015548,39.25645453865205,66.60865422698024
156,94.70436003108551,60.222089939508834,48.039024005999984,47.62017734134281,72.83034651145798,99.69421487037832,161.9932545609115,115.85407448015125,44.73551779249901,45.47479488348135,47.65319657709331,42.65847001719957,71.74055846336131,80.46931608258338,78.51769104055637,104.0919969545006,116.59459444250658,105.81186105881123,132.63099546757226,105.59966417182439,128.2719724854261,133.1216998197736,65.14143167257272,52.491789070032254
157,-33.41597403287969,-33.3767167372745,27.74216569314528,62.6162219180151,37.30431176984211,-29.962827716453845,37.66525867123541,32.06387886945323,21.07544963511843,-16.44326390960714,12.9073569144226,36.29766941715805,6.175242983172609,0.8899329038400481,31.816963701276073,16.56013518372704,111.20875001244202,157.38507506743713,180.1309702449743,81.08980148585505,116.84782877988575,92.64993332933518,80.64213063133118,102.45462330858626
158,4.92096700766967,24.206664330975965,21.253473894676073,34.59728995961599,83.98491176566257,86.11181708275538,120.38755184622978,62.819732620461416,73.42317840381303,105.09253451210837,57.15755433909672,51.974294494330515,62.11918100383918,89.87931765010298,60.88472898298268,111.18575117127037,103.86050322717635,114.54381526677639,147.36994373018388,91.88392868697075,135.17129304027563,70.8477357916865,40.37094165055257,19.506535000670624
159,4.79508881768005,12.278358694028675,35.41587744728056,63.02120630730176,74.17032437096091,112.56018908168787,128.81264020467478,47.67510677427569,48.728193244240614,31.840149481059214,-1.0410780820628887,53.58922319334163,73.81733551023095,99.47684880682795,56.05073777765729,73.43158814608175,101.11527622014657,72.01872712603705,110.6702180092442,111.72751218744057,142.96407128241455,69.48142041376525,31.050584008802858,43.28985671069562
160,15.21426930497418,-2.5227981153641323,2.9190372592569744,52.00766334135801,77.08187703356093,113.91512119247679,136.76022829253375,127.68263934448916,121.45340823111022,57.98263303056152,-1.692897644225475,66.04768558171227,77.87451288732878,110.69671776519152,111.60483465338162,105.02895303506239,123.54810000417935,138.69596282556924,134.4696118708167,55.10119266820882,59.993798280043926,60.33534854808227,38.48279714100226,49.04693752302032
161,53.79240927616952,82.37080461042322,87.54081038785492,128.28430588464977,87.79396860760183,79.3727843240741,146.3189526095901,85.03890403090088,87.2838107115015,67.9247823696379,89.66342078678608,72.39094629755093,133.51334991596863,141.73068237454015,78.21109289071366,145.3383242636627,99.22584695811457,99.12760707027583,144.94215525891656,138.69145860677855,133.99996746417452,122.64495186521691,97.09475790854981,88.24888442106723
162,-10.84605846939678,29.313922846499423,16.88678601163824,69.58539466775403,222.65792823030188,141.5759065881985,142.12889435117043,110.33027210769491,110.69966535793316,115.58279020657591,109.7077705612478,123.77863077267611,74.5960997221589,64.6907204903214,93.57777160400903,102.38857559353696,153.65884105756354,115.43498950589216,79.27549206520807,40.888087337901226,36.26475791221955,4.131478721778123,29.84284489674351,22.904410978099058
163,9.00946412190492,63.550772062187356,93.3652478385711,85.18095883047762,82.83242412150598,161.4875742044498,174.37775622702327,106.4453948985275,234.226424306419,170.039875708809,125.38511554188054,92.87355715090362,98.47668725877304,101.09870203633068,132.9753429707638,126.56107395488664,171.6520910152264,178.25833214257608,168.91437639584396,158.85711857050052,128.63850218554728,102.44737689410914,52.94801769888635,37.441333193936515
164,-43.79275568360481,-56.83956191587695,21.589446218157768,5.24495504675393,48.48613566968963,103.27984861246304,149.6518992267798,101.14383013066895,101.58399428057456,52.32174190880568,-28.579869040906765,-25.564622667732756,42.66341105446806,99.30010302508698,98.02167008480052,133.2466127325822,147.9769157742061,151.44063081261712,145.06146473819888,144.27469431535008,146.00173561112007,123.64416711660252,132.52551767705356,150.90643601076593
165,51.25242123688401,39.54935155442638,27.876439724799088,31.81244099579827,65.85377890423953,42.277090998329165,54.7886460771212,71.65694275625546,100.72271477576498,109.33368744230913,85.94833108341888,72.20709917198246,75.16397988424482,46.59393483379522,83.92174759413976,150.30621333631058,134.05127020744357,144.08729508516976,188.0413499569536,177.1518857759184,125.76931656950381,73.79307764812668,29.272846600481316,44.81497629072492
166,7.905555108691907,21.1482610822529,0.569923964375441,39.053840380965106,52.20230979215047,100.82358407901644,120.68694839594363,71.32269387769455,74.45288753656608,81.49966499485228,121.52575574722917,68.83064624329323,98.31831615271025,121.75361057788461,126.46242138211738,128.33095765873685,112.38814680229424,139.0501215275469,106.90728830721238,65.94198104937439,114.01081955566193,101.71772204699076,90.92450956856109,141.64101574558143
167,16.232593537146663,10.323071099992141,33.82439777253683,59.82907717214583,76.1454584807887,100.23502201749393,126.0646526984727,90.00568811751617,29.990583236428307,46.8495746625355,56.259689716119766,27.372642460297065,19.487114926004466,14.066487492954877,61.997928133428594,63.329218772368975,119.43294506151197,99.72662773160533,88.24343957721715,72.17862490201001,37.147107122659676,4.928695908589219,47.27517950080685,110.1786614589591
168,61.20965042889146,51.80838578063118,67.45896912420815,61.62815934189434,60.525579578134995,80.15931480200604,103.58206397231342,81.03002359166416,93.72020270954889,74.99388505841225,79.92181258532929,77.70226267847599,68.26367882099035,61.93409207855003,89.119673773205,91.46302964873803,88.17493295247428,127.41843261131697,107.34213945352124,101.1987676258548,109.50376595961887,122.49886367253812,110.31539930228297,76.18737500902762
169,10.064198679724235,-7.50444032884446,15.668576193249425,62.59283648092473,90.94524271189547,101.98401860128097,117.87968986008651,90.99525985120228,43.19484179868272,54.975903436581504,21.42787088913427,32.837467998791745,45.705460569335926,53.47863538850481,56.9819352331998,101.25113003020488,134.78326112073867,150.59751419221342,151.1694215746166,126.24422059572905,86.89906430542423,50.84092513429885,32.229236995988444,111.19180039789843
170,18.03578481978181,-38.1704234073002,-6.759751330773781,27.81722109530226,112.82884978218348,100.52764842547356,105.02706351309186,115.90941431967249,111.63440707516006,103.05980317458338,109.92540812912176,49.00428819054544,80.91910671026676,72.32740980182825,68.88221554907533,161.16625497192706,200.652892276249,207.3685900689645,230.80770128638187,145.54852812190978,132.29981508372757,105.17130683261344,90.1301379327308,142.6884015510224
171,35.25717373659281,30.63338311045935,28.209915096040643,56.69246254437938,67.28937909491032,103.7301122571623,155.78200303997383,144.62106450410676,67.17038391492369,0.7762868936186749,7.589418182219646,61.53953299277158,138.08324390501934,137.39799920638686,111.52973121413592,90.40267621778874,102.46422782301467,148.38468062362242,99.94992558622204,78.0266799697666,98.25859692411717,117.3761921361252,64.23787258568936,133.1899862093755
172,16.241669528371435,38.87312047414759,56.05222218464928,6.658293148883317,21.446420764089545,86.32762817309361,122.45700469991147,70.2400165048615,33.11771352482999,55.21929070474367,-1.4328260604538983,5.852050984366741,32.39164449805471,51.77085213019498,107.78683586963005,106.23904047983845,98.17012480455818,110.58036986850857,146.89408366824557,101.27630655887127,88.4891019103151,79.21923284992076,35.10393410868784,87.20921709366853
173,4.459261949594808,-18.177829595205758,-20.782392394056963,5.010725191316077,37.390656078997075,111.43435931436971,168.48353750929903,107.6356240888146,41.01629172387714,97.09380002220034,105.42760378788196,69.49182239269832,106.28104914416943,70.72823350280679,48.93162294484351,27.033803108516352,52.754941787733785,88.60744843695227,122.0498608347375,92.19218602416942,62.25418493409227,59.89338126347325,59.07037529382057,152.1663276301918
174,-27.496368307896653,-43.45545991679699,0.8949372736077876,6.853152678600651,39.87810101015383,78.02543863737986,174.86247168289844,134.62087002064965,105.51196004274917,89.26570652887273,75.40177252132659,69.62572859708033,112.7344149074642,97.82195371838223,101.21938989764747,46.45483726391467,65.62125929664634,116.98022563740858,131.5808378486518,111.707264593742,121.61949583476482,85.82079821336195,61.139777026534695,90.78543026876275
175,19.558185919345178,-4.2325423665085395,10.676950099732942,57.12465367971493,62.79127802343344,106.07007558435474,127.59795476258884,70.25583792926683,43.1365882756757,57.11619244273042,3.6858250107464627,36.19528007726039,39.344145005899875,89.46142216880335,96.86186390322342,126.09152916303447,143.36737167806834,157.8147877844462,137.36834964963293,84.43233553186428,122.21575690355793,122.788138676986,108.99429598683012,118.52921750757997
176,33.55556925562379,12.563552626102863,57.44488990708693,42.97365245876833,37.81337434662739,45.72954085574726,108.99665216167173,77.70914655646256,60.74302047431195,68.65640914362832,41.23404968905702,-16.05304995506181,54.53742280410114,78.28159237510029,103.98477542075814,167.1171079050608,112.81939988439973,120.8463697088975,115.86359911760921,79.50748789396287,100.27431056625664,85.97860507063295,66.70264456742493,116.56403491788359
177,51.179009007584106,31.59934522855823,51.46042555655471,30.30517533508071,12.16396307874244,77.48357067666939,89.26218826624874,51.50595048090066,84.26082806794807,99.64618122585668,89.65751627237637,57.72062607038211,96.71172428941647,59.05805407814199,50.12893813212088,124.6086445684522,118.44416024867226,159.1593496927856,125.04867461519068,97.78244144778276,72.55690502196427,52.431284041593955,30.120026243855193,53.49607148293789
178,-5.565981822824568,-69.33368844252914,-23.33591628378511,63.60045162896768,92.75696929482939,99.73264924872602,84.89677906120286,66.51537759449346,78.46975815901428,122.29878721715188,36.57631788000018,37.9760638107903,112.74531735981265,110.25694584290622,94.57940728732981,101.87380685322807,89.78958763408698,88.1789624443824,69.2234664064728,35.686099070970826,41.465542663480626,68.03068921396964,33.638891088177644,48.94123516202473
179,-41.08417447740385,-50.26214635660205,8.007550516856448,59.47257259460955,75.38243310122036,87.32434411883682,184.79683628097925,145.07515532756648,85.56595416482978,11.022411367030983,50.977292627761315,82.23026422962138,110.38257294116819,120.07782454135676,104.01366600420283,118.23006161827135,132.7323597206392,107.62022990669902,113.75516513113129,89.62181874232664,67.14204211388466,57.770225963970184,24.621943019019817,99.13851223261622
180,95.75726120437304,18.242500549668257,27.131379771142484,84.0285389178662,82.39383303019656,89.07916254343453,99.52745091212768,92.95089636898882,71.85065099232455,78.79644996631973,45.792046202552406,15.456600072086324,14.357599385681013,63.77394735527653,-84.28805081617543,-6.118723418697016,19.697365100387316,60.633629541831624,90.24863768004786,81.02526467082747,85.02832651094347,47.8334835222666,9.748007389875518,14.693029707847842
181,72.8554579639054,22.802919875333718,9.046306001927828,-13.929816254538167,31.526917029438067,30.755939031309666,67.36075853635799,81.72006136147019,61.117314330814615,33.053912168221814,27.356584744782324,49.46294395055469,82.70359673014087,124.42215278677224,157.1800991156436,120.26487407403263,120.6630630912862,94.92577509533903,98.07659909126565,75.12782132562154,63.21187223103122,38.43841457316255,38.33673380783053,38.07441367108082
182,25.03634897882359,48.45493420734192,34.84651087964751,78.54313844016673,111.39310471458734,112.32475331345871,108.50436198929496,85.99564627126271,113.75105330882025,100.32480118136762,119.17275926816609,104.47554103513511,142.32116696641395,114.90047335863488,72.13097925168573,127.08296936017695,141.98112314058895,145.86296268927308,130.5814172158175,106.74642383330871,177.59840215869252,164.9694590801125,107.20058991039303,150.08171056685643
183,18.705609812146072,12.553738188458336,61.408814174876056,47.93530991685748,85.56763302787127,101.23025697844824,135.54968676862495,124.9310771498404,81.08763054024688,67.59997744352471,45.606212000250096,-3.7796824902809973,52.052183101086044,48.47459347630382,64.59048561323165,114.41748872185171,107.41021305310267,224.04260593636107,183.56309404771133,161.54321583135064,154.7813350077779,127.21206807310915,65.09733554588439,80.01895299933591
184,56.81856614880543,73.27161927210827,67.62915967201401,85.1169131192048,67.3677310600441,64.43807800566151,126.48736512284383,98.46108152565948,22.788462323508554,11.010262003891498,51.617798741802,82.3783093316513,120.74247668275368,87.20997793672987,89.11436838123736,87.7997135983393,127.18642862510234,111.15282588610238,110.19647830453837,49.41019890927092,33.54130165540609,17.199055220682084,-29.637714716644318,-8.563499902734335
185,55.75613090309317,44.194598343960216,46.290051102868674,39.3671636819757,52.12759775917463,89.2076576741776,89.96637917125942,77.39817956038848,71.90616713718467,53.64284898995838,-3.429123823449025,26.528026863509968,66.6776022419624,81.74164885518249,73.55303061788607,145.90804350221558,170.613022950263,127.9096219197921,104.60243336124341,124.74327575645998,93.76709260981876,124.18380137727141,66.18291661648092,44.156060606778894
186,-4.4195677707813985,9.402588062046734,19.75837935016231,4.941367619528151,56.24382507224829,57.434708313052354,117.82464531949763,48.34536554662892,83.45804276167922,55.62791974477658,44.59925844039279,-11.77078877677561,23.05503959509683,42.43620140588749,37.84963491945906,62.017536558710866,104.5137948804703,105.53340869143389,118.38820901709286,110.82302142085145,80.56286382501857,110.9605167638559,74.50124259127493,139.54094218163948
187,1.5137115201959936,-2.9225992490689094,17.38642377369638,84.40992459998078,81.57063880853163,96.54529178340772,157.7833536436564,118.34085096356145,106.06738881875683,73.68915869757812,84.22535242050793,43.46474594750869,84.61519958091118,54.85876042205253,45.81046280347983,104.24833109262946,146.7381708478336,137.3846477229658,158.03703755012074,174.95901476388508,121.92657802280642,94.59603081087917,93.89992494142683,85.81400706741533
188,-16.94102225467571,-26.096311905509083,-36.38260545831348,-11.087037055322043,55.5662238859924,108.65042595990596,116.25067673859036,54.48958112412332,75.82852281000922,70.75628690260322,19.339965746449668,21.05801996219755,96.02634243063757,51.3769387326341,88.50429388244159,106.31731571807407,134.33901617242495,143.76527211298915,118.59013551592068,93.42223472238959,106.97974708691457,38.74226310597895,26.518129453707452,47.755308667608
189,-30.200331345465862,-29.90095645525595,10.014018336935194,39.638238866930806,45.84552176785125,92.06391020547338,122.8099741121072,77.65762867644811,128.71706573345818,146.57898115777198,92.88108474157298,28.043642743427384,65.81762110736322,52.88517374548903,53.714827966077195,104.55276462698066,123.58660155403784,146.99378491700674,115.31795130600528,127.5192083833777,110.82589550868263,81.21577046570005,92.87859858298242,101.87312941677843
190,77.37654358089988,37.85018648705515,40.58895712000219,28.700557538050553,59.58375329287253,112.62890827078127,163.86112930856052,134.91651702835756,69.3239766295998,41.550516200709865,26.110026145563754,67.63044137974923,112.43049963664859,108.20181215972126,99.6293530919578,122.90315140292277,173.7971567895579,199.63447514204364,207.27637921384786,142.74519264644965,117.11114426593491,47.44265089184113,61.820235198679654,83.90063209150621
191,-1.8620330227052904,4.484372765071587,52.736984162147564,117.4284944669568,57.63055430275533,93.08718045343565,101.02575857274175,61.94550415171025,90.58957805974475,60.72983326989803,56.23005379834484,13.269303887524735,57.045581550743165,64.04554609923268,93.2529916348741,97.36699439380058,128.80830496060142,121.7259673467125,116.79252652507016,123.79777014240103,156.14981860516536,173.15240332666127,73.24525005800291,120.89783748922208
192,33.66992874571399,8.044952114283053,13.665448434958158,245.91969920015615,238.05701554984117,262.4258793263452,229.5698191040276,162.09138965859674,154.85025876985588,100.46147607848499,69.47633048002167,67.8713168739076,165.0909498393375,120.80424035170805,139.6826437086715,137.76838415398942,150.4318825411556,170.37933407857406,191.53294098685467,117.40851026696936,95.22680079194532,84.90260423160363,39.44955573642331,49.32499596227241
193,65.02060592478423,26.794370033241062,61.47511083962995,82.92112370088766,74.53963684308884,99.60240755695645,92.47170871396814,82.87526943627029,94.7411329550447,91.6226422025987,38.10197038495383,64.92011752038154,80.06527985989104,80.94471580912382,95.7478825183513,139.86358739564966,159.04973145245404,215.54284930670812,202.7906140275783,164.54737527777806,133.82701109625737,71.93639631014197,24.585874834429944,65.89844716099792
194,52.74124183667308,47.103303014956424,29.930185772711162,55.06454533885858,71.04046015776703,53.01491026985537,86.82104388914016,81.68123369330254,50.83423554841872,66.4081853705706,87.2785899591614,74.475176585854,59.97789953623191,69.07096726909178,109.313606869033,115.01181377718288,146.9683799103332,151.73847546149074,144.31008767210778,136.50184218806402,137.8075479390652,82.25050846623216,63.32843016291074,81.93421895584268
195,53.47496718239849,27.959900905928563,19.959942856876395,27.415280890303276,81.70916443600377,92.3409318385947,126.00912170122344,66.76088078422495,64.26401411187891,72.37403342932618,35.453649355314525,31.193284436978217,73.47324776485618,36.01291882549444,75.79507987274721,90.87062764603834,121.47031231723413,116.0032075500129,101.1741303641166,81.55466178922855,81.79351915292652,74.2739614993752,59.7045201736632,90.6420184607639
196,69.91297152196084,27.75198691120835,62.98002679914053,46.730132462915265,92.83096036199196,154.88548931277015,140.63381068453907,123.22980129928455,103.23796374882234,88.2078869329338,91.64986201927923,35.337053196683804,56.28039416075501,46.76196747885963,114.10400833010235,126.67994529657793,133.47571453977767,135.59508949312146,140.39501347186055,138.73179707851085,143.20023665983544,92.17926472158595,24.76124622243381,36.30885228431856
197,56.89169653664182,50.98614220514767,57.16494549796676,12.360945570422842,51.22800995891264,92.43941682483319,143.36767821709384,93.00744806070786,94.19035598333423,40.45765465884792,34.779304747154626,0.488476546767977,15.603578625423843,77.74558791951893,18.202592808869568,52.971826588611826,117.327427470039,153.7430658045096,137.6556898797616,158.41539388154803,150.41277802899742,112.92158809392546,104.29591347359099,90.56127201325458
198,49.626386152972636,48.19368514896904,54.83092707132417,55.86002636503664,107.75477269425492,118.69392300224628,185.71489034608658,106.29483188008474,128.44591716266862,86.64610881947743,108.85397375741204,96.52093102384218,97.58184154811013,84.17914590260487,124.82942524910978,128.09790134284972,122.45097427072179,123.61140768540763,127.32401499034827,62.400013688780284,33.9937241166306,11.379857867087253,-0.027056647082318364,48.37204355038615
199,-29.604238044538313,-7.115127364128714,4.4771083865833035,43.05198977670341,47.693440099530505,120.17250644178948,92.04523301883972,119.17165513405901,123.42416909714166,79.81503688212852,75.09216829168474,109.8502849015259,122.79723965578125,145.7399748643847,118.51735877160829,136.37415087837985,113.60450229170661,146.18716069972731,122.56662891130209,111.82777744360973,126.80409695314731,96.02600015945794,62.12639738192545,122.46720905598015
200,2.2899457190669565,19.832794859473378,22.557037236194184,63.28277861783525,122.25806045606653,130.7655684957132,118.86614297473434,45.51838811499102,54.90721774122656,50.103709605824264,27.82518022932662,52.66618033198351,47.67860200420236,10.354570748024742,31.219069295499672,68.4473403231498,108.01991220980804,152.5128831691169,155.6058201821453,182.8788856549738,157.56142842320222,148.08799381126676,74.30515578686743,99.87409454145433
201,-28.114029106040192,3.1242237181681567,7.547727286639034,4.1890030884020675,78.69587085525629,118.03577731817322,121.86004434087312,85.93658977976267,47.98578637895958,33.129491461111094,34.70052262911557,19.255514168129167,42.1879490042907,45.41105386166737,63.22621485225467,138.70623089064617,119.46977462087128,118.20888581601515,73.80584258100365,58.87013371456199,88.84716448924645,50.49033649825077,79.16182639432864,132.4712422717667
202,-7.19469718983202,-43.14548054702889,15.167783127901334,30.13150728423241,13.85265821741396,44.61476967468514,115.18412786250437,54.036638904913865,64.42027010387912,31.015928969630465,19.942463100960158,42.591909960773215,110.75614203543111,96.9991118643601,108.77048540894191,117.9946009792102,109.7972506827491,179.62778827554894,163.98978494765032,107.50060960653174,92.85300663453606,65.24022517767364,43.85051117015777,65.64583886521402
203,-0.7841020585367602,18.286365124067924,21.469067403722704,44.48610344159455,102.52857373251513,156.0423275635189,184.96650177863256,145.21604916478907,106.60933971284786,61.707650652697986,-5.034043002189726,9.711716272797212,12.704520965910746,66.95942862096891,64.71765567709383,89.3213090537792,122.29837471536977,185.45017872419845,167.77245285118536,82.48004847115337,93.264071129273,103.69139625007583,95.83749581565925,88.24339453746575
204,3.9525696520656233,-9.95433076072424,-5.671791482337866,33.984377380314484,55.36363363156329,105.38882881002338,112.72266840725233,66.0060941939669,96.17842672710903,73.57661476975656,46.18530118564308,64.6901756446234,99.85089968803076,112.82948743420651,116.6155713467688,112.59831091246727,164.8501757373856,183.70019060248336,145.81624376763693,108.63336373014059,132.43212387937933,82.90603474442983,54.01777216471946,79.22082235319274
205,120.53423649583135,65.25625486045314,74.66222219416267,66.15830757050499,110.08443522850571,140.9374533807955,121.04377290304157,116.68236977742052,77.60378073699407,57.3633585944089,55.79809857234632,60.837450282488724,75.89179215237027,71.94424759697829,89.53226578248261,115.66333902226027,135.6610832558568,149.16652126227564,116.28978180968797,82.94914848230482,98.32324905466288,87.2167095755141,46.30752060851792,104.29654217164256
206,28.9280348365035,57.192895153532575,65.32839796323438,62.67115199854846,73.04828281218903,87.32093716090682,96.95434801939626,75.6672717764547,109.1199857957669,65.65875285850892,30.21019447627155,47.06922676199531,112.11190992331544,68.70801651500864,73.56266368265331,45.8262112159116,86.57378261642269,95.43094257833411,116.55037661377864,75.49099206702896,110.51793395330277,109.27043931243261,49.5216353186688,111.32945523098698
207,40.823723192067,109.7976230008847,80.48488876091525,107.0283269953057,47.24711302179433,57.725856809876305,92.11472934397872,63.70223869467194,62.628938864635764,-4.794258798283636,-11.35331941235841,41.04686006807498,73.10285502786347,69.49701369974765,102.58040596064042,121.18675028066531,142.97879973378173,148.44428666603773,132.72824925120355,92.51578967231836,126.19801425484508,22.163576111553,9.279826674629177,19.83581423578285
208,19.685734934691514,21.560364994059164,46.013828285125236,28.87784630942859,60.74137642023661,78.9810548269497,109.91286596491784,73.7357166720241,55.46341350005025,21.75181319130708,65.23461345899713,23.232371882775617,4.00050793919057,57.27478705716422,28.933548272553104,75.60678574101703,139.3017536280201,137.50135318541058,189.8031336632614,125.31137560790094,141.82872956991199,116.03205849803683,132.25179145957725,107.30445810084615
209,50.5856008647311,14.296937377862498,-1.800473262678075,30.27231283560056,74.45966752623985,124.49237298662482,130.77812586384283,93.88490882870167,103.19460613191568,65.01477628864447,37.7597909328281,8.688375520502966,39.666741707375365,40.31639956048578,66.37422425598515,88.12179626286712,76.49203114425555,110.27452961643725,97.60705616540206,115.97820892503546,101.55558677638444,61.921667791482264,21.682805890542078,83.57952435721576
210,118.81457550825195,83.76397883709737,33.07132011666963,90.82522608417489,95.1913951509809,136.7889733058093,142.7044122271085,114.40018500493605,85.34128908543389,49.01953122626239,-5.602566950348425,5.127892047622709,58.04556842686992,64.12905016395078,113.05879466516717,88.59958590705344,132.28595171712772,149.5049018754932,110.86185038271864,103.61946125800553,97.5702385222731,39.57878545145323,26.995524488743378,61.62572914847178
211,44.90549763593248,4.348917402298692,-8.793727322772071,66.530521339518,89.18240697751476,82.95369232168977,104.04037608638276,60.98070818310512,37.389331133197246,24.41444594521618,-0.9831385408264524,3.6613478421466326,45.217977837747576,68.73610446616561,47.58260436520889,59.18779661144304,85.23113640848568,91.54421538449841,88.62647528680105,97.53141441989195,118.1932928415727,87.23579511234846,69.62270489469972,96.49864357302447
212,73.31613789444584,28.97124306650574,51.59203776270044,-3.505506007768737,8.373352325796546,53.21438456486147,122.47014833192209,101.86180399845,54.29632657028767,7.00005013155242,5.865171707586441,11.35857042698536,-5.668137206601102,57.63135503305626,114.25647429920872,118.03433833743058,146.12319280848843,149.4901265803275,135.15365719820204,107.53237415656582,70.95029553184327,80.57229322602171,64.76512863187125,55.968070056534124
213,-9.99781040856464,-62.28311822285446,25.30049072351141,42.06167765206365,30.14884875154496,95.28196387569791,89.05462057628046,93.17662933829814,103.59435655139418,83.46406017882705,27.262847139524077,15.143609363522074,83.37012956737676,102.2759968906214,102.12648369229379,85.84073631866819,115.17190475211476,152.78199885892076,154.51361800725877,100.11087968508673,97.18704430741246,81.01370528300812,73.07878920836804,111.31291847852896
214,17.377825798179053,-21.381135218372982,6.964796865466642,10.965483618136552,89.30457062415391,103.30054027914228,134.3569934731099,106.85837837332252,73.08558091356764,82.87291404340945,70.12225198975685,45.37357286563863,69.48439802049631,51.62597766348786,38.42464427208246,68.02520311998757,156.768500579499,176.6414178938589,158.43542270022215,101.71231237131258,75.13788953763438,61.98081989299973,9.548377411597151,74.22128839830467
215,-6.421000724237743,-2.868780793543298,-15.991601222236142,-2.533967265217271,1.6960723556792061,52.28786145395213,84.26597819120371,65.25436078653415,73.78224716159636,-3.997297626089349,8.472884530061357,38.94824798480021,33.096066886285456,20.57792174105046,47.18109619342424,37.51557182625528,80.40873046202434,97.67233808614066,98.43494705994638,84.87544140684832,48.0433131653985,51.13311092996648,19.670224797104808,67.08122933665982
216,60.53817162630364,10.743483200629306,-17.792961360765375,24.66551351758973,94.85043869823231,118.35440696849128,153.5000651339297,133.30361730396163,128.02848506249228,82.45644425611843,86.85501602752771,84.44225482604291,148.51633431084247,158.53126675240327,153.1605929445329,120.05887936024678,172.5581021209574,161.0530738017475,150.77657902019087,121.99755280684906,113.39747209321595,48.63894575206084,57.701881940508216,73.28782333300536
217,31.094397294498222,32.642550350093344,81.70498574823506,69.72417263335403,80.51480516430543,93.69886491301776,124.7514689105141,67.4910349304419,60.36011106574897,24.941179255615438,20.391598784478752,47.00955238505702,81.6763628310403,115.32139403442942,112.43776203445297,102.27644336286393,101.34053448167955,106.06497763783716,132.56721270027904,149.6630074725091,146.35125178603693,80.84078771305616,77.166966749143,100.51746821311531
218,18.45333626297584,-7.510821206652864,-52.02914168814321,-3.385179480898053,17.48258256220008,63.0194859374261,124.64972391169348,94.16637313034217,98.62016148160332,43.443565904985,43.70813193701369,7.32996282506145,27.419045609929853,80.28216158209918,78.93032959085171,128.08275648151366,157.86327670417694,171.12691612399718,165.19508634286348,91.74473233707465,48.38322384458827,37.86376192728552,37.99805966704328,69.27016373608333
219,35.234667677577114,36.070878302681656,66.8296909474326,121.406573831413,94.2781531330196,84.21718937906432,71.93280475134382,59.27043423536628,92.50178357058775,57.663620500901715,57.9550410649314,34.39112582810499,62.57817727824997,66.17438362841743,67.37127968197063,120.32202778615228,139.49000151191734,147.54055136244847,197.6747285995042,123.05769187896048,109.76448323082721,38.33895114292423,7.606914927199703,17.351606590406135
220,98.21904789438761,65.46648448334903,62.39394018264879,82.58572874327827,73.76077668422411,55.48403409393202,75.32907918922898,39.55579307061774,53.53858500449856,39.96534190012887,78.44982734669361,40.23035170899746,29.995083988506117,57.70026992030722,49.364039560263635,111.19514170067582,127.77979700880513,161.4758310314669,146.85785901503124,92.2745472115949,103.99783886392628,68.96412299293675,43.935338954251996,77.63666305060612
221,137.62637376822136,111.4185737432409,66.23614987605414,79.73849376198234,84.58512981765122,115.41716659389388,137.6880897032763,83.30957507684529,66.44558693411722,50.400590645812926,38.7789495855706,24.37296991762176,73.41050295242265,64.35962370290726,67.37230300171655,99.4869019453965,131.469181793736,202.94457530579695,151.02950574797822,124.24896217262057,135.70853131275416,97.08270450488374,77.4769987453345,121.49919841590858
222,108.88629692544247,95.2918384543616,96.02379301725986,80.65343086934779,76.19222854453388,107.45374996490956,87.54631125790644,20.87914775395862,25.866748834174118,25.975177202358232,-25.55318629210816,-14.831603933431843,41.73795965348192,58.735420565289076,28.248549297036647,18.900744097871865,70.2522986939698,65.61168583517872,80.68591621379971,43.11355666837182,56.323710874959936,43.08239095143576,18.20330064445823,4.367800157926254
223,23.559108029057374,-7.154256082272191,41.761001573145876,66.75406522002369,108.19870238879098,117.00528408797649,124.85958112824605,140.52765012437203,109.54387161499328,105.16423336966852,84.23461376660472,68.02362638950582,90.87860407096085,78.67408086486753,76.27573584215426,103.1488984376757,75.06417032950597,61.37751836294474,70.60642277472598,85.04355139688678,129.17827533260535,106.79109244810044,100.6772760750282,84.33346537523965
224,-20.797599786732633,-24.31207118811143,-4.314170922514968,31.675668758445134,79.6394394080609,144.8126014709361,147.00456395262026,150.06795118205537,139.28155344635869,95.2516159217647,35.45911381912441,76.49817816356332,78.71310617040665,116.07537140911411,100.24163161369931,67.44754679221366,89.0828952770978,143.40301058073516,134.82644614363025,102.58053549298529,78.94542817621392,64.64376697723574,48.77519998109031,108.36549825080083
225,-5.368929012170469,-15.017802361493672,38.823751137793224,25.50725133067013,104.39884870691125,150.71121164725338,156.7228753659652,147.82091797800666,157.09807351798258,110.41601130968681,93.48458918925198,78.44938566145207,62.233453538013194,70.06954600076124,77.86853197474069,62.80614595719,61.30173496480944,67.44467843626884,80.4005664252393,44.94734978778645,76.9749309517741,65.45492132063592,12.551943480247402,10.139965622492781
226,-0.5498182221254311,67.67886444806007,38.96288055800949,17.213008531835705,17.309816736770756,50.612758953134986,79.11403527594668,56.92502347774075,91.6467666597956,92.2248188090917,74.93606615809375,59.922731625051924,33.2255796122246,66.07352875615756,109.4114156557614,91.82273955652698,119.85199392913795,133.24027512532268,165.45760356960088,183.5957623516918,179.0460050770153,110.04721866679672,87.43432616345817,33.52123402863739
227,23.59499623343228,25.79535673309674,16.75917424985267,52.67379178213258,99.35226833037979,112.36432457623965,126.45395306968105,97.64199855334061,84.47794555360639,88.84146209584495,44.353493157814306,52.73025453506192,65.79165145131321,57.14391058974557,51.86121640571794,117.86550028572252,123.40725343883115,169.5977335342882,176.6081570861754,113.96112141732105,129.78926784981496,111.75209044138803,104.43264516146758,120.8971315200899
228,37.61960345961013,-3.263402092371461,-28.0180932272535,-6.726723084211514,71.93133827911255,121.15362276209373,129.13413543854367,98.85101684709824,104.1875176858029,101.73513112721102,68.25902264205652,40.39428071617721,18.7367407514285,66.06493681770445,60.48535678087108,76.68552051488439,113.3500412090595,136.50309246279804,194.66707252999157,186.79899078836524,159.252017745904,99.31186762160854,131.30607863239206,101.38865504825176
229,51.21321766142897,6.671369157511155,-8.02010014680691,41.32459703449981,45.65596495641961,113.36124634717923,138.04694575798086,104.218123280978,72.11320901141548,79.37427522678148,73.9649341130488,96.22214709501256,99.32392693297314,94.78685407483677,102.11299952484038,127.81951542218776,136.59882363351767,145.76580253939915,159.5132142701053,91.0962573758573,90.61217178958887,72.74559338727381,-1.8424669431017904,72.0004325589853
230,32.228594195878,43.32844849937139,102.10614341252598,59.941171536239175,111.84274355847512,110.3383171220328,114.7712722737022,117.17776512874718,90.5682403342712,50.25736884359768,-5.576838376899808,6.410557374382776,61.71998873128776,43.90338041517851,31.449514554080196,89.98933048542911,102.43672602088128,136.15828103211138,143.27472681134216,97.29726069944184,117.77120300277863,126.24570896459885,146.41720202162782,136.36941719149033
231,35.4631449630636,55.271709523579595,16.17639256735928,-6.491055323699392,38.331722270943715,102.73359315160496,123.74246886104442,117.8901807593769,128.94821126452067,129.6435613457013,93.15175783585744,36.77849839164797,79.78330618714965,34.509261551144,11.902218460921617,20.91959849757096,91.98115257065854,106.27853710243437,71.09610199930599,29.595726839712995,64.70130542250439,65.49073654987308,65.48072928134539,88.35194031232724
232,10.783726596510721,-48.85618253831408,31.343843334494295,115.26707715636236,126.742142673568,125.30823956010288,142.04004850410308,92.54332709515204,93.47145186296672,46.794983338200325,84.93451579991762,29.321030008906906,63.292918200532576,24.592365293802644,32.863584533277624,92.85566667674323,133.30847784678036,153.6328876412744,142.47866366169254,113.19544600650515,107.71888437904519,59.51111197829215,17.639709748412002,36.63655071999115
233,5.156268625342939,2.4259251659136964,33.40019095186548,51.01840824597475,89.05884119368025,138.79882124254175,140.68857138732704,135.20093649416174,140.63807086701746,122.03460803568811,65.61732608151121,18.325229771592333,0.7900567212304423,63.3492689955594,112.1858030643226,108.25857102094974,185.9467729655848,148.62198944147661,177.67954329172068,130.2212201071493,133.97128977302387,92.83310058997782,12.013257539751223,46.04168709275725
234,26.911574583895483,25.891863280153615,47.66402286674489,66.45934746056793,35.4010227111662,50.789570199089894,79.42483717583097,44.31174508481971,82.79406383930954,59.56760690870771,41.41422657819524,39.72191806279373,62.23769183909133,83.21671502287742,123.04137630140016,127.60267851559432,189.01197727467485,187.3452192019183,136.69337891172,144.3312099269021,141.03670229524693,92.05371501886518,68.9260697928331,63.338720540287795
235,34.79508544985509,45.51582506315915,44.34452474465796,36.38087393143343,39.95868492828156,48.92748083033515,32.888708584132516,29.266422453004232,33.00121074126877,86.27930339332642,27.551231317064072,11.547626105952475,52.6586908145985,34.569530516367834,8.895840667571832,25.917605855182842,79.9231013413524,100.34760247470439,113.9452380770775,76.09113227748978,98.988000673822,73.65043256673245,67.54382933137488,53.87875622494906
236,-6.644682828690222,-8.645466650196717,7.71178748832633,57.53965847087432,91.27280398261877,147.6686078771932,173.20135019781094,146.4327212621785,108.61084299188809,100.79598465829864,83.32487954775407,56.614286181702695,79.24997775464705,59.90249473822061,72.39024567840177,79.66672083743293,114.36657754773371,158.60072456583367,167.09962905529648,86.99192862963689,70.78523777390029,70.20530812682865,119.1071134392061,113.10740410418089
237,69.17196599025979,18.46963484210261,-15.922098775041114,24.34189370707717,69.14230107922505,154.00138240377848,229.59132577223727,197.4032294471804,126.748378735291,108.45314994726417,-48.56829689590314,-13.285897784903419,31.24536720134528,134.8900636737233,84.74014575346541,106.7067269573631,89.55144318964471,95.14567297568965,88.36604425203679,54.09206466633684,38.642871832661356,97.00036750302475,80.61061076637895,58.64875592435478
238,11.837231805953834,26.601351056956588,47.34998508762791,68.13215566282847,102.15436931813107,121.97824104104009,92.41637977498816,54.47061240406926,63.78245795571294,73.40954419668759,52.08431030751288,69.27907963840329,83.20066589822737,108.01786893444692,122.93004188212348,142.72513897613032,127.3225583739185,142.8589586547551,145.22831506474688,125.62683280169178,138.49094341784115,65.96216750344804,77.86736169780998,163.18622260129305
239,38.63066173956329,-1.7652139891792622,55.98728843143667,40.651945043743154,121.1407898444339,112.50353904763239,194.5783218910126,134.23080710629296,112.87999012314722,60.375181437115145,69.89830442552588,51.1489056456605,113.11656753956936,112.15666330383976,113.52388525030264,155.11766304929813,165.8581997636344,130.00948407093182,132.1382704719152,70.43069236663362,91.87535473530237,57.59112771655687,27.04294915629685,75.10743364101809
240,58.95684674906926,41.465606436167235,31.21749323482605,55.54736875339991,118.65873045305513,156.64755743808166,194.10040686182117,159.12200646401487,124.66132373332357,93.83517179303209,62.09839847696305,87.07019827338992,97.08927345124405,139.6784438943952,78.48618509097805,86.88413232461734,114.6506101210108,102.06170265355043,114.25250778198857,106.05136765728894,82.01968101100712,99.1956506979024,89.28451958141912,103.57165287606871
241,45.328571745312516,10.327148387009123,19.49023159612709,2.797137400211099,36.62212126844214,76.00781196505466,98.04084808929275,134.66055913828598,154.2503316835115,122.42806377979863,111.51284949348147,107.31294177224405,123.79394134509344,77.76825147192005,80.13425284010862,121.39253825507107,134.72026788413274,141.6331756024132,107.78874300902191,115.62120202538144,104.4577781832954,68.57699457072425,39.487398779001936,68.32657596553712
242,21.938832963717942,-3.370198717924236,64.01617799438631,82.56129689855408,105.69970554103908,95.60321118763683,126.37864254622713,121.47846760130432,130.68398320386956,115.217281385295,74.80167225098774,65.91614375857733,105.87286064740954,102.32120306286221,78.76548341018002,56.86098242936629,86.53005557520933,146.40126161493697,137.7101268683702,108.40828528961978,141.50299394206104,114.12701097359908,74.26266370838724,97.12548715378583
243,33.26913039582049,56.70239159355985,63.94526399128666,22.50705471411665,13.29321738666735,49.32844894150532,74.61971528425286,50.75158624450588,86.1730265234689,50.98712514813805,14.982039285811545,-8.204908111197561,31.560800432821907,22.803585384950196,10.86497091875097,83.94972629346255,141.96647317360268,143.9644961814135,140.09160708562683,98.85495942522034,51.469579388507405,46.99290761448951,28.36692749973269,62.35884896954795
244,46.445485179185766,46.18493963092497,64.61984090359773,73.94671742607134,89.7895020688882,133.79656757522642,170.23182486448775,123.46343338418828,91.02038068164657,49.36309134747185,23.06420689872032,44.52667467498662,135.28082076668926,105.24797039864418,78.65986975033266,110.09685372765698,152.04188861414252,150.42004627375704,118.25354821089661,122.24518376687503,144.75607282075526,117.61476175477365,60.887216578100734,88.07042095907413
245,46.41465793166301,10.638201412918509,45.51487508413514,99.98265301911374,108.09326715925124,106.60820363139999,149.88914249769599,69.28322236924029,32.993086495871694,100.8813248294671,35.03938697270039,-3.3898924093584597,59.25122300024519,90.71232378751536,79.94517256298359,85.21849848364717,100.57851300933832,111.71687761443884,93.60652393466822,77.00767610945852,38.51661640061357,29.635366009221116,54.68480303475255,70.9705278769522
246,68.89186604741298,26.124404186818055,20.738507755404825,29.454361927095476,87.18706418424841,109.41871484903213,115.29159165833117,73.74368554967559,76.08591020443457,87.18809641288964,37.53785599576732,13.96792731348178,38.246037408418545,65.70633406336698,77.37410051305783,125.00665682929116,152.35620421277167,124.50004214864357,117.13030830570176,110.7799745659551,95.06902816270923,73.75606072381917,57.66498227084301,31.980382823573066
247,24.193008184931937,8.60952191466365,-9.566373056489411,10.822046612462756,24.177589163719333,57.48428419729416,113.81626776967644,123.54697337517098,101.39633923990296,77.6496154457466,8.585297825029322,12.179216339388429,31.393413576345083,18.666682907327377,36.40709203033262,71.57372182604891,57.627629991404675,52.64924408386821,92.1800058956109,85.79020270585976,84.85286800925354,96.00519633341646,73.58602908689139,134.2478004556599
248,32.018732446826114,-10.885378692069295,9.506301813861505,22.29933222877888,105.45917094557831,121.17132013238846,129.3704515692948,83.74531862169046,116.82149241396966,133.9862815638602,67.10708335309923,102.63886620995558,133.0192060712516,107.01222055348245,92.39981347998933,141.3845161718765,180.96175440279194,193.4594492887356,184.12008925221903,151.1725368195131,157.3731308851592,136.64095327510708,97.16042290865806,117.32338633796101
249,65.30293922925176,57.33782541850862,28.217725810692713,41.51248570263896,68.03921479756889,106.208610867023,117.5393065896149,83.58636759057222,63.601070697868366,78.52892347475651,76.95127401535443,86.10034676311517,35.08422563266341,80.8696332263174,106.59211681834833,123.40227095517596,144.77433594637108,104.42109509606678,115.71289230280033,92.75215659461965,74.57493271288786,96.3482228461961,38.09292207824613,68.10394457443225
250,40.678057114530475,64.4369335394434,77.80719848475381,61.54473048912064,89.6276476202381,92.63801590725565,166.04156414747874,112.4574623909893,57.356711914329225,40.968200133868045,21.902925395231065,14.183285938994278,51.976874915746976,83.22597421708522,122.06465218414218,124.06569718006139,131.91095196197824,121.01464597290568,148.8274905003901,159.25116062747074,118.26303163085348,59.23470489238364,31.52660367807959,71.88952957124629
251,14.612010240783142,2.7470575102004275,27.25257805653719,51.839934102557805,96.48162575141029,86.8349606988822,76.40045101497489,69.52228382007539,48.9346374811735,49.35882097659292,61.07617143393263,55.92641739450319,71.62657981061908,58.39673045418262,72.09126965295567,48.04665006196801,96.69875077741753,119.78646235274601,117.30866399104022,102.39118588330099,151.01798959587978,119.18816776970502,80.00270602147106,89.44882616517626
252,-6.718664663825123,-7.045877818614667,33.99569765888492,34.73500183263531,55.86734853791861,84.75809260152934,148.09563802744466,89.13439942855665,81.51573689392667,51.496072833924075,6.450945298331902,-17.574846138415225,11.209995041499766,61.04824514355189,43.00883200414519,123.47012483619194,128.66676195454545,119.2023000911182,93.78865620236249,105.80327689872699,131.46423332969746,106.53804270874942,96.52017452890419,34.07614629822401
253,-9.597704557543096,0.3903866803172491,-20.322507690172927,13.928575916333806,79.97665325140935,92.62009063144204,148.8624660375739,92.77403794112172,71.22102113155475,73.05360169354644,44.39073626709906,-3.549478551715829,-2.532379489793499,40.31964150492988,66.68288805059072,140.81242654961335,174.46716627534943,133.63078005978596,120.96982901756661,74.70820818225101,74.81644132247055,69.43053878326609,17.100236505262778,60.071506424991
254,35.20296996510375,166.82132662694102,76.66179768382395,126.11153920238272,132.09333540482834,122.04113942691312,185.8138092198312,157.39985793110137,112.79162700053216,107.25930946097489,96.172015037775,109.08133015122303,124.3825821947732,103.9036296496808,104.67310852778839,105.90988071723072,172.25435019991966,164.42549954642698,186.50967499006927,145.68332546880958,151.41150738905122,107.78635140600908,17.045289979082277,80.39581200218544
255,47.871397057443204,51.17893195183794,37.03330310583931,59.84909872263427,84.36415612295951,117.02015412858793,125.2110744209885,97.83000269789693,126.72286903292567,66.22070592759619,46.611567451400035,38.37208577704032,57.1172563330707,41.52813884085704,67.59734682024434,97.39277344330128,122.60318625681467,102.79793626400728,156.74420968970261,137.00533351996822,148.81148747450567,113.12823912129141,76.00582205257051,88.08400968987988
256,-12.167707488666409,-60.71168295816182,-54.25407587339899,14.854920345497746,21.705131225707802,65.25752728037563,48.167980834280414,50.39409953936336,14.21062246326207,31.691148584912618,56.22176997066725,7.3732875332670105,45.46980876576441,38.94655857002781,63.470329428934726,56.872283803663244,66.26679067800885,111.87174740539626,148.7787224479152,151.0706604475116,144.94113185005165,42.96592418996727,51.588756735846815,18.51648611104993
257,9.833076644457364,-24.864430113990203,-9.060974833956564,13.313415097410136,41.22852978499104,32.03618524696567,36.43303167103856,42.78405447966088,51.717744862711875,11.830797028263959,-0.7508570407027264,-53.99112637114141,51.172283053557734,105.71172266745772,110.48776968581709,123.10189144583664,103.71348952244786,164.43712118680585,123.61244215591296,118.85041754221562,97.91222298476217,53.681000142151476,42.35452209270561,33.15808116778001
258,23.962198291677694,17.75490407293705,18.758638554021715,57.175913908425706,62.3227972276043,62.120501554870614,63.89212675147661,62.06740715750336,104.34108415575155,72.19607973066505,66.55409513766361,64.25291685572377,59.39329810213132,112.93331263180679,102.34520339410014,112.90250186492098,136.95256528048935,123.31150194590785,152.87688037272662,118.58989856324878,104.6932821823362,63.805706652404844,83.35123402924874,89.06103972597644
259,53.235449053470646,57.35601714128347,49.2758833558771,53.975703456919305,62.38866058437199,73.97301325958634,82.17373807370575,60.06678135057183,67.2855377820192,73.65839674314721,58.78757130640851,90.10832780849256,93.88434486528296,82.18124825925193,77.9994958261626,96.18052594051667,106.2910523857327,136.34396916161393,125.15694762463114,48.329844264170376,112.89876113422778,99.64509765497989,63.11655733194554,92.85487200346597
260,98.76345802236219,87.93001665153828,50.13024024551211,19.710327585563675,39.94226953099424,84.51499314580329,147.25381486561318,125.3921603645384,133.81427804036912,80.36915184830139,3.6299589457083314,27.408529979708426,36.529093633686315,55.13980435828432,75.08370187776413,60.875962168434114,108.69097624403187,132.44554568591101,161.38413342564246,135.2617909561722,169.07681710625394,141.26880521374196,42.51267845324992,129.62956411057644
261,74.28204083681841,35.02316721033087,18.479077098292805,69.65921883754078,66.84999942146023,111.79789914814535,137.98193560742305,143.49066565783448,199.01361473438666,109.33333023874727,78.35884645646837,78.72958347882312,108.10844209899551,56.216698888396074,66.75937271294438,64.85621375723144,118.49935636039339,123.92306981453495,90.6797333852326,31.090073132384802,43.46167507122889,-11.758929833468812,24.25715499888262,37.34273173609925
262,56.406221412785186,31.94787365022136,53.95562017827646,57.32367874176875,29.28588664637696,52.2210703672242,72.96114288152727,49.78647835837147,79.6341834717029,70.00742170802667,46.81966429330376,38.48291398925754,52.30265312074624,98.91598168319169,84.05603492788289,137.77873276362482,111.3939789469405,119.22218840829414,135.9330429665507,139.6882739099296,114.37940627177937,100.83868358463234,94.76726383146413,135.28513886612217
263,4.974571040030945,-36.882590898496076,-9.353305273185818,30.640279105757383,49.42533904313737,72.68185083050057,95.91396682911494,50.17827383860086,54.14560554450624,26.40669864414533,47.07433805069068,77.45544337683644,95.05861175461855,86.54625228950108,137.37280952531893,125.13694254391041,159.27574640892487,158.9319653654513,171.64555514429634,129.58486465586472,138.20961955505715,119.02488459032104,101.3584876988057,112.6093847677068
264,52.30141926001926,60.73420613469823,82.20325185069746,120.03051176556332,130.21719986888598,165.72960689292432,173.81577152063005,111.8501886977176,103.0115420026512,70.4601246735311,66.79106040695764,105.75596451457096,82.75711645785432,40.237690856639446,70.65446624981269,61.22939260194924,128.87027992740803,122.26777972483117,86.68899040130921,59.1588888112858,96.995645528992,100.68199946830805,91.94009278591898,116.09694466550326
265,28.748612594787563,0.5674377476541643,212.03240629703055,201.6333582159235,183.06550616515813,151.22521681349406,130.30155134944437,84.92994236796446,63.25491394641275,59.66994305208762,79.23279021619256,44.645026631133014,72.71601049897353,62.861457513499374,60.93919562492458,97.92556356701422,135.2302378743439,122.96053426715834,128.08749454585586,89.34880252991138,105.56663283297705,63.292465525932016,78.81385474504128,70.9202269229128
266,75.19343825801084,90.95333967393873,48.8433789609591,89.48533834652085,143.808909343052,177.1779824559951,170.27424568044304,86.66262843644922,80.31837725486375,58.621428205559816,72.81580167562701,81.75606343495272,123.90905152017727,81.07011517516972,67.09878882909689,147.77036702556688,161.9667314659594,131.74266128803794,169.45492309887857,145.2842058873424,138.8690464667159,115.73478367021443,92.13883970787856,125.21858956162347
267,3.630688630503542,39.45633453013419,4.725695754370243,52.28545907224566,65.37000776555678,72.8957977864177,107.68189520433152,67.90625475277355,73.15205650329456,66.21652597869635,26.864261748743935,5.598750777795857,38.57090557742254,22.018408721530896,46.54713224766367,133.41583978527814,172.5093803336116,165.26901711411404,162.1778885897394,149.7395956292425,141.4242382202387,42.55519706508012,63.27126497561439,89.96259531326507
268,30.21015603038331,34.760457478855784,61.785385168350075,86.40783834540383,116.27473794430273,142.92970114259992,178.23463663254077,86.314991865087,52.93202981903042,21.462864747375804,-2.226323412665188,19.721361422602556,63.81076183258291,76.8180210047713,98.94042083522041,147.96022412130029,126.08492020622846,146.51706117906173,148.31839770523754,114.66459546964145,58.68090084385854,65.82988720830902,46.304269772372095,59.86458316557791
269,77.59157731798678,14.627481835376877,19.188560707217356,94.51661504023645,110.4972986801622,104.49114396738764,93.52718343961959,50.13059188272598,0.9949882149149687,-12.717631810200288,4.517589454790219,30.89887199711425,77.74850634400293,68.92707019819511,57.12401568271783,109.52706089234321,134.55262231088778,116.33198960630264,146.49649912995116,107.27848000833475,101.92342279990261,49.220127436454426,64.89146237282101,98.40334803363082
270,45.06692092675654,7.403082057686088,25.535169332678713,0.549202576158855,10.32451793889797,93.74184293523943,136.92336863767093,104.04086769138999,113.85331847747867,40.629259530596755,14.566741622480471,21.37162118079611,27.538791983359815,42.215085707146066,57.853917371456305,41.50474959845429,35.11025772387718,58.94835412745918,88.94072354664388,191.9409928735883,162.67049220421,149.61989832280534,129.99104069677875,121.93177335557522
271,32.16789983068187,30.211959150990946,32.82815135506281,73.7360300699807,113.2440183308004,127.05400386883399,139.12794490308562,131.94877705429437,144.6489046243449,108.84594003085176,67.088859608234,61.39735403992295,67.75653804443469,106.08529191129139,115.94473195312176,79.14342289783421,96.64577732682909,110.35471804812197,104.44307657066275,95.35990450427053,85.54992345223052,83.31220670249272,103.7530456377133,78.31378709693867
272,58.070254328585264,48.73565674311851,52.84768690158204,72.8209297822348,84.66983428313291,111.16325522666796,130.10769952823517,90.79212197394892,55.872800909207406,26.513715148608384,8.445318602466891,24.409424839283236,42.36729354333329,116.44324281683156,103.9407587535581,126.18112285706071,135.65523114096194,138.04770627522288,122.52234374084293,101.2703367739015,91.64940534900698,88.26827072807623,62.65219464224245,47.763025605584446
273,64.30523786255272,47.498814031059425,5.0579010702395095,47.28987440052684,47.025046157660796,78.49024335467838,51.566783114887514,46.68228993270172,52.267097708017694,71.40633329646025,37.64968387399672,45.0030348533098,106.92911131157649,67.98583886394357,95.11482183724883,59.0279085484576,105.98090258076608,118.93782385794889,129.33827117509787,149.7694503383527,126.19290897222525,106.60491698500732,91.48365909774996,74.77689927650077
274,25.43904155624668,29.418066572969536,71.06161718484042,89.93666511602862,131.7942665914161,158.2653843498718,185.98512863686983,158.38495549574395,112.92993922061748,98.95431722466702,59.34760617573258,51.74230662022691,75.95304244123763,108.71556586809105,129.25575586463557,134.1697736627107,115.54013215805462,110.33930523462,123.51365661132921,117.7325901247578,97.17084616305152,67.40036121870092,20.052720959241306,25.105946103244463
275,114.04811637459673,60.74589804573001,-3.682090298280869,28.419608710605893,21.770323536780623,71.46299245042923,97.23020149810162,76.55960465316087,60.70765296434698,35.51689967223848,27.7578413476923,29.574452246666837,39.93406855006756,50.890748495137466,23.750477761703742,74.3942900456579,126.91727697809166,174.9322676959975,132.32883293699015,86.92745459869468,107.82332361517072,51.88719717196225,77.86076357083141,92.92876192651194
276,18.986123053943682,30.56062149331843,50.065026640834304,56.86250906082319,79.46374620452742,100.19828543980843,129.83742100898726,32.595471380609666,50.20940634211293,-9.854574604898104,-0.056197654450549805,-7.816154690252766,57.77195011511947,61.53622235691923,64.13779516328307,58.83042592294188,76.99564601092025,112.88445613068171,123.13426650840582,102.37621210898921,82.97340868112607,39.83254001452541,-3.3663625369832104,65.4276517865659
277,68.21025872755997,42.9323376739455,54.207590656955006,84.58143636823827,98.64697865198788,137.8113117287313,144.7913299646684,95.47635627151624,80.48508257790039,108.57916697889625,96.97373559130511,59.81791608936203,88.92058683418276,129.10764490620062,88.01548247213681,120.66260470699193,107.06090103036546,139.42595051163374,161.47818988013907,173.5062884415583,110.68476463066362,89.23086576599881,72.21945487508513,50.931858653396226
278,18.05539442605822,40.98902804622237,17.681111333483173,14.341908641042139,97.32805214402181,128.5074205415134,114.28646739761683,92.65253198907088,86.68033801528333,64.68922879554388,94.62848628823089,50.73485355069331,99.09931205246971,-47.38264869753722,-30.323286206763797,8.632016325372476,75.11989722891144,114.61923751111856,137.83293760997188,103.41398395092315,104.38587711673505,75.52493569822957,67.62656007990348,56.54288785109172
279,19.296622394114834,21.52162223500601,63.306211325407546,96.67991056718661,73.08366961206599,87.76729872256037,77.68518546588753,31.031632739793103,32.74424362351964,37.8991329574087,36.581011014935356,28.763209980401204,44.85960864835275,102.3520228489136,232.1726032171553,244.25448575467868,212.64451843138653,236.10739963201345,216.98488696164975,120.76170174906517,106.63115656302239,47.51742801927018,46.920330410986296,10.646196492119827
280,37.915202903618066,36.92258671317374,16.4958061503525,64.87947143333575,76.71728496534777,107.29965840734364,122.78182836944886,95.3237258461824,83.34647545136986,46.68304678295793,30.190714411299624,75.40933541101751,78.24006539023586,83.4908797284899,80.07817474357208,80.75497697705619,130.45285367425763,176.40631825318397,161.0888378655784,106.90471879379443,141.21732932625167,97.30087616986316,74.85758923451624,102.9780202880258
281,72.99543179443397,46.564279370914775,18.98660953225108,59.28559040265758,100.93093378212515,97.56600186195021,109.8097358140615,67.94295250990308,73.28441910775933,54.29282608393163,51.396877123576374,29.66794577508398,49.9747158859965,33.14359521423157,44.660434772070865,69.52457924120137,130.3707798658798,132.86638656179105,145.8888034865879,131.06504434891596,110.88434386153415,67.61108832304357,27.80817102088644,44.70051712988317
282,65.03112262854351,39.99976967122471,51.89829125452532,85.5053540980523,100.86639909151205,165.004585289097,188.6888643635572,170.91896803039035,162.4407985040607,138.07853137294026,65.35208474313924,11.690160583860404,4.096675234988226,174.9814940354618,123.65829453921363,90.80255791356842,110.90040894134577,149.5181384593584,113.17078159616318,53.83826172292786,27.7100374875277,45.50429422705497,65.14945413029066,112.65056522641596
283,89.48891143089918,51.80321840570646,75.92327237769072,101.54484216653982,116.0582517766732,159.89148225821808,191.70257072805705,134.68048975556178,101.4228835239617,68.00628313030988,26.64954595675578,21.71809829162963,25.915172800590398,29.506229878811816,43.16541441573042,70.37702645239122,74.72222384669166,107.20752008483973,94.06621945136558,102.13131175333643,88.33498762780488,122.06057485212582,112.36349485728076,108.02073916644507
284,5.414318531979994,18.774076161751953,-22.060111591181872,4.713352560583829,74.53087031773254,97.68322650465602,116.89639963659306,101.0768137032813,79.03931681444153,81.62854671056593,42.083227813425935,47.87922253829544,85.67709545913488,136.19763813154412,130.16688947172688,149.3592468760862,174.58734363180503,154.17451236106243,157.6271597398211,138.48411308749587,117.46064246046193,59.343478188557256,22.548637886626956,102.75842751713344
285,69.00190083670239,59.262381202422404,51.705008054002974,33.89632376168386,102.57068173488499,133.1597418770017,120.82876296041553,100.42536034595652,75.7644274354367,141.1968050275816,98.51719199578835,57.86497224930879,25.780869944483285,62.22753444926762,64.78900528015288,92.80844050146831,95.71898499420004,107.85814024117272,107.2257411451995,80.74441266471479,50.332475655011734,64.40703361748578,6.560708522189543,31.579176560110703
286,42.18394617278265,4.7420784613354705,0.7573380669849001,-10.517455901758254,26.03712688448939,84.59780853399997,87.50000388248128,113.86877728791895,83.36041266677461,52.12648806182739,45.51857341258551,55.16525415224686,73.8142348341626,48.29335718545924,19.968577020540593,86.88026533064556,76.75696192112346,99.49990139755532,112.79553965335728,104.96849318045722,109.66167793615757,75.22568700387986,34.11329577317116,52.29419333216401
287,42.35440806779179,-3.1191750984503983,46.66715453149609,36.49693289230266,74.44664347084196,132.8679647922873,175.5268829867427,131.02029357514624,114.10054925819063,40.4721830971835,49.46310851413429,33.285317765594854,48.30627945907996,3.953372519294092,34.44146377584443,105.84730768501646,176.14734782570895,147.56585963261767,160.09881573497876,143.05578948194204,123.2601244981464,26.622859650897325,2.98688325358426,65.1764789322814
288,-25.01940025279962,-23.536898522122463,-25.238256620897737,40.78457746623111,68.44490188887893,134.41868980801817,140.45253084759867,55.73252332112567,77.01930469050961,47.597896001825944,30.626672486972808,69.81923628586777,74.5880262581775,70.05469862465944,104.83552202234321,126.81984894663759,128.91316080709439,150.77359623287765,129.91622366508147,139.20151029464668,130.85935485820775,95.41469120100558,88.74908706854143,105.89934763752211
289,39.26629379730927,23.10180064846012,13.155969340150005,60.27333207538928,143.15505978060247,124.93411963303757,163.07039691646594,131.61749357834032,114.33024825727497,110.78712179891093,83.40033316137186,52.712024726660346,56.51815086661287,48.76295540154082,92.93962461457967,110.31190546835064,113.92304434641271,141.5776030686327,172.3433179449841,115.9851845646906,113.00004740759965,59.058332736461125,65.06197071904786,98.47009521487035
290,-15.739581802000927,-6.765132578600845,40.76104941628493,2.2049098401814717,79.4010700359036,88.75473833768952,123.35312516324569,73.32343986480849,97.66972047544482,82.57812466256907,47.174623050165096,40.68941023751366,66.46162204905914,73.62478785216912,98.1775815781871,60.70052488402443,78.28521670596217,126.12924772071935,67.55953675419525,16.651465854200538,59.85957564217198,53.594252840953416,24.32583393284039,42.290275763540336
291,21.165701699046217,7.467769249122508,72.52115674156265,86.1514487067659,121.82086629212807,127.07841135582423,139.16867512099248,125.89373773541283,123.95796264271974,110.62678845618849,75.37713307724906,49.14720547580323,80.53428663443525,47.6570990813302,46.68652206126367,91.01138441493457,89.5654301303255,134.16226819885352,127.98272287159041,108.55070760869194,111.74793796304574,119.52322471265062,114.22591154309652,129.65977315135973
292,72.55559399260369,82.05721702284275,78.84546193428287,71.80679916099453,92.50170665118993,102.6761965965003,128.5595204733598,98.92146807992506,97.67325456163559,40.696477539253834,11.17275528063184,26.339257535740536,67.61506423079177,55.548213137079394,28.488511047033548,73.11126066506523,142.34044123327902,127.28011805715025,100.52853034191838,87.99131624315939,105.50017796135158,93.08781447803747,76.53007908828556,87.41160420066088
293,69.48863257009734,47.098726505365164,32.29383900689847,54.47350128864554,37.265544557122396,48.99908040077297,80.95938652864929,59.642752305777165,60.30961890195001,35.227013693342336,-27.57529777175666,-49.857057244214566,-25.92358833387388,16.85860187448263,36.43100119074434,84.78803813180262,114.91923876906323,134.20805068789562,163.08401781756305,120.38018857567741,108.90531560340959,56.37668592997104,24.534127374995883,54.16610909068761
294,15.697474440680192,19.414742255105516,59.48206442673981,66.07344867499889,53.905888272820235,98.222895214953,104.54991574862481,97.74475577375314,89.65157315432208,64.89636872251253,113.69861320975059,45.3333419831768,86.92053389940565,116.32877869751184,147.2743145987145,115.30836272040196,120.78361806571543,157.1710083187161,152.84573221446286,101.51386598595212,136.22130972509987,80.53825941136023,70.26335859290332,109.95538802224172
295,157.9345933568482,169.70261795922292,107.0273344293459,87.51301483020237,132.5831571909863,174.2961882777439,146.2681817008691,124.47771572603614,110.14093033771083,99.50276895194926,84.11845120598218,97.48496569098512,126.75600023225428,113.97675127998366,135.8835388341821,132.64241353574837,107.40235051859295,146.0486286903962,182.53739153827092,149.19857795478384,144.48073673291185,106.28907058934203,88.03897553234083,79.61644823502668
296,73.09096989347513,61.39071383568746,84.01453239051528,44.186777082013734,39.87610370794328,84.82526874986172,109.69343191883934,37.8543241360329,57.38841565736688,67.3267006889646,48.98721690284778,67.7226495727306,135.99162051823006,117.23377144210374,132.9934135312556,146.66699781814248,152.12418967030845,198.98727567290757,172.03058853545815,111.58747278765252,85.33131679972553,39.06879741262294,40.41013373520144,54.39213832726833
297,-17.679530432268486,-19.465673222276756,8.423614152179283,49.81857057523196,109.31104330068274,107.69285514211909,102.15365746967731,36.8085175104694,3.928364357165208,29.825568289723762,31.99797951580532,59.51785785850959,85.31970261642586,129.4569406208073,134.0230862416368,145.058097550401,143.48088335389133,129.18628030751577,118.47841753728227,147.84036885920892,141.97614834910604,102.45420271839934,95.88494481021269,108.88226794160045
298,54.16196498995412,15.444464806434121,27.42427175711913,25.308767175224034,28.857208008608247,56.588918307624525,63.036098978608905,20.56653121922875,40.6352003306278,47.979752528602646,56.05366281443932,79.41636257566697,71.98655189074748,71.81565607657339,106.9419810244259,119.42665618084146,154.35338228366288,205.00101333482806,175.8387338514081,128.9012902484124,101.4439280592857,128.7780126330397,52.622036679495565,88.05957608700862
299,45.44568457596133,29.233942049039058,41.41679935437949,25.629715985325,40.6686840373758,55.1333456393524,14.785985307093384,7.284981855187283,17.349287307456876,8.764574923534198,-12.308311711025972,-1.6988259488928392,22.678327239464203,24.55732746675409,43.117630941894824,42.75334053752519,52.09383319747778,120.08338582809529,151.7811645327417,92.24094812548778,62.146440798607635,78.60721285817232,-5.629669609386887,23.77973269394964
300,46.936285731755035,33.63954658700443,58.08010741799345,41.97920274774373,38.270880084180575,79.08405263280895,83.50295974281715,55.649567429673155,37.642947730299454,2.726223329039243,8.577947114175231,48.528684735512904,67.87718462315335,90.69221534659583,93.27866516449255,101.93881208843553,93.15483733833531,142.10733322638117,91.30425905870352,40.744739266269065,71.61989887035152,73.85656447201787,80.61193880353107,112.05807187441165
301,1.81671529519976,-34.25000047275396,-26.863120431652817,20.889551810874412,3.2042203077762395,60.06764005210918,55.487290226402294,63.184034763788254,48.64259390579374,15.52355461207624,38.77772221800525,37.23134847298017,77.72071810747106,42.683432358566535,109.21298235541457,132.84663275688104,93.36275533599976,79.02798070157203,169.51069604968353,143.7296147400157,140.17537230676203,100.12404978473232,20.96739269514935,34.276534122104714
302,112.28015626876473,107.87613417488203,67.33939124868698,56.665440316313294,66.5965205773316,101.2044035377839,161.80346679566736,116.80195375870862,67.52337598681648,55.49953554751296,60.659474605122924,68.73007826645716,59.82392018573705,56.52673145553301,77.56897143658689,136.09157850277663,152.96728644469658,171.70462163017882,175.5303920628796,92.87805666239592,60.691019747241306,59.44337582402961,33.04377876853971,83.45355449693017
303,-2.5911894396000648,44.25557762528514,9.9817604175499,1.834414736531457,36.202857508991904,79.98441834654002,67.72100547217957,52.586437169855266,68.14529238120808,51.38154158111465,56.684750212135135,76.48382984057292,68.14493023675725,130.98900709345378,128.0743028755565,128.8088725516101,173.17064651348466,123.76964679967735,134.707391949902,114.75532083433008,120.0760804224154,84.12321233248018,67.76176512199392,128.63240863519684
304,59.80530858775629,36.54350888438202,28.698041407758193,17.993265620199804,57.46659285707386,75.35042507936281,120.40589156348148,64.75044522257407,72.10571722196094,57.06335535167128,81.63048403019472,94.09974978265546,137.49193572568112,147.60874342789765,119.43795589902624,97.4064444047646,153.57297865549484,139.1437907911361,131.60492221064786,62.624255342356754,18.12014784763818,42.87720129239031,28.093265087604422,116.98198235305178
305,48.19804555759283,51.63026188337434,25.53917846711829,17.512308395426214,68.4522676210648,83.3573053463299,102.73457673795211,97.4099825194123,20.388140821721912,11.59029736829082,-34.97944010187215,31.109329662687877,39.3177057999441,93.3547756477869,75.60513146977316,85.17395665147583,94.17640751697152,121.91084289675085,117.27498801708293,84.41930698352596,81.77496606693714,40.77835799754246,40.508054919186925,74.48398411905572
306,0.07874608259132998,19.769126483067943,53.96519278371282,112.19618894585889,148.1301233162876,162.55683009597232,181.8038459474246,132.77899451844533,92.49953273580486,103.71122464110454,95.91844089383397,90.43895688229375,108.71240584771682,104.65265091987567,63.764588432883244,28.72675659270263,28.49257142600726,62.6277466892554,65.15541346004412,103.30944828398029,81.70773205145927,58.25983124568837,56.98042475847103,47.3622906511597
307,20.54658496975243,41.092382050494585,23.778678027730486,71.67579722304434,114.48789163228626,119.29677520750936,107.37954106872101,80.60759718473662,72.884295592029,81.46646057730455,62.49372092951656,58.731830108602345,77.83288078477922,88.04734040306539,99.90543915067067,170.20622141637048,128.6875815110303,171.55712988152897,156.96337111978124,100.96090008951407,63.69196077871896,22.629115526182375,11.388248148448369,46.04321658606735
308,48.60365419903919,5.921437474763195,41.09459556908083,68.37828907898292,69.5562351299529,83.43253194730048,117.01051644179785,121.60138000017767,114.93040700759839,120.348528262795,93.17051703032949,86.2518372480688,94.07995067724826,110.70971530135482,121.72831994884314,164.44828808340333,186.67531055506834,190.54790518623673,165.2433857534431,153.05186634681195,149.26425857070535,77.20171433806073,43.11468336923379,48.785590835883056
309,20.505377347442476,63.62949179502562,108.39029854531313,94.86140376898034,83.78404535350714,74.29688461653106,81.30008425087182,77.0507645995189,87.01206118126014,76.95927230888478,76.21869222242091,117.55308043992261,87.60751857784192,84.43190877695939,80.4839631645887,89.62850728487521,36.886393204443635,104.20119423224892,80.13916720326817,83.82815509320415,114.03817314075556,103.11378604969552,179.2081577531676,189.8056858339553
310,38.31127350830023,32.13396755228779,70.7548190874285,116.26431376710585,98.52706561408772,131.98424771135873,108.50519571212999,95.91034153960874,74.01697217463519,7.679208242588416,5.768115477667742,1.3156521923977067,70.33722409720008,93.58452449426366,92.56419937002313,105.32346995013998,131.2323819765018,156.22904135331981,145.49062616289785,117.20185534679439,108.51999877493219,94.60326470402893,86.46646239820822,77.8130813178024
311,32.24102809183092,-6.412957580861448,-9.437894778165514,-31.403800382734715,47.93674114151065,55.23532382192003,43.086709846344775,34.769550295905205,34.38773793230396,-0.22176314930563024,35.57405727275755,51.5630899869206,87.39104225121886,76.39948015677653,52.899176842182335,98.97898336283271,157.3628578174734,193.14154192001985,162.79364706891562,129.9438672427849,117.97913049691489,68.54892443206442,28.43935848514525,63.96982348066216
312,28.818776390084167,-2.3848369554213207,22.130454757044223,9.490649945875319,54.83062442156126,105.57663957710803,107.86983259548396,55.56384058863793,76.97080856543856,78.0831662539737,24.453962407171094,69.53819545482287,139.7656577231187,150.36073275134376,64.55253235108916,62.96742447209694,99.26558010694322,117.04373598063076,102.45578735973805,80.33891488956301,55.222143375059694,59.56551778802421,75.56513385545823,93.8121006675077
313,-55.407174893001354,20.161888303348775,26.588716296922282,28.456768605027996,79.7034368484897,108.99397004944834,129.2420895418186,126.26947508832559,94.81414704150986,82.51719733631654,32.4292486974072,42.62576360292092,77.11971391059336,92.81947889887327,113.60234127410419,130.95124402125577,90.793815767078,125.0726676637137,83.45738245234321,59.49426853712511,80.12996383635911,59.5445958028078,62.692911259269664,121.77121562113909
314,35.21130908347078,18.702256043514282,32.725474562764035,55.919371443127034,113.41789964902364,105.43905314724341,129.66852377228085,77.81118551820809,107.22595201131278,93.96349367829066,65.83204582067663,76.05507304249463,112.40537373360738,66.32808784748406,51.321999479783635,57.88342298406303,49.207063698645115,76.06282657243807,169.79628670069576,125.05411846971393,102.08652900651346,91.4098781486678,67.68083179770292,45.81823122425728
315,-5.284255824563182,-32.3540059769776,-55.019424768798146,37.836966523998804,64.45984111567016,100.96858148361473,192.1535755808136,122.20057904215167,92.77070604120593,85.46371396194303,111.71194699359754,86.6534096544824,117.63041707475905,112.42534000517244,100.0660044041046,102.36576206354509,100.46453045228543,105.57366965458193,104.39424874431954,59.64487761011986,74.44910467801628,71.91102205888588,47.13268475655815,72.07753099381804
316,-27.996361273650585,-39.60792781769501,-30.688609702692247,-23.260138103401033,-5.53004360375995,72.60009013495628,92.74127795437522,112.5335036458433,67.91481512107539,31.719128035792878,43.733368171700874,27.591310462327968,72.1571148019737,82.6163305431107,96.79236394410808,162.45405459670525,145.96587817379674,136.12123143761966,168.49623982358204,135.07469416125792,149.06314135693881,105.88860488484364,67.87894175777329,82.63470631362637
317,61.08782718485203,44.3693291742953,-1.8736166567575694,32.80861461611654,55.86929632136961,91.0625798151474,115.33540755797037,70.6400917762224,50.156566372717975,53.96244862494774,99.85516918550232,57.168231061825004,48.569455763379125,50.25678700099453,65.07926905358961,76.60661351317877,84.18174249768356,57.052968063788654,100.61452824513199,62.722131894938514,62.0235727465895,128.74246265097025,110.84157965651119,95.23120904988099
318,56.15646078246132,46.556933421070084,46.41597557235133,74.29795285757422,117.89730601132148,171.26254314828148,150.62791536433355,168.40458699833195,164.64084859153348,106.25423328653905,82.49572441368429,81.81857428189693,137.64327664321945,138.16291423927677,124.70612813582586,102.03474932740329,113.94465742836924,134.68792893556383,196.8287196046769,155.45033488503327,108.70094576862638,87.38384399128995,73.29764635794058,65.49658452736179
319,-8.494511911582762,-32.61330501618186,-32.08510794903529,16.573021552946756,66.53987701160978,109.67443248745494,135.63388915580512,105.38066843848375,102.65404221779087,70.23756799983121,54.119970891201014,22.850387622028343,44.76290058648243,16.939693034906078,28.68581006420287,98.59921567203048,108.64491017445962,177.96890922800588,192.60664579060148,142.05678278669038,136.68534305077102,122.79474099997717,59.32127261273067,71.72469918042505
320,59.020112808990135,-5.29463016728236,11.324462247158717,16.825652856143904,129.64928735606406,98.28013427529044,85.39631127411619,42.75825051010929,50.46908962461936,58.48140222798585,69.47697520620599,36.623843321280205,82.85266677336516,93.88159930894517,77.08796657183673,27.22872714441641,58.655288523455276,44.13133287517165,52.27456548112902,40.44401986373934,23.923813466294774,20.153854647987345,42.17663326452726,77.79527960129
321,55.95171504441751,59.67556919064955,37.710222601323984,22.634796718386337,40.897251437839714,92.25765161026843,119.21864272372898,82.35548002278182,32.72922318758313,27.178804413139495,46.055635822813244,64.9290795636875,59.49135853484481,56.799781572822965,84.15989367061029,93.2617307442477,134.4345723562446,147.0949337894683,180.12672017519876,164.20184461828762,125.70950587058519,143.03313238012407,125.38630751510954,112.19121589997462
322,30.696209585552072,12.597422949767562,48.198372829332826,76.1021967006973,131.87749093583423,146.94427023082528,202.96748806998983,138.71322936318703,112.96649604436273,60.83489767595462,37.29880118661607,36.44670696337413,74.02873760767113,76.82756317536698,127.35737452284265,169.69079189840562,154.98297129265327,164.98317735755737,131.08127570279413,116.50557294856927,119.8883909648129,56.611147767896774,-14.147467819220275,25.451225618216633
323,22.760659809143,27.10316830131506,66.06652004352836,51.46452606401185,31.81106721579947,66.95147613809273,66.52909950951316,78.12272237799658,96.54570507741926,92.9424156666405,72.35811636603054,21.899615014058536,48.427104234985336,87.67201706703896,59.69361285200463,44.80811430777882,70.82811348684953,82.64748350639958,141.60493707660993,113.60928630014095,149.86382992385745,76.66696548683225,45.90613492811159,53.366441462239486
324,24.761657742773796,15.332967347046225,-22.94924489866917,23.731626236133096,80.18523622032387,98.66364500616481,130.1686864025439,115.08172572445201,35.99660015135816,85.14889314276942,41.464529475729314,11.9406340706682,-23.1682156559651,-1.8590522691002178,40.83486563824526,87.21576325927843,146.39080468001433,108.49334203964226,149.66073203194713,166.36237057425856,123.35749455935715,95.65183613095117,61.77850537997303,79.59222187682448
325,-6.222295400210577,-11.778399674497223,10.165580149933916,68.56227579627254,110.42970769943098,154.83433069507487,195.78052310354417,141.5901698680086,119.26784237043856,84.1770718053933,108.9608494244005,68.83206262887254,93.23230284390047,129.9049051241287,149.07646298259408,200.15289341441292,150.51137834297433,145.35599919155814,161.02956900754032,146.3654684368323,116.170295530526,92.59599543213494,32.01532453995235,32.82550373245347
326,42.8131771846775,11.625713121460766,6.566284922035397,2.893929817878387,-14.778571137213362,25.566455647095495,108.89382894394035,71.39025501560003,74.06864517579078,72.41421395530239,72.00537246538605,50.86816566960465,56.306732136114825,23.990262993130294,54.6639431689849,89.92398291544258,108.41881057178442,105.95770452565338,90.06471767564373,113.96583952741008,76.8450899979408,57.72225273976967,21.969372200537123,70.40157979694764
327,41.711156483330726,60.99893777676878,62.046397964255604,65.15614456333144,73.27967869639875,107.40946284533149,146.56425728014116,144.24422339216673,52.45858777822401,56.43984829560537,25.819769688676374,6.332057319061541,16.948012802277304,49.133258723899715,61.71593348791728,91.6014537645721,140.21154314525214,121.03438397636563,149.5941191066633,83.99445934611768,53.3348405834857,23.99325888069636,12.629511349764876,58.4952850376253
328,56.532965300620475,52.85456931211994,56.44945929657871,16.149795242970484,53.71615054232609,104.7816948334241,131.83717193441922,94.38913300046914,60.274668687995785,88.95759545909114,61.9535400101291,44.826491893909456,94.042886116188,105.23332903573544,115.13998017518892,108.77403237324104,133.07199193702795,147.36649670425683,162.22171649000728,92.10856203981027,82.37804877739751,73.54070553877733,63.04597386843143,84.52642618008167
329,61.005140571700224,15.89079400928901,48.51100471720585,37.12372074678332,95.0829403977305,85.26326903268222,86.07207613612727,52.10549879849273,46.7949186842633,54.772926613318305,65.33860012865975,46.57797234588906,36.664154342850736,83.71728003919509,111.67905766645644,104.50456786385641,131.97489848325415,131.94756424256775,142.67424624494907,92.8584118352054,96.68569214609576,72.8459735551393,62.26397750854814,46.913975147270484
330,17.58667471561501,6.954947627968764,15.382671058076902,44.21828771557191,45.39549322881239,45.916227824103515,70.61202031282957,79.23011650474862,49.42560549580647,34.21954895324798,3.631261616798149,28.90664531948065,21.621975591679075,84.7354284434625,23.070372170559075,59.246055906597384,62.98855005952468,119.23853543066268,120.23176009685422,86.48657740403685,51.740790879703695,53.570224485511105,15.201749666713006,101.1248282962039
331,1.4308320663359915,-28.15231295174346,25.699539650088404,56.14907674070712,101.89080156351898,147.9316809221266,139.26229182700234,100.62984704011103,81.76373131474179,61.25307702275522,47.56065529570661,65.7316636339982,48.0804800957897,57.392579190013436,74.23065794102267,83.12031985303952,129.47802679702494,165.83459176126468,132.40551713325897,116.67007005476809,102.17818294784036,76.53416382399668,59.229601072493004,39.99584064378599
332,26.7496579759686,37.278278966812096,25.542550463094393,37.92212147200276,76.86238508592973,138.47049828035756,163.25350702156416,97.70724670618927,85.19604649096541,80.99081202142385,18.775814665039977,27.03422030992799,46.07833108720618,54.221728114214635,82.08031690669881,73.72215188412282,93.2215696049479,194.33542153109062,179.75552551563197,144.7409611014156,137.7125925116448,105.28284702334341,21.584119316342267,53.051789367290056
333,23.27806895432459,35.57082051805634,47.88453107918116,72.64405198210554,78.9525292046524,114.26549705070263,122.31935281563115,66.17005635063023,60.22800291291165,98.23079274870007,69.45365743054509,90.29162804474515,67.73019527915538,87.68231573152005,96.20658278483486,123.12466629840254,167.29708597399025,178.7003482678157,187.1406262655795,133.57848771400495,103.94342073845962,114.21098855926648,110.26547304880296,126.40822401363869
334,73.75487275273528,51.42383516330785,32.57936382387136,24.969411912760446,61.125906987215416,74.93253268553892,104.31832714577666,46.18832350155986,61.82416006883286,-20.585939911278004,-10.423936480355302,55.41981274242477,26.217232662949144,69.79814666371212,34.950737014296166,49.543791612393996,96.4361970720714,91.32678673348008,163.46140759673227,74.03267901464925,59.222680253462826,57.607186564086795,53.88502079329368,79.05761191396364
335,78.2232901009218,117.01297616252495,83.94800342088016,76.28394164863286,113.70474571142333,158.67261959478088,164.0077388733858,105.00199208219306,98.32270222135627,89.04216847857063,51.50783443654091,32.72525560727848,94.06504132947865,84.26153774424989,76.61352138664648,102.2331099344597,126.51304746555593,139.02624682533335,154.20942842458092,139.14926118966213,112.62727943901301,-45.2586411618513,17.393713128155994,92.47558267878475
336,55.00942267874261,-20.996705582066532,-161.43685369844462,-55.725135488516344,7.091018280919101,92.68530460855035,114.55127020056153,56.13382751587317,99.56970713829384,67.22142885676112,54.965428053692904,69.56664177777898,59.76978051690938,48.1791760201357,78.82999084400002,125.96867868944611,77.89267397574446,93.24507724683937,79.92986500540655,56.877139404222085,81.80053288549936,140.4287043553654,94.50791255877456,91.40258683213375
337,4.439505950311343,16.52868688321451,23.733424387238003,-5.31455493963449,72.5041671011625,70.53789050965074,87.15170722240029,114.46540891544734,87.84975049038985,90.18224383873803,80.59983607365703,100.00520130521943,78.62946511468058,100.92555159444812,90.8780831884807,106.08466583547315,114.14101236002438,113.03295567361536,143.9705286688652,101.61501741817642,117.07522947648599,106.7714857597671,103.54080513803245,143.33522574343533
338,28.754168033479438,0.7555657256810662,11.834145684814814,51.09875693391573,19.495943693214812,46.06537140275158,89.31868449929843,27.647072105184208,57.04290052644294,51.363356780723635,93.33691568868193,72.76170297715962,93.95756501489223,96.71097709435969,132.27588541560567,132.07430111743682,111.401352516327,153.73453748487498,151.479929238542,71.08897657197983,61.56952839585486,32.96092923080265,51.44266018046174,119.07704844138938
339,31.304400608439693,47.23938912550018,33.18792071651824,45.20147022128245,50.00640629733908,123.57119984429067,159.47690546871553,106.92035988386516,68.8932523522778,16.94512626827462,5.906191662598879,77.24724901833847,79.12722480801763,95.49485176746519,109.45093095289036,161.06414047476272,119.34398801942483,154.93418461857058,197.47233400382956,125.06286799629771,131.698481292615,79.53079319743532,47.71571793768305,94.97858551759867
340,-27.993734058251604,-22.40091727473243,13.461609044821444,118.75155155840926,148.60437326932052,133.59201644922493,115.11224986952155,80.32277753922008,96.43024145043987,106.18189678383683,122.42778878386926,100.92446030230528,113.7113015194943,118.88133167360698,122.15974746677115,173.17650784162458,141.58194958667895,133.12712332566116,115.8081909804603,124.69258460597167,59.57438145317306,42.21310140450567,54.501652848195015,84.3642944009812
341,38.47087288934255,38.32539639250341,92.99473336811602,101.39327243707363,138.17796179638364,161.54598667470617,200.67529280109045,153.24128818162225,109.09637234889786,130.14252790730268,82.49582324553566,52.274597590058534,112.70641174090859,107.98970737137783,49.971845396254416,74.4590186241563,101.73844097449604,122.12015184317333,150.94282545816492,90.98998347049339,113.8958980142501,34.37010256117621,47.406604568782825,100.38013665362676
342,20.60389046466226,48.36755801652376,-2.9336908511023907,43.07025068168736,105.46314180471036,96.13771686275369,132.6516181282077,102.36791194489527,46.67817805893196,71.92066916937523,10.477824012546542,22.65375612703243,77.66211142483164,93.86708391982272,120.79272963691193,117.43396965504864,128.80029592082812,159.73510646860126,191.73337206390693,156.85998650461488,163.0774626067183,90.6701609405016,17.417139181588034,76.18009525815758
343,79.97741113754981,36.02793471546637,59.79094496706876,63.5557884022697,70.50526297468322,83.53322293196211,89.78201526485927,51.9848789429633,30.227849090571,82.36000518031476,68.17541836671559,103.63173081294903,99.55854686009224,77.73942064366042,72.13760703798346,74.51152680900603,82.81834498863627,84.98945285135713,157.20189432793103,88.19479550076603,51.11867202870326,103.57680292470786,86.50611675462862,129.50863143068025
344,64.24873357471775,65.42697463875496,56.7423891202679,75.0854456571162,80.46392990854599,108.2291946947153,168.63947472788016,151.10338235871228,97.03313257136841,56.74823620788752,10.638552134132546,-29.556947377026653,5.948903672002558,65.51260049370725,66.0958561656049,44.43574890262785,75.37426384971437,129.97735430268838,131.68432492792988,90.61186853375462,74.18912727937553,53.42755383618606,51.08967508300148,93.09537203371518
345,19.84608282817192,9.819851463175283,11.522667183453692,43.445547754403584,114.78974516856564,72.40963694969483,152.44464429282132,115.02875331039897,102.22799414579369,81.77807651929979,8.109913259278926,25.688817833882183,81.61213296400246,146.08159160754104,92.09157529807042,61.363459524007254,130.19396578206192,148.9489544572191,107.54338319808838,46.84731626709862,61.5570022151942,51.52625491965081,36.66845401777249,46.32293343086455
346,56.14596226338173,45.728957071199375,65.68690626578994,18.979144127101044,66.04456290206056,71.02654150865067,186.88448478637235,136.16449311906524,119.66035454204493,110.20976581361039,84.50707946596711,22.855001694694927,85.62336909025419,89.24764174929692,97.72922833747806,86.81085208510977,129.07452548174044,145.20308418684164,143.31901486743504,88.2207463536003,105.08218925037224,124.12176568866778,119.8864704075904,113.78926110927449
347,53.605215418831875,27.156428581824635,41.022599289868765,44.0292973473831,82.14128910896477,97.29569466391946,109.75634405954254,92.75985232483268,69.00908949520787,75.50278470401022,59.59896386850957,35.780285362970005,53.806121237161,69.37238697890524,87.87555734640952,90.82109858468735,108.10940803401516,125.1089313590312,144.8072141601723,97.92282140614326,97.57827853512983,92.20269037439442,72.75088331379509,91.34212535218568
348,37.42778462385604,40.13099778618688,1.1975183816346728,66.20700376703874,115.44709995153838,143.18495611662513,170.40258122428753,154.8529699081237,87.82635081955667,65.74792505331509,60.36330000132831,48.564396782743316,59.17959922243486,65.8274053806511,75.54439206737857,77.74464997613768,130.3977313952316,115.90610314934258,142.3334054793421,149.82598349148142,146.97378710868338,79.54976897091012,93.66437362870433,82.88056623201076
349,59.08107388910611,83.9226736676631,111.4357334897038,140.73027587221537,129.32686545304153,128.12898018915084,161.13643461532786,81.36627549035681,64.30360354485269,41.50074950745177,10.002384723671597,33.734171297726846,15.190307778297033,40.337745276577046,53.53718995157217,66.40124396111895,46.811333088912534,89.35388502189934,110.59022455804165,93.25195173226992,114.10648899151006,56.79419095737681,46.183934714480074,68.0608061676777
350,50.37637335215007,107.8164097986668,90.20564031355136,73.28822490038051,90.9472772828862,128.10579605712712,122.20216315556439,77.61251940871381,-77.66335577039723,-5.754514426843315,-38.68113262419683,-13.904346766080891,0.6609512340857009,52.23110763655638,50.65266512779638,129.838898011124,153.88769538633468,165.06060219436765,186.4838649897312,129.8046687946665,128.08796609179313,71.06380757241934,83.3389069787076,99.933990274889
351,24.423668216351444,23.23089353118181,27.490379011165334,58.50251406040421,84.17120296511898,111.47509608314206,119.52763174444146,41.402534816973116,23.59349863664046,35.11046259424184,21.386110698526448,56.81542073342625,108.58501506945419,64.2551781635292,111.04228005915996,106.51908793727964,95.81134303739066,98.38889023181278,123.83049407370426,247.3548864090689,198.62402554038187,141.24456687279542,119.0914257868857,144.68267192249823
352,47.62737915619299,32.87745890415458,27.017752069614765,38.57167859012205,116.93169150083904,125.92427310560302,106.36084749665594,98.23725914466335,82.32310765717848,103.68768547080208,61.27725831688744,39.259100875729175,51.361518473352305,67.36814959549277,99.06422373818319,66.03654627544216,93.29727969819861,108.81124859269636,168.0031091358078,113.85595000196003,128.05717542443992,-10.974277990315954,53.69839757398062,66.60748105567139
353,74.59180101046414,33.48225355586793,19.356157035206472,51.09590605179283,46.51229619006986,93.38439275357396,115.3801570707252,100.62465583358009,65.14065685514754,60.44905716080626,40.10573487683327,32.83550918150341,102.58255949613711,83.1595435580918,46.17431190221615,39.05748248824392,87.5400996256493,129.44600551599018,157.2322035644944,121.89900433323251,137.0610243167407,133.0615925657173,71.12691363606838,87.34188664082983
354,132.53925468228488,96.29144760667893,55.058564639116184,56.52693634474528,51.131823052712114,56.78329605293772,37.46877354188423,38.166158530064045,17.84621844362671,38.828431630512775,9.74394834735265,54.06905155104903,97.02473102084596,94.10211295475446,90.5231046983643,119.68685895021683,150.2964669507932,119.68765773097101,136.0623661215418,55.39499418788897,20.138394108515087,20.49737407819967,52.523102102627085,35.160578184872634
355,82.605000778846,69.35948553642388,44.29982215569403,47.054650178519026,116.21721268918222,143.4740407860391,131.06107438816383,80.14551230985313,83.80685201416965,84.35568529031713,31.292135010735986,24.988739704027545,68.50218403859051,87.29222757955615,63.94190735941044,123.62468099371335,118.18796129517361,128.91573107463756,186.13308343959363,133.83467564157533,160.4670965272954,109.26197386369032,54.69332450827307,54.85461568313342
356,13.164295371666647,8.9915565756979,-15.03395532525817,-24.094580798800735,8.569994183287392,19.24763834756085,85.88498758589279,28.458570707503085,31.4188231992445,74.80363409109125,10.60889233276805,-11.955893838935488,20.01524895042968,36.69358750063398,65.99876471896633,90.98635674944421,-13.209285123565238,64.70485793592258,98.69385549719324,53.85893219265276,67.74326470711239,101.37334227987039,91.5725262140848,126.89397711168314
357,99.55063114232523,74.88482210418606,47.03394599718544,99.96655632148469,111.06443573040353,129.26795350015493,133.2446992898107,95.34015361851233,72.01025981645157,107.87822445708917,113.89142728070576,82.2053099341104,130.50069740853735,74.39493391826966,91.01785038088603,43.812575744711765,41.89138289264089,62.84271048776998,78.48033477342497,50.428338581363384,99.77540760961315,28.76512521065922,52.88813071129829,61.09118805621392
358,25.990876204073377,10.89106600891251,-4.383836250048965,59.69811812451254,43.931136693676244,71.59067577432216,98.7243708497143,97.79904615732215,81.80543364805516,68.66544074767609,52.579314457567996,83.05971998464068,109.45120912694888,73.50098858012213,61.20566117943481,51.34544350467075,96.123677601601,122.71856632346665,103.36777725374463,66.54185823476494,55.02425858722944,40.7656438354544,58.14549296857252,106.42138464102372
359,-28.354491605713285,-5.045976421769964,-2.4050182925709436,4.044916891814104,257.97661734484177,229.57132893235195,213.14306370547862,132.25659275829477,140.27354442644983,111.723626364121,77.80048718555561,37.848790227466296,35.01888075565125,15.133244207602928,34.35651155786831,54.051164944140055,51.6796693362741,78.7038553835097,113.84576856281595,124.28489893204306,117.44530606396198,89.94630311222096,61.04117213977727,114.47043177218828
360,4.77046623438201,22.168665369126554,41.17059543592303,45.913663171807194,136.28387507485283,157.95878292025193,140.88368402657727,117.50342994677428,41.29597436454983,69.2318420588833,16.69311674996297,4.583375599675044,30.94782659888716,39.27426589405819,48.44249055323136,75.07598436129544,67.22279336004149,98.7415859423289,91.53093641500325,101.71166855954174,106.41172834700284,95.70284630684901,123.72101749591792,94.14848946719735
361,22.549055193311577,34.43151850905962,14.294314434177426,30.64575391212461,85.63668976435847,154.86383133492262,211.1795881560635,140.99229040627284,104.87655970624125,80.94760975685581,46.209315626796844,19.042257755035006,45.1302781902142,24.125626708339695,-10.373971980874686,33.1526246819716,53.872089040971254,103.96352665188567,63.20407862252341,-14.395581730851745,52.53985772111358,39.546249914517816,11.770605986074195,48.414502024943815
362,60.89864542170426,21.02039940097785,183.83465589160426,170.6275713780824,117.40170094258046,150.66986076546215,191.3163089657058,164.99281142225044,109.22587905165794,111.49607963594153,76.4632695844774,55.26280884802553,97.15671581422063,105.78833372622957,133.61727792569098,110.57328683357876,101.78244725079364,87.82724372595396,63.1866774546246,39.77273437879441,87.51390658846378,47.85931133451793,86.99424015175177,102.56743503725656
363,12.755429882156847,-13.438739228659017,21.80959923839108,50.51813985129597,84.23599125690706,77.64351528619324,106.22447169200633,63.972577861744746,68.46008506711227,34.69987130238682,19.064244085082326,-48.69932532638649,26.63754218698474,86.77311909702328,120.76500967501966,119.34827665895072,116.92669981790613,112.24903664479405,90.84906580544131,38.4876533315897,82.86706236070333,71.04217784028161,76.2276788022736,108.7069771956248
364,22.53670915484799,-37.52380615608015,-10.607996120620406,42.42129546941827,56.27534894268258,96.78958500696388,120.38262646455289,75.14632344079678,111.96503215936066,74.25870051226534,50.3294527370627,86.03332291568657,102.85217718159385,93.07904157346952,96.16701219880325,106.0716450051157,135.1861653857853,147.12700629721303,159.79976042015673,142.97103575210156,128.23368487115306,94.77531376003252,35.0872730495077,59.12961826558116
365,92.04296224069356,79.41203469871948,45.37793822357448,49.00201949307987,72.5206739970335,96.34601418180728,140.12304912217147,139.18670031600362,121.15895597456534,112.89498129584558,58.098658245114535,65.92457285523604,106.75958803371557,107.82077967276865,91.55024949833212,129.45994064305705,110.77928534300848,112.46298578978275,100.65943503061112,106.66164559269302,106.68612656584872,59.513345785272975,66.87665295764347,121.66097111461782
366,4.990929796235065,-5.922993720950167,13.90760627412191,51.64798551923198,87.11081292691736,145.71429937470634,129.0192920092679,48.7828117998544,21.77557691208591,22.006984853266694,10.532633330920142,-8.76850544978111,3.9993306275047757,27.49708705989272,-24.364993300553436,-7.460077730405615,58.588175142108156,70.62612202954531,108.92478420073968,99.28846750074855,147.14192048697637,114.7159244788289,118.72884375819717,140.64010937867357
367,8.220699260533614,25.82698727048829,97.01275611832679,59.819505442084434,74.06373753734471,118.55617448745451,130.82280215624985,86.13465992601982,90.33484505145117,70.62849305437777,95.261391205136,90.94180494948125,164.35855946947717,149.7442689182521,127.53564434010192,116.13376001133858,123.55071984059909,197.65368437348428,124.29230927211171,52.94429652658017,32.699712891739125,82.05603028545517,61.16769399268122,77.90357403616206
368,67.35605784471954,37.13440796851423,32.68393800166481,26.2763191260129,42.484221606391344,75.71185893600617,82.83631331920081,175.14612462631268,191.54157243518026,137.62855768046433,80.30528847708652,40.299901683597014,90.33051590361833,108.99490398350008,65.28102338537957,38.7380809021127,19.926373927037176,88.06821905624608,114.32624523959515,112.93623191097281,127.18244865578976,124.05549627436616,61.557355319008096,122.65012287179971
369,63.071147947039755,29.819267613931114,40.37650449986246,48.254759487219026,92.5091750887572,85.12571178945322,128.6132076916397,104.78516054928072,117.11572579024502,297.50208471454624,200.1422565241441,122.60368645499094,148.15328528265437,148.4237786423493,90.3280515581178,119.41528135997883,140.80734962723938,127.05028919506114,101.80981918145164,81.19671337887787,104.69078445280122,81.70311585609328,30.299755963053673,112.85388407744118
370,87.87980449707715,46.334078728218905,18.621948648466386,3.1639119132778006,29.058755430616905,92.73622149909801,111.89693750450732,54.96959738133567,41.661084145680995,85.41421065979652,99.4226751162086,24.784355345093005,31.435020736805612,78.23158531885996,93.77862207735876,124.63990936448803,143.32600876471707,115.65596105377132,349.993001523261,243.41908026451335,188.98414233223266,161.24225818116724,131.83260641955118,138.31370604110208
371,-20.168186213342253,-30.9972262633083,26.300032842693334,75.94475316661018,-0.3252187720899684,66.27837080445286,84.92943512618157,49.42448021362716,50.13100829245619,31.039137619811825,-2.649684294054971,36.23384841512824,64.19739220514877,104.87212433276498,59.0478053129386,100.3649889599388,109.29722360166969,119.32716748920862,127.93352061903832,80.85898685449624,96.47809614434593,83.25578956792656,69.7085241893303,67.35002232385897
372,32.277706856521675,18.35639609621076,15.598655973052612,8.069971624173867,48.01342867761169,83.79681755433255,66.00132191766512,45.54853035136065,83.59238415984619,51.31668695911808,1.4473915526146968,-0.8444895599870605,13.273175906927115,71.63074996746808,75.76558132275855,105.23489065648366,98.72759160176074,149.83882247975876,128.35488168686794,118.92898102602841,103.92576923328247,103.50796727892931,53.05723348961514,94.72374506526339
373,78.19572513721944,69.55617720164304,10.580959883863404,23.184145985215693,50.60375797677226,123.41499901403404,165.63965097957544,82.03210863723693,28.265581038559333,20.798524376956657,-8.236904935540515,-134.88042792660178,-36.21676459756945,-21.987902825920756,32.30747424547066,78.49890557141984,75.69674991892951,92.53613385710102,91.65558228734258,73.89754438412987,107.09987496397244,64.40164015785246,10.135908303748828,66.50268106745503
374,6.902980162653442,-28.366865943195243,22.116281202702773,80.60748836704528,114.43029251615174,138.67179904108866,162.32123684027184,125.45074639841187,119.69492323462352,83.14775624679253,105.41021780783115,114.26804368345819,168.89651182398944,158.23503143088612,113.12677261612895,157.30028226015233,128.1710523912565,108.65324338046823,119.12015075670953,98.4558054969467,116.5555471974763,109.10380792973015,122.51518070858624,128.32086772561388
375,43.886116831192126,15.967194098807767,4.205016221893754,26.756349998960925,71.34849044532388,111.7374598193829,119.97248046323324,22.182375709359235,66.44853918831106,75.43300383158216,79.57087855276538,50.58308062050657,95.20102660529857,120.53601692528635,136.7805211982091,157.48962884668435,158.11882824312318,113.38824185376879,123.07762247656223,63.14114162539785,108.56902925459546,95.31740844073667,72.49858446452633,85.10191354480605
376,75.8359171548564,-9.285056517313969,31.738475042641454,69.7488917998779,86.22448241776172,106.38427322985505,151.07515933295733,108.53670390922102,65.04878786877097,29.558031635165634,49.03104091111814,81.26587489430257,69.640099029212,59.037300034817044,89.78412892113657,101.2545600378711,82.73124142685214,102.26795182768868,76.96571005179668,63.99057422973971,79.71307760209174,80.70499263764984,70.22943397479378,93.11913055276692
377,-5.493608205548703,28.360021393634554,2.860959990406357,31.3781044152134,51.591841185871985,92.37747621456653,104.12557395193443,84.87328473265475,71.74066703045229,64.75945816593851,66.59978810612907,79.00536507310527,100.69609073989503,116.8491939508157,145.433276726448,137.7549067581148,160.0981734761255,179.4554366413032,193.79043743210119,123.33537049089728,126.5153276745678,105.19797307905199,38.24516762287732,96.47968586903013
378,20.575309028343028,57.83495686588716,78.20517210342214,83.2360770243852,103.3633543409141,120.68320040203763,158.29080706353307,155.95938228664374,146.19816472055265,79.6793496879694,58.40847269499596,36.510557819249165,54.152944578851326,80.4022594709456,108.81744159757616,113.9811568932475,127.68912577863357,162.20191454233043,140.19714167489383,93.02279521553208,101.0708872275012,87.15783022385209,39.322983553110646,102.48571990970979
379,56.583400682537174,15.672106304566501,46.926482226329604,45.78207876061981,81.78183106973746,113.42042202233006,135.85602663465792,121.01804068694017,103.24571025975547,77.16600907589557,89.57242257212076,61.97868055369145,51.082263751936516,59.2249342709796,69.96078712605184,95.86082991543718,85.01338687682413,71.90519617726477,46.00630848028844,27.813829653770213,35.31192114826686,51.02265119862616,55.88731213061017,74.65638115005785
380,97.38970805720277,87.42458028457025,68.5409202609075,53.66512651091816,34.00141965812693,56.08254831316938,73.72432988866619,103.10416975526368,86.60548077708624,74.98550428861937,70.11538539580435,102.0368884952318,121.83116649542242,106.63522834955214,86.90610092622136,118.98005315811841,145.53460503221407,167.19768185880758,177.8426356599046,145.3327586729464,131.3669024325936,104.2011710997713,66.35845807798228,42.838006278550154
381,36.2389973476749,4.251491924431914,1.160732324596644,48.2828940599382,59.45844891411721,84.26009626718975,84.06895839320222,34.01022063833561,35.89665782243513,-16.396775044420266,-24.93010092122558,-25.31792888171885,26.288264250735367,82.84321525483216,55.486287386197596,91.01314346076748,146.57809849351096,160.70136032548362,144.42536837343073,140.51290122649047,146.49649722760915,100.90776916659755,57.849835781439694,79.44103176639491
382,-20.79168881156076,11.960858440031942,63.965609396264185,71.50327852494486,60.182495184252,149.9309455234163,186.30828913921022,124.2659373379444,112.4908275499142,79.04067439476637,63.67948176732223,63.25433740248345,93.22503296220836,63.86930318584848,108.52862306037196,104.57384444706389,112.2859131161058,159.49762469680354,142.9204134680918,122.87625164278536,108.7857547254625,86.55484353526924,109.11661644386925,125.13095730760473
383,42.56086549537592,35.967472680687266,13.73595094584217,18.58635238804953,33.12956310147203,98.26700802350875,130.51712998121837,118.72724193959112,76.03551002372649,34.204218813024255,17.314497518695834,37.86958468060081,95.17686800392751,70.1996296498913,94.57620499246813,96.40212864751511,122.2326887820924,115.89673928333151,123.23568861231817,62.227798099496226,63.637478801770925,88.23731160534821,88.64615164148574,119.85041633051964
384,23.323857545300992,79.57617409727476,75.78331825248083,112.0246303392316,90.24241167188445,126.93480213481008,125.53893291886362,113.663301874346,113.99924469699954,75.80093524742179,42.23683005683204,19.05395969545048,63.84029617102145,106.5076912522201,120.6722086581916,136.55274173469405,125.86394327915532,132.8663531295766,115.8476555934779,137.672758442992,139.16736232320568,80.36522866165393,44.318201575863675,63.99631263172368
385,58.311763937763246,5.521072477650343,22.430352021000346,75.3564139635211,21.90242858922337,78.7555001394891,128.2852742755685,111.15029443577626,35.30731960814268,17.063517086120633,18.623912221057196,22.307763583066226,98.3994857120365,90.14792086181905,107.10804867487771,158.28704520381729,157.8382299635652,158.86665761557921,149.25652957112962,116.11435784677624,148.21380426325953,142.54635706639993,85.36242787822411,97.2434274088429
386,115.25455835205267,99.93427429260399,73.62697938780151,49.263561723729225,83.62709848091205,130.68576239408554,144.56854696458666,92.17771264507563,94.34294511254133,76.2466481842678,51.90064070643641,214.70973240948328,158.87245244706799,149.7074463667874,110.7417535331061,118.79774454409059,106.49381415471795,109.78632727985027,121.92668305126068,98.79353298814492,123.65344457427813,113.20670490387538,106.95833640759989,129.18694378223768
387,49.064385906628786,23.359640772001566,54.72932105414663,45.948084213668835,36.097458379105575,65.5218694686722,122.05518827776186,115.99596153528807,101.98389543476804,34.26199562787487,-15.532115223929807,0.9479608950426055,46.7413700204614,52.02873616573257,42.23671854166595,68.82157637275233,70.48338616422073,126.67651106925923,138.78527361551122,102.38892711846869,76.24093209017312,84.44640002125338,34.71712652329066,118.21205296243724
388,77.38647660181365,27.044825959874384,50.75330944618766,79.97702352909035,87.76914600250502,115.98034140474651,113.42108509677968,56.56905831897693,75.69574309708086,48.40660290533573,23.478939917670992,51.33917071505492,77.70104998444155,70.70782571193263,79.77410929580839,97.49780292457373,188.22376191711288,175.53079780503512,201.36094503510336,189.3696387713399,196.7201542930503,140.53639501091504,107.76506153730459,153.75407274620878
389,89.82417866454733,14.042869466530988,43.58579945056389,55.15651371632489,76.88220699722476,116.0243893128197,118.8945273561931,96.47721074473576,91.42843274701775,59.207144271908575,56.83889937513351,30.917824441546408,59.77557949891521,79.6903184241725,110.46417657517776,124.82237917902455,110.59832349352445,129.03214357473246,140.62446799651994,129.12723406435634,99.77830640679556,82.63918473010537,76.18752878926651,91.78781718079777
390,41.136411625893345,47.29186984140354,77.69612177721487,83.77131559731558,99.23894719375575,159.9992668725784,128.31968581809602,128.06111404154598,139.59067805867494,125.14934151673769,122.98786172548043,106.02550655332817,120.67758390812186,95.65440073517128,125.62405464260306,164.11624881545885,174.9649893491939,178.06471923698254,171.47268081136122,139.00331533445961,114.49523006780504,71.60838630069593,32.920239418914534,66.03812151361387
391,70.16227956870677,32.40955458340139,88.19785821061531,80.29487908377149,122.74398563075246,100.9266370131408,144.66080129058142,144.77840146340228,92.41630657158188,85.36120635168115,42.780118963194376,33.509219370406555,57.03291372620313,54.51821851151211,21.40295171649838,7.979132796875589,37.94996702854466,16.22870951281614,29.199025052981938,45.963336420181214,77.87423979010676,62.1674142332873,34.88586675464222,70.92215801686154
392,98.05504992855319,127.46572685413159,111.60107753169619,74.02499555052783,69.63826214226316,72.83473423198032,102.926858715393,97.76773570039956,54.07276231975992,49.32632600542088,21.05338111940551,13.180077446618288,49.21150281103159,52.07005694415228,31.636204917509822,51.50959419633695,81.36841732135746,83.57207797956531,67.14702424128541,48.72943282834556,126.27391696489084,109.85955545131486,120.17250578432723,134.5019823474355
393,-8.626773695196782,10.228993560733889,-20.395051029552135,190.6304953064097,196.77626277264056,192.79112197380016,140.33937163052948,109.45173814985513,126.24546296000423,90.88500274011682,43.34176656765121,45.343245787312405,60.492734504828995,66.99275236777235,72.38919440736107,111.96883076749062,161.4724709208902,145.11545948391168,173.69776708103075,117.55917538144378,111.78449866447741,43.82223594717899,59.49570913780758,228.6809230547728
394,38.80906787179029,-10.69516866464145,7.695794201378973,-14.420044637848441,8.468260192513412,-2.5199502626120704,12.443538404290734,55.859430296911455,87.59593584951696,47.5443577666176,-16.009568355640305,-12.297390674197317,23.78296127000789,46.52387136584805,62.99711624357003,67.7122041649178,126.3835248484583,173.88216629913137,132.9826505296077,118.68533434305257,110.95975072964522,67.40024992757894,41.15217573682434,96.60332726800594
395,51.032372389832844,64.92903404266866,21.258974898289317,19.509585924091837,52.55209412063242,88.57098830146275,100.83506616870397,104.29077633918337,72.32907711745275,106.71326842042544,110.51707176500852,114.79537108924461,121.3321120208961,90.62937274085297,91.43218656209922,33.071879306147665,82.375352041533,101.20121728975326,128.64727331724188,113.06285206071442,158.0973536054458,153.54974277402292,134.90889857623793,130.82276019284615
396,2.099094190064335,-11.29419528888522,30.63558223844685,27.015661932853888,57.13611169438888,72.98164740867531,124.48613773057916,62.178896610637295,72.85706410582975,31.538315489178174,19.23336174363883,11.256880459549762,51.23139361948382,51.860454112375024,89.43626832344557,118.76836556065808,140.62389340893014,105.95791497205951,142.03596299714448,146.78868222569696,146.3652819016987,148.419703814164,107.45258429157954,80.6457963583448
397,-4.840954916861193,7.274364045845665,-26.16601681678013,58.81098818133626,91.96969155483518,126.8004661276422,153.29233923298756,89.72397696919701,92.04338635256593,84.1242596075382,71.65445909874325,61.95112263105765,63.88033059698898,97.89324963255658,129.5808234402979,114.71656104923849,154.76493189358047,181.4299993256281,175.30761980698225,137.2940469461472,166.05580995102122,173.03618804481684,82.51211828455115,118.61800605326584
398,70.29083959829738,33.45658265553668,80.11461456696927,116.01809283069224,139.4803029554875,120.92975097472245,111.25870318227376,50.760264749873635,51.33649369982091,25.22486919317194,57.781673682491004,49.16284893345323,68.02839524864201,44.643195349247506,67.65591161446639,78.81928723484313,147.35287172880462,154.32397316807857,150.82495758322958,131.42315344341614,100.56771683688666,74.1597030082454,73.17710923573088,107.25038922272103
399,142.18072604318826,97.0796470079843,75.04002782569376,86.66046545240191,115.1409992102628,190.34924279845387,186.22776064261393,173.62772359985226,176.64049259509997,93.68530671658547,67.33566050394055,57.111707596589284,44.22109919613698,41.95287729484721,67.39136994099326,148.27323840166807,186.76986067585142,153.79001518105798,145.59530987513784,92.18929907793795,90.23410858139627,43.75635388248075,7.530293779917599,87.97772046059244
400,63.109294637915234,18.990655427499295,38.06546914452735,47.55804740419304,99.78153528132898,180.2450171512097,184.4469293954876,138.80049852307667,154.7318615853909,138.36412243818629,104.20222651816817,81.43386074313929,100.32122443189351,77.87194101475161,89.96297658836212,133.92293532343248,146.285783251198,149.23714945322362,134.24974841084148,103.69742995819384,58.43322801670641,60.63727728355054,46.36582297679741,45.37641239423022
401,46.5797201113118,27.49251179653167,-1.3440059160364797,40.05301199259672,69.05352567971447,109.99097985473307,169.77622264244732,109.69863344965476,76.26606332741922,14.74630047418956,17.16266696264681,10.194775269821733,66.71360709623535,100.7484207551198,116.15838837001803,139.7740978112945,108.42354069462309,118.14597440729302,138.6764031498448,119.68794115848826,122.82279525140453,35.87917751166101,66.54080299141572,76.96560701310037
402,-10.544222868380835,-22.678661227367556,-21.245259133158058,-1.5640971304116889,64.01915853938189,121.71769083117258,137.35805905001286,90.49283426114874,27.671365405440874,-22.04551952563945,-57.45387456103678,-20.983577132568833,51.62639969513468,78.71528896045393,103.22765326260745,121.82204715541735,155.70112925462732,163.61048097590447,175.58734884517156,146.2812231069281,149.0197265913564,112.34450108203237,109.36730355794057,157.84614057760317
403,65.0362544430476,91.38349302224336,77.49589474765384,54.92579131262168,36.640568044030495,59.522898683471595,68.17795020934781,68.36899433760613,35.754258998735786,-48.795695065549026,-86.9390841671277,-17.369821531423966,56.61881115780122,89.70086621723391,121.68282514101446,141.7422998745505,152.0568009307286,186.16311646384702,174.4779546702836,184.42778139632804,144.81054140877117,144.6785352329094,93.0129937479845,88.0676908750911
404,30.690398046779173,42.14844785863767,79.15449566272723,46.985337554198495,61.07647207319464,73.94661387376122,82.12341096553394,101.36882890686202,119.08487737820748,102.89082183463385,85.59850997258462,31.09117997012009,83.96678108772872,77.29624047465629,85.64229965304965,85.88198085872084,86.37848933032333,112.10560740093555,123.02073478448638,85.92397318174459,118.62087605326971,100.1604868530671,118.7630019034392,115.54186367175603
405,15.601585527314175,-27.88108036755893,53.250506083021065,68.97973581273865,79.76444650415029,62.87130953455976,128.04862897125406,93.36715304215505,95.38225989116115,83.09734838479868,55.73134655819431,40.85670444485177,72.381581460265,74.73774080750351,110.48176700104165,144.73989123075359,163.47036647429067,189.96588106627647,193.45240911999383,139.20257361368576,137.8935515525269,122.74416955134532,88.01526646876677,60.47930649519737
406,73.98015745657182,84.51890921418234,25.020474984277584,35.55030533915756,70.35251761387298,125.83834238021032,99.0344444467045,55.89341842464438,65.91254978779713,60.10794754432913,20.783542108256423,9.56105393718508,-0.3837008489671234,64.75950735451394,27.47537074480733,41.33072006977937,104.38799509689774,120.16545529004061,151.8198177088203,151.07349949057107,171.28102849302104,103.29728397829095,91.99892013527474,115.85867981061256
407,89.3197550065962,26.89500061600281,60.711561051292975,99.3165398122976,120.99708784950263,157.53392360815081,178.47648225165227,89.7163138934014,127.69422961672845,111.7908495329026,86.24441378629751,106.17972553071161,150.92182570244273,129.3327369323378,122.64351254462552,97.77936005866607,96.5209338698784,154.45810237039458,134.7234276140442,98.4367335384823,122.57834326020324,139.74462676639246,88.9343051248884,134.09204538434236
408,16.5106891817329,-12.136416142780497,-5.51906952944141,2.9299173199951483,53.326984937834084,80.13243665763363,94.16223634931372,115.45634909488268,97.1792275688399,85.00468214398165,71.77855272234612,53.58935641761465,55.82672675420548,68.75198288621749,94.63206482615857,153.40070787637364,151.54839281157828,133.28414285249266,127.2854511090557,84.21678990105053,88.41516833988051,58.01976980724429,30.54165832193466,78.13261527433295
409,60.83459646861154,90.01882761567461,67.04364921062086,73.3579234625469,117.09135582553677,135.4709382243356,155.68563541023477,145.84390501481008,112.00360654199115,88.78807510322821,4.573803848261555,5.341186416958877,41.86872017379629,50.50689554687278,45.385883140844484,47.560360146054826,55.52392528488909,104.36230843759682,112.53065183087242,56.289473105728554,34.012297358798634,17.24872265750342,73.37295948375953,104.78965746031062
410,95.99385968387328,84.65874366680329,101.66309750988668,99.20367442936612,127.5178255483585,178.89889232046727,167.20880319946747,91.67101070187867,103.47514680351243,80.74768930139376,78.20773437736264,45.16194738617091,81.7790581756351,86.55575033641597,93.03820593069534,132.17368480025274,127.08943178889156,150.93336660533257,121.45246958054851,82.52555182823647,61.25495633646449,35.52141032771863,49.20128715302661,109.10830823627151
411,-6.5470775062041255,-19.932479575805957,24.296929542613952,65.67225764782094,109.24683034128223,98.47630967683853,151.57499246113406,99.20800859951898,91.65755757666165,67.98448927013708,55.87665071099757,57.86560537452811,100.78591335090967,101.35427403592367,118.57309786792584,128.62567072575212,96.77042569302557,137.3619526225792,153.27136761435955,145.95000670077962,156.13729277596138,127.50138586881205,72.84889493093777,82.7296067976786
412,97.65385472036957,91.70156203509413,104.76120424339655,99.93376712347691,138.41469779047134,180.5718708557913,165.29421334134813,69.36939635347966,122.0016811822089,128.90462193803126,60.30783627124199,23.7101605783795,15.472328402169012,36.1564255664942,83.00768401550505,122.66511462749251,155.25746383606685,113.10897141440167,134.498377047076,141.2344525862071,130.10538753611294,110.85864656639521,58.20254719996245,54.66811643104429
413,74.92513288884751,79.66353599917375,20.49789146827751,25.89134747871336,35.799491218911605,100.99920341049133,80.22427921173662,33.6135855706509,63.97141194641295,46.27348165977192,19.78735968464042,-12.991044353581536,49.427131396464674,77.40982562079706,64.8546790092435,78.56567491620177,118.56971414075102,120.18747128166949,85.38669995858014,67.11301571309738,119.53114139011325,102.52446023759914,74.35440566881121,77.04496102587296
414,-104.66448428274964,-103.49970008167486,-63.389086723980526,-22.720458096423584,24.35572225358345,79.66547346628148,64.2930901446118,62.14840481509334,78.55115594395488,49.79381245527555,48.43980088397438,-52.138103501220264,-28.931651815607424,10.32317503197116,50.29872920937846,102.45716700116026,153.06571356348033,140.08825173342453,167.07764656936692,179.43191976831508,169.30502216275562,131.92939263358255,93.72185804045637,68.92713268403236
415,10.907031770154301,4.147845900121148,12.10336174617358,37.49249899824967,50.142300273954355,85.4537972716764,149.4574071864679,90.99984306538508,69.08526813646947,53.14243177250958,50.03045332529829,64.9467950520375,89.15379429254678,97.9291388379146,113.88735116867612,189.2875404558612,193.41691201950766,134.91991679926196,76.7862593506793,54.92175627337513,55.30799574838696,88.852937327258,61.39217016087822,53.61083258615986
416,85.45977849350845,90.0819560659045,81.56450530480895,69.79265670031297,94.43499557777577,128.48602192349736,138.06728457954785,78.64069477287035,98.80821315976115,75.34665143777886,37.998849849301315,54.795361232493654,78.61018682093845,129.61240535290383,132.4672799461852,145.71915881195142,123.80557689392273,121.20412750910825,133.9845388924034,104.34886550583956,163.20304564917407,73.44305797210242,72.2837837867078,74.0142964351671
417,58.28729195430158,59.1700064841129,51.550033669545016,74.7603178296193,69.50092089707651,104.58330966362061,124.55359354961669,60.94625210395735,60.35287923001448,36.485742683785205,-8.155451930563842,-27.76584526446505,21.493239735619902,26.478548754670697,17.86269653692449,44.26437110439866,99.61536892943025,120.21098241956486,119.45404039716172,89.6557354512615,137.63436264023548,105.38544955438047,49.15309542023905,80.56676116298644
418,67.27971434541354,67.9456421261668,82.98276824080929,66.94821799474894,99.8225724169707,125.47957522927976,138.15997383631552,88.91265214289943,43.75595131279563,64.60713921016551,23.820963265994425,38.13182144490902,51.01365487925999,44.98610999693901,46.643322744428374,30.466786550048468,74.42478304792394,90.45067264942567,120.2117440264971,141.0501785298847,102.23962095781091,72.08757007102925,60.87582197407042,89.72710541214273
419,10.21862860794495,-49.92313301064262,-29.96060081991422,-9.528402976748772,55.00851304735251,118.1413879115859,129.3333370213973,100.49082409648665,141.7577120303278,120.497020188095,108.99622986001707,73.60289758257173,71.39503039401218,86.32951958184388,87.71547643575502,139.92108187037047,151.2385053587252,184.36207485440218,168.45543378271168,120.83078021179863,71.18131924191205,88.8266887909048,66.69181660772357,107.25779291047938
420,104.80629700006985,130.3800680682218,132.4308920742369,141.90935696537392,127.07521837606893,138.64921814278657,126.16882309982523,73.20097501415395,74.41739681811065,95.31146254711865,65.07361189701811,11.20265879919896,13.448657504929095,43.31932353856715,-8.114063307384583,76.60051449470079,83.45599950614451,114.30620705733864,153.9598301807265,95.58712097026336,59.153553362464315,225.57606774485615,179.75803401412986,155.2156574744026
421,-10.015541396699717,-39.166636809135696,-22.514489460672344,12.976032873477905,78.4236499255158,47.99450636463888,80.54141457729665,100.55166762860071,114.27585714802743,85.57807963000843,88.62892538242505,98.19093537333472,130.0321358283791,135.61261891074676,135.24234750908116,149.07102012040045,151.26878922079368,166.1322172736072,133.24197793311353,89.80645892594173,42.218404645426844,36.07440645896233,48.08865773628126,93.10274106067415
422,66.9171200588358,36.969886980911596,39.48904949782837,52.203944636266115,29.168894795495355,37.43893633436501,51.34878642070592,32.496291890969474,93.85148922192539,49.255991308154094,-0.5631785368745454,4.362480895442367,45.07726489901746,43.308505423738495,66.40579556293578,127.2388556517102,121.11754324417754,145.37706822062506,108.84281212151004,93.71756569571295,101.30403316214752,90.11938823152143,7.354980837390563,51.432485510821124
423,-10.728341455776643,-11.55173446930202,7.548252310072005,4.649338793547614,44.19455292367573,90.46584539293207,57.18078480731239,91.17360876140214,48.77887330603026,71.71083689330362,68.16761883069651,56.64611959070412,113.54193937240099,71.17472059581091,83.3265283742112,106.94197244966492,104.54105927103112,131.90259964799657,171.7772269052387,153.29147019802275,126.70392145370326,142.49109395464484,96.6057113432799,86.99766098079459
424,35.213210919742636,30.144846111450633,55.73709166541431,56.706810310464064,75.80887440025316,112.83379940895881,95.44712231377275,63.521266759510034,52.608755968774034,100.09480989097051,42.74456161794646,32.07747257555291,64.90935312707428,109.51645679169252,116.09716352800623,122.77725943922846,141.53744694106635,202.67555293198797,189.07478557284765,156.24018028470712,85.54446245739345,40.088160379046265,25.658333232014165,45.435492452756144
425,74.99297596920346,35.20127722868784,78.06860262622224,105.15437532534894,120.52498586354596,88.61978904582594,114.6498319401274,65.80526128346858,81.1596367285693,70.159510342591,51.84269392402717,57.5302078337595,100.18320907176326,71.67098528153308,57.28061723715649,89.68829764582402,126.64828019071825,152.4495974807532,145.06780954822997,99.35000765771485,143.46536251099357,130.83470375298953,117.52447712749193,113.98472957252122
426,70.65068993654597,33.95168980948999,110.4883309006175,39.078512207730206,106.42411836256504,129.52600311486543,111.07765152633607,101.66225743794767,57.67247912429907,41.47447848595728,16.029045190133324,54.736662256381024,54.04990847792003,87.71651992551485,73.34505186972088,136.82949481459167,154.99243612313853,128.84656009255494,123.30312670954325,95.52799546416101,114.08967701391714,97.39356772523446,51.53480498978834,48.02625193573872
427,43.31292882344498,57.10906539671631,100.89639996611457,100.92502439515604,103.15740715724496,119.26376200750029,95.84021977810325,40.165164960154485,65.3755477067127,38.85310511721161,12.941530090318729,40.21175904710728,93.9547081756103,112.29309481237111,159.15984531179112,170.1139583521413,135.86793782372598,113.53069877892588,138.9969445474481,108.04558468133988,180.310024282229,123.65444443090225,121.7391624251531,128.2421627995936
428,15.957816036375974,-42.60291758107636,-29.695571640400175,-2.0587048162673227,26.868658981072386,67.9751554467901,91.3852170038621,52.67534092404297,61.8258527211858,42.57575215881331,91.57678915767227,76.77730622833352,75.0295199775001,118.12558359090092,-18.382409680052234,-5.299646982271511,49.173843802268195,100.43806987161246,150.56111098563264,127.41581955246899,74.76752638047807,23.596458065056282,-48.90686488057026,-39.6372329362957
429,48.218915939278034,63.40965178004625,59.53671275409458,113.42573222815881,104.34258141179531,128.7860362121093,143.47954579081016,119.08353719493064,86.78858273115335,-28.771980709620877,-12.232874519911292,32.28204440487636,46.07677778546424,91.01490843264328,144.41784008830462,134.5825784490151,117.0704639281674,143.46459712920912,194.9905355327475,119.1530595523222,95.21139400254289,63.577872136353236,65.98186029205604,127.87079096352545
430,-19.068532755421913,-3.5592857632428156,31.538221020192957,-8.219296249784279,47.377307759893554,89.41904827373943,101.77640021838606,107.13238111360624,63.57711956708125,62.13584632999078,31.61050963660814,35.86520655922605,70.96395007008674,75.43970344667541,83.72475981289296,74.57996063875142,128.18788117181109,166.78566810351685,188.75468273065388,157.03481041437098,186.0154060399559,138.47686221640265,122.29644073177926,92.27390432348474
431,-6.365801609393159,13.11525739142413,16.085308085263108,36.43364554202895,45.79239203907954,61.674836019453025,99.01720151896431,94.89443614341576,110.41972466064271,71.00121087792358,55.3201562645314,64.86142204768642,66.66678288831052,-42.87959296400216,8.018388482605559,55.08408568002388,97.3128174415065,127.30988502330914,143.6383164489544,113.80146439961314,102.90147333965376,64.9689842761444,88.89037028370907,62.17632488550388
432,33.83432020183727,24.752717011304423,52.53386267656958,71.00686398228723,80.07511450911124,94.90036338493813,110.2841507771068,95.0101192802585,74.01896168657736,36.469082391001635,45.59495268165557,77.38277367231203,168.16673481733653,137.3720802716494,142.03056686390673,141.5363503156719,166.38144723364738,168.0217632665623,164.51228601355052,157.70117658330417,127.19688333802243,90.09799620548392,53.80680620961674,85.72972045043615
433,-9.992001705924928,-24.00779210080954,-14.370757718078835,-16.127081790591262,6.91778901245678,74.57028308436237,126.99697806455566,106.37662688547536,120.396032957935,134.1970637659635,105.39580379734804,70.6577122780104,68.36042487947194,90.06904350759683,55.61512112705876,76.62641350086112,98.25455153434821,164.63507575791337,118.87099727702106,62.58235501120284,53.64936481433058,20.326166989665353,8.249783084973203,27.85504091736655
434,-21.684211260607533,-21.39000085243886,34.834207060675205,55.17225401408227,18.258205403991155,67.90617259666567,89.41924841337766,64.61188177276726,60.96255498800498,43.814372483558785,26.171507390782722,58.69204053310567,60.74301707046912,57.58036113245853,59.294373466523574,101.11340982597274,133.46042304874447,92.05447176506924,112.54313112727007,93.97300200215068,79.29354726953108,62.065741977979656,63.27613562827762,70.20508723469902
435,42.7722889993141,41.244284627633505,99.79355754604308,119.4925549976034,131.7830546450582,123.82698036608298,135.54251322085312,106.5132927985459,49.61466678446746,96.78535993782978,66.85049980005107,76.50792072215634,33.387046004625724,3.5202117563867006,3.225999853434132,57.11817292973347,89.07591407200275,108.23357839493073,148.1725878453439,140.86721354336987,156.4387050530659,118.05423076645596,99.23870187308395,103.9754604903761
436,15.199979011033943,24.943428920431714,67.61651847222252,103.70938061513671,98.13621262553556,121.2733544037895,111.41680177982032,54.90977935358727,44.54281734190876,64.05302696842695,48.293014089128754,72.46674755621586,91.87290841703046,43.434450549693935,96.09354421671503,136.19936721790728,102.28359726217988,157.80573678747308,168.52538960813374,101.22536009842982,110.91457962032968,97.96346813748995,70.8129400887894,104.45708492937811
437,68.1686421117399,22.569324807124673,36.46877705318811,36.94109716442543,51.49238801736698,73.15517185745821,135.02503755491938,86.44936533287517,25.89048093981866,20.785016155832118,11.960558026103797,36.21706726674415,58.28348700578559,69.49248715818746,68.94206507166604,67.73593479253559,112.51719299984148,169.0653416400847,134.25819741580082,111.68228483172057,100.05396862186558,36.324429695367,45.03978699214196,91.09938473850664
438,51.19687825002323,51.34849969276372,35.50766491354525,102.6833388861844,104.90142054301415,154.7954102446551,125.46270570124466,74.16052992723941,70.00109237218388,91.45898252052922,36.53607326949691,33.065489840725064,70.06217992075884,93.14471123353648,96.73156690556695,135.97072517112892,135.83315454763382,159.19851928992446,143.89431947330016,130.54540070296753,158.37021499645846,124.70918150723728,84.00332863723953,78.85786259976308
439,129.7183284062108,117.0080515891703,85.64336975656602,99.2545579607106,68.01438519991964,104.58422663841412,140.2952118661025,46.14335391227958,60.3678698963575,42.87359552220681,62.57186634286057,23.91212435109371,66.68770757158286,100.03901545759607,79.41318315335639,100.59484018190147,82.44595668682084,87.09861080087613,80.99005218251875,61.810280749214584,68.34800983436074,62.946137640481766,17.6369618588165,98.31946096963553
440,-32.39354989355762,-24.92185935464368,36.90887734795466,87.23332055941802,165.37585930358176,155.19208361174566,158.37231152851052,114.95859922531866,87.4190465097551,81.56845780989009,41.78246675725268,-9.752792055706578,47.574711372451524,88.46965734747707,85.86772021674518,123.00831728482213,132.9872192360008,172.10792430064043,177.3374458853193,172.00824198108685,132.12349586018695,93.96002565493139,32.87759236299895,53.557712791397265
441,95.50416110228643,42.75588268242773,27.814980056288096,52.69269035862804,80.1620588080777,60.59921522891735,81.58117829749271,92.1581396195611,92.86310675839768,73.61372257851025,101.46894398903076,90.05743819498969,101.77891808992834,85.13146002254527,87.94242196435707,77.0013216870172,111.359174242155,142.17130812733936,80.5422857781046,112.88878475621416,69.57989368642848,5.765557485772476,-4.745159926916379,0.9394439331755109
442,25.518309547934095,22.36986563191487,18.19182657775262,32.236024825738454,82.43253160873738,113.0059412996247,98.36898124096913,111.97217985284144,52.27694923335234,27.8314601188829,20.84862532654477,19.59339807664412,67.46869734803886,95.07122207377192,102.69064847149899,129.26386629129922,125.831950998582,120.50204895311185,99.38168756809418,91.21577949747079,54.31678185002766,55.030982010774196,71.9957205033753,111.65114904740958
443,91.51244169310618,-117.4087937813425,-28.13639174328216,-17.115329908773703,-20.549126320498374,1.5749806658734968,40.80465311029562,91.82121723210751,82.44827458209609,41.91390067276207,58.06964065244266,61.01637519466274,75.90833627579447,99.36540505892245,78.84143439956226,73.1499295127566,172.3565412170247,178.03513306800951,141.8743067531269,120.89078768355719,141.22976345728807,79.89674202480956,60.88868353395526,51.98657128155888
444,-16.760879649809205,-12.426154644683173,22.85438673384833,73.58140029655192,119.05384370065632,165.4485847677423,178.81907018692522,106.54246629191888,77.72099688487002,49.17453392536565,25.12086153127921,-0.33726160057890553,19.971542191130865,76.55112930289846,80.6082577890798,102.61847249539717,116.50408246834438,158.93556971382984,152.51446764380225,124.74045592594645,136.2225815796329,83.04441921129137,54.62585328000415,86.78447799670106
445,43.2463847284327,70.94798290376937,69.74235233548168,107.38000110741005,84.72429298862475,119.149292059389,118.48235225524174,81.64255906772355,75.55222139525065,50.05465165343527,49.94566352127612,71.22300507955052,151.1968375113236,174.42313744426048,138.59089759903625,120.70231439893445,173.4790687693532,153.8892038873815,169.6758354684619,124.49814185269516,193.89260010632393,114.38181999213202,49.23336838109046,63.180197071385685
446,-1.3864488743056995,-35.872175859199906,-36.019041015211656,2.181419069345381,27.29148663403172,56.114060027083255,140.3040755432187,116.17659944933379,100.57897931176282,97.65090256142216,90.49925522976301,102.55368233549733,179.08422385573394,168.4159524151296,107.38286852651805,102.87154122763512,133.3865558221091,116.72482005702328,78.59780957499616,63.386610469568126,50.53520154259765,22.737545456912045,47.35460104609038,92.03171491016982
447,100.44453071452779,54.817393463971634,77.51042885690208,27.79244731699891,60.568463967659994,57.889183348178705,135.79100746604558,67.35851686401986,48.06134248879868,27.074699734437758,12.935967019249262,119.23196799262888,98.12313012489905,117.3585259881093,123.88588147531075,130.33517949894568,118.12681142826403,114.09705440833642,127.38007762284677,95.39841095766991,80.21954604780291,50.94714964503892,47.20045584692536,29.824346891235642
448,-7.774992707309622,6.3019499064437206,13.78899570674071,21.014068708279936,70.43535791345747,138.0334586071724,132.58405592215865,81.77916305410649,113.9784632226438,67.63213770200053,17.063667976650848,177.53656497651295,157.75033060678095,149.06940711952564,89.88141028115288,143.0279260729233,136.63617868316067,113.94491334402096,96.52729883258411,64.78935264440604,79.2984937267136,79.22922069505418,31.643286392560118,80.53602423124364
449,52.06346677727716,7.144776090458148,-40.13149076907736,13.004455310227826,15.602869711851326,93.4748811149297,120.31605859153915,86.10984045905474,88.68775518006484,0.6368353135410842,-26.789483227551436,195.32005144687096,175.96483169722876,214.75700585869478,168.90312177808931,160.77177334364205,153.38511524637005,150.0080326230025,139.00110251850646,144.2325315688854,120.21965624820442,73.9836095279953,74.5920058491649,104.29298745503914
450,0.2165922651658363,12.838604396163074,-42.82481634852711,8.570269227815054,70.82743095873136,97.18432324855482,148.22882179379167,84.08862311305408,57.48979172120603,109.05877086709287,103.72367773010173,57.250166280838215,68.14884146194373,87.63191611887167,61.99849613495708,130.23700139302008,172.21310805901186,118.6916907824217,152.81261179294034,107.46746606112978,88.39373466949675,36.94327244525466,25.337598065353404,110.87321515594425
451,53.96046109800006,47.702909079936646,32.80679556252946,93.70558119757088,117.38266333784463,155.62187206786973,122.3485390743583,96.92155510624417,66.78571698148103,45.77448992887014,32.128301381750894,16.90159689154425,64.9101921492569,165.02406260600952,145.17552789512996,194.23501909748177,156.97455828954187,144.39500562093352,157.44945992771102,56.09055993576864,60.12643900075267,54.488215721442316,19.06393713801514,39.7733066151869
452,21.146219834990305,-12.532148484330541,23.514704418753148,63.434208070879194,147.0517920273324,138.26119515612356,154.87024050621622,121.04710639835784,105.71773540423597,90.89380850232355,50.41303061152118,62.71205712892268,104.95044403770308,127.4091399422352,44.54586172496488,88.1963367000383,86.20419331645333,100.29091946087792,85.3186427249846,93.51658963968829,82.89937116088919,100.7561349643341,76.66639899527861,110.14121199549322
453,9.09225469835284,-38.07872029190213,-5.9066244198554685,-17.688500145253627,0.45984256961887127,33.7493680085141,74.64373566499418,84.18185988459072,63.522136519899384,45.12852369240811,-1.2096980669104909,7.660070096346814,-6.622372667047088,43.06798536732144,73.0128973392971,134.74789855369852,114.48555967701091,109.43213798530105,110.02826502050564,102.01695060395043,73.51113278445149,60.55363491419925,35.52993960049167,21.4983829022297
454,29.556337509090007,11.350737756415615,47.19665387097517,14.29477111707704,24.78323237346217,83.73677589112265,158.35759186900384,135.23716923823503,103.92579160352736,88.87039603033878,76.73173345775234,25.359394856731654,74.13360731951725,66.38372615003404,106.65280654469015,142.78572171471797,113.21453855201551,80.77113851508878,87.5348936090884,92.77063641972246,57.509993115263754,52.36522380917873,67.41224382569803,98.42900763764429
455,81.88535669698757,111.73244088644111,84.16326719627591,128.8327065481431,109.2358161522296,130.05802146221714,181.3725618162325,144.70585936153327,102.17122452561182,71.60545439701234,33.76622187737176,38.791516661172416,21.136341616774956,47.64512904901454,63.99771707731103,63.39937146746926,117.8133891810845,135.7875735748152,104.27761046646116,73.16702188069935,112.23320233627567,84.60958496712277,54.21190737118725,70.69750669797949
456,70.91214034363642,80.79507001699434,57.11827188302351,95.48411690142166,118.41643272973037,135.22296569185824,165.24595357898826,141.06813678877967,116.6541366811543,126.53703667531255,86.02132894315037,72.90319064550536,134.9908224088783,124.897121494609,138.63022356866054,117.12602999888578,147.9339502929497,155.84633631135264,150.03469553068555,55.270731951845804,89.83964082175694,41.59658700635647,53.2766775002149,110.13933712857607
457,30.528837606439133,30.65095224335215,66.98675756415199,54.407280744046176,78.99653321546175,131.02918438656303,161.25858508396743,79.38592553702283,86.51028400987843,40.71207014032268,-12.913765109882753,1.7702767799754326,40.31390266171722,101.39475037507934,136.61508192899248,89.55129928798242,95.29166762669632,108.35230357460762,123.50874908779394,71.55871096728926,71.83193745587386,45.09942204411406,15.293870347756048,38.701545772279665
458,-0.19945850360181794,2.965418522946891,29.787745185300686,32.2457902971605,63.982272968748006,116.40982593592466,112.22978179193748,101.97819978721381,74.94020014677169,50.522921820942386,46.81353436307107,20.529438140588343,47.658266526826154,52.86759906211584,55.49157028847542,100.50928844057617,124.33646125983505,123.89822888422033,147.5491428035504,102.87273814130899,103.8185855758211,56.65937106849006,54.7708810236137,74.81344594015361
459,62.69311842551847,10.157185271388315,30.530816826379613,57.60147885175253,95.88253777033093,117.79409354651293,131.20094786913742,88.9159654047414,115.061727716549,125.52027079814519,64.59710135219176,57.22451043823496,78.66682557910264,78.43006699886105,68.90607823978513,91.7078284418903,107.36946512946201,115.86813588066983,158.9669046104025,74.82556619306331,106.72075073726032,63.8432743775397,58.62969514938811,90.50954014272236
460,-41.75824064735478,-17.21204561489082,-12.778683734085917,20.531566567553245,61.06954824839872,93.70706095703972,138.82270344901423,102.4233424322894,98.74063776463217,51.562418848831385,59.232901418311386,64.7309798230726,70.01761575506895,86.46415272890462,86.81237362472656,84.140718191482,89.1951530310124,90.84622640291401,111.85504935981362,68.73864831757611,99.44682139528034,34.482486886189236,62.336368927309024,107.77191381139615
461,64.24816883368439,57.98611469708546,81.88785373578311,72.87365136290336,104.26246280574205,139.65534227748674,144.9152878108203,106.34911495165198,53.357790996539755,40.9507761111887,53.06278730914755,22.673238973608214,51.6901010089678,120.36323030622926,106.84859685908445,94.25888527873711,60.36129081404212,125.84115760102549,115.51690096552699,118.25265027234849,154.89929764034594,108.81753179485695,49.65830295193807,35.89212079298256
462,64.38546300882386,97.90518934066375,127.88161378496586,73.75539580812347,75.5198553393618,60.40026479954179,74.21963389295172,93.71728927588569,120.93754729949885,95.92632054572174,69.76939065285909,62.839994418768605,104.76793587338463,75.35600115710955,56.91729215170398,101.39117717726518,90.53519422840748,129.65461027193132,94.80694720128923,131.10821917781303,122.19787737416942,101.05399160097065,56.920093226896064,79.7607530271507
463,40.42613590162509,34.63381931139304,29.80176832657155,106.12159994625938,85.86128506197335,127.5730078180307,118.2337053674147,140.24494537166407,118.35204735272129,139.19429552128304,84.47495511039072,106.19459031237385,143.52466383402466,106.26313994784857,130.50202866459944,130.21000659168564,104.93031598916122,126.11656830094276,104.53693895519969,62.05800799470303,59.19370627924527,64.54907279119995,59.92440667998633,96.96887409188633
464,24.35958301466106,29.214620438343182,58.35237597680356,92.22240411899847,125.08435858147038,124.23498171361356,150.8856092414208,103.70410443628424,81.96531917882356,8.66309508308867,-4.0099402811595795,25.407563759988616,74.66324284164551,77.1984987635176,25.57067359763647,122.05816671099075,120.704047804771,143.8748092336889,154.98888378985893,83.49951177911632,46.24289963033173,62.8659468831368,44.73381856307337,71.14848706810356
465,-0.5808817252976581,-15.34500412134571,27.404366393329546,81.80836455236837,77.77053445557604,131.97000508633045,183.31804450244977,163.2028721405269,131.0126325804461,120.6752044966242,81.11137476092752,62.28896527495827,72.20525631113462,42.391643892489455,72.66669653456401,73.5558334757236,75.71675531800246,64.57911355498818,67.74657767866354,57.61871735613527,60.80312026428244,44.42649962690255,42.12702824103807,65.36885863271573
466,19.405353532416395,57.507967845352844,91.62934395028037,80.47930984232752,40.776525801785695,89.49719279310361,82.55376767781325,116.59914012143938,119.96223284413543,76.31939918452149,77.41938809184093,43.883675701033184,52.46788421709863,44.025076573214825,64.26083050626453,73.22308702035278,85.79122611250347,119.98520189051807,136.12493995272268,150.68250768075023,151.3118304481237,92.04213505385994,56.7993365904677,103.72547184832993
467,7.140257519640663,5.957571440695588,57.68858853742367,24.07787333810851,54.53678734275577,81.12382371150397,129.19436305991442,97.36373145293683,100.78783742899711,54.924027823254235,46.845586977319,44.08336864854822,61.62168850454497,98.31663685158723,126.64734348061809,84.54545904413845,87.65182313722417,86.88596026482824,102.60476769639763,234.91074927965218,196.47543094523283,150.47131993507531,73.18532378285306,69.5776991576752
468,51.52635284192896,35.52084261662274,7.441724863011203,16.238882661327715,55.92284343800392,126.1651306327947,105.97926259321548,48.995400874445686,5.271259969740015,-6.16798860844419,-64.40293037914606,-18.880241448737472,1.3151083409440645,-15.723325339916386,46.78875673214226,55.261045597141404,77.49730417223925,72.07684719922912,37.583359980968424,90.82906215711805,49.01977424330293,23.172065454925303,-8.392194673195213,37.215713239441854
469,16.67879337869919,-10.554386561966105,15.85562539572684,59.0492403020716,48.435199815757045,24.298321945623883,49.38790937571039,56.669286326382014,9.604198697332464,-16.42336252359719,-31.98314808334441,-15.67961138394191,46.10253529270766,30.888107848364285,82.74089479208146,179.75830358765165,131.12489799200367,114.28261906120088,134.37383376207322,135.19297749521942,110.4293828044379,80.78626736562201,73.29143522097985,85.79021802502567
470,60.89275675481238,28.720291614661264,12.636362899671845,54.00470201118672,87.10961755939002,141.00841037395583,141.33376575985548,74.3741594697879,94.17922253076826,85.78931412925024,9.306011394859844,-0.07751453117706575,-1.587599625714759,-26.389590873935177,3.2571459519786714,57.42390217549023,92.22911221142259,107.77055868397015,170.67510009880021,149.0699789804147,176.0620878551547,152.10640144189688,117.93558038589126,96.4334864227465
471,19.324226832360754,41.18447957670494,3.6912933305309643,30.09527587252077,45.38517566630516,103.9690170168387,104.95449705985538,87.59279382133637,120.9178423915493,102.29526467529007,66.81818416654261,99.25804939905078,107.57596724615874,87.5892065118051,72.35442496615208,78.43229652156464,100.65856997944424,100.14044017090498,120.30522947328049,131.84816196012918,125.69871551591382,89.94129929578955,113.86605224776278,106.1246019458471
472,61.29217714739558,42.45522519630197,7.1877048158238175,10.045574959833168,22.665009689268203,70.78017768032552,69.79691437040499,100.66548903747665,95.09402828458153,95.95013972425568,57.56333736443632,68.71029497633279,62.37103838126143,106.50772139630226,122.25022979600269,159.74345566390753,194.8426240318608,184.48321596353608,195.50376496568933,149.50034537898904,118.4910003960221,136.30493746521046,103.0826453510015,74.06562693843003
473,-33.958725526432175,-57.23108774886948,-49.477243396267156,-3.2823350574731904,4.674809986223053,35.891118084704615,29.3554633337681,24.389782848499905,36.13764503987538,40.2675597095884,-2.2134838397404906,7.943697862002061,67.67515910035294,47.12051090568674,67.22551414854962,121.03089381692874,90.48591448668542,120.93723831019415,118.49011100103513,102.79976038044363,91.88117423927525,48.80400370970243,26.971275126885168,33.47154126483106
474,22.925543792901273,38.1607904225738,3.403509154089466,50.25984972567569,66.20846899012389,70.29429581463654,117.9407086768394,84.28065240037498,93.48582267093587,51.31010418555334,40.78861276707346,68.95733287357731,93.979600269245,82.93792350037741,90.82885105984518,137.61107537809684,174.67209623739348,200.68022165364573,139.45161777836745,142.1031416910862,140.6038622368997,129.03908738544885,67.90945019969818,58.453802638832386
475,-11.975878730483593,-32.332227170790226,-19.593295659872894,-5.917247128369695,51.05479674970798,68.60169138099403,76.69706039813346,19.500725033081878,15.558250578955509,-15.55412353486382,-7.172022195567116,12.312476947239794,18.98096362042031,8.621397733732124,24.062643027286995,73.74832721613183,112.55622488114834,97.89302941795394,125.01807588650661,112.96400220860406,108.92242529334715,81.40946801077973,-5.096751482060903,67.05392828618967
476,8.02505474091338,-10.459668767463178,-26.43911832997886,4.371744915546351,27.36496458558571,93.99801747202437,114.1187451583443,59.93476626659258,82.3608461216754,91.41367010233473,90.80911754372164,66.88612502623451,69.39606301161214,70.00818477759333,115.00379435477821,142.31222098333234,81.6151725341302,102.77059250226455,113.21820591638198,100.89601701421785,80.6412184599069,101.82071157689293,114.01952509152716,73.95930004149514
477,50.86792533613145,91.62786950195965,71.55251908560756,83.75732035001685,121.36762475148228,109.68731077339788,144.65226787048593,98.19513499824953,97.54402183220095,110.8922572611721,13.328533817024415,42.83350925094628,44.065203570210855,117.91731997317953,105.766717575196,114.39640504400012,119.03447486254096,141.5858082699275,185.2127726890368,128.97850858922274,129.77696628174652,108.44240802211604,83.87745532761102,122.74171213494381
478,-20.834747078446725,-12.355780647725531,-25.91183215010024,12.709604424134334,24.29634244515985,91.13124764593036,100.99096418394674,44.46649263816295,29.35154222047197,28.95111762982321,10.230807916519957,6.836938970716751,65.19807174059433,28.940096222268544,106.13218235779551,147.5909048908416,136.25699284279742,107.25592313559099,71.54712436389126,71.17092841672282,110.53428159634723,47.82255982217611,10.997107465939528,51.72739856384918
479,36.8307072428489,-46.76698822384753,-62.8842777484101,20.013783694333142,64.4063115341049,86.8909993341947,142.34953971449875,161.5235015187413,156.75395863981913,89.24030371385325,45.0625244149373,35.693241102680474,59.151263806980715,53.95527533065689,36.5202719413292,47.86642430431034,69.67732667713894,110.25541684885562,132.01773744671,83.95185901093387,123.93716592813482,57.48451763548178,22.910491556079116,64.24593672867259
480,17.903831422370857,-33.930261056899006,-18.753796871646415,34.80685884410849,96.97488531547029,125.79653936081343,123.42267528264209,116.9721745778368,125.42286555780363,158.89807521442586,141.48086658431015,151.3949010203057,127.64631200036443,99.14102630552816,83.89297320447969,139.39630480621375,150.4149786727946,194.82639004514775,171.71568049420793,180.22487059315478,192.69619275926414,148.6290559552798,90.29658700346134,121.54407182475595
481,2.9132843659443814,-6.726494594941258,-50.1448359133925,35.20546560693983,19.635579728303313,41.39413299572505,80.23901454282776,38.14396567630962,65.63658689595954,17.56053078909453,24.126767917338128,47.15092111011674,92.40156534317794,126.78952186635921,129.78739653715928,126.87122569685864,97.91001706228168,96.770822097489,121.98685591648157,96.74463723093247,88.21345249754404,71.91277374070854,48.68213847400859,31.86058223187257
482,-1.4460625870590178,54.075805283805906,121.31496908311509,78.6360618224473,88.62719132886936,122.53953265268225,124.5454622298802,60.35882533974656,75.95605475991992,62.163893003959494,45.85440987585303,41.549798184823835,116.44103379003641,101.27888285791587,104.6228057111446,122.33710842020406,143.69958268856897,163.257291065809,143.90336144354222,109.11779505422143,91.76792346977477,83.72176187335701,26.17523652431379,49.217491587959174
483,88.9092241299988,34.37248849512901,32.91534298712504,63.55190946112447,67.66945646802907,37.92910942364986,50.64317299034336,18.75382151210151,20.37932298028567,40.65560640879857,-0.7525574548957152,2.2435477521533613,40.42612733786607,62.084460788345396,102.04552038757478,108.55725733210907,51.022181343833566,93.50181400637021,123.19433248118882,127.2544626491033,71.7608717861592,58.099057648477796,24.09767431336043,106.49990645993122
484,86.0618124346576,41.41727159778597,36.950117305409336,63.22074643198628,72.99523636435686,141.1593873663862,179.75271223505976,169.5435844616245,91.16224980867598,68.10997885629315,81.02348240673565,39.18290279964289,94.07423539009889,121.50552768141449,101.22296695950405,106.79985926110771,114.37456409209487,131.287933505368,92.44221350311247,78.25214263594893,131.69765726847086,116.36212770964545,106.62046949680445,103.91278740708714
485,86.09449122671121,56.54459354072194,48.26960421908592,32.59111060373485,42.547311431185456,92.50825207531459,148.5370698949577,115.19291037656389,88.42839432468037,55.31881160974152,10.65963068880621,22.832876321604438,36.316542068934226,30.06762196339588,23.255191733896005,25.428290027730398,37.60973495436488,78.54853759093598,93.11301100596536,74.80719936060855,56.43641383224198,62.47061255561455,81.17506220195577,67.4350155577486
486,4.562099579874534,8.068962404262539,16.562594864076857,21.54673770882863,59.51946662068558,110.18623519015613,136.48032291940328,108.84748034891962,80.42906031331727,74.81366915903986,85.08172417553615,101.49077047131956,69.95930279706724,59.37089063722037,70.84980421576374,79.45148456075933,82.1773563191422,118.24487030693507,135.7275781267262,94.90903679620152,78.05931772212483,52.81264570006698,42.12847273776796,115.0601620578023
487,23.257141812402622,44.77035858264861,2.5730665685501464,23.12747052510666,84.70164944193834,85.30325733316714,109.78239852463543,84.1486052056961,103.42591205300305,107.65586825046333,44.4075325027615,83.23267246658733,95.75527693957815,108.3402534662142,73.74344872746644,95.14746575103521,103.57851250082875,133.32216604488175,101.2309838339447,73.51592614285045,91.77987050698071,81.21225609869889,65.12897439605466,75.92615317720228
488,51.74963372559266,48.21485728511716,30.054266973920114,11.684581828197295,12.867880178553705,98.94368939063048,138.2844379668677,97.61350762643085,79.12762870133122,47.41116986403002,38.05139241894006,34.84148055268286,52.53104577123101,128.30153612630554,106.62240226315592,114.64951045363621,116.57790820215799,136.89895334918654,136.39915556515518,53.53405678697568,55.34701824591009,80.63701772151293,121.19499408244445,122.56053431905029
489,29.37473989091682,43.84172488282255,27.15790081278679,4.534056499080712,-13.358004955355767,9.64948706205682,19.696041179081547,36.79128316350554,46.72481808566775,45.65924909370675,61.28465425624225,57.8647508453917,74.30179289101196,80.99344673901022,73.74351253201237,108.57353564550411,79.63796691105199,109.08105836991749,110.81437382050363,70.21973215606049,54.47347435921932,56.6449135979873,18.0065694751844,14.438332406722282
490,9.880623790491384,14.117156944091938,-1.1370522767684577,-8.459128472305508,17.117729482517227,71.14274195201753,109.0730426832572,85.86388966270702,113.28771286623211,127.72497349275957,87.09317165481005,63.248106998063925,89.4285417662542,94.95761857830456,76.76046940846446,94.62939168436081,80.59395678550364,78.51534274059136,74.89871567499645,74.97258642593272,93.90000405388446,98.42938244212115,42.87986790219779,74.11120017023742
491,39.49748019747689,47.39606587574758,53.48003725432037,56.350220907237855,100.9737685879455,87.59112299334767,138.95434994921632,109.03660032318551,112.74635871032758,62.64328430442009,51.64236276334793,0.5932330696359074,5.574074289836062,67.38287139501601,76.7268698923717,66.54669749645409,85.62347898959085,92.20195629765706,76.84324667902509,12.981394471766933,20.96958928772345,38.08992066411945,38.49510157578054,64.99828887668585
492,40.473289750861,18.58113806640174,56.92602537733049,-13.741598088418726,67.84982895061432,92.79383943028876,85.12635792483476,71.38487098725629,75.97705368483543,55.847157007246594,84.17899150625567,58.57106314147822,113.0278434163868,131.31087728939377,150.65212107032076,144.62510673521092,144.75680464114856,172.64079367165795,153.40335691317597,103.66728733510513,94.68349356873685,47.26194663893266,55.18350687254326,82.5460303899792
493,-15.614735129563968,44.15683290244241,48.46367593499233,74.07137719009393,77.75703763614024,116.10342163742595,171.0853610142436,146.55523730847187,109.51400973207413,89.99500865817527,53.79765044700507,64.08842781059649,77.21489349217772,109.70592541141549,125.72167060127218,170.45479742869128,152.91703063367524,182.22530314742272,145.41752448112277,86.40693291195662,128.43470190070835,83.46744518992207,66.77190390837701,71.75941358836562
494,-4.90700472704988,-4.549543997743108,213.21223875339467,271.4291497548992,219.39247639260014,132.33394158418884,134.84109075096794,102.79192865226656,86.78130147174588,79.41949584426581,59.338323151888304,47.35905841551241,75.55249742255754,113.79083352139828,115.67538375452003,122.17532328798679,161.53147387075654,150.39594107501205,133.56845867724334,88.70445153112567,68.2850403877786,60.00632742228532,52.43579152893624,146.42175652719055
495,83.85105022498072,28.1880406361596,5.044721724536789,11.791368671630451,58.64322127411624,123.72777119037323,196.67282263997313,126.98646913074492,96.5427607153882,91.21858527704006,87.52123536026176,95.43188245354315,78.89433520951863,62.041766027295715,62.242214148445,94.95625050679045,138.74960948519902,168.83615852251467,150.82955559521415,151.81536834351402,130.19968039273664,85.58516872936615,31.037865061726468,97.21116571614186
496,-1.2142584034287367,1.046408884950015,-10.298284124042837,49.442033223937585,104.85574419530504,148.17613425315125,150.86769338633633,123.01995042328474,94.8427756776959,73.85697872305464,72.06051601918526,95.87576781844274,131.3043179367277,143.06101665018377,133.6800159076126,153.22314613204983,104.45604113786035,125.81635841912058,133.01217061861686,116.46614047185673,68.14551816851548,31.059447167307283,65.24333688164224,84.80749457204233
497,20.36574126519767,3.946081267015721,33.95277209990009,70.65625252062607,83.74957857670907,82.60935967670738,110.88017905687906,94.80640922657479,49.00988065319246,59.87567797797685,10.237342223832549,6.323161925207508,-11.961321633841209,48.98697135789821,91.76381655084865,151.6805211164848,111.51638301869338,124.61592820822155,91.08041303330234,129.52580896068966,121.86523649364683,94.13081759406806,36.04621014181974,56.47524159441888
498,123.14358857642623,80.47043653010205,66.52366114845609,27.396793640070918,41.95868500417376,79.11481452891704,30.586476996405494,32.54453739544284,43.42127922483489,68.1736114574672,76.31305660803123,72.10275561020069,113.30881395240642,118.95079554880333,77.90937503202491,111.45136134601519,99.38424347225785,89.42009493905778,105.40128805663312,66.92205126667335,71.06281069806386,54.4922330817074,40.628984633474275,68.88002880649289
499,6.122897593941303,15.215312971266904,15.515828119828853,30.5219456729697,51.31140435680289,99.57548892995355,116.61119153998955,106.96379991382851,35.09779796953573,20.688979992044793,13.877830881260614,43.74485729173352,94.69872057044273,48.90831895135341,65.20427892701701,71.91324954229306,139.26070923311536,124.81644044280297,161.17911601219186,132.35699803604405,146.1951529014129,127.3913226299021,84.59227982008805,121.99128239219279
500,54.88188697692113,57.580712960241236,60.25330365417156,85.04503578696972,57.2198816828092,126.7039675293907,142.4206494559085,79.60599298081289,67.04906027596569,24.85813072535297,27.0342190045479,-1.1371831076276777,60.73715054143547,44.14111196923173,40.201281449653465,76.43435454200261,99.66277660511113,105.69172143495862,121.31862936605191,124.68236477839625,64.84251771446776,44.82520934305599,50.02400131285903,62.8894120581419
501,5.14901702988945,21.072171130932325,39.92083657834793,88.86805966138657,79.0316110463755,112.13351045989238,121.44226598398556,93.63490027342691,67.06805042530375,97.28861372364811,45.026258938885604,26.680980968724157,92.4034755201687,94.36239009890875,50.380438572535475,95.19466080178067,107.38235881845281,129.6705691610353,164.59771130358936,109.01939155887928,140.13038794477302,75.92353544254605,120.25223950681283,155.11490882701702
502,54.89909649811979,15.839088684633628,13.087813307694049,-12.69310030737283,-25.093507246360446,69.11030429606214,140.3101694622625,80.31703441256073,89.97966370207574,73.4693907420854,66.77563260352,52.677104961289636,94.94132050650248,65.30859974140796,58.345303483803924,131.19658059412922,172.67113172157443,138.22164111129544,153.4111421645461,65.4448071121989,101.11013158122307,34.322231960645794,2.742117292821426,75.39589352434169
503,-23.53854345579561,-1.6585800831130157,1.5847444400597084,29.559842117045264,62.47676549366756,109.0044836464503,114.21519339902633,115.90820678204877,73.62924776337296,29.523820447481455,39.43263262918169,67.67019907725624,148.8834508590381,136.48526753157392,91.74317409444338,95.002970396763,136.9711545050054,126.84808563826444,130.3599652589591,98.64937136834904,99.61494936392756,107.52284393879533,82.84089913456855,119.2440583659143
504,65.11809283139479,24.1724041983858,-11.728202879194072,2.764271178076015,6.128281445830439,40.63814713508963,97.2081911522207,98.28337729870348,80.48384426699639,93.61508080795397,8.016582420551906,-12.989031468820599,22.891185115280088,77.99255236019327,77.57387604517349,135.10637690277446,141.72239949928104,170.29345410086145,184.4017006968677,150.94626405751814,169.87451684047258,163.12539365963426,97.27199666244601,140.31405190893517
505,35.32462116308106,7.353162293389417,22.125254996795135,8.891717100341857,3.2607728997623155,14.516096987145133,48.32861521663109,65.41089838395712,80.53578705398047,49.765222446368114,207.16143369087587,136.7209188711569,123.64611046925745,80.94594569109009,99.99944750567039,163.86832094339758,154.90373876330747,161.6955150195126,134.19601915882114,85.06391412807993,91.06705036510398,104.45219975702817,60.77073273133856,97.21264090810166
506,26.82895514018191,28.622491401523504,0.3445999548802874,62.902512412108294,61.6196787588417,136.74191318392013,128.7998045803902,69.65249853343815,85.3044751524057,101.99627323424195,100.03475159845428,43.99396588796766,84.32029868029863,102.24246350020832,90.74301267068853,125.81843257871677,122.82765509503238,124.45715195873004,178.23322846554183,142.86599215801434,126.87783439965767,102.33405070885968,82.0255553658429,108.60681440986882
507,56.01562890160969,43.514099842367216,24.34311492076263,-1.1193560002596001,-9.313210057515931,27.706269246430907,88.67236857329891,24.273422096425236,81.25975149228059,90.87404262291514,27.622742891020877,-36.80940548219467,1.5106080265636308,14.31766251543668,-5.536240294868094,58.714056415156364,111.17854704844439,102.85128192590416,130.50930236126047,67.78404056700748,77.28045225660192,59.07665067107334,63.40710758535449,116.27543618338996
508,58.58726407151248,46.727541951433025,39.86695486442616,28.61386368661642,35.136988403632905,59.50518830457447,107.42124765376276,42.7728875060257,56.945919822776354,-5.4473679464860965,15.927783720969508,23.980777310952625,76.22582979513385,128.6716879638093,128.52312066781425,141.06237353142785,107.32562885280966,120.72120790724179,124.26809410478168,170.45375945771565,141.205669660392,109.82324310545062,78.78441465515144,111.61464126056882
509,16.896044793371708,7.345973343525156,33.108663291278084,11.239288864163008,74.5078855454321,126.65185189423738,111.97673983440836,88.57911510784665,89.91854580945527,50.23184673551351,22.615817508799964,-6.227701476347335,17.35516709614646,37.807383320283876,60.018185364473304,81.48739796560557,118.61974041630793,97.93431188194653,153.94529600498674,126.03953170432064,98.70693817922434,65.63325120243904,23.032023626260553,98.78533749775436
510,10.000262757007924,48.883774416633685,49.24596133061521,11.675491794402916,50.175912627747124,86.11836065966867,89.26361106286188,59.81110449140666,92.07664242013426,88.39466179454196,137.29793192870878,85.53109384574287,116.9835481416882,124.6100601573027,131.90948220599546,114.48727574558384,82.40818044779289,51.350732485535204,79.42345626464567,36.71426007506547,53.92326212065861,-1.832152864211281,27.063585180718924,74.7933706042804
511,24.602344340975506,-4.5606573003092805,-23.856885184623835,-11.9518951206025,54.91649934615678,102.78794769688787,86.2249126808705,94.52743506261069,103.00658405688172,56.96033940458049,59.17588806537509,83.76881461623177,113.02023890320618,141.84173792650805,118.91969321738732,91.71813520680944,111.59672429302398,122.88165281183959,81.2736747799998,48.6173753005108,63.32911459723611,41.620361142852275,48.2041820441764,107.69522923285429
512,17.254561196363646,-14.192376365016472,9.21183330894885,-39.7448421571377,48.33251896694,87.68252508816825,156.03670160150256,144.83355395500254,99.8499801217303,71.64247442567545,30.87723098950796,31.05169522988282,65.79055339268946,75.19129644621765,87.06173927994892,89.5411044984556,95.19692361650246,120.44759946401503,121.62215112721807,110.36472448917128,117.88111242328424,122.58604571830506,53.448299126488756,100.9944630886362
513,104.20701275930963,48.70902338507581,91.27605175505067,64.26610681487388,78.62137557949123,174.44762191604292,186.0114684831508,143.8913285413297,61.81618101973035,51.42365587167538,85.32786167409802,90.97603208114239,92.95791545886225,70.00789763715679,100.32786313333489,128.726476707006,139.15308797932997,116.05573379630921,85.81266366593688,77.93318709526432,85.89237237546274,72.88256344411151,46.13573806380002,117.39639637046547
514,8.851089032189087,6.377707578513363,43.553688014054885,99.56623027795405,120.43160296344521,117.91032307465271,93.0887289546032,107.0047576337451,83.01387079477975,82.68565182092186,37.46299102372245,34.194001448338994,70.00965779210719,50.03789854301441,52.74065451108997,74.86375293593831,88.62551132362096,68.14086161715659,80.16100388801635,72.98540312984804,105.39234287163292,77.51703913389949,81.95709062218592,56.00025218238858
515,-15.214764535422916,-17.697743194912782,-53.076667778842776,-17.348097432527396,36.15885835884811,24.368412916035354,67.60929710031641,79.20580809064066,54.17512333172353,78.17939177202784,67.22754753486683,95.44638327246227,107.9322309578209,131.42413911597845,162.35436591308525,132.9370171543441,134.09682018608586,135.07267296330667,116.81022621017829,68.30027270652916,42.6080101644669,40.68826026533236,17.867464582818407,76.69464852444145
516,99.73813506936004,85.36131393474218,45.563127644185215,26.79406395443137,57.043265918026925,136.40751756712157,179.23265315179145,82.88245322603385,79.35320625819908,97.56233540098408,87.11706905911555,77.55569119335662,100.55013082389064,87.84325827346784,111.79634115397565,107.41405512222103,122.38201078802945,129.86674381510224,125.90965900845195,95.63031502078455,107.84617327468169,38.09198780689533,35.72629731758832,79.67372832481125
517,10.303530247892802,38.89117391259487,27.207366828635823,47.67699498799227,68.76887079222239,99.40623447744788,73.5967575305031,23.108262796942853,35.011770152450175,24.403849831804052,14.044424303077854,23.796718575992582,40.46163646582642,62.1966187510767,58.149132050993224,41.33625372739633,59.82685935595883,55.00342817617374,109.23995302384097,120.66213426465455,39.91027798062987,-4.826892469872462,21.525907232804933,40.82775211445836
518,37.123898279035586,31.551391186006512,1.9085561290822497,75.46628102049496,103.17284086569384,88.88395909301585,123.64534219553059,98.6100111719749,79.49583968423974,104.14302588703077,70.50060026405973,41.963554090798915,47.48645845829972,87.44467880941716,98.06492594012614,118.95838406593623,93.6435517828855,123.07604245597447,120.15395026298053,109.93934587101263,68.46808552683856,38.16847279304043,82.10127381940082,108.0435409512782
519,-15.201452204151451,7.5240660097447005,25.626833360862918,9.159375497325854,36.59941756544944,15.179648026189156,73.2535375405188,53.96846669618078,45.61453249115243,29.958472111301035,46.045717351356274,18.67960484880184,82.48469056125755,64.60364565923356,33.42236324331274,101.03230734758849,161.04720651052543,157.08263611693306,184.42551950029545,135.9061760578582,135.0149046418206,111.99633122519298,87.68229114126711,132.79863657789812
520,29.370799710485663,-7.0867885500683485,19.826228345516693,3.461862208237484,31.52271844192152,96.83859231490254,96.71291456823467,39.991722650863075,28.267353376364326,33.72979170340276,68.90064905232192,73.36052302539991,56.36024932074726,94.46343775649333,126.73751230461872,149.4456556259995,185.80164661514348,135.37295230133722,141.88461291266512,93.33734680604003,100.29386142184276,59.152502293206325,-2.23569477109384,34.86102812996924
521,51.23756953674097,-14.0282889010954,47.55283377020913,53.38732072745727,25.87277916346362,68.6932955892384,127.12790098687199,106.7344910272709,89.72696920045155,89.73500611253033,75.34607857255412,59.48455073887945,82.29804252294656,101.27253715948606,75.16160644585605,100.64034549200937,104.11118122199822,146.7545889947235,98.0582100950841,101.90352173092856,142.30548539543054,103.43580996122606,50.326027532972155,92.5491433871447
522,42.28605216940601,29.818424548640518,77.95914943607893,47.64611330705749,62.16436363283718,61.61967704782019,74.22120142359731,55.48095130941219,18.144869912648872,12.322272308864484,50.20538731308268,39.63173402374787,39.54506731499683,65.80694263821484,100.7816352346048,128.55976645665035,117.83244419621025,125.49526027334402,124.67089747064101,130.08366557677485,87.3056109961934,113.24461006067166,130.32953708753885,145.22132095714673
523,29.549852320616,-2.5062862300021465,28.35811932570445,12.36147225809404,31.28914556372729,97.38127663567968,153.9294167551028,127.95050733365834,63.007149837655064,60.966843700977066,81.99819198579735,70.42768003492722,81.61288991316644,56.97348761416759,46.717144008266935,96.9919367860171,122.41667798434426,96.04479786798353,118.95091478290912,97.62518794198174,83.67391947405378,61.07237666458788,37.467359760209135,8.076177200971813
524,39.090981383784474,47.17818999935868,79.0470665384058,83.81734943433415,105.74066173829209,142.8715735836958,137.46655745931074,104.74847108830285,113.95217706967983,96.33961038674477,42.866613130155905,51.46624089106812,50.82887721603025,54.279907642396665,54.19727720083338,106.58266828431344,97.80738957728691,126.98994076945613,85.11955044478843,67.26020637556279,54.18102237283145,11.595043690190721,18.72625286250308,52.07429554227569
525,22.276175946370294,-12.833023858405447,26.515351706865655,76.72727108642627,120.13113878730503,151.58106477096254,179.0987425136519,114.52357863167865,77.70919182716551,62.55131721409955,46.4319557397625,44.2342573028689,113.63270075231091,131.91974595133746,89.68060862477455,135.80477186214907,151.23435241882007,142.62461552600323,96.7440633344794,90.85492699458472,103.59594756900309,107.45462377024725,56.62500406226994,53.65548968132714
526,-21.426691595088982,5.275158696259744,19.28672447370765,70.90941239334896,82.95861615785071,125.04330630780318,125.18009437390678,213.7547792668244,149.2363697263395,158.65302877766987,117.76042711244025,96.14248366019206,124.92346978502168,107.06580293556365,132.1607784735195,136.0387966022036,163.92098797206415,156.5571093263254,122.45051756071362,111.56724891609937,69.49931492978928,58.78676085407413,49.83873705681807,141.28928995780396
527,63.78906406365297,52.967348580023774,57.27488964142859,77.54325054862326,112.96672697371022,156.67061593518252,148.46247636342324,150.03817039625875,112.74055887709392,72.62747069847308,65.97092199320431,66.44596930020685,107.72693576779486,96.65227084810896,125.74006462300474,180.85399753653007,159.96571943308064,175.82354045671397,226.72240339894478,178.8065891527271,166.3570187705153,129.87089627536062,67.27665616462113,126.03100215575427
528,49.60962155325905,6.6177392154421995,-20.703608309359232,23.297557234762365,41.39832028295024,120.14913137225545,139.0630483206737,79.53093039891866,61.868724625962756,21.313813312376276,7.212073143252944,20.95212176060533,29.438500938306838,44.398484022651466,84.05137132600767,86.62223371400343,120.9874324393561,129.41013153132874,154.84086169383897,125.83893688823366,135.81137805632724,107.93440890967203,89.71263173482347,109.46307586690703
529,13.405033693048626,31.34390175823314,22.119541665758717,41.55294507084011,45.97109260066835,84.86845618270577,84.89456974763542,56.856998477579936,56.71044761197059,9.429942330294807,44.72782020014356,49.73409419098033,75.49149628928791,69.35229958063289,103.6680513841273,105.97936062775898,144.94716478149277,196.3546902442405,197.53776860035734,190.08585239770008,169.00514248688987,109.61238321906896,64.01558982168604,98.38697160908882
530,-15.851338719084971,9.996708520285143,42.68973114779995,88.70693148214747,90.02785371563903,122.41884987826525,124.42706985618396,73.44227113805441,66.80567188347788,60.374851839356765,81.87451281637419,66.65294289872338,80.8774185811946,103.80326846085984,136.19756423284062,160.88225318164348,140.3692395695596,127.67663571062812,128.7776813275732,51.46108888235837,46.562993442133134,63.32195201468292,75.7225620275217,95.46153107272293
531,-16.897120098515366,-1.003447220685409,28.413811283548,35.56146593924339,69.13823510035554,86.18060473735406,140.443781767099,92.67434135076633,66.80771278616406,54.616170160287474,51.24371452416323,-8.166191634407781,24.118809128297627,102.45619448612906,139.5348521608944,163.47304537813346,137.49908515033178,137.98184716141515,145.84332978147498,75.22047737185697,30.706632569064652,38.93958237291106,3.413975251832511,48.64094411351198
532,62.72383798453386,16.61551990695397,9.244384094915105,1.508314429999018,52.31451312212426,127.17947525774883,184.4781503693291,132.45713326887636,108.36494862836021,108.66918903123866,59.39805351621948,29.835256338948064,64.25515220954243,77.79467824512007,-132.48877456979858,-47.57225913886991,27.899439691352,97.9091884438862,111.4797029073879,103.60222961848338,98.12406020350284,109.94092269691524,103.53154304612352,120.2341946943655
533,90.47063465985846,59.956309435010844,53.080440672,20.003445093884874,3.382393097902394,57.28197383688006,58.920996896153916,-18.25176598640884,-1.9964265531117888,-23.375630898477482,3.7665079784713953,-18.14345007884949,42.36983880285081,45.786922625659585,102.62582220077167,109.50132646338483,132.05503211234355,129.11771993143205,97.6350935111432,176.58340952258584,173.71515142981045,101.14421357075327,50.53820026548014,26.337675950766112
534,44.47264168671462,7.817909717531382,20.640001826873466,29.25150320295149,68.83075088733627,115.45687895058532,121.15496907280787,87.40636339828121,83.96311522961307,74.16263626363474,32.4229610225701,45.04428241016422,74.94130135215477,75.43357184945735,64.19662566713033,83.59896630804981,88.54344118588737,114.2032716473886,117.11486347055792,113.8052570393601,159.59540936576076,108.893432336637,65.88067598993233,79.90106606703954
535,35.16565473697791,-16.666978471031406,19.354237907072402,38.503890952165094,82.34259759973216,83.84703181758658,77.06643507303434,51.53261171171135,90.9600318727191,50.57362083715408,13.47654403264162,11.041315697972976,65.96328123337103,51.347376842575585,69.95500953729336,113.49670406205394,97.43438822225681,112.7623273559384,127.01648629205593,85.43487849002345,73.73097132548502,70.31920898704384,21.022169477782008,83.85071158349606
536,-4.588314190977194,-18.722007222687886,9.663656535329238,28.48790720188774,94.8888427038222,89.60462932623132,114.85184964341272,101.6753110157572,120.87646972446666,166.0695066399116,92.97050935222647,54.55472251531712,95.3978696634384,141.51067803232732,176.91468079891177,181.30755800205242,162.3990669083636,184.0456906987896,197.4198469092441,175.20877710955432,166.6897804902869,121.8493821930914,108.65278835009906,110.91585267140697
537,54.589165916412455,69.11220148691555,41.07918774872756,58.64141223376758,73.67196079216191,95.332664958064,134.26214402493508,72.4455229027979,44.20874663237767,53.968394310113396,21.280110525989762,26.611045908789503,31.50528771246701,46.33688594012406,46.0694928155839,66.59380001721463,64.96427430571035,69.15473072085494,108.35828200584145,133.425563845476,145.91341370210463,116.77720746725772,13.841528190832328,57.515894772326305
538,-55.65048732753944,-27.968501566957407,13.38643581825102,43.02961833745554,65.6901364361342,59.74002860094468,106.34903824742865,59.86390497063184,61.17752325179325,85.72773627760967,60.697172986371086,32.74876934256598,81.1830363827812,40.74773658204407,48.04973451898797,94.45371505347968,113.24772875009442,142.94114878269048,183.3882216976993,114.72080689114522,86.73872433702897,14.720953656638585,17.20661000607047,87.00485507011231
539,51.561498670057155,22.01263621970719,22.558368564362308,56.9569217680818,110.46370901488253,137.1305516998897,180.89327742958505,147.4836436694693,166.98833995355972,149.83045318521812,147.4813340941953,57.079172874016315,73.3206205254678,40.457830182722056,99.71053378308973,92.5904311587395,99.28175329848601,131.06330897274245,126.2843674504158,108.64463035262546,107.77887113331522,40.298508092141006,23.826662670964694,29.677292605778867
540,69.27883702090473,0.982065285064273,45.01916542079526,40.79890534568936,69.39019479340699,127.1990297196757,166.6100655153553,128.95078472758433,132.50976767793418,91.01419330675705,77.8393538322999,15.170551991771937,68.41521553396248,60.11974761112488,57.491650853729205,101.020093680861,99.3105492302942,147.1977742318665,88.16771509030369,94.29914997652239,127.17019683697112,73.76534279295431,54.30051374914888,101.99501009397784
541,-24.066862661228868,-5.349323667182013,62.87672779320242,79.46593724416323,122.49841808247623,112.85479230253935,123.47784871758533,105.64667165432594,123.633168160116,68.35973292739928,21.774551511336792,37.3837553058263,70.13831097784481,51.3123284571179,114.08737178155414,167.0159268678313,131.8724781916299,171.2306097531948,184.90925892127427,118.56291156754055,87.39946673949781,96.73809723471946,67.84701709123478,96.61429364752988
542,74.63233977867131,76.03367007919849,83.16238162710354,62.7720363873974,96.93984267842093,116.4782302531669,187.7124155721791,150.22216541999347,107.00012386091876,84.13558142322252,49.77828650624423,34.77737481712483,23.155569195592832,32.0892780713787,31.657921386054895,90.83792593016497,82.26077263225542,107.54350516662285,85.54895301014639,118.52062167647517,119.18847660351375,95.47190160840411,93.22509442230955,144.01959316630064
543,8.084970557898014,6.763991270830751,20.691517827297957,16.034272445294164,39.25991697531633,100.63460346723632,106.90885548062498,65.53140171676446,65.81385310786187,24.610286946939326,0.21177925530452768,-9.697569849969874,37.69386053874564,62.154967166867216,90.26910041143167,90.89983662828269,85.97049040723013,101.86310834217565,107.18799177822767,113.52173688797458,87.21309015748082,50.952088052899065,23.80359975937943,51.476922412119585
544,28.697773096939944,4.88624576378173,61.23327220479723,69.71524444731662,74.8013018031074,88.21245040919513,113.69892203298369,49.6648755458787,55.208814651067414,60.36017822770527,34.123229486969684,31.866838672452523,71.68360901177626,63.960853164154976,106.96944199329289,159.25426112903546,123.22301089476593,134.98215397956403,140.97551278105166,149.80162431114638,97.34932551295998,73.87456408347566,100.23494302179853,99.19501815160805
545,23.261284363896387,-16.304129719468534,-16.03455228488557,-20.820399840422496,0.15235089115515166,35.243320717724615,127.1531581969667,71.07177482788909,83.19326475897292,57.08558248464556,62.546689533941645,69.73491775904387,121.18686188846888,174.54828454247354,182.84742166339848,128.1661159994277,107.28841913193942,139.0401704209451,161.05303053260798,162.0252118396919,127.63030781012677,94.34510390566236,45.6884249417659,85.97897064989314
546,-11.118671967807337,34.92289348566256,23.24625967537211,62.230192450767646,117.3043057538475,145.0776707073185,240.45779471755225,202.65215054117309,124.71101882131379,71.75694448372366,64.68638119411648,21.43725815589536,72.03991109535046,48.40966352097032,46.79231373644452,94.45630876006209,73.46814013783444,127.32801075419198,94.95686861931225,59.888221490206796,130.63463656975864,105.39303978157326,79.05961706616834,119.20119062345819
547,-33.92370458205018,-13.081064178408262,7.053057548859805,46.42866205271929,97.15754140889544,301.75985231623076,279.6636075326535,192.9620516515339,111.04223138233854,75.94830378967136,52.93746001528456,58.85006545913513,67.26832909886755,84.631803476631,61.56704700899162,90.65721464326917,99.99944972813894,112.09238253478803,100.92501329045768,54.79247408392985,56.59964019128262,44.84152957459076,39.85492860828352,70.57376017928448
548,38.31001464729516,34.11665799688059,58.411426728990556,40.95876234412046,75.80744079485021,108.34136893482818,182.02751388977032,144.60811743756128,123.18969067909919,57.36197048298145,67.3747695032562,66.57077486932764,105.25074196194501,74.73138997465648,103.24732052060017,135.30204999714064,122.79469385706139,178.6437835922397,153.0435248207594,163.46602581376726,163.11675540303798,123.87952059595743,81.57244931569132,113.26403363247711
549,19.704578228647136,10.71286988771122,33.645289939184245,66.31017279114236,91.60808240538083,78.31008129313102,91.83993242675425,71.49574818266306,72.3229924619882,97.73282051568395,93.59593233222898,89.9638003153882,85.58801779998754,97.07641264402896,65.8745911384932,137.24332556028585,112.76468116575388,135.65551992030854,135.3706463778142,139.1836381236834,86.25221415810681,44.83515218960361,10.161580298511716,46.89992749345422
550,8.901856948807161,14.55545843094362,35.89820171310933,79.08568769236749,111.27697064520068,179.17797904027037,151.10716743336616,68.12767996047117,15.747546947932136,8.747589449868634,20.741071820863652,-32.445811076508626,47.8740890977395,24.85298388490949,22.535973928126353,78.69528788034208,122.596261149236,120.64684808344234,106.26481109780201,81.75649297546022,102.98340335656285,58.80639815936501,32.385458018799206,99.08987923974824
551,36.720409213216584,14.83380368782824,15.259711231893018,82.44363504709064,96.63981280442913,165.77246917969,117.88547631915988,66.90145782068316,38.417807793946395,47.480303658349754,44.34251509411085,31.750466248056085,59.975530455829514,70.5928790972819,83.55491983126262,95.11702595460382,99.22709730238023,118.5007262786901,115.82766068926362,122.62124227657078,118.12285636977674,126.3667797719138,92.68466762213465,118.53268727387835
552,32.802572609897204,20.21605206785872,39.51763826952845,30.072458580994,59.71426795767836,73.41686944575896,113.39841715325514,68.51554721535184,57.62031335362572,24.64007237942451,22.14679214312503,21.145736227758128,77.90088749212973,80.17833650051274,59.13738278663411,99.99650345005178,113.11905489467671,149.08628487075111,181.54569690359665,136.16050299168995,106.11407360160446,80.77814103900594,89.30016357356617,115.54246730786541
553,88.58914013720435,94.85703668416863,85.86032278680085,76.80949674612758,88.48839768569522,122.60705090701157,107.71135353715569,98.94646926406384,50.82243911056668,34.46767897153922,-1.1125694551979493,49.546962453341116,50.7838018074686,89.04463260756039,106.13077464730847,85.14734909695073,87.37871060794251,98.93530164346618,109.37252178882096,50.8203835939246,54.36509289561152,70.266631752475,66.54567268856496,105.149733279337
554,-0.1941818163772382,6.5343167812038025,24.06598505072733,70.32179320071255,87.80667284938018,127.844270519009,165.9133989093482,147.0140414283087,91.15447212090731,62.79830475535809,28.153393655835824,27.0830978458361,51.95938946653604,53.066343980512706,94.25228777410743,97.29040428310826,119.157241782366,147.3776848336507,169.12473663281972,148.1658014706271,136.53662705394254,93.43053656764651,20.628986867636044,78.32507256885452
555,16.389273074353774,2.1286342093793493,16.220201846256398,-2.518408297669481,56.24344391886487,112.18753798151758,163.88143611985984,119.13964761038895,79.05742580303604,11.967201346246846,-24.281767913513086,14.762422341483,46.372875356430946,59.13383334488523,68.72072155212481,85.11576330373072,148.07695440156348,132.5676204600161,119.33927904404995,85.607149316212,73.92697428476593,59.713702156349974,85.22818930362114,136.70564968548138
556,45.39150384541849,14.438604541024793,57.54879300104297,94.81088734931909,80.92092946332573,78.15468815156713,57.7085913006691,70.81222823971217,90.5453239119796,102.55663297957389,61.82736798674634,100.698953427694,133.4313673899037,110.20125680315083,93.16126484593678,73.48330248242662,59.52477592490256,59.59229462684843,70.07015425051628,85.7777368111533,95.53266194757362,83.5520020599154,55.10863011160802,129.97831277367325
557,16.997527041672686,-6.96656391493087,6.450617512711208,65.29196940525176,76.77957046881221,106.58093175407222,137.5298658560999,123.13742284245417,83.40428409982614,69.47540236019671,61.638668090091386,82.14715601713831,102.62443245567704,100.58297608709887,54.53959668486277,90.74246157831965,94.51726502050039,119.13871439522065,126.41480138426103,69.84671176645303,90.4334093706936,75.13047458386454,66.09805463357779,88.58515934326833
558,7.093804835294925,-6.5888449161976155,20.006191579219582,46.46465727354527,81.02832300144387,106.814514616148,157.43780986156497,132.89594814796726,137.65214244319282,91.41499576762804,102.19726242431929,103.0373443901139,127.24580986883646,118.07590351105483,240.58944652261795,186.4848299572566,177.85796299748446,170.49984875889817,177.85264616134896,154.68610876315304,130.2829094600272,92.06301219488361,32.86841809408074,24.991592369290693
559,-27.489848162411484,-35.21215898166064,-36.52166944076164,-11.693425846217472,27.487600907316242,71.65135109090755,155.60731184086478,88.87313902689101,118.74309465732978,97.65773734880261,76.06141668271599,59.48092433427716,72.02244577123344,126.3827131306661,80.47150024671019,95.48995144782988,64.04591849012468,103.55292785946041,105.14865072733491,86.88746435926481,129.54508185690142,135.60167781868643,73.10364705657494,134.09519221121326
560,65.77467777635366,-2.733212368526843,3.97278333713205,42.8710708976723,51.50066065673729,105.07667393637317,138.31536955635028,101.97519101897396,35.19776282549,57.036431191773985,12.395920751962251,-6.030015997150237,2.9930015184383336,2.855949799818859,39.47693981042352,46.83210374306063,65.34834039377161,96.09567009564483,144.23437933578992,84.75721757948224,96.30756506318264,70.22406931059537,30.749490942408208,63.42009182245036
561,36.934342726725774,34.6154161431231,52.21559856032707,75.58534870825468,73.08691158509558,96.28428485518248,93.7318351205902,45.061738390318176,39.32013438302314,19.795242288430153,-16.297439198651396,-8.92929433397331,103.24258496168916,78.37191468642641,94.30542406851227,159.0472593466647,171.55527165659956,198.18483891057377,211.7622219105274,140.56531038262418,99.24876482727359,74.35708500935013,104.03866441014239,127.02669569313395
562,19.167476927471665,53.050373355272214,120.74316076930428,109.40278490816128,126.95186550389442,123.21905527618459,156.75209403716474,94.42073562566617,120.70234344422303,60.51364629256556,36.59811279328049,7.266318264375151,74.80641594791314,63.759958155557925,69.63625705446675,65.18027520060836,106.99718899197573,119.01988558898243,107.60341781470422,86.24905638380821,57.223496482886844,36.332145215033975,-8.725132003137084,19.48306794121993
563,26.224154965363688,28.95123690346087,62.564612711575535,-40.51585964700439,2.9802180179972027,51.63413175324505,94.87937893824302,140.45524027958635,144.35067155809838,115.45721006840577,62.00073008093722,43.60900040463324,72.23518909300259,49.69724604175543,37.529757829366844,61.848944646805904,54.66228365015377,81.50706829950258,29.523161459902852,29.341900259395644,37.12519852362129,63.623559012480904,31.22664358059997,30.058691572632185
564,2.567088027024539,15.74835682606907,44.47720396789261,55.03309953848474,86.6298437365656,85.61326575256037,142.73334287708695,81.54156217376969,61.73536458807281,30.42673711638433,19.864992691086236,71.34814641181572,105.93835666397621,128.67829066484353,64.61046356347698,70.44972574054282,101.92036280772261,103.1828065875131,122.27303766974995,94.04234537281765,88.18120190848214,104.27547484793953,90.76445961964636,54.49012553287498
565,88.73381112124329,103.58974129896984,84.16893184479355,105.35284188299654,92.68655524643029,100.43276970975323,118.83536373879834,93.56591737842622,48.66439429188805,55.29757033538798,53.142643617997514,9.020995059592224,48.23868244756885,88.9582595734307,112.585212215561,87.0987252490871,108.84453092258404,139.87129640564234,135.99117312375924,107.19255862392778,70.2626488764797,22.63384906324272,-4.606860370566544,19.961530560438376
566,-14.621098865113808,-18.26873831207339,43.555618669200605,99.06489343817208,163.64071420812607,117.09091684013093,78.2077949917233,46.48745871359808,46.1189480562346,27.334577808001754,84.16538992494611,62.778747745682765,49.300418563432174,54.60701817158705,96.03269985063565,127.83357661742394,174.27592107161854,137.28368168614585,125.96036373054174,73.70919574570225,53.35256626985417,3.904772806507367,-20.616764189884115,-8.392558747034116
567,32.073503824121865,26.436519388123504,14.199324204136644,30.56810383723149,43.84873313100943,76.10200221543921,85.14186786126486,91.56286325398632,97.67961284833227,116.51227334132275,77.88699891451364,79.41904814427966,89.66221403899127,95.07480394536478,67.42250094553854,86.29062834662577,103.62180851931886,108.22941116455233,135.61341172968355,97.16312929309505,113.47054410913351,78.09866007686934,97.34887880847802,118.50086571459521
568,65.76273700506584,-2.6831078284075858,52.826562740503704,89.14094652407489,108.2201331631336,187.18515078778654,226.6162350471867,172.92268438808657,204.428172530022,118.54608374031312,136.29538798430653,63.01376963691545,92.33973446951453,112.71165201707646,100.89065975156062,143.91433620668002,156.10145999096002,153.95975611754233,105.19686970068311,89.96314075966978,83.92213311617175,83.60274007794735,71.27431784868243,68.23775035197592
569,-26.885358705177737,-66.93400896028137,-71.082115868799,-72.30937023854497,-16.894166785064428,55.88599502240804,53.578758181444755,14.737553835461668,-16.193298675871517,-24.838497032549014,-39.36548156018298,27.877416017164578,81.37849637742531,77.9031490818335,94.23871649075625,115.97209059639225,87.69571623324299,121.64898168428482,110.26201666026701,114.71172178168501,85.61433922849096,107.87331530232484,99.14705921211305,65.80920809400858
570,15.077862673418675,70.76793127875274,51.89416856592991,69.94538786022801,72.46246571653437,80.92659250542025,85.93989858362886,94.66939737834598,84.28787290087469,52.44241186679386,39.718770964925795,-5.3074524562994085,25.833688380562705,31.910639949405407,32.0643193632572,55.964565473246346,34.19986057333365,70.69262097133685,82.233603233156,31.858079536594957,1.1443571591745467,-22.07081413657079,9.384010910667364,89.23545328720874
571,-49.377513218094094,-21.434104627504738,38.56884000255005,48.77730860167226,87.57229892489468,105.83355629649662,141.52570464000144,137.96123660670966,89.07249144799135,64.87192693162488,59.00961082290067,94.33453220470619,158.5189399293648,229.7427413965022,173.98128879036253,168.33702901873528,191.43570803920977,195.03879264442506,127.93465842215551,108.02385787147149,137.3202966210064,70.30559983608896,53.41477393989057,87.55789359401125
572,44.4209974383769,78.66560068977492,100.06036770509309,117.89815355831095,174.29590835262263,143.65376185151632,157.2010660124823,85.5136292507823,87.37083298248035,105.10980694710355,38.829051940171624,55.404279457831194,39.114005203851605,59.67233939471585,90.7674949078474,119.4028390962051,87.92352483981404,137.90485619881025,130.04957900743122,129.90584357288637,180.77878570458498,141.14750028098777,175.12486711848112,167.13032023047975
573,63.31288479245438,28.992318145197842,58.54473817492824,93.530584545683,108.56367363594569,95.92248315755499,103.05132602769484,41.905752042868045,30.693725910617204,11.202540380913689,19.413998464207516,-15.9676558228077,-3.7722366307563533,75.0039854342816,100.97037286370374,83.98888842880302,111.0343256670016,111.20507374390158,166.2140993503824,80.68625234978637,121.15549516081623,63.15053177761855,92.04214632429081,120.18651943929818
574,29.910718010371824,13.200163322090773,-7.204685280462563,31.40967176700611,53.325308218908624,93.17070462749423,114.40315213642111,81.6466034403804,74.27529751736166,77.04677006356411,22.41828862697386,-3.5035981191397028,-7.165981027372652,13.824683724556493,36.39397329416289,79.08292338010654,117.44949839348968,138.4526003725573,193.91314610545658,157.5122162796443,145.76619168226114,105.59338489241686,42.274527419322716,49.320416868007285
575,76.97281355371484,77.06426345791846,97.84661341583414,89.85456015996084,129.47894967384968,141.4082482000196,151.91011980249675,95.50135169429231,67.78973618751247,50.453322851803314,20.327402261118053,30.439305920188673,-2.2030894348333874,1.1135019095347616,32.479377101759574,117.0985121454066,115.8872392476732,87.86146821223576,94.59436777907062,123.96664343741955,141.13430790779083,59.87021711891225,1.9740028897811044,0.2085390084878327
576,20.808392589726317,8.950440689031403,19.32746286519466,25.064740685535988,55.81397598808024,100.19790777509718,98.28989716975967,82.34675144118698,137.29840641044646,92.88391500955026,53.8803504222415,75.7885599997046,89.20407456462482,91.9980792477849,96.3246900651132,97.25364933218182,122.0730668297723,108.08905754229123,139.74165847873445,92.25240242896365,76.6758756360852,122.34116175553386,72.17783899052796,58.615164203812526
577,32.88261819886458,37.91286523304839,17.64382779026885,61.456044348904214,78.35140460438089,107.9959620017209,81.57201503035036,99.59666789535822,97.05357734421311,85.47988285614713,78.89712135180564,76.65033158914622,117.17417173205664,113.4584448742555,124.79829911282309,144.44615664277882,117.8583824400389,176.31128545896254,193.6659868267052,142.32032264222386,168.5193215245395,119.42883522562182,63.25378037799682,85.47945021784886
578,68.73839891026225,50.614958417062105,-0.1029081601786146,23.014097178949363,40.687628067553334,80.27936787186582,86.82071079502093,56.38942347052396,63.76832289717099,100.29374698385367,92.10433335158805,104.13266123797482,63.52631464920585,109.1870553927411,111.69565418273345,150.96055946267512,148.5481441602547,139.6926160728064,147.31872732770688,155.6256779625427,133.91985242623383,85.8012215774678,54.74540829995719,78.73724195194028
579,-27.67071229819752,-11.676187660063768,11.880060652296052,38.168024092240216,35.057150632402916,65.92384835043222,116.4179904387211,93.45502473944478,92.7651890756099,44.783860843206,3.479609736232611,-12.122591906913861,41.278235847806464,56.6978846721503,85.48371321716965,81.38140729385485,136.19803037710358,206.6781005812383,172.59120458205024,161.47262029293242,140.61851772831724,120.97669782435574,89.05887409265654,43.34009659830177
580,77.69464500374619,31.859530902731155,61.574122761020476,66.55299904291628,90.17713019692373,118.83555252197695,158.17717834579673,103.84434632845014,83.49597615581374,55.68515163794309,33.39874959373942,98.8927521633895,53.34352798120002,50.15427242409122,53.84123067427555,100.22931703802487,67.15654067454139,120.80688022403595,145.4837839909604,81.10907945399215,91.40728607655484,58.83708628842826,23.051423415700818,15.00470016880206
581,33.60552437462587,14.440115303798848,36.475876311556966,70.76595324744054,65.59127486436432,132.9150238203365,140.0884353715965,123.58061811358743,152.72814347637348,101.71661728804732,71.522028215554,53.80578355008861,53.51189612999982,89.62067061478572,119.23135691182927,143.04362876492735,114.41496604747633,131.00942030987278,119.23554857086623,89.91852829810975,83.5209682169373,55.92498312840375,70.34055878756163,64.64880602558036
582,-6.270449767921939,-22.796187519359826,28.291900949077537,74.24020052977696,112.84323457692221,106.88457289412352,134.82798004146696,111.801794722361,88.62592150330464,69.67475771545614,53.911855615720384,44.32072653489628,46.65934544820241,61.75384278761564,63.88813762133411,92.38707704350142,81.41819902798012,104.06023002526112,108.35055162108358,81.40176122592747,59.215731546092414,33.28373039945062,36.47699687956727,50.91994516487303
583,30.189115320871814,5.801714523284598,25.067871516415867,6.793226442365182,11.76707865199964,58.232422113131975,59.16965031565143,48.62344329796421,27.517667172200788,14.041830018228794,31.743604756713736,11.70308944213388,68.2887123435067,51.69057951284426,40.56776069364851,56.754337657748195,75.47949481646484,117.11291455170081,131.80512097182006,107.62782607199927,129.9702704494323,90.29023885658654,89.3418303086977,97.1658672571154
584,4.049206316711807,7.106443868702886,19.79526911030825,13.901837545816555,52.84846704864019,57.514975519851205,83.98210648538114,57.1775427549858,57.57171676544866,61.490523632821755,33.114056616918845,40.718246667326824,62.07684035820448,83.7891153831073,123.3006646415668,93.90251784713993,97.95278163510106,118.21894341957997,117.28060978231932,97.29659952009817,82.61484559986108,85.77584677271575,34.75674809642891,69.88115502178121
585,15.677071320031931,6.099883093104417,22.578197673663908,69.46270743533196,117.05723787206573,131.11423063033874,190.78734795506742,137.82299362092354,119.07507289694593,156.7754669326104,81.16608285819535,58.12567363007964,82.67289094832809,106.8157419477792,80.34691714669955,72.7258097793115,68.45626090099906,134.82180040842746,97.25985240402659,51.58592204772452,70.42412089879491,12.31275862977212,19.482290036797494,70.20422346453121
586,39.12079437528229,27.88495359055848,77.62594979496336,78.08764985017149,69.9701646307571,117.06633627820922,139.27867372335584,95.14936030339217,79.86290345444895,33.87972985536062,5.803868751764448,60.57067913621178,76.49201676905155,111.49821322800503,79.02483126387148,153.60371238196728,186.30075987579886,155.74999028160715,169.45428557001927,118.93662567627321,98.93704544949821,59.24467929728037,45.10572841227254,49.83778122309353
587,53.0314879258779,57.484631683895095,77.611881179563,99.59358356272028,78.24404664793018,91.89720372034816,68.87612057161117,34.88400923997895,57.266968496918544,40.79047132787814,20.68914056277506,59.26462126506533,65.54845301130922,102.2478689626569,84.12467069715854,94.22371302962308,92.56944535351808,111.3780820236972,111.1707754300808,87.68792775692454,108.16728193548474,29.333395975073323,12.937769041761271,96.64091763164302
588,16.311387598678145,37.003668712721236,23.40791197846569,27.216773378333357,52.55944732004761,87.82134120088939,70.10354520781812,75.10134100333565,52.1926991752528,20.51697868653001,5.851188899672202,50.753783438481264,74.03155375587573,100.75573192665485,148.18365260902425,173.44060452055493,171.89848270358837,144.164097694056,149.93132577202945,67.19076315709628,79.80570198091512,27.20909818373157,-7.763188691159407,47.54477261907368
589,-7.704021252748056,-2.9230597866795627,-12.65830900089825,40.4987264465621,49.592870190574814,96.31886786294697,125.78806352084231,51.92553635799371,21.149215618168412,71.73414462780931,53.66744864741249,100.55837374433489,75.6055369255844,73.5164173162828,70.03031427147255,112.9994475698299,119.01088721025442,113.09757349332662,103.681884693346,46.368414416830745,77.82613087520176,63.330280981837156,48.59817374781836,80.2157426461532
590,19.81175384614994,15.913899247434953,24.23817731497067,23.906127277246583,75.48781305182223,108.86702349651216,187.36323754565288,152.44417064192913,97.01582690522707,132.91272102974997,34.4609480377477,32.56453594567368,65.78595328276154,77.02646759317106,99.78336530148346,109.69174590440569,146.1768109828126,148.22561752676498,140.44930312840143,131.23364045283117,84.30758613567988,80.8157647727509,34.403403406526834,60.19591206984158
591,-5.89470749807036,-0.8895117072801426,57.99950836622183,76.57458951246636,45.1558046980298,76.87027816362429,116.43002712852302,95.29660443938447,67.34852585272635,103.7110848262748,72.41016763238262,38.54659468101663,106.9382547878532,83.90903987575724,74.77658322624076,113.0926419415382,153.3329832662901,154.1345577035945,134.96967097030162,103.77615462801532,108.74217216171526,95.29734659337504,64.91090228417933,126.2416402287657
592,9.87328369957742,-32.30472165723703,26.53277690850771,88.11099498901397,71.78798741283067,107.67415492084156,141.32317182780142,63.502893293111654,55.85366309080976,19.64174865325841,44.96120766581551,61.47604187921173,61.47422767734127,145.30217504876862,146.56499238551768,117.33453338545954,148.02668454020605,176.4893980930239,164.00389896711806,124.60012117083116,89.32465386782721,86.52698729610276,56.202934352257415,71.42595812116035
593,64.5079225862655,65.06047420088683,60.99655306311004,51.934468618079414,56.65682521011646,147.74790160214317,140.5993886785846,167.5497797165987,163.35388794834097,120.80525117400444,102.86554942439838,84.21056096829243,79.94510029809932,81.10062174153006,52.637476658337384,118.6542191695016,139.82919072467956,117.43257270325843,128.46034334456238,52.5931176197584,85.49718300623663,77.36103554701216,51.58508482819876,48.802586700408995
594,24.209010944840443,60.69517759293749,56.57855980243846,114.46639223209922,137.2957498603069,140.22782848585243,148.55753008056564,121.10056757874901,95.47527287966577,50.2949965435803,14.024482224145125,38.942179526345896,63.853617848629156,91.65586606753148,65.45884867333297,120.54863054608037,79.0299587112109,63.46567706841026,81.5999712808997,150.68260971130002,117.2622308989282,100.79872757462815,63.2077775813793,90.92746967194725
595,54.94066513434983,-2.8332413885113645,8.629582607467452,85.4585178692997,58.73554082692636,133.0274779644576,121.94417164732464,101.36257821675002,103.602013826582,65.56902636291214,90.54859497359836,66.33089436837187,109.83616625277864,104.06409283815665,111.20804356711562,39.52081940170069,137.2722336344483,121.52332909985773,123.942302823391,106.43770512192098,94.08163558909493,77.27911323616912,99.54188561256393,84.88395579860048
596,22.98149168483941,25.30802664431992,19.658744768898053,62.282054771562926,82.88398603004548,103.52980193369196,81.1688062119396,84.96724908697422,52.24838306028143,43.45733339886933,21.431241727599115,64.59268041596854,86.35045980529326,92.65370594792465,70.84663232632592,112.00668893887898,153.87186925942194,129.12545129365776,133.2995452500848,110.97632220852823,95.64475278460503,84.90816572542677,59.92198969049107,114.7125863472706
597,118.51746588937696,124.44212136749283,146.77843861615344,125.25501926561883,62.862780513750224,107.60227300905866,145.05591953916615,121.62760474302559,78.77038086903126,98.30716658664028,67.75264418249182,50.11089673034231,43.044078666154164,77.39639275332081,85.57161693460287,79.2293788900614,73.87582833677767,136.37637185350798,135.12307140029438,86.66087328269866,76.16911669840634,46.30092843504667,51.2047953163536,112.20055811007956
598,-1.8665126948862962,-19.188183360101284,9.45745851205437,16.809769894001533,31.953936019943335,89.94049561206806,74.94391149220417,111.58355909815698,130.88656776297833,99.09456293298291,78.74283945440334,80.56110421921136,114.48036083414728,80.64729132289638,70.5305452035027,92.06236788089434,120.38877370247378,176.13834451595136,127.89431694189815,98.02717133806811,154.09364397889127,120.93471735115895,67.96705152192376,75.33182157135289
599,14.73887054806475,41.425568432662246,21.6507296394929,56.619041314795396,84.68530349261034,103.02061916397682,89.5135713678114,52.84192586719545,28.965233002788715,45.13372231796495,11.383059465966035,20.535876847817967,61.45640957020373,70.93024696332967,45.83795029695882,95.77021548534145,132.03242087993598,59.36697540078447,92.0616892110148,75.7984080319007,103.52505972101882,82.44996635791436,81.72231617837818,130.7406868345252
600,26.07355939059688,16.040838359424406,63.51509678003312,80.07557388247687,110.95371988942887,168.6658394624376,189.5058100231348,174.10989361608344,152.39210524424354,108.34022565620153,43.39378831002813,63.39848437427449,122.07240263041857,98.49502712446132,124.6797954668853,146.20831835925725,165.33365373501152,178.07795030348368,128.7326179235372,104.21292532652622,34.722834412874136,27.082854611498476,40.838299014520686,71.9742253462133
601,44.43271955163067,-14.519487312310446,23.955279441870587,29.525267240527945,56.47868082282963,93.99821843216719,98.82622278380742,83.49606608836326,55.482091862299384,80.12527769734896,55.342064738244794,-20.41049665551791,7.594925694350039,67.21077874198701,28.650459535866197,30.18432369089625,47.01344280089398,107.73753566709298,88.3768930584441,105.94410350173621,155.0524117504859,117.57863855925467,92.49995153732266,111.79897798985857
602,64.3798967143965,73.02341419340945,67.55993511411003,69.73063891573767,95.39867237284406,153.1556212688339,171.5119575569456,105.98905862566869,113.37833055652928,99.81396809432286,53.893409702426716,28.851424018458694,60.747395220779,69.98186137702415,83.09360054278669,138.7060130566379,161.70991817951318,151.913360156284,151.1513030478516,104.64169365836288,38.33355857585269,26.751868337796417,24.988241503984554,91.86519420155645
603,80.63667607582846,73.72591521133833,77.72804210585223,18.37002096307757,42.82961368322399,149.63845249796742,140.0853760709275,95.8737489907501,79.57664171565482,70.39517472251543,33.56462111480597,25.84416814593842,42.586330794653534,60.313483391581414,62.177119309251395,85.85573643713133,116.29963524494958,103.08396407525957,129.89813634680715,94.37907995781548,87.52014503973332,116.23245848475646,61.59511962119043,76.84363334208736
604,72.05362537223908,97.46466008542765,104.31215300005182,74.94504754076114,87.45260091250192,98.98925361467009,97.29895581309674,94.02399875170848,67.36792843972648,79.37466189602591,51.309283963299734,64.49093255263826,96.18265743251395,91.73724591140058,98.85920432274425,110.16221877903595,148.7069722271845,146.01425527209514,155.46860382044784,117.28909874700904,133.78783429492037,86.53389351110054,99.46667281327706,97.40086775154568
605,105.560049461512,127.83343288441543,118.95787295086775,109.52822788739306,122.3370190675385,163.98150396207774,179.9442300395981,140.4561222427281,135.75624187650988,136.46818076549226,62.41963464228427,49.45259589157221,31.861377550365646,69.51254130125074,94.24790146876911,73.7547828345126,100.44842524184796,141.11890251938888,123.95751075399394,74.69696199813265,104.08932144460469,117.88048913612772,121.32894999557648,145.19506438500173
606,45.267311449170045,39.57621065347965,68.85390218722054,70.45522811449935,53.99953046345954,109.2838262553231,148.19703191478527,83.48744472689891,127.3990387270172,75.89763394636826,65.33566455183099,57.685320726194014,74.13667769544185,80.60861611290267,145.37586906132884,152.74265103376445,137.3623203482741,127.16172594892207,130.47716690156943,78.90789481511322,118.99374903585431,101.27131281369586,79.96173834407827,70.04464135054155
607,63.051469623141,29.405651544342398,23.85836533280338,44.59091676834937,52.4403046394133,94.05126935000285,104.58057367592437,75.55763802064773,67.76217046784305,90.39287501802355,124.9880216203291,94.60980925203941,118.98554648646612,149.6453462562665,80.40793815141205,89.17700890786278,130.37386784914915,145.88064867212793,160.3792711180128,116.595277028499,107.23933806823125,64.45358652522113,80.06968512506256,84.77857035680482
608,125.94096910253451,91.46861405009247,80.9656275770372,76.75956128736155,96.56356824333525,122.96474630817981,116.5352316534522,95.48405133199594,75.46875124233759,52.25646253844343,-4.407491547652732,-18.495556852527237,53.37709525526493,45.995964113594454,63.12310961909579,113.83644376324497,117.2499142168632,101.04771615768499,122.4038918560962,102.56352441618503,87.15760467697255,57.8072736003599,32.53377199547592,43.76537622922527
609,55.99178908858197,47.44754635231692,71.11599687323596,-36.98908293836432,24.329313207604372,58.91257731760831,49.86353638319366,64.73825209471099,71.67951590952083,87.18428448224917,37.259993882933465,27.02018388500252,57.82650706723426,79.10066717558892,67.95321378710437,60.6573496418624,58.24639693380196,85.51004353666818,124.49887246364078,82.02945511394071,64.52975635788087,70.45346879688155,59.51836492382418,94.99410497315063
610,17.863729006654438,49.42379915167928,50.78839196218078,59.79713059635566,65.26137225686544,78.94043617411263,121.49591329633822,98.23936692639717,113.26256964094162,17.478222403145637,26.396251725120038,28.754031493443104,64.96352814448208,62.48214357487844,80.75253204410392,132.44492849406245,134.54713471420268,154.32974436150715,132.00361515721048,112.50943412766817,167.54991201071257,64.58295217802029,46.53412343563795,40.58058102144852
611,50.71015294721023,22.499598260921992,32.97175714892522,82.76261684050084,113.09967873772555,159.4011288883196,152.29657625943184,143.7306490568155,122.14338666575954,132.39914881865678,106.23764713088205,83.16137753881318,137.4055334112324,128.30768853447967,127.03393089107401,120.14581673734531,106.75774443409904,102.52127996856694,136.03084405074537,95.6602775031881,77.31392316214193,48.500924869916815,51.28789712759155,110.93730118591589
612,53.85058357960705,69.45384519778166,34.965468818768365,60.93704725779022,37.38740948580341,87.41700943232814,107.09019302708434,106.56110894008103,60.37764731850336,41.05170389130696,46.16017553687357,19.566199183920567,36.204478826055905,20.326522380241627,36.38823505579932,64.67327668359657,84.2974973918525,134.35267793323902,130.9666924424751,80.99300131543211,123.77472938035142,132.52735612406244,109.51496731873752,127.93134486749614
613,52.289154382713996,34.074908813959524,23.282890034200555,52.58332091591336,99.97068422676672,111.9701616892651,200.44893511886283,143.6607776337871,121.22775211178646,121.27813882551742,99.66625266829192,94.51977039573498,142.63685954267189,135.455298050954,122.74376468595077,124.46290710434691,122.33502700786998,135.1653793538863,98.13090153094872,92.23753886811633,39.797654245551186,41.024733424723735,28.983021135605853,53.58727249916752
614,38.44310533198717,5.334649703346781,-6.37748025975403,6.991366367525686,25.582172016919444,68.08725626231112,96.11967939791282,90.29928419216635,51.77554753679672,33.11497408499184,30.61900755453719,20.796936876748397,69.8544854174779,58.584968717886156,68.53482812688968,72.1963865867419,110.54218670944468,115.24921902341707,109.66470051326098,137.3566599191975,124.79432772859411,155.21930418575295,98.91295033000378,89.78222759512313
615,11.901787790578297,22.26931842327656,17.83872265292281,-22.04580641341343,42.23986002288138,30.61336430401643,68.80763247311843,80.55850514897689,41.835692229228364,60.2130656905826,57.83203476689919,27.408110257001635,53.63940808048492,97.56718247131676,93.32688379865708,122.38761359368868,153.1262445983341,177.9837508806344,202.1920674431315,192.86948897169202,160.28767051591245,151.41550391511242,131.29942128228063,153.95545171207988
616,50.85027100882786,71.21952895225948,79.31335680141609,43.634944587582126,75.82919677934743,94.77547870658614,380.0306566013264,257.36665525241006,208.48821425808396,134.07854701447854,95.1955471915474,101.81513873161975,91.34421442421872,90.46691417820418,132.5996720940091,96.78846762262555,95.02052147961214,106.58576561369291,152.24433384406564,145.755903719876,171.66130180594703,91.68218620846737,48.89277052688011,40.23041005808112
617,77.186215484455,66.80415376192914,78.47539076213889,117.46419636860179,115.48804521746939,165.17498699019183,150.6325997009843,101.11781600913983,68.7626503187835,108.92254759696664,85.5870336200494,30.488681519101654,82.61999865779082,112.41588081443831,115.64376618045381,110.63503094848804,104.55049311540773,90.66513548494177,114.28776920364356,72.13120948108184,65.97043117865263,60.9907358296896,29.566801723578685,75.92678766190922
618,21.630222425805744,-18.364890236871602,-9.603126978463834,11.58326401219491,81.23280051276431,102.25100176394277,128.48789753638815,121.0546784373928,92.77746526093557,108.56354869962212,77.06093519158316,105.08614885356793,118.84813144207403,97.68000579335825,77.97085312120264,125.49079499539596,108.19321006456448,92.5726702076876,89.25115021312568,21.95430631519058,30.973367668896046,51.23640066614682,54.09976828699621,87.74812986540219
619,35.69642557021391,15.38893854747235,11.608427851214401,39.81290057733325,107.03235364378975,113.80908038147848,165.4161887224379,102.1661659482428,119.28854106656044,144.4489996855927,72.5465730108362,89.43444130441011,85.82778590388813,117.56370068135945,74.94812436967771,121.06711839778814,152.18263751005284,185.21856355877085,144.38474685563418,85.47806769558761,115.47810150116536,60.289004287491935,78.25237427873654,141.68589381782323
620,31.40304915161931,30.572324299485274,66.20413789231641,113.98840400564042,99.74863309602048,158.7202015930588,152.13366455725418,60.20410689244611,119.44572267902907,75.83258687937892,81.18052089173976,54.25906608896676,114.5921238254374,110.26447125645134,121.26480911348007,148.33908624218572,130.33686355259348,103.90796769915619,141.73901078217108,159.38669388391597,85.75340976692851,81.40109578752946,80.86898440165332,118.92097814935084
621,2.2019193662143763,-8.583158557634036,9.941968344072794,42.61685674746171,79.14818363495202,104.26061407480128,100.10330409092623,114.32529132237198,84.80111403640173,123.28801755829006,85.44578715088878,70.489649261176,96.57425215911337,130.13180302855696,96.9453844652123,90.73910275463972,166.601257104275,162.37154213651525,127.6947654800075,115.19859079372148,110.6423983801214,106.2197502049548,88.25015275868245,85.6086314992129
622,42.79920795210983,3.510159002850358,32.53680323000616,55.34934115054731,61.48250829418978,84.73398800181252,87.24532120957784,50.8737667523317,52.69859875156752,14.210861705441744,-3.6103716563484127,-4.045304468184867,17.58697210265847,61.41136932446976,124.0983448417933,98.58107689177578,92.09948118950724,154.08271699330936,149.42723924813214,181.52615730540884,156.71711017725485,82.77170401272332,59.96817046405348,121.84023462981204
623,6.70478567905576,3.835545978945113,-24.14708421747583,-16.633733630543702,43.92428994573255,62.70251331142167,107.31050973075149,66.8282974729288,77.84676325494108,90.54326483436029,76.8474315262024,67.42126388013007,64.09019436326687,106.49516614184039,135.04308458248738,140.664605740514,124.27832786738102,84.74893425585987,104.07696965843894,45.8134821872824,59.05274681070462,22.468879607453566,-13.068556652185954,33.616466270222624
624,-14.683816787036207,-35.91935304006143,-23.639615853603217,23.585757553990213,36.17144865661703,89.62383241032731,115.24754158986302,57.70775150229291,107.03407089659183,70.24331174206107,25.484250272752263,72.15365475071538,76.4880215234872,65.97415939253408,80.96204747998542,73.37971955913775,58.82043098684781,41.1664681240199,27.394680179527143,17.62408171741923,41.42634259925039,42.72578560073283,82.45129698428899,81.43209093559656
625,-15.472110888907764,18.40865389038846,12.952950286245397,-18.70790536895275,23.585203091346912,56.018935433476564,112.66298593444446,82.03870185293611,104.97355787832623,62.14847475576198,48.467687661040515,58.79135034560979,121.6586966338036,198.84173135077575,162.2829188139185,116.15959336531026,89.26484353469709,92.36763979061703,48.14616540457328,26.798299271663396,-10.77105358113188,32.464873714398465,47.18862394164394,110.49606335669111
626,-4.0225773612042985,-12.509581243472532,-6.1518415301610645,33.700055438076774,51.41972895387783,114.20417239237301,164.95504100058065,150.40406011072247,175.9576577976784,132.65453668754802,97.18215289426129,60.332162901749456,75.75569630257137,52.16469466735965,49.652643851979185,60.4644778527148,94.96420505598077,134.42577228165237,156.86029083915642,99.38316978999828,145.48211601562483,92.73446679198686,38.60462346920417,74.3332527745641
627,-7.402959545427954,-42.365980650330535,19.516521935865306,1.7165128823534985,33.81182029178554,56.16998886868372,46.27837152221353,1.2159512104135501,43.02558771824775,9.624392251631555,11.02952344205962,59.68410959754185,62.39426393771882,111.99325100038027,75.96978968277452,94.58337754998816,111.33498623183881,106.67260600405798,101.7505845383834,95.8229682699134,79.54548374047718,69.38669726875614,53.20192978484273,56.8900509986382
628,26.4034802160323,5.872760059621655,49.00796337964171,79.33630082713368,145.07595300408246,169.6592554966101,171.6133604086034,179.17231290444994,156.77418860012267,132.12702664393686,84.0618736101928,41.49146065038673,51.648298541461834,44.66200397749647,99.96189348801666,120.62974653044535,121.91034379085468,106.91392931000925,154.77931884357687,118.8393378310361,131.21392871711393,73.9858194344344,37.544801582215165,87.61866277018906
629,63.458054832825226,13.018363215159873,13.883554932632926,17.834334998497674,35.333803132889656,90.23271100751103,152.15450945852677,113.0949402785992,98.73846271820501,89.29800592423994,44.75167312686668,75.3851451648382,78.89670244159574,90.61527222566593,88.31375296295238,81.88882135957024,84.7509524851884,95.33779301574714,130.69210547046686,65.71867992474623,81.82742959587026,45.43209233822674,60.506871215428646,79.16034616250363
630,26.022153965483845,86.838194154683,100.90934429096731,74.54788445030609,93.18072795238882,111.70539946327693,127.061470451319,112.91803336598568,100.12053908193192,126.06856018801537,109.11764909167678,135.44891677145918,166.09448193208084,128.90959207120767,100.02234526758635,127.16082578675255,139.18847698033792,168.73951353155738,157.42305168114723,151.2118105312557,110.51042063786105,86.53012225224457,29.07332922618943,29.464420011763835
631,55.53396400317614,29.601303654830087,41.1195144209092,80.13937820958589,89.12799056361098,118.47592848546759,157.72537976661752,112.86240266589498,85.96379078559502,67.69612602262426,58.639986462218296,13.8739206018669,15.744677929879174,39.90405615388977,40.9658941555034,85.82063830479262,96.01731122498167,89.70846549265043,122.4240057845857,84.11271933943729,75.26935056765805,59.77824371373538,26.63817928839856,56.172540410234234
632,65.21236172716644,19.180578316302178,-1.5855558341518048,54.11630108572217,94.28061039247974,102.27167809462728,110.71131047790084,113.75420171588326,42.69445558872107,17.79847708055135,4.879095030467575,28.869446735973533,63.863859441685875,73.59717319097264,87.80066443189133,109.14390234576813,142.2254540978215,142.77800162184153,160.59855594450104,100.8181469920172,146.7463338054527,113.26408061292744,88.90918899767989,35.8191373699657
633,51.58605611780129,69.53418267943994,70.27426360034427,90.86887500566121,74.21960500998483,115.90673552136315,127.33982913176821,99.66759863958931,53.14876663685274,76.03023761765567,60.80703512283384,32.180679902316626,69.22367023477733,92.07303410428476,103.43008498936628,134.19369091469468,169.76754963838138,183.6088013564261,158.65712945741447,130.53227391947865,125.81180567420483,122.68677506646233,91.61669518407504,80.07139111972046
634,35.637067300539904,-16.23144648144359,-16.348271391949197,-8.65653949812949,17.161872573105832,66.79363811978953,128.94841062537958,58.181075953641454,68.2524358980298,111.82040464518755,106.0432957888091,99.00118250001157,130.4376992449483,129.3614219152737,125.7686246727786,108.8034198187473,113.48628536922969,129.554936948444,148.89665160406582,140.6962054333024,114.4317517135785,155.16162179681115,104.06621105458274,111.29282283114652
635,49.36677892319249,80.3700452305588,82.82654592413988,91.5548650323232,117.25733726906495,141.093784897947,161.88861138492257,114.71154499908005,95.0267517433542,101.60030100224934,57.26346255177958,8.36472962727671,29.30412727115074,84.4367613330622,93.4093931195914,92.71582252087771,104.37680269717282,107.78069814946207,86.90921998842902,60.655824839786646,68.94206569802968,42.9250384063152,53.608153397570874,66.07448966485441
636,8.673269122123358,-19.304415064408182,-6.488772303872082,13.734043612929312,14.144743362746397,62.1960254801188,103.09743886158952,85.91124235224316,27.185924012459274,58.82895015001769,77.49920419604476,92.8730011999678,112.85727391782436,110.92031654477988,104.10278530291171,73.89652757094626,114.14946796961684,115.62507765491897,174.86188778339795,140.31889974256217,147.48996271422877,90.66237162301913,76.98739865704168,96.28233378225303
637,47.06230452926909,44.117572633285924,51.01263883655296,23.85646054440484,40.93577729543335,76.0029759272906,124.21441196626097,95.7646743438952,67.71047161276314,29.99661408680217,32.144926588083166,48.091217543449964,76.18348200092012,70.56704524628243,82.97120411762279,109.61171550346502,117.33825550425412,116.22148365500601,130.69246199947295,80.5182037655961,116.76371458413155,56.03565496978663,30.673697570198318,23.737857452794252
638,67.41594607330586,59.648818025245156,77.24024907170693,105.19871407546029,111.78812925637898,140.37868405127867,180.05135901938502,138.9643260467558,112.4941578882061,94.5491477108245,54.49991817274539,42.68629503313524,76.5510926321302,19.25769570213709,66.74239051836531,136.4285113675018,151.27153833898134,139.23032160741923,100.32650894008384,111.74165580401353,129.39687617997373,103.79888634482924,99.57976481439857,105.41183046942855
639,60.95527535057809,61.58543652279677,-0.12768543588412484,35.409485638429295,86.93092647085854,121.16662996198814,115.99305072415135,82.82559637282205,95.48987522100339,88.31730355018361,52.741226920930046,56.11038499895767,68.25606991316306,49.424913142041305,86.2803903183711,116.5397718925001,134.21551724451766,145.42244590861452,132.99466351019163,86.08000130536922,111.08607342887878,82.48427553022307,47.194763507118324,20.47362897020708
640,-4.219324654599198,40.932506556574474,51.5209995671957,91.18500429088752,103.36654481075836,86.8985069152682,61.76608557297621,58.04051163946257,63.55208222432866,47.953220583702546,45.57653991099079,48.67015193907424,44.664105721844045,54.33729498585565,118.07887020916354,141.64639377627893,127.4809101759699,147.9583228952811,139.11759942230785,109.58710307435773,57.08322974746099,42.01585776876397,20.123865356497475,42.77348081415268
641,32.49134862717791,59.95114479759068,70.41875670626237,61.878581322727044,39.40903737041584,60.6559955466666,101.2644337654016,55.77805696757296,55.29560307911285,30.18022206951221,25.986321856285787,48.13477424181011,115.6746587038443,122.52395341040804,124.86512476364557,103.95459971146299,108.35651048308753,150.65641168935315,139.2915593000318,115.93354984657758,147.01466259102006,131.76869561202122,108.79892050098083,103.02101924988425
642,11.021912261267886,13.151415012080903,7.842258927241858,47.73958693131287,40.42121909648368,105.72127022441067,154.4757792632487,89.2946513635857,79.79548380632508,60.025900557580904,39.19340270733353,-3.3488535426725505,44.59877400887649,38.790902102638334,31.690673322801374,62.79965235777174,68.3135102349332,131.66413352290235,135.42742093707815,131.4340159998565,147.65194323497838,117.03178656412186,95.46540600169011,99.87697119865122
643,34.84102003483069,20.319207275337156,12.431156131216706,33.13107530704213,52.67128123061486,74.69005229380068,108.97680552868098,76.7703406369339,117.33605385627509,122.39309909478608,111.46779052741229,33.473589482605334,53.96324315878023,85.21229877978827,41.345526854649044,75.24155722195083,84.20785953054718,57.2582345771815,93.26283710748413,86.89617403635728,126.52961312546148,23.15636018063242,-2.0924089916531727,58.983095979802684
644,-45.03547821725758,-56.571452802904,4.790675979425483,56.38946097123146,54.059567478117025,125.5456072822106,154.87186757696185,86.1624469405663,51.073251433885666,44.08337380713291,54.03883192626714,36.590127570434625,78.92770236855151,52.05633232884836,44.511895540180625,48.99430004727799,93.54284775336802,136.60264651983937,165.10529816261095,123.46212887223534,162.03583685034994,151.15868745013603,108.15268977554283,109.86841232419178
645,40.25873329539614,10.543766476830635,78.65807992673848,86.62022587649864,85.93144309323986,128.24798084094647,161.04303118104835,128.18793569461536,108.10212371437622,87.50526297383303,106.174318239305,98.6480924638339,99.41200740911779,114.73719851545788,114.34591559797732,179.1081487341583,173.45797919946102,162.41031495151802,152.14186916180608,84.7132458575594,75.08847812657044,75.64106752480797,67.33369145233065,70.86690242465818
646,-11.044729533377591,-14.650611668189377,-8.266483348824828,0.8286307346123749,17.1259992888358,69.89098136057905,106.5398976709886,106.3153214163703,106.13164276965446,103.1605933835899,61.5527972881349,48.837238172541284,0.08816619396250758,23.984489727418307,63.476471454043356,113.03636302149683,170.01354908190132,160.2710991153697,159.93627793328307,134.09444508771338,138.85743264036205,123.89180190057904,61.457483028527385,77.7415999420945
647,64.6151339946517,53.26000091878257,79.17178251457105,62.21348788677717,84.38898438010068,83.17252557901217,94.99946331223832,44.09471749643103,55.33320306213666,38.61217754259595,36.70679550313362,69.43002292919005,73.81546496710614,102.88582382280225,75.00649640272258,118.0759864386731,99.62531724302174,155.29224921011706,109.9163175913971,32.24090705218228,39.52327159749932,10.216945058754717,-3.859415062480444,6.299475956032069
648,17.293473248463478,30.250488682911943,45.16352397874019,56.09985632757133,54.541145435715414,95.1151234126733,98.350519869842,77.29990975531022,42.02388318521187,50.175335104097044,40.925257676030334,57.17412075779983,70.87363509724275,80.81191910197401,118.06777026801649,171.7227856025139,218.0036142667093,148.6642653504277,117.8241096988324,63.554996089734715,72.97206352792892,44.34468614299887,18.038281139262587,80.33593556381553
649,133.1433625581761,92.7055661549011,99.60766640114055,73.13478868373925,105.20527040648115,114.37451154251077,136.46723744734385,127.9082423181909,86.43785475623707,85.65594910409132,19.818483019932245,5.3356590161846995,73.90916129218735,54.386294602821195,76.62672067814894,99.93333981726234,92.34219768599391,125.93123880037699,155.3570569620838,142.00671433417918,138.24894526859583,132.75172075773685,110.74881078308272,152.93014739888847
650,91.94480248551535,41.44697782169909,104.28934432771122,82.50030116528697,105.79618889144939,143.3793589235592,160.39818548916753,127.82548143052145,60.34426487350095,64.22577032222371,22.813038179185785,8.298828076252413,55.88045427442806,72.69348618807382,74.33220773477721,72.04391276339284,133.38497930651286,114.94951260260994,152.98818794889223,118.10708362920806,129.1217777376385,125.93899265677607,77.50689192313433,99.44332670230908
651,-23.28295219356076,2.1170332306935187,43.10716590574286,86.50289754612206,125.33585991535108,152.96676149917354,166.19883500916723,132.42374603061057,98.31217886305622,110.98650675071374,79.17464099901251,106.5184143772673,122.2585752660476,111.46767671293662,102.29510322951512,87.17937220078373,75.7699746892925,93.41009496967756,74.96847701984282,59.419407357579146,61.06120952936504,56.409624900317795,43.39240113682661,76.84688356080832
652,-12.74918895371097,-43.266351148200364,-3.945349503084117,-4.657386941889328,22.905976137851468,74.34398070361438,4.589939041902127,29.699231056213236,51.67718928597861,29.886442942018668,42.25200832354632,22.230830908342604,66.80032090998702,62.4301104553511,74.7796922836214,62.95510075752669,120.10994404388761,113.18419193300107,135.85400578699878,201.3000305164181,215.68550135461052,168.89959659130812,147.403815176898,172.90105230232763
653,25.511785910294723,3.605857457823852,14.983930690267211,20.84151714228601,46.47816516420595,98.53623736159884,127.75327318127513,106.47689393204861,120.22710254393738,103.23336329438189,74.33681977010667,50.13144265251145,1.720008906371035,10.945840793023763,50.78799026553516,125.82468459028655,132.54745576512175,153.1554979381415,141.66132332731144,110.19063000201584,151.91532704000602,93.39605426235984,80.2681442269366,93.46484496946127
654,24.853896775388254,26.088526246202548,31.005176601914947,71.90193822251338,70.0016816638193,90.20428206704155,123.47519999387087,121.44028061012165,93.87799875250093,56.62421431238949,50.67163687995957,28.24096159298029,31.03200571225868,51.555140610352446,41.31111649712605,103.55998270132558,127.49684712608837,150.6446470425077,149.83528053739477,109.21687219914004,124.89153429993095,112.0543014315064,39.40187985834129,46.262011067419394
655,45.17304490555636,87.65044996047459,109.55636722575967,63.05459937327987,46.59187060326349,79.20654401411991,64.82389215321643,25.2384543171179,82.18180267475282,78.4226255401246,61.09095658500324,29.395074221755507,46.842929956386314,119.31271254040871,108.61743074891983,139.33300329709897,129.5328105475349,201.57973743470146,161.6639776261236,175.10839683039933,142.40892070641334,106.2230012985849,97.38802500378506,133.06131509244534
656,35.35987039211207,-33.82432447285167,-3.882594891791868,24.456380953578826,39.62294269800053,41.39050251983261,151.7733171698104,113.4269975805348,112.89486081708185,58.733726637914984,68.39648983268702,78.58177666017394,78.0461307306232,80.83273623598853,80.97481026646619,97.09631283523298,116.76385977691534,106.93608253393646,121.11226742821056,115.67776095419264,161.50410457805637,87.41662514340754,38.95088188230356,42.56086027753881
657,-63.352167219058686,-57.218030741456,-17.333371932678908,-5.283286611580884,19.257725335943945,55.91895820436293,81.32516102388593,66.58186692244891,3.940093802271292,36.52945981944205,42.26206021466945,48.373292772424946,72.34942044563314,71.6678980327101,58.689030797669005,77.22378413659156,101.67278332762598,150.11346916056584,153.84936430129972,114.5763239860235,113.71890266975313,97.57254992676934,21.5182024616798,98.62439869204577
658,19.60506304703298,-0.6925675005677547,21.537627731776823,35.382743756528846,102.18117472169098,134.7919497900921,132.30940731095197,79.21933256545279,89.72902045012765,46.54861640457882,46.99967463090526,15.386946334049213,39.56187459142986,34.463111776830466,32.711137558269684,72.73478015501533,99.66908754059818,129.71663778053036,98.63725374007521,71.06236541232295,132.98205800476367,131.04315636887108,117.1770248158144,117.01497918969237
659,-28.496785594827784,-9.665457526751304,46.66714948029006,69.33126516656488,96.0842239848005,85.06808763653103,110.31108192561106,114.32205882964888,114.73785707249641,85.05763008335444,93.7108246955803,88.76511459218108,133.3456559664696,129.74330544166816,98.50020817508005,147.00153209852976,176.0616817977758,163.08151195909346,157.78937106695665,179.19297430188055,129.38739123853907,75.26530498695354,51.2796783544318,57.62227707525364
660,12.529215913190612,33.75447409739096,8.233789470208073,26.27071746102192,36.03941821887244,69.47914020625107,65.77738679651193,77.81401580066084,76.51183174415769,88.9893455403794,-21.031520606886254,-23.398788791808265,47.4959317501616,68.6990681856368,66.14643102448804,118.56094496920244,101.72549854447905,118.1030360723827,80.79263215183198,64.32469456909818,43.5608123154374,6.0393469583463855,-2.9132739870677327,25.446002148401192
661,9.35903508300703,20.284989130095013,75.22380619115863,36.52700188840275,81.27442921568296,155.56088015995678,156.1652704929653,72.35858098026347,48.947175035266184,49.30762619450423,-1.8743728572839302,-43.61564833598775,16.109264133971436,42.531919822210845,17.337175255917202,76.35800491858325,94.52000563369842,89.19702030583683,108.56405170982192,51.53640833890713,98.10777212697924,70.5996530838739,113.16155250543989,184.45618082166038
662,-123.76512804687096,-89.15578734191473,-16.130883301484914,3.6123989211581105,45.78338433339037,118.80904958748195,163.84181671608607,144.787085534913,124.73529887158872,104.93651833617929,61.253362591303095,31.814121295644973,8.888137421895614,21.179233998744976,15.63580610251131,74.78353375261464,90.8259645660381,127.65749638362242,185.1216361567617,140.74110798731732,109.59317875222798,114.5746211607186,49.40346360092482,75.8617920225046
663,155.78967782798102,112.82266248333858,101.4828305270311,109.90479725885672,103.18306941721289,123.09869345954127,143.96646764996083,73.59860208159031,81.66669721526333,49.279109949184146,23.096956844637234,21.752963222875564,51.04921325086572,65.46302019757005,38.13743546609306,77.45467967237919,133.05821575182213,161.2375708063762,153.5623611061588,135.16731084279414,144.13759269781673,114.48855099492624,61.91587989744554,76.2414064530611
664,-8.940313687200216,5.111141201533325,28.719195021407778,43.81760695070255,55.67246884947862,99.7971163309074,118.79529563107874,116.49395666074054,152.536322780086,100.87876013764438,103.7294860892842,69.28787726468957,97.34628821120084,104.5390395620471,133.30230546427566,118.69112154135453,110.66619725021495,106.09109783755373,118.14947181851284,106.11503792653522,113.02838530005509,69.51357127647428,71.47605717346269,115.21036198427043
665,38.01072764518037,39.265272165205715,30.921875386773014,77.77475097826216,79.62006452392622,95.83270157878745,136.61894153297374,99.97920376211886,102.40117677922547,46.204527348753714,40.08890171829633,-9.354930574265097,71.14974263671579,99.04142967754359,80.10924367232164,84.78955868464601,83.79816708057689,159.74212608042257,138.82588715756194,88.69448256622198,62.23928929312456,69.55944803258947,48.2823875480389,31.476312742119575
666,48.58426040522152,38.51892252803748,46.683539199728685,84.96244057545198,83.02811083228136,129.52970646936708,132.93576251579356,105.33018239155422,106.3436922284365,82.20907024204986,50.7872825269606,25.66363412662897,7.570477777773547,61.115345053231735,49.22824224907897,79.8848868005567,80.19016904292575,130.50986589379846,100.57857286643127,60.90395218724976,55.87952737742794,39.0458175937642,69.63866052251481,134.8284683740062
667,37.264317367729355,26.847758544308533,25.316921874771605,32.66711995549488,41.111856354195574,84.72319763927887,154.07086091860356,110.17486196216223,122.16900975773387,95.04265630816008,40.78922152025003,4.532213447179032,77.75651992384445,109.94275667019059,137.18542345086018,117.1695581537498,117.60551090427595,123.52759911816753,149.5637744734762,121.89029408341509,101.10376066056926,94.23471697157237,16.816597960298353,40.650526463331296
668,145.54122651891677,54.15794819091168,82.75984493215833,138.64104491322286,118.5129139420983,132.06179371217172,120.36539250582972,76.78494260258627,51.1747596162115,54.50354193822862,55.207121325416516,50.52998793111136,87.45916677211777,117.92257498237288,95.28352444122964,117.42138254868428,113.4886712315427,94.68291357908322,79.18523419021685,66.62533100184282,101.45174638412183,110.97875004927022,93.92385540958131,130.20667607530652
669,22.931487084184063,20.22741164727322,34.071014550176294,40.65386845350112,70.4499883027336,102.96617693449099,119.71007856987468,39.76161273409505,25.59208950709757,19.075879436725984,-13.383250122155538,48.838894370749166,38.26958456560555,6.713708673412896,0.03175313365223076,17.264355945381325,80.42284743862852,88.37608623253021,94.65925685154093,63.23168665087057,70.56133395568855,43.04667625831126,15.582209807714605,37.04484470918844
670,47.238749556080705,41.33406182205637,53.789393344648616,70.8900174998859,48.23744757092375,34.289194886772904,91.33000922016281,88.2131807604765,83.9011806124464,41.02304157390698,-20.59531472683738,-32.967806203809666,7.371672870284073,87.7941394247168,84.25788889394738,85.24417612593693,110.21555945243733,101.4712943968859,114.10788616314446,91.67907237596879,101.24043420597143,73.2323464908429,55.33898397723921,108.09934788080972
671,29.7442024837667,-18.299383955907828,44.84753218093727,47.56055592688615,61.24479881408269,65.73253948765262,78.0552900197768,77.20939002517332,33.92603711850253,34.52945666048417,11.658185792430864,-27.55922440954678,15.971423745168451,63.71248885575931,60.38383626017654,115.83653794780949,133.30154012466153,141.73850365160573,116.0877146945403,70.99669777472462,124.29879011520411,93.47029273743442,113.11439984705243,140.38393366216448
672,51.218655158310064,42.908541578980106,36.7668429387713,57.94549809908499,126.82646706799058,130.2684296765428,140.795320028383,119.74707916638721,83.56330291558383,62.39153132371613,47.38826908199053,58.65760241831761,90.33671524847507,92.94723470189109,85.01629268920405,72.74395754821096,95.16226412645197,103.90189108457136,78.19958176062062,33.75193517779047,56.1682884672322,69.55556015810488,43.54760274269131,34.51843579836514
673,61.631518924322194,18.99561019383667,17.235770340968458,3.9253846643833157,16.2032935547657,51.646812198291585,95.49493921889768,37.10617071400271,59.7365979882183,88.64078039108585,42.397092894435474,54.57970357050056,59.65176743802209,61.859877042619246,95.80743130603484,56.491274518375484,82.03652245271411,55.43738628682041,124.7967401083234,129.0481688755634,164.43623874969757,131.85924042136998,104.41844064119398,119.5702724038691
674,22.180662222921537,-17.887796387866082,4.068754916196575,66.62263482429366,107.18443803513648,147.41830277582068,162.7341366474273,123.21044147883994,97.22899722930606,78.13850793729219,33.992575554319124,38.73570988802408,86.61266611005068,52.338960410294,113.29947134962443,166.16884042281123,106.2967331896256,130.37898130009404,99.7121335374587,69.75942117537696,89.16105435264235,47.07410543328943,4.296093246813875,25.853461533711467
675,107.7063713850553,86.1573838530588,107.23551033804436,115.2343722934657,107.95344110243867,136.02198761302387,200.7881151634483,150.1728233725016,109.65399285266307,79.8257558614689,3.361565088336185,65.86562492029793,116.2085853408705,142.6900763466324,149.22597357549125,153.98197429491216,136.26322362314292,161.56604267339085,168.8197623400664,168.43335886890065,187.09318118758756,143.87932317950953,76.59206904470892,99.44549056974428
676,81.96572878383496,58.93376864901318,83.3852079869344,62.09810728050243,76.11745745567349,91.78652674185659,126.50653946827315,84.91069313000393,101.36487769836882,67.51385620726947,27.697526316419527,32.8873356345553,42.93919739298941,54.22127200740708,35.65988346963078,91.14615939837627,96.52084958305176,153.02592330967275,190.90458636286903,177.6772597378581,177.5327814292592,113.50243012911847,50.579105776360535,87.22315228015937
677,68.41242429601718,40.74307952987876,30.573821468401015,40.56019064290794,63.45173401704445,67.49364509560668,116.32915145828662,69.03848156967994,42.29717610127838,21.228587407671355,21.262931193582048,-5.991043454738978,14.821315356609261,87.68320717091234,82.85031039850055,81.60130852924027,69.92785506781895,70.84900282197503,94.21111539893411,51.56883820266037,84.26725612642666,73.15250347061482,74.28296370401321,83.88261700695315
678,20.232821200367553,10.51417078414049,-28.9022680020368,-20.719419770091207,34.217210919898875,83.6426726739438,91.88185963847077,68.2337848081114,89.27149691538975,56.90205179404657,35.7759622108286,82.36624805109363,101.32856317317433,90.85926098148775,80.3736340326881,115.89872454257487,110.20491745591302,118.41452178797175,99.93615189572101,41.3747944574917,81.45261226584498,72.46926409161723,61.10722662765467,71.7015964546225
679,3.8029533772265864,14.500313896258648,3.1771785555184024,5.519444715436066,11.55840972374206,84.50360984577395,99.22531905697858,93.19121905151069,90.38724095966485,69.157986774708,74.9756436725888,72.37072442104106,106.80226145843005,122.0554714514126,82.69041486497368,124.10154962440484,103.85138777632876,164.38360706718663,133.88144815241273,129.32788097550133,141.97161983474902,116.13333835217652,68.08038175134728,71.3084185947913
680,10.558618175773564,9.459980476361789,8.465703062893645,20.286177039164755,50.271527967341996,75.90133757946438,139.12494147176216,100.92387691050608,82.08510993784758,22.898591508793366,13.33341749342592,74.39174710740127,121.2385789351978,96.94863370337853,62.527480122237876,100.18618325189638,116.72979269575089,155.30387779993973,132.26187129456267,155.91144706780105,185.43199655058083,96.9979724609081,83.5578812648453,71.68271974130062
681,42.622369681175215,34.49048681351142,-0.8132418410002487,9.384420522368274,48.04915945725443,67.56670945413548,84.07006356395212,72.5223826368991,25.22100054571642,-3.020972355314697,-90.45324616584313,-80.10248517116943,-42.300484974414914,33.03112378966139,39.665663293058984,59.03069231327244,100.13401304780237,123.45903935547379,130.65132714417078,93.3387279444113,123.55389523406728,85.61759886140821,92.27241208067636,117.07178950737719
682,11.537969042469722,5.727290887560962,20.844176553593645,30.229443134532374,84.65545070872167,135.71077387140718,126.2378818996121,107.77611951812561,89.84597769455586,75.52581253205909,79.82842627118222,60.89401454091957,69.54154418246122,78.57879740777938,98.3080055635176,82.00241589924934,133.00415928924772,147.9447956178261,180.88998401962502,171.08743446247342,190.25814593456766,114.35425760838368,100.85506847192491,87.0808191142493
683,-29.718581273543535,-8.351664461361956,11.058153708531773,32.81277104559222,57.45938853235428,110.54617912374533,113.15930706182634,43.27039848376509,96.53533616506361,94.8754066234421,69.47696659522373,91.00536566600742,105.43936051827768,82.38071338806292,96.98286175393777,101.09763716778072,100.70579994063411,141.91760554008286,124.58543981696191,121.40821882561201,118.42512616239253,107.72760625330756,71.18979977315712,103.88551791960364
684,26.455999827040173,74.16873081572571,48.65384799116004,65.59976691834733,63.29946313983312,80.30536614291583,97.48258505457386,77.89852214386259,57.92353909606621,40.47105863902877,13.09280333473614,10.223519510917043,12.876039901976483,36.84277818713785,42.91510356299383,104.91156159815803,127.52170187640685,127.8208243070952,108.85426241002205,63.969274112889075,70.56501470093522,51.931731783754756,27.506607814116116,56.03594811676338
685,94.58144404755822,5.03798143647267,24.165607035338944,29.04242352941604,40.883754901139,64.424239590973,111.78405010005297,45.41375462200255,74.6743535994978,43.420710235952,20.888527647285052,28.52355344942211,41.96271152971272,13.541715515288104,21.95791476639353,46.182224287126026,92.9509656516216,145.61237279043408,114.82784688568292,81.93794545201041,89.80701281710238,55.11542332999126,37.47986657608935,79.50590559961014
686,2.7666628304998646,-24.47510842448778,19.279091898970723,20.815328864570944,2.625416384124904,50.10988079493741,66.38985521624875,44.90157710926158,25.715011446514964,63.115431304063314,-14.487980829244663,-13.495753222324275,44.779804416077305,10.57424906974029,43.62961963044398,88.82279660983494,108.79423957836673,115.93557024625817,94.4565668705086,69.35119970136691,46.47881507731597,13.08105054525619,48.29420360708099,68.6270341886114
687,24.924450023446724,-10.254976022057377,57.4894965710434,83.45170738911408,107.56789184098547,85.5783026985518,126.7357991254878,103.38086294400495,77.45501082944986,49.15678426698894,42.985779424195826,56.84608723151603,81.64903358924663,51.23652869698611,70.45853492203175,101.14690292403299,68.51643011859736,100.0013784236815,127.40752703834326,69.49740985552448,75.24641150283162,60.44207557665854,19.496406100761142,15.759398876224694
688,-25.386720554622244,28.003179192695313,1.9290435082617492,66.14444683015184,66.99457064227352,90.06492284765089,110.6526210685568,43.690504184061766,88.56356023513601,92.26549864431324,83.35083846910666,56.70763365682773,85.1824590999035,60.67649765368364,58.192762193787125,81.80979704701744,120.70484174184034,142.38231030301927,126.3867152063178,69.27561275531076,144.8679910269121,164.75722239222105,113.88153369411002,84.16405095066088
689,49.42751050597859,63.77523487188936,26.119999503526387,64.47403250155895,75.54306094537755,94.09516856673055,115.36263503703731,103.0196466570668,117.12166324246493,82.58654053967963,48.09457846450521,14.557264084839925,49.01429223343576,72.41755688375514,64.63168434835943,110.8714626397987,94.8761878969036,81.51075134826186,83.38794171145629,69.16745150286005,94.96408283873603,65.03303718115978,42.511603593408466,66.33853921118939
690,16.645255104221647,-11.182612333575783,-17.557475689194092,1.8576093643718963,50.33455979170431,79.49982814478915,96.47645970342103,59.33204913457554,50.385244897265004,61.07165924996556,48.375230610679175,79.54321275336585,87.77104975428563,104.71135884732574,90.7403664193208,88.95995208084041,126.26096017928606,134.39860626449922,125.4097109376214,91.09627760399356,128.11618118884456,122.73665397160461,91.15188582788753,122.5541137756086
691,-12.928865338417964,3.3320040898576693,30.83521945174495,18.246531101366596,35.41935008347208,75.90369126687271,100.72027553047043,60.41145729414025,64.84261772166619,13.962686168597287,-19.782256592318838,17.535884083941774,19.07068349456467,30.478421861611878,76.33131188278941,87.33050196806005,82.92583481562362,90.48060334350558,134.2062010237363,110.85506299575317,243.88038552558223,155.5743230044053,145.8431562876748,152.55922930820225
692,43.34466827199319,43.19208552064876,44.557924640980595,21.475713162797565,106.70534312379594,119.62521749860083,151.96678096310325,79.02269720573213,89.66681454001197,92.1370673581658,153.60073223628976,98.7558636001842,78.51510969759656,37.355835303048345,87.04956820708492,105.45992009494132,117.69002187746862,96.05817454798407,131.3557936679671,95.42093356917411,94.90999976564294,85.19154991363146,53.02548554108165,94.8706974852916
693,25.10385725266162,51.7228691803359,52.28877404457499,62.159735019235924,78.92231843379088,127.4216358081161,149.46065051211207,140.50965817217696,99.03763428883708,62.60322068134216,60.67022797847357,48.5745227181924,53.432155494564654,69.15001657378338,93.04046456388465,110.78592221924484,86.19382380688738,117.22517564258537,132.63816938569127,109.03501105160487,89.63908097564264,87.20591496461523,59.75287361338048,73.87447496226609
694,67.19085026035799,44.01040629006596,32.943625128542955,79.08177569485034,124.57956571366458,171.07719817196534,165.40521397117897,101.01748863673275,82.06086741205768,48.15640830355762,-8.714824705435738,-0.7016069569951568,17.35764926240168,68.1052349368289,88.39440802080264,100.5591961379305,120.81618112567402,130.18221104143535,111.27673738558964,93.32363134047426,120.6515569922398,113.84532995596152,85.34355723445324,96.65833179762583
695,92.30355465749398,57.50055970978826,43.4087934663857,46.98242474429879,59.31004383045317,104.10516292311866,151.85235656052018,118.47831215891868,101.39072359699287,99.00348207388338,64.27017858612746,12.082049041465368,44.919476956197656,61.30928434174536,44.06078784885534,84.55467809117634,107.68334540402283,110.15866781299316,108.63542062671084,82.15255402307517,106.1099576093685,77.88643694257661,51.408040310165816,48.55768067780028
696,15.581823284665724,34.498108795920544,73.71164335633937,109.94451407603081,113.86691612845209,120.88495470016585,154.6111506520159,145.96785796669116,153.13210381396135,117.10372663543137,100.2316352768888,86.05231487466793,129.901796614565,83.85226503182109,80.97825393222199,127.49803568601217,118.89100807279544,55.46466002612836,103.9361856150829,-7.641696051536897,30.849668750597573,79.41642057477094,12.916418096405273,31.068223427188954
697,60.540440155024044,7.546063724201822,13.332260537982606,52.383841259205205,52.88189954949571,73.02116616347797,121.64238817374311,36.06617384332935,35.40792612530538,62.54841023448023,35.11353709068743,23.859012889088643,62.34663620319531,76.1491563338953,63.800065398564655,68.36747407577619,52.11203915918277,50.729876627498896,51.24884000838148,43.3951398193432,120.26759840759405,122.01758594441569,88.57324945956864,112.13077220314261
698,18.072867513574778,25.553073879692057,40.528941389515495,39.636729928240925,57.4830950721882,40.67256692485582,80.13648637113593,69.8836137207937,84.99615700899503,74.68939725461485,55.44172019786281,23.432237501277047,29.36075802470029,34.09282988284172,2.521696469825258,16.600265644479364,48.65794973878279,101.93437045476705,77.4084984932565,72.06260792528938,11.858489538845916,33.24814800829185,54.059578617560206,73.08235256148387
699,45.2742375459861,32.580552953952,35.22635409192637,54.67494155154303,111.56177084662814,111.83965438083585,106.30368294427635,99.82685438364001,92.14752926041135,109.85573504607096,53.374268202355225,53.897276056297095,101.48475581374569,90.41392577146043,95.37821171765613,106.92442621958308,122.98627325097044,217.07504321558565,188.72485285088266,137.16144009309897,126.6553522320759,46.679567995261266,30.38147418832431,69.9985943776996
700,89.46212388408392,51.24722406820604,55.29304075463285,212.35812526927967,195.92115825317688,232.84182205759555,264.4314043147068,181.39075240194634,142.60512800155834,55.43024027445467,73.8836512292726,42.89103341753084,44.31278948010451,50.641741015823136,55.298191222361346,62.620345226573804,96.01632754964224,123.24203279579653,121.61938549791734,121.12854654496971,101.75202829729783,69.40789628300594,68.50007204934158,89.63307767650019
701,0.23163582603459076,-9.641569348187609,36.48094995662819,64.21186796186153,49.61122131481631,50.27630593385467,123.98776427263516,99.02377370578799,105.10499503469548,22.267935817525377,40.465987930022195,36.47903932116085,99.69287891141866,101.32444858154206,73.92620808980642,54.02859259708191,109.04754399588043,91.93915253527884,123.05237062590311,140.1219015250704,138.59987382757652,87.93299217757678,53.49140822876387,104.09126692154382
702,34.499735210191375,40.7418576824691,45.90012591081329,51.834126160520775,19.94750628893496,51.348146397436224,114.77940760912885,110.40041245838626,134.0227875220502,90.90435364005879,84.27525426363755,22.579464150882554,35.56602680231738,79.53715859109556,78.59266171771245,109.05829907746418,127.6968464866093,108.846874981799,92.57042009335107,96.52712168639565,109.70019295389314,66.8349349804746,12.223007898139606,56.118245606077075
703,72.8920847966979,25.227608696797613,29.833904073320443,45.55362378796729,94.76905779784445,127.94423939923044,128.84271151978461,93.6930952087757,45.03606558146576,-1.4809459390301214,-6.446499732581948,-20.102645624590558,6.934680300723727,56.28592943462398,64.26787983250802,112.30330218961409,97.7207814160453,139.93399031444758,128.53461581572083,93.44730569396766,89.80774214047607,37.24630305201107,44.45006415602693,81.4554202319155
704,57.867006287673746,56.33018298923609,40.87924351772509,36.47765309480747,37.307259506325174,44.997703875601374,135.48824609308122,79.86380638941588,65.68548422999052,80.57664462530403,65.14731279035492,38.97039938279202,31.16584469024965,25.619288847482267,64.78067667405254,99.74857421285814,117.12611714013335,128.3121717119625,140.56368231290838,101.89238593683821,93.49085248658744,39.60334933543241,140.27485226963267,107.09259753190477
705,32.174948346258674,7.696634247928692,14.76919852669917,61.09655355254078,99.76695377626234,75.03540080372238,72.48067984386157,33.630578779767504,37.89997690412027,27.178586981941827,43.73698295680374,58.339280927471165,61.12797015031114,64.10405211061968,56.84585665085265,89.32447184348561,102.27155599964918,160.27287887616137,141.02252375407497,106.42301043372879,98.00622362363872,128.89754633491393,53.28206228415693,71.81775654098301
706,7.133111853057969,24.0472954394642,45.001102422704975,60.48840165810217,83.04967272850214,70.98765566986566,70.9684823498492,39.22975846661708,50.919716919179855,59.131965920975546,26.19215885534267,28.258868758672463,46.97371918924018,34.73408803734628,26.565217243868958,57.26835632323399,90.3918406302648,155.0115079145951,141.07151538578924,80.51845140677918,99.324031491579,76.90617635334004,65.23240218735391,53.36347761678284
707,9.405120017004062,6.752878418423187,34.4300495546737,23.45950193945008,52.369939174038976,93.48421233355417,111.28609342750265,121.43522176327482,231.22626026905758,145.73452276512268,96.77141718779907,73.2089706524404,102.40343542550387,85.88339787703262,130.2521784528455,111.7342037772675,99.9160270783301,141.17599706744815,132.3550472879227,116.15089473309196,136.9018122136671,97.89659195130704,64.43632223163374,75.88476969981363
708,21.54229716809052,18.921755968984712,33.685079728658415,62.56540557088968,99.58775201257185,119.62340887266575,66.40354707308859,69.40826968682342,195.430074774153,186.08942315734234,94.32904184740806,89.51323555449926,78.29803446039976,92.27612562393806,80.10645444899596,68.97598569510254,116.35984959976477,122.50949618785386,136.8912256261233,104.17342474485199,100.6191143429458,97.8636304832464,68.5047023123385,52.979801882520974
709,33.68329512117057,-12.397291621928787,4.8775565733998185,-4.907130871077712,55.95090872456906,89.17234503924827,107.39914052509015,94.29952416396459,54.54508988352972,51.865919390965544,1.7426105552841378,52.87432028768482,34.51526797262044,36.27329542654169,74.62961832105866,78.48963726188146,92.23408009006846,117.17520520727153,101.52951161334501,105.43276595235002,57.99272279217396,56.2572182018379,51.56896847736772,64.13349091343565
710,28.31753251275498,16.18402115832928,31.69139175391288,75.19985041803166,95.27288628283746,121.41495924865987,142.11388072475495,100.32716198959949,91.09015456208536,90.05623699401295,53.61098323821413,1.2874765726960433,21.369965002004925,47.03017262221003,32.175767194811016,42.94665210807415,76.55750994832766,48.266332858308914,89.95787302110465,62.55349657712469,81.34854011343849,37.376741789915805,71.96937464116293,80.80917062617343
711,21.71914512159534,42.01569956708998,28.293890854118473,59.34272768993726,76.22537934568315,65.54842883028701,102.70283550032221,103.5127361988759,133.81037213775238,117.46927077598221,57.03828135549081,38.28843495201621,63.40851111231189,47.93242628664309,78.19164669186733,80.2003834207218,86.15786826210444,117.41958685730658,68.50470069351844,28.441162522145035,72.19559060842877,57.077062889537515,48.19717212580045,96.74707716177531
712,-2.080971214917696,24.32863910576846,24.66190260136299,51.49415567474465,86.78910644164321,103.75079873035514,143.60790933588936,125.99287678431702,82.34657619859931,83.9320548777421,54.305530150270236,72.20954103982933,104.2697512376904,105.8913347853022,103.62820572360197,143.05983255108367,103.4886448229358,112.76059301800173,117.29344516353896,104.1359181211296,116.3070370016602,123.00365621421751,129.6451179034245,133.7079643560158
713,-38.87568406702617,-69.89108583394153,-19.991991645501308,6.177593473867056,58.09344148143744,104.87164583402625,92.41726281730426,49.531006235523236,49.736373068578686,5.909063143754842,-18.214792966705595,47.451897971092855,58.20095089446959,73.50868714417356,75.5892448540443,101.86952193944042,113.77432539078727,117.54069223095406,186.7941131773003,164.55649360797742,167.50268378293055,131.2643474600244,118.74272459125412,99.39736054612536
714,82.63451697539294,88.80162072421496,63.97783147409115,89.95755112913645,61.49919183964906,38.97501845414918,77.51030170939075,5.868237562274871,21.734768658494232,9.622925581011017,8.253813295828458,143.22795537568445,161.06068626880642,151.09951144899955,140.38200223813521,120.93014457966079,129.7865041573672,171.7284082837536,165.96892203479658,111.45582824711556,114.307320159344,54.98969172747245,45.72221552958733,79.30536710189062
715,67.75461598905517,77.13857088252004,61.585469185806545,66.7208031725601,104.49353609340616,88.68501038637308,95.50179443996512,47.98965118835041,96.56647085799796,59.52687215638795,83.54050669164972,68.32450195959285,150.26550251231987,156.64438072761632,146.91830486921526,169.37020005476535,173.6907064356339,167.1230425590295,164.59865419132527,82.1104599269657,105.58888132529381,28.808980512828768,-11.915681612202228,55.75741602708112
716,97.24962915572674,68.48664756127904,51.93965133527965,72.01695777823244,101.78806289902546,140.12685674765635,146.7251876159848,79.0868546657991,58.68050896439668,30.243288932519235,33.1805050682006,57.77314179219164,41.2915788129629,47.42287949451901,87.89493646948145,103.22094824832881,109.46059674533674,145.20793031857463,166.08078421808332,81.6232061199668,56.71937983330737,60.02063385134467,87.49244730650852,71.22407092452187
717,75.11563313285393,20.37158142286701,26.79912413072374,64.36829179240635,127.79920438115447,169.45609467200728,168.92708178528048,104.7406444155547,99.04741843494482,76.23038576175976,64.72723828451139,41.71335911328085,91.3983425091736,70.95422737186772,56.022156858818576,97.47679692239527,136.0719671897415,160.39389481099306,146.81081600539636,105.73142237063783,122.94600727693503,81.10592363024979,90.51855018863995,106.27271215105745
718,20.015309483404277,-21.269237119024766,-12.162572762128377,23.054060365916435,87.18928100169327,109.04912554426612,136.29978987037777,122.18388538090426,77.32434718031996,95.84503777662655,90.69825351929941,85.83982388038271,93.26275458038648,82.55829816278127,75.55471574042102,101.5380335194839,138.5550710924119,114.20472835230692,91.50401858656079,54.14963742064921,47.57568365106093,49.35234040619277,42.055551895695785,72.07854356172655
719,46.86891703230876,35.01700517366264,10.125638063604075,11.685183223846607,34.67149118460194,91.27334651508528,165.63588190699517,104.06381610817719,79.75073261802551,68.94541327641014,47.142586244681986,80.28156151472399,127.57985888089686,115.10260761223935,33.18945372035627,103.31971901274912,79.80272253236922,112.04186888832837,141.66694085904115,87.80303689718193,122.3876795363376,107.39253537083286,103.75500458201466,88.1889597118709
720,17.576398338748522,26.760625373629438,60.00265653298677,62.09412375936743,26.17558540342239,43.228340497374305,106.86434142872837,103.74692156017875,106.73936475599433,105.79371950519902,67.97194675625633,-10.683065179376037,71.77007544990374,131.38118553379982,125.93395107226719,139.67712287136825,121.80901875722793,138.00442278234334,149.9979664119293,104.68893327031135,120.63206420925509,147.04939950261968,151.855793996137,104.09612460379856
721,-3.5470264398946796,-11.189717172433149,9.799495116363808,-3.33402185853744,26.474376349981434,79.89025840169467,119.36105391556336,61.43164905510678,55.96541187487138,91.6288665115853,80.4819249701275,92.53036545821482,101.09298509814485,115.0027166283926,64.12393101092768,74.7176943255969,146.47869162028363,172.35514045567808,144.88090498665116,133.6017883541043,128.10926593093978,86.67030801259878,70.91474802743491,40.73881013751297
722,12.693950332771003,-12.527573801981013,-7.604272976679468,54.226109587724466,58.59064606566066,126.16630739457305,156.39355069603684,124.89866728284034,101.71720184807644,78.08854372181246,57.61205108792571,29.70892587025066,68.6519539554356,123.21709091586052,126.43635293852536,136.83956895533825,102.1820480161054,91.08136198260655,59.48769527539592,99.05166446763798,89.53571751979192,94.57263793513081,50.67629451117274,76.74839308699424
723,45.665170893853315,30.574586476048683,15.524864932741025,28.764075914084742,64.56386704539382,117.67065096102912,95.81964873253109,12.196051805956017,39.749786273975204,44.75766404500223,-11.202412482447578,10.936986027509036,65.43726174005525,52.77530105849828,40.254615068276095,67.65751748340008,67.65775812552366,131.57163169775217,113.23374768084783,90.43947744713589,108.98111301785727,87.80462599267996,56.7492719001665,52.948817317980485
724,-12.302781311154192,-40.62105521246669,-3.46803710282191,3.7080798386666487,22.21842489686776,92.55122156921811,134.182647926341,131.54527339116675,108.81089615201105,82.92926501515947,51.37377590876182,39.6031513807706,57.39466045685792,32.963661186715605,62.653392697808904,91.2021652552291,120.91073380399352,159.45208455982964,146.19822334481375,94.46328656723838,89.35887196487265,94.60082036163624,-6.033882028529199,33.199852589607815
725,41.15324145256892,49.583644008844104,53.80270755817111,107.8338984160489,150.5269162916914,195.7513861392677,227.8805667523314,131.35756802416478,124.80441500019975,89.16548109426135,86.83240309513623,113.25181469648209,125.18298641301995,108.28615137967113,-20.628262358832956,36.74316360164606,99.73556728030445,75.30787084397909,133.5557404497254,74.48359914055146,77.00811944488845,43.97200274150269,32.01301840533127,63.90424006100807
726,-19.704496462277945,1.7318209620645675,1.8090754118779984,30.7252091874789,37.66375010662352,110.01923329598836,155.8660129373083,86.80932870834923,47.3759412589033,35.68495609093812,42.413736380198145,24.832872862093858,86.89264820015191,47.64212386519675,60.351687222687985,74.00981785649626,47.7057042148535,107.66478452441521,178.8355525221806,145.20780579746292,103.12896229514433,16.925525318024256,-6.918007450892183,28.8038115488228
727,-39.76388394902904,-36.30021938568358,-23.037322054810517,4.549882959932916,30.24509892821721,85.85101559554298,125.26504393354693,136.68085094029288,86.82882772516429,51.70126772017063,16.381275840700383,22.67049643643376,69.41612635456345,19.25534286960447,54.339101956725415,94.14286679714489,84.51022754521051,98.2596117391829,99.7476149487473,100.34107401258215,77.5652651731248,83.01062740363297,49.64209738454196,91.08419519774363
728,20.511591352216705,43.31959695448984,57.46797747316131,43.51443633905254,71.52688271612644,73.3279879103221,101.4037894864681,63.22404647916833,50.50333699001306,44.21167425413625,64.82461695233386,30.062275494715642,36.251120321703795,65.0940347317109,112.61601395641198,122.90153803949892,166.64449851781936,214.0352916828465,213.7324831769667,150.78556836603747,130.9411066263356,72.44445048336392,25.76732935677326,63.43405629777061
729,35.40460746663642,32.016759199480745,57.76935901583016,68.30811147037926,71.21594173989891,87.11385406741263,145.01702423853442,121.32959858283257,64.25866557822238,58.67182786842477,38.4792517652313,56.90742269538751,87.03042383493519,64.1995414293983,99.11051540114721,92.64505130969613,71.97415371095977,114.57345495352865,125.62800350329108,121.2627866263891,93.51665511469407,84.68148633959271,57.302652515659396,125.84067685716089
730,81.63681629341207,49.067784703303154,42.87740472454232,45.349761931110564,75.2621967832645,95.60409898687011,116.70676278183261,99.09797188028469,97.0035445064201,64.20243890945684,14.44808211041542,18.17114819380537,41.662701228350876,-32.095549448670354,10.225545079436728,65.8546886080119,89.90803809820869,108.37792614893941,123.92890702738778,86.62163324319975,86.92132719477429,84.14603659099924,90.45156393596906,124.76557556556894
731,31.48847707143222,38.729489299165266,17.502295205281836,-9.879030362026548,53.861958676291835,95.45975423884775,112.14230721213136,98.51496116667954,63.69823533377164,85.54349307087483,35.53181251771372,35.1075158402045,56.62811448276729,58.963757221286734,80.89899821559383,52.96916982798324,99.90372396120274,108.4655813119564,137.46114480252996,105.93307688482741,122.1051214050555,112.48466226942993,91.30410639033653,101.00369274961913
732,50.8904679585424,37.07573873905907,54.29948067110908,76.99533265758761,81.08435009338504,107.4342044337046,131.3226817645907,105.34530019591979,69.157823935725,58.41473220079404,37.9793670917723,34.83245977984714,31.21370543662475,67.78292047989515,101.45723156497974,101.6663447763829,114.06617338252285,199.2774776792072,181.2690460631444,123.4521754118937,109.0469016434945,84.88294163757497,52.608844500522714,76.51342238741064
733,1.9322019794981315,7.6916832483840665,6.811587451007846,43.09543753919472,93.17735329919785,123.0819302898781,157.3029857497671,104.221507910338,107.07085921806907,69.97146520486139,48.17406842472186,65.46332913182266,73.60734360928832,77.63181760631613,88.81031065353953,101.33364461472239,89.58078303555723,146.1084630294156,141.29472015767485,120.94462212457995,129.5764568610508,89.04992417177654,77.86784374403815,83.79033868475197
734,20.219650140826857,7.926101644873135,-50.17975954214624,57.51361555642562,99.83048092761351,195.97687970910948,169.46402076932236,82.84076097024416,86.28591087459763,48.186976605867315,55.80963723349564,88.856899866249,106.94198834432554,115.83645581824437,137.12876648745228,161.74452247804595,170.3126558053433,137.4979913573902,139.38101127314508,69.9741688854429,54.62138399648574,59.91350860948659,84.42390218604204,82.59155514374227
735,-14.290876532963388,-43.15876648180788,-51.79214151808468,-21.220967016500282,-18.905117066915054,31.69940416057655,98.97637659537585,106.55564523505151,47.85332421297516,51.437014222409275,33.838452637132825,20.491732691619653,70.98121342264749,120.85869760741586,143.9161241765152,105.68828192158406,111.48755950384606,93.36220236478906,138.74706254843136,115.89690966068483,122.41370371222088,97.72166451085175,80.18421872807414,117.04577699842946
736,82.88857415447194,41.44333834246564,34.654941843795,42.06393323077545,64.673214453858,52.08748082882407,102.60513711870456,45.56669507244882,23.165000472199097,56.81589831745516,61.46773437233778,55.516161827355205,49.50498928358357,36.722095279780866,83.52515139540301,55.19195701916211,96.74714438385855,83.24260048139811,83.1093985757435,56.93346267493415,67.40626415817502,80.9191032699943,72.41481162544505,108.34121216590088
737,47.06719477004047,42.08435903429162,35.675294646337,38.686641610047346,35.202981150327844,63.16169964589371,76.95665284073642,73.21594972975058,82.49292154945397,76.83970745710614,14.481852183238722,14.979345766413466,31.06966282068349,62.43101525478403,64.72518683086297,94.85154358791907,103.10426560798419,97.1035406634596,83.8542777610894,115.93936767107115,113.96573153076554,64.27242228546639,56.16621401810568,39.551593039856456
738,20.819211708355265,-18.6676162185609,9.225113176582653,10.862441859253401,85.1135174012285,146.02910668546156,181.0862307367552,158.7321176517614,118.36548673534706,105.64756863706677,69.8693885370037,88.51019310577203,125.90784925524729,135.09704582455072,103.33843454073222,136.73412792275516,201.6343254200247,228.74262772354237,209.02730298365913,158.25463481948117,164.43868435828765,125.62879909976519,40.64577155240409,91.02649646955638
739,54.759179105758605,23.694370721083928,37.001776101626454,62.73586372410961,52.27809097826634,91.1399722213366,102.93829090539917,69.69102926713909,97.11327280164214,106.54703503144192,53.87867085420285,81.34291136198445,74.43855217519844,85.14547609654744,86.21569591224824,126.9709911888191,111.77213583611702,144.38362227184993,126.31792136594665,99.26429666223893,91.30239210118418,119.33593696884009,95.59611911797802,102.53762047960795
740,-4.280218290099597,-6.666567744125707,11.083781428272466,61.10604143298576,35.780969324177725,70.20189281377027,71.27362515148327,72.91932250966195,78.93485965788052,64.32833494699612,6.395942358488121,14.91691100770938,29.710039008915814,15.055414186845269,36.369421559679026,85.01444190191829,110.12649242094943,117.5373897332147,70.54340304863125,75.00072920869277,59.09566759440807,71.18428612757756,46.13846239645562,83.25821957698146
741,40.59587457797088,26.386129944795467,67.05395807913251,28.554659152077953,59.10666368126704,83.38860201833927,105.00124268398889,96.03893373050833,101.26699265353679,83.43919539022274,58.0926121543754,56.900421768731135,53.375386156306774,65.29893776631599,48.79456116115356,69.76230229487588,114.12565499665223,125.3158369994312,82.03207117500924,86.64194346680522,76.7582571840156,40.854622569718536,33.288360087488904,60.547527244003646
742,28.352072495548605,36.107575719147576,45.22198675699398,73.25705762068871,88.290648783322,123.7339737165389,169.53661406823986,124.24842687578587,147.76125211839212,109.253264410261,122.55571512116873,130.7422441166416,144.0739818997259,128.11139186755935,114.39767876962034,130.732595213718,164.2195071862895,168.55378448435485,189.71419594612956,147.87238617366808,136.09640764499662,112.02383718234826,89.87676810196228,74.72195962962567
743,11.477478296582852,-3.9995719690191507,-9.58168832024495,35.22345823903204,54.34016504948454,57.128759696291176,95.39192659346412,91.78346363757646,54.63214484471486,60.637462960915606,28.277520548032232,4.9775649524016075,33.45991034630814,59.6254461478358,38.984065082210364,92.7412620692487,135.3080518782979,133.4477046265548,98.30067642749972,111.75271971444397,102.54625510070977,78.41590435895684,46.10472343325922,64.36289581036377
744,75.43895347557533,39.714542507157496,24.386204435327215,28.309460836879637,22.129836467260162,49.86096159648532,72.63513380146333,70.09002154263533,68.35841454321564,76.09916991009446,28.375149742453324,25.371760448478973,68.37361249937892,56.94704288186766,29.83868102034218,74.16962788262708,110.64456201825242,107.42643205564951,110.25972802449208,108.54121564215014,121.34139017693465,117.46361599405148,111.33259803442384,79.58087241226066
745,9.165286812372454,36.63881025628099,16.930908392774644,45.82401593202766,114.95508249470257,170.37011166266848,172.87091600673017,157.38447460482763,139.3656727986925,120.63647208238783,81.02609085095087,52.57244415586453,76.70333722726136,110.39909700029354,123.07300890326295,134.40531922121113,154.94770574321115,179.34742802842757,155.16911111401748,105.34644346579168,101.18855642483436,66.3708984445738,24.913203026019758,2.1956161298759866
746,51.3871075063744,29.3293108443801,67.61083086485715,55.06580825667678,42.32860079279464,90.84522227561804,144.00179784703195,123.70240193576558,86.4321793045087,60.38487126866394,44.538174516791365,29.504349464193265,59.38498464524663,13.768247616093532,28.13406679890845,90.00848494085355,107.62705976928014,184.23594395284704,195.12740947476104,132.4720950136766,149.33311324128482,116.48968988285831,82.83176536963772,85.74970322706838
747,46.05606553765792,12.944594526323709,6.565826273771272,20.394193826827976,60.45022940043167,85.9263427333211,148.0946091474284,57.019869853610345,71.54409474832829,40.417451804198095,44.46546416905132,45.88620737939428,64.9519020133355,70.21437092207017,72.20161830887196,63.3391279911364,115.28396732380241,126.44830789561169,124.05176604102108,93.30961906519595,67.9406224651375,86.1464649520415,26.16570970653511,8.558072281745453
748,1.3486079950832277,2.218572357587586,18.95518135291436,76.82965433713603,81.28567819451317,104.11361523263629,101.95961718218253,41.10140713399153,19.7947507418114,18.989567563702934,31.181446839602305,34.99994489482962,27.023439733542517,15.51448996507078,6.8398196798909225,67.55278392649126,106.61343908359066,118.95731617045342,95.92108734876763,84.23142699881883,124.85226856174091,91.97066721932934,76.35971779199635,81.08144353895347
749,49.050728943971365,1.406430949793691,22.5128499806857,55.38031582609531,76.16134429164791,99.69013219475154,156.79376232669009,116.63056653418556,58.34612392526835,29.691964221444763,66.64885250756464,72.95426159855286,144.66052164138992,164.00349638776376,146.12652647807897,149.24553555037016,173.84291709494332,176.02745644216293,157.98841448036103,20.06497104859696,29.71942966579647,56.75665336347741,71.79381474080839,84.15376154526315
750,40.73138592982867,0.41945661699732284,9.493564086725765,16.160306091839573,27.50785426360028,78.87108682340005,85.41698568182419,107.680556489202,108.2776324869986,119.76629981030555,99.06692680762673,82.67319559061343,132.99758513811264,131.6516601072512,99.19768801958048,138.45342967614081,170.71968358313327,166.60681238997884,176.24401744435605,184.42997381653163,135.4193538495699,123.35153146667787,87.2824267429608,87.83014083591391
751,57.22624157722887,49.22244493262466,31.195801141839222,77.10557632572826,153.06748719953242,186.2822523862132,187.56137196296913,111.56766344155378,64.70380755301275,21.21038487527207,46.96806491402901,95.98373451430214,121.32953169790979,131.78409750722273,91.83373033821262,165.02549583134316,143.49981212074323,161.78302994742708,129.0400720689858,130.595863478729,87.96528483434922,75.64729086876117,40.91124007847237,85.0091735517431
752,-17.354730724970267,-12.580892624098531,-18.36968672226488,2.3745126664252396,36.29495009780177,73.37672502221065,147.1496201738446,78.87325228169524,82.41702073006293,79.60467686398243,29.064567712304893,-5.652684401523466,16.534701987406393,34.660265859173876,57.17357300657304,107.87892960560548,118.64706254071389,144.0359859884912,120.07722130696561,129.66200355567025,113.31156453320943,128.51423316937831,58.13815190708526,88.95983664437165
753,64.61739247492812,76.10317019067139,78.58144453512698,71.46584734902899,90.76962484484281,65.56907893024537,100.02403697755298,53.69793261820001,32.927294325515234,-11.289496898482028,22.714213726923706,-12.457234690379913,36.47160094519945,97.59628473378602,127.65192901587886,178.97125817857983,158.16755924889475,176.1096881015617,204.93684188985912,141.63217643635653,9.469644862326078,19.251499702996462,13.145772543140346,56.80298414156505
754,-8.84901761098665,-19.95568488840547,7.218095253813853,54.378831892401045,66.55509038592047,103.34758104453562,125.73164464851354,105.33471427066513,75.78270176635336,67.16542359414223,73.49671801496183,85.14468689203879,126.98047892682878,107.32250114470521,56.29861719350343,66.74544475278763,120.37885011603049,132.60255622979517,113.35816650459857,119.53185814401984,141.79705517316353,111.87827570799236,106.18532053434421,127.43384752738224
755,17.64632023037061,30.185575353983293,64.16322886585868,38.89124055605311,52.39262231279157,84.17863801778728,121.45259819796412,57.66549894703905,113.65283479394809,80.14371893772895,42.77548618453285,72.71430976310327,84.11781439080855,94.92811133882438,87.60121379700387,126.94609501368217,142.13350277968203,125.64306268183165,159.14772867745796,92.84982017068319,130.11075241763493,77.80362145478267,73.09812210765838,95.51668505625723
756,55.83782015677039,63.31809159392225,40.88045419750246,71.90111223754268,57.52895814773288,112.47755941360708,137.92229682606714,117.25544676091232,88.40062751739258,54.11354461643267,63.295367551543066,72.31446809013212,85.93352092184855,80.97296600691197,42.92809644876436,69.0233099305917,85.11542554463887,66.21149008402992,81.99615887254163,90.87460268646834,56.90120032640712,31.61326878220872,9.928420605371507,40.52032766716809
757,-4.834193158365629,60.1767498065791,69.92415640053157,86.94836047509526,70.0978449720718,86.66433739046353,105.34136614471285,106.12793187133038,92.23061094411071,24.688678998644292,14.884931129440126,29.052588841611673,42.139380730256484,46.01707000350977,43.19868984722662,60.439109431304814,80.71080592336419,135.0496829320531,92.6467724138047,65.75651944541733,56.683726621580846,52.60718479215573,3.3220747052579185,-9.137080081376865
758,8.586385791318833,-16.02985668928664,-16.371579911275106,53.625671586278486,64.32637579765182,52.66276567298413,88.58327219004602,44.430730615013104,22.730127277411498,59.525292798611176,48.399796897377904,38.27787008033558,26.714582512742368,82.06175901552734,81.10128131500797,115.15409347188869,122.21220117375488,146.71881752183856,147.47544209036226,61.641436588764506,118.63174413021402,133.43498217673516,100.13468799800626,73.24670465440701
759,40.67362458733364,-5.680443334673296,-14.653713290227977,11.57623296607025,68.38223386142693,131.89460318365215,103.20805897789813,77.02107303082315,40.83307940781056,41.39826319416137,50.26895208832579,57.15650965203692,84.5135382056151,101.0765715364902,124.18541560097998,140.3338654347238,146.472608399677,173.8509106470931,138.81369538756434,123.90285410000881,132.42747963591665,118.66676409814409,37.59594822682746,65.93126282504741
760,14.556490962727104,-14.353431404789319,35.195636856161926,67.38997817844417,71.80237675966495,71.56809515321082,156.25372012634995,140.21197007355724,110.83643912999788,101.56644695551917,42.647009479628444,51.78255278445326,88.00492610006157,52.339585342959374,100.98103736185686,136.11904414039148,123.98775063021579,118.99636813206669,115.31462807924618,53.3620196245855,90.01634828724221,69.97557633765365,86.25484311140235,83.08616671692745
761,31.709173325697567,-18.69992412471271,-5.27897411042558,25.540140349296706,61.42056540765797,125.50734572378762,114.74113655243598,46.144805574476635,52.70828832679585,63.02496844105961,46.43656071484406,-0.9587753911461832,20.276902441861594,31.354768481968982,44.654402687556434,72.20213125845957,76.93448227344372,100.10695943275745,108.43504900715136,83.37607006071624,35.24886351440709,15.754001690897482,-16.01997381040045,-7.668091194314101
762,69.89404935508313,-2.1123589406082317,-32.078766223345795,5.548952057371906,6.155532197599683,94.56151711125787,147.6776392249302,86.24460049382301,91.04527180164678,79.31225364999682,9.873049223252245,12.956104540630104,92.87963325560781,70.5836599962561,32.148549551046806,24.618625546663537,74.64714014868521,146.71999376756952,134.88557846715645,122.95757981112484,122.9215132141056,122.59259667572121,114.00109324434314,141.21958634201985
763,29.533949599002497,29.2636437592223,65.11676600477676,56.13148918253024,92.52519624267362,133.05426313152356,110.44736198777183,56.950881716899374,47.19819155698654,48.18245088523866,50.237760555911166,13.505138332264323,53.20510598228623,76.96114701322374,106.49004163297572,88.63280504083683,109.44282539990014,114.19028609191697,120.97676367761139,80.62696610700269,54.485976168256705,55.24317625633822,42.52731035883049,62.33742255570873
764,1.9644794020698022,-8.496918522224426,40.95244292260024,122.85753524927357,104.50533968679555,100.22984208832735,104.20369370748506,15.295729980456358,48.66034630882616,65.58403998052344,48.68082878017261,68.79012489304432,89.00487744235681,88.20224625149052,134.29602007195413,135.88764123213176,133.64806546485514,127.00165831535307,89.15342429184261,109.80067435776276,87.92257376606895,64.54906520965108,70.18905834877552,70.15286037368786
765,-57.05218625103063,-11.126568635219051,21.36164291177056,30.82226474999618,59.85691835075445,121.43986373128489,159.09704489963707,105.13758586268796,65.36726511261668,62.09382060649562,25.9035580133175,30.794813633589097,41.237929356880485,109.07708581311903,98.15528117936604,123.25379006024326,148.28725281195625,152.549806732404,176.2172550273614,134.78610164785061,124.52144949313205,96.67792873659654,62.119636384039396,83.12223223739592
766,56.63416191940014,3.1791976631141985,-11.053568255841817,-5.42342836368735,28.58836266656892,96.45528426831868,120.83487121963888,113.7509287975383,116.16254667046029,74.18401768543292,82.55166887997342,95.70703579290335,104.5187320663376,79.88616698366671,125.27832466291699,166.08181445362106,141.65325222689506,98.05747108519624,114.63694295929992,113.34621138211659,95.00777571369171,52.31058560037444,5.398040176513781,75.87363254681675
767,-11.75317320482496,-19.997253210991467,31.412176754995116,48.28096547427247,38.29042395049522,91.56658509015799,127.67110123938583,114.06863769032176,46.41706552375958,38.52883615136583,17.616751480729164,50.042984143265016,18.158229791513378,35.96977564483907,40.811211363952296,45.87225773999518,101.23454859122114,147.73820119301615,152.44123748671677,108.07444952914068,89.35431047505459,92.22406446562539,46.26455236174149,87.14920310314821
768,4.933575130535047,-9.12637670064781,-1.7176333958017764,5.221454541330004,61.12236547180557,116.16236345034446,166.17443357176703,113.10491527043713,101.4622173999536,58.286174659804686,85.92466872176567,64.36255375346143,85.46622128452704,86.1735836899459,65.13135222398955,66.51343546228401,115.30220086440411,102.57893233626132,136.2118860862749,117.72849159699307,73.74821720633298,67.59545319331163,35.457473829934436,57.56245558659309
769,72.0659581759944,43.87465463499987,35.12947286328131,34.30764677000545,58.89745493482137,65.3162009973266,100.91390130289025,-2.3838437881417605,20.672824809361508,-7.111165590097443,4.2463393936832645,-10.448415889916376,4.738637517200715,38.157400719363295,50.56762102887622,72.68351059490656,73.47719979389808,88.4699035122072,123.97500866173324,92.11889306929078,89.750538944384,74.49746244530171,64.3594750083039,73.92936491718004
770,60.95523373128074,81.68010618351454,90.48220517097644,98.15224175530733,142.93316533194266,170.74543817644556,205.66415046333776,133.35114381482543,138.5577674099166,89.781785608642,75.79208291351814,55.219671410432085,95.20106785610542,137.64081098369374,135.0212085247583,142.96650489418886,172.19314477317653,160.5269349576906,141.35262754367548,71.76084390753535,67.97260084378485,50.23133667271756,52.83988567129161,80.62718456522295
771,30.16215768828406,33.09761296416227,39.49858101787982,39.38016821258685,62.46476952468521,58.249209075562256,81.89041620050259,56.74619744386957,51.10709492970733,110.92065619625,91.33779145353307,90.62789740180642,126.99492892127606,110.39788225604785,109.66339080552402,140.46249542925693,150.59933488213673,213.04306990311062,166.82837466302834,104.03906722855002,154.0941450089327,136.69622654202527,86.03087314650253,87.17645215037197
772,13.137608793969683,38.45172255976687,4.124526123867035,16.224134215687002,4.809766574620426,75.40636068288453,113.93194922051758,52.681645040317335,65.0042704421201,44.27794078937896,33.26682911026974,-15.865038279225338,10.758324254264124,30.92881849739578,30.651807548030945,125.31266564479402,158.4188262037911,168.68512753627544,196.66547150061317,137.06511387656099,124.0122171990038,66.07951584107501,91.55695019594015,58.07990070676449
773,46.57659420398993,28.500220975924943,36.62451757892081,50.315006929777915,63.27344089294031,69.60294947055678,103.68163219680339,102.11707717995574,112.5508138546432,70.33835555936975,32.048047589619905,-7.695908477013489,27.30936499671502,37.10293175078198,26.773011548589835,70.94326012519636,61.4320119818954,46.569857858390804,94.74562025249523,87.64288432150678,97.9329155754039,94.46286882663955,103.14762764196959,138.8755476751744
774,44.36051989294506,58.121450243161576,49.141968327914064,52.58345117236035,15.287794708396824,43.27314771827365,102.71733025697995,103.64993796908227,58.189574721302606,31.959302272200944,6.29879309072853,0.46928368799478903,61.32703299028897,70.50090466145713,97.93684836739824,127.69001015432586,115.38390195561432,87.59308475775231,64.21869112466842,64.18730017879572,73.46628026114504,59.712018525407885,80.00848363785235,70.36425785547453
775,18.56902790924025,20.468119329364022,9.370465871057156,1.5011584438440977,68.67704284162227,82.71205189043644,125.94688183375553,96.88937273055967,59.71607016427461,88.8882297010957,40.34991024377073,36.51020237911546,76.73961582028466,64.78312782563016,53.33007984321882,70.80241850606703,127.34208593544778,88.98898892986708,99.28528859642564,94.31932354616468,76.90622828096582,78.42008910807162,59.72651507569509,95.29261405145422
776,38.40662849687209,32.01425758201037,56.90614489011437,23.18204956485338,11.743891768652489,44.685414619137475,86.98909410511078,80.74099496560139,55.56840623919579,47.107229199580615,33.75545364723123,24.759734699328902,94.16222060121332,72.57840831905283,58.19650650393229,77.82702811009683,90.36498232669223,162.42060179785466,152.8515464349898,145.49961662036472,103.9079980213013,71.29529261807724,87.25445236532538,119.55165492119853
777,6.74594089798369,-25.88682424845117,17.27258521726085,56.66891381715348,93.16829312114136,84.37966564114299,81.03758770651145,61.680341887906124,72.15411650234739,106.6194359666294,47.543708755113016,86.83678801109889,96.02205009314483,63.278584224376274,58.57796045943065,75.61291675086841,36.748421214672476,75.79860593927104,125.46264659918843,121.69700594295983,103.87484949777054,114.24816585923267,28.094842794091626,55.27013099034146
778,64.27500069683622,55.71072592091602,88.67125276061634,58.60605080427834,94.79367366470449,100.63289470654428,125.8227022260543,101.4281127263378,111.61740522654922,126.39365236048283,88.62155474976558,72.2701423057847,109.65473468317822,75.05004366037427,71.06720225330201,39.95436704632416,88.44120757695005,83.58824382741841,82.38999865179458,84.548154459354,106.81858289191415,97.64604237007849,62.13885107035664,98.5116253764072
779,-6.470578477508276,25.24352057673585,21.33842223721002,15.614326085990413,-89.12471870117665,-25.54460690785389,21.289428123576883,-2.3635195490680587,5.784095165728431,44.410805968544835,72.8688700498926,31.506851071060286,35.356010328140044,125.12954729696145,102.16145784726032,133.77553157915747,96.38083464939864,82.15610219839121,102.30647350323684,90.60042201891488,119.45726526542832,94.9092964280828,16.41593968573323,89.49046463936212
780,2.603268527664415,-26.31037839875478,-8.816287917983104,29.756145606509264,81.97682560725691,82.273052766985,157.95274423978438,120.7160931673938,128.3714496510055,124.5466416277246,134.77397126544412,118.07878848676188,80.78003385444167,37.51000512803908,4.679423098550487,33.75257057668395,75.93965328816584,71.42315681486357,74.99554464729857,59.818241876716776,74.85716263548667,23.286852235104938,14.766059351407925,44.24733291003896
781,47.96496951682302,25.402640683257346,3.120599375783062,-1.2370142579432652,7.978652600035133,48.808293718148064,85.26849904864827,58.16528195095988,29.580024400969876,27.175247774856587,28.098399387632682,29.976244749211784,115.48094324068896,135.86052178021205,142.1990894318233,159.54402812538672,156.519231285538,186.2011662484963,187.0644282116296,139.18671000202272,109.29151342997474,56.483894699561404,60.84216162735461,129.4332850913325
782,32.90201707590175,-20.7161789085618,-26.273739679920737,43.141566843780744,77.03286553221193,105.61529480461336,139.3783703090812,80.11106774746796,34.06754759059425,79.95280556121423,50.87749311743296,49.48974137846436,96.76291848205133,41.01624524141568,77.49203392628422,74.15513320844607,67.76105329158383,95.57797544034963,141.76992586169138,142.44949459048618,143.671238975432,176.2861672038486,166.04059306792783,128.5059095629657
783,35.58271296591858,7.039354425459141,-5.255068695220565,29.09919168008584,32.113072159033415,56.97689049327375,72.54556899912583,65.1363880105981,68.42745007897773,56.01377105562379,33.338904049853085,54.8762360615413,56.479539487745754,67.77640214483532,82.91105893318651,105.28875636545736,164.50432256993574,198.70132820622558,158.93134033360383,98.57218490092517,106.9067313523921,80.56662227145665,40.33244177491481,55.84276627460419
784,11.897707748833827,21.95970219867533,23.493936164669456,18.722948464629656,22.124176412797915,104.27368695376477,96.42195250208182,99.82929031549112,99.68636874081994,85.69455687365787,70.13824143133587,56.47088815390801,71.31798448932699,103.41840068224519,80.88112888189941,105.3681409282826,120.51414216721321,141.38415413992658,128.92182685319278,102.91719808321375,105.34784387415809,30.074533765137666,18.88584766173466,55.76610296268444
785,22.02475301502943,33.429862947178265,81.3177774191727,74.17182064887503,90.6411142200129,113.28587417863851,138.3429717164475,78.21128583745292,55.77937534779786,87.0109908440006,89.0881939024002,96.80689231556016,152.7413570866194,143.88260691133368,134.87958780104844,128.48215488396534,110.34814725158573,123.49356512031864,84.4762706275163,61.21042517487407,44.93884403745602,27.737699551503198,42.68873734866578,75.944975232861
786,13.65809251616865,-18.60775180881125,-10.830940397029721,8.699605782716361,43.20601399184886,51.64638386952896,98.86552589395254,68.01302759316494,66.6747499960908,68.16690036441085,60.83588886644009,45.91420467104466,66.44120991485003,48.550492044277895,95.05954639325243,107.67170890439091,97.07665177919563,81.48920741026004,-58.79027449938104,-14.723343578340547,45.27076692310793,18.263776017143897,48.85471607994206,77.41657826992133
787,24.62909637970247,4.241681899519712,29.649316747940542,84.466914388944,97.35591597863502,89.80811531592389,92.43179861627573,51.5241366228814,49.586899662000185,25.449130881363217,26.228129986536814,20.798465617482535,60.49239114218528,60.88970266757163,49.40639634167469,85.5778918501263,86.74481230992534,89.51740226546644,89.60975112168526,71.7024855681633,97.4286972820587,97.84474034396706,75.51575229060606,61.03378740091007
788,26.48875599423573,10.756051427795812,35.504492304315725,70.32597202923915,67.74001441638981,120.07390488437315,142.32414879796897,96.36747754068041,102.35578953177725,70.99214618056402,108.46292126257298,124.36933685160028,142.75324128031795,121.08694117892577,133.16188227906878,130.31875225565142,151.09325903057822,165.11919408967898,195.2858333929292,123.68068212739325,154.16011164752499,174.56902099570877,162.6400105410364,123.14238257077582
789,31.25001781743763,61.314095028855796,36.265879433230126,66.70447514434858,65.21913271112092,86.38626555325422,121.8702862128003,104.09281312819178,75.54813538664601,63.41163321005775,59.52238013601075,11.828368002499538,47.67867271406168,31.152203559611955,101.12131213527411,92.123563861495,124.91241506030184,141.7007000151662,157.621582409768,116.91860830172959,138.55106554036732,93.91052786854581,92.50493540355572,107.09894989378188
790,65.23150912799072,64.89633210175981,61.88693787357447,-127.40773172766129,-87.1149821801825,-3.2178967829987215,38.24514420566635,56.10416737727395,20.204720451905686,-30.312281083747948,-31.9769604292347,12.047620474074701,93.847844154108,52.99579986573396,40.371942583140324,79.93934857408993,113.7736124920279,139.24252875969805,190.88503323377546,148.41618719440277,94.62913124164838,74.2755320109624,60.31840552383765,71.87621034779971
791,78.4850991596955,47.63567540854309,59.83867964695056,93.55187879138433,86.34298512174877,116.18245017010919,134.27555210604223,117.2286106021358,60.57077069217233,26.71743893810323,1.941851493373612,266.3519765780325,231.78123909418522,170.0551743894409,134.4964069745475,157.8025210622033,174.7672595300915,186.83287564109315,142.34298835101305,72.33840096993731,61.98737120427585,85.65340652358583,69.6494744984421,57.12460809634244
792,36.34650662082177,34.09607729226153,45.31767466856874,53.53127319388045,92.75506294360436,91.99135539804342,150.27910149342716,55.88361492940034,106.05087007376228,58.75421058535417,38.07214653814279,65.50747427618231,121.8680078140157,126.8557221587447,78.60501579688636,61.92799196308986,113.24303377720337,116.25090602244646,53.82690702775534,75.698928466568,76.4379855831389,56.52817088619861,40.19517688488641,106.65090658574545
793,9.929365108515295,-16.247247595690347,3.008151988925434,74.62607456361268,58.68492102653394,88.08453747110174,110.88200377385542,75.48819649922103,83.50355303469041,52.79223449386592,67.26162347475507,41.38353247611786,32.474786351225234,79.10050999115963,37.86633451367708,65.90459522687647,75.78775989648359,88.33239977543094,115.14067579837567,115.69605080396917,91.81297333557053,110.58777150118064,52.17836812894548,128.46098656458705
794,71.52294308348631,53.6601973772468,96.51089834894238,71.71711242541201,87.71417090053404,99.31022257144556,95.25372796551873,53.05048438510694,51.50320428548386,79.68317802064544,17.403314509219598,63.18261444699406,102.85852284082665,110.20449452968805,116.81319099764252,91.13100928450986,147.5918621445493,175.815660616331,131.7810727945507,108.37661707102019,150.6291991233361,122.69813530402357,87.9457563659759,140.43793121928792
795,71.48032022194795,69.72864712766417,61.681052514167675,135.24672357258885,110.84521828865459,141.68249976075714,192.2840183187212,125.80174097385543,112.51218143822462,73.96686930783792,80.68999928727483,67.16594341308033,106.86204294450226,101.41447147939378,112.7888723190157,100.33168908516629,104.86387154122343,134.51121413939708,149.5255825621533,97.49604596377486,102.70168895950482,80.7280739536963,78.6896982744284,106.98023012803745
796,-26.593832832218403,-18.75527541456394,18.707895080666212,8.192762644557703,72.71824032826161,109.66422915534447,141.26837343186918,106.33524767421346,137.10790543198536,78.20995674677695,35.57595305722988,44.16060610488485,76.91761316211038,42.36878057951054,42.559669562356135,68.17083985117151,60.911476910052315,65.12568457258968,109.62256471309168,73.19970573101583,40.80922376440334,47.79275403327293,13.651297156615598,60.337356575734546
797,-19.59087175237581,-43.62258776722525,-3.6906430488466597,72.74948861274882,10.033151287583955,46.85178139175042,80.50018294500858,88.85726860341107,92.90417292648938,86.24813676330207,42.62165991817397,-4.192745365003304,7.36142385151129,59.46079288551008,79.24752808995555,114.14739149695869,139.12644852791058,146.10884214871763,209.09630984409708,140.444251261165,131.19696971597475,103.90156630470065,103.17080252397668,119.74184629481854
798,15.186425165276091,41.51365162018928,13.94519140480881,50.04446288312851,48.385752768767034,116.38116409786583,169.13238343720562,134.21536934297401,161.40305469586878,95.94999974312859,28.890604061290375,69.70086716825998,77.42165725803093,99.62738049231181,113.32538272124596,127.73527325496053,128.95804996846576,161.31707879760498,117.16150477272261,150.85090757323806,114.54235575645961,144.77563224927172,137.74877155068955,140.5189449069496
799,83.52808118578764,87.59105338283442,88.83405940301431,81.62449656716595,109.08754661350022,87.35857365401918,134.8574338800631,52.81764231794709,63.091974760086615,60.191932397650305,114.0345573075544,104.07692402990041,122.42436927896203,109.3319430297178,88.17660971911933,109.77137946858643,114.20242431856086,135.22653022203085,144.35732986028472,107.05367136012761,98.94851868218382,123.01941306334325,59.671167556769305,70.22198926746316
800,58.51480307198725,46.28776059042134,66.09629706072097,85.45034102932235,91.44040557119335,101.90226440787998,120.77008281431289,40.27058709366837,44.52516938079946,36.78711137073783,31.98744621142124,51.317535743733785,73.0957695880149,70.87991457169055,89.84666202401668,123.76178611814194,99.402326979985,108.44438167714617,143.1118470867496,126.03129651378343,71.1202611394431,94.24184610391731,105.96900848759618,155.17078600645428
801,18.19164702631086,35.73016764463401,31.187978133294173,17.577792476246216,8.456938723560775,87.84381735452766,95.71674062416514,79.91838705971657,73.54196670360082,57.42885895078868,30.315114421353694,-13.311872102578079,17.605327792352924,41.67779321407784,73.48750678153357,84.98499562074488,68.26923427022297,120.96122189283263,120.85737002729562,63.39001576801659,98.60977350743086,88.77926278055813,47.943920904100416,76.31278855753749
802,64.34604138603815,-29.092334317414995,-2.42523171438431,6.4861292091113825,63.88985198182661,89.425325462364,125.02363990500456,69.54250090253969,167.10173801260743,130.57518617454969,111.67473244348506,91.67781882364972,80.75834473444137,125.19234538925728,100.01958925394226,46.7732864891447,81.9176876936167,94.38039586276604,121.46788264359972,75.9972538934874,51.600975934172475,58.89210826209525,2.662823270665278,51.11742329947422
803,46.82073758224212,40.58481811006547,53.26853215175314,47.37512896198277,90.30694840864938,131.5561698440067,167.20932621248406,164.9678451422597,131.12524336940385,65.47898318840015,63.92900922464062,49.20261449532831,97.7000285595451,108.63835961771937,137.58894039413266,125.60040170809641,145.41301348819135,131.83826305326755,120.31772284951214,121.10238437913185,89.20714442051317,63.34908137855043,14.744914451225362,10.296068501343598
804,34.09774565628247,5.1601597973388635,5.91202886369237,20.427427012326376,85.20329148128941,85.35176507608693,133.26400619970627,118.45363863631881,82.939789835901,48.31129904860152,21.82607027744889,-13.12470588805008,42.963182913716174,58.73324582971743,57.51948177900398,88.29243774317025,81.6416047444794,118.47416240190714,146.3320584899454,145.12384421135295,95.01471577623235,92.08474133187252,81.82511874003814,115.14377736030029
805,23.24853191684936,21.828070969031867,30.831779148216164,56.70461656544031,65.49458750617825,76.08896850376301,80.96627575021965,93.62158139707907,78.14070874454727,78.16211183270886,83.6954600518313,93.8121447472358,116.7689402279478,140.771398933574,183.04631835871638,170.04939644092332,150.2109070899691,172.65075567355365,173.75678322737787,106.97147819391616,122.23517230938054,107.27155086605448,112.53246341555112,116.28084953977401
806,-18.068850217709127,-15.11176362422529,34.41954003057859,27.64667454204365,99.44571471318231,102.6501190618048,183.7771792378229,117.66907152796843,133.86462517571897,138.80354382378596,124.86890391529883,155.06980150315985,189.3193486987738,80.72852978083121,127.26940926043528,153.1000634544477,129.67244062718473,132.26024152942418,105.45242090299988,68.9004644316466,50.322983263509435,27.316855111804117,46.24606859031449,42.06546373077103
807,78.96977259093023,86.65140958168706,84.34983778833548,104.82039482511749,108.30485211377058,205.56849544073816,183.14374673630675,150.12132554046838,122.20683028513312,108.5676050997377,66.15451572764863,65.21277315574835,84.80738794511862,107.31494629564713,123.96872706057758,146.67783118453303,110.75631246251922,147.68144947261604,158.65329979254673,117.77348792207724,99.23346421571722,82.46420718511845,109.89031780095365,137.78039877327188
808,6.598476925613451,-0.011064419004704007,37.54447995870713,54.13288501315279,58.776983816970834,107.17239017382043,173.7531255116899,105.67767298686746,83.26013398452557,22.345722674624326,20.71041994371403,4.908947440617247,13.628670055701555,20.79759146192201,41.77917552431521,56.43284690199073,106.1756981879598,115.9600285211823,105.99885224573619,105.88056809335858,120.19197627921343,89.27496309312875,90.75026436524006,124.01689904812531
809,52.29183652472208,68.64878890773824,65.92518353226947,67.55328642866118,67.66841797273642,48.70668480598308,35.90832706636013,76.9744406670458,57.561613663542786,66.42045706480533,10.88394844068901,52.16119138729603,85.51849423931877,117.72910438315066,74.28632379848429,49.74444302877945,51.81088330370456,68.34487729651882,66.16277568900118,45.23372299205956,51.80139456929957,13.443893938793764,-23.208577628998917,30.637855041891825
810,24.28856864834343,-5.613685912897829,60.34356954708785,88.42004907668702,96.3151489550782,174.03827017690008,198.33903448895114,175.62467247646512,213.87534341409068,137.55990040949538,61.099387492626974,32.86765862002194,70.30434716053993,83.53793994990241,95.25607300431722,80.69853865221411,100.88003740849179,109.66660087416332,104.87669040225646,90.37540811832142,84.67817280647333,77.98585448469623,62.400532298272154,130.85010012054718
811,-13.67430145930932,-3.4064870758884673,17.353514256696442,63.32031488643874,76.82449073071942,139.47669866688233,193.13939144484948,107.44845297622807,47.9939455042685,7.555357897325749,0.09618307668186077,5.117769726028847,-0.5256325106188058,42.77424176164515,55.99355699733381,75.57867634958185,132.59533639445164,155.9942006271539,136.65579185267822,121.70193239344655,145.79923165072717,121.15059499486645,97.86846606968055,112.62813734454312
812,19.595902745670905,-7.678693027786345,24.066171943887312,24.916305586525358,50.249782659205906,110.92418125538092,125.25296780636577,103.19926597513857,92.63076537673453,71.84323775148488,82.7370410703914,75.23103446231067,64.81846038929638,83.28610407586761,64.55506639267324,77.22796028679613,111.95167764355303,110.81864551561736,103.51734491168153,106.7851279282693,129.73922547007646,-64.88710983138634,-90.73131152156918,-55.051362376763024
813,30.718942883723834,-3.991840209842799,16.331680474224385,63.451031981549114,108.87853033090155,102.51441719325341,100.76878987608629,57.6901400499934,46.42176334050195,74.48238139920699,-2.245162608490716,19.235329517287514,79.0588662658541,63.88929195800635,103.0870893349634,146.60851211140124,164.3670486917757,164.3518906552846,147.53985562970428,97.39315097376428,92.49462913313405,66.7676141820831,51.21195085101614,68.36825514878257
814,79.95974579717242,71.50935378313014,58.36037231292531,56.64239268180975,65.20925908170406,164.94469271765774,152.41784560280252,119.31756221638301,82.19314434479331,80.58976795517745,62.93199168159565,77.58782262211503,72.2605750927859,69.61484273163485,90.2453543639431,118.42804198937016,112.58098747362459,136.53997899543046,142.75465384309877,101.88302509995027,173.9713009765755,109.0875630921577,44.12005296359038,81.27586376311068
815,-7.085826243801598,-1.145292454889283,7.271433094276549,40.37777324436355,84.69913966346203,95.69106139725406,90.07255826825124,70.90507278716635,72.50808910571851,-18.55244618261989,-12.525759839373826,38.42794379358536,90.40430297126058,114.92965384798401,131.4494709341567,159.38027725504,156.3765600717596,122.55355389094191,162.9568164199904,118.59835443709942,321.8491938106963,265.7337169680797,194.84513329161322,145.63978012500172
816,84.36863696667386,72.85816098650952,24.46697282180036,21.69294441190183,43.17682488119841,62.42343272862337,36.89819341874714,27.96056156722537,24.187715769227125,29.49611724411205,-1.217747478976932,21.349782978276764,42.23827974220704,99.97815293170444,84.06967809041062,80.13221361679874,88.92354233055146,107.33421068855073,97.24891661343666,70.84049260150958,123.45236606996292,83.48227098381652,80.0580851043408,99.59354603387054
817,34.507317269659744,42.11142898780626,55.450406012230815,59.345573664503945,95.35987817124311,128.17584523316748,80.6535577587382,76.83906153535526,45.15937325950784,98.72275616051036,99.19538587294502,103.59598626503666,93.74178620598471,142.33841854828137,98.66397349129343,100.11713672749816,113.79842137859721,120.94673468654008,-47.809823142044536,-9.13663615106718,19.948032486840006,60.3001554351929,68.00721905644315,124.55620438403693
818,51.607437744787916,34.41874893913923,20.04344212366736,13.300049159093433,34.150797447494945,63.02341561322186,75.16514843109138,32.38799325784719,73.23112056086313,55.49737983977262,58.39425347908652,58.471828547809416,75.27293003876615,84.01096822537181,71.44539098920387,68.95574183770009,102.02098954971645,102.29111017858679,116.93866394747363,110.31873668339665,105.8315832387132,78.43261588960586,16.693564856051665,27.834893033332044
819,-36.67920651813512,-38.194424280253884,11.976168919264474,-0.22946530559356404,-3.7369129062599598,55.482451027640906,140.51176531932947,91.37491142347822,64.25969939346983,22.81929247713566,-0.01274294380954899,21.51627718553752,103.05505072067247,77.41226999803702,63.89326483231498,141.921391126042,143.39435293390764,167.86993589063505,149.04261930953612,104.27154127772934,123.26127284299868,113.64573034512887,112.31400600508806,128.43148054736076
820,65.43654880713655,21.13762235986154,-8.969639677138801,20.750248502664153,87.07163701319587,90.40746071835783,147.73669874010952,124.4858752536889,84.40498904825506,56.85128995203371,18.331218666726627,-19.619930879399142,11.513323299047443,54.681058067936476,65.98067415298732,112.13151235040164,75.54470078399925,76.09069357907457,95.81141107847631,74.75089626980991,128.04212328971704,97.7464089803298,54.300549949090986,85.53309706476811
821,48.863883494312994,38.93506079025559,62.4413340302563,56.89567803491704,27.375856213022253,63.86629368243484,74.38984362068445,72.87516161385433,67.75021333429416,50.92403742577487,48.659519194645306,84.2925475037737,100.44113603246478,102.92173060803448,95.66775393307915,113.12360110365097,90.90911751311822,94.04110062113068,107.90521751180671,68.73754489078087,84.59884432843639,48.606649385844655,11.297300840552872,72.22652202011585
822,66.0111176403123,49.870826753564,-13.249284865725897,50.25692561788083,52.385980850881964,146.74167699134037,174.8223711416066,101.46899666321973,88.7705196096941,33.40538241625076,30.594756203131293,46.688228163292266,66.85155537486318,119.21541713160158,86.46541490054726,90.45853704475763,129.5653004645524,167.0734804484848,155.3077704159156,135.05425203274825,159.23496460533366,120.2181362001453,86.23857266627176,119.5056698511893
823,-29.884254121569057,-22.39319067630116,9.652026140918572,11.164974449465497,80.68361744208963,141.88506044721353,171.38205708955635,131.44411680050928,156.39534598199606,133.23095399084082,133.75943495769874,83.9498545232822,104.77783184033098,107.79237813048412,115.4260439331604,91.37825051019645,140.42791259903066,153.43692901894659,169.8987925454287,152.87598553548708,173.56345397927925,110.77744300712595,37.7131481331109,45.500025059023486
824,24.573226722627975,11.213924436044845,54.69776004065079,85.74212164393415,110.89880647860159,141.4726029914801,154.56800488203982,107.91882506005322,62.842177331669525,55.64152564346309,29.29286055396925,53.08223838695126,83.50695717144187,85.94127223842658,18.32245606335445,53.44576692399271,126.69160737887495,138.5517735392905,149.30585040711313,124.99785648757984,98.3712725478969,61.9037969992881,14.335118242968058,12.974549624722954
825,20.93111964874939,-0.30589260538543783,18.0245987983827,59.480317852198006,71.18568550112298,96.66087800694832,125.67877075429503,76.89258633962007,73.99448880216643,106.37574561854362,79.39793140363382,76.50088985629013,63.12449982881832,77.71988864931411,58.348728200252,102.2684613673682,88.13902691226436,90.75090840989792,108.80191475053228,80.87085103870547,108.48464594596736,66.54899606623812,56.08730806705573,67.33588407300721
826,31.89404457718624,12.300020833230413,35.41399792805573,70.9744144284843,82.8087194065352,88.55480503342515,120.7907125835649,88.31812062747522,68.81990413025272,50.29584790661295,32.85703804589497,30.476695587739428,49.22578644027815,98.92341423727228,119.38490856725261,130.5058483073819,141.86888192237967,155.82181886414767,173.69620308029502,175.65515718084777,120.84773790879024,67.0736908929488,50.03772595037456,80.84351412671046
827,12.427980630409621,42.5486695895319,85.24862199867069,67.01806246791669,98.55166085833076,72.67117561890426,104.42483230816465,74.32997733619422,44.62686750131933,19.96295372763828,14.554552409964813,48.15430476338037,92.38896182619018,99.70434635868112,95.4995114004004,102.8386726331346,154.165887777494,184.07475536884112,125.15281266671525,110.07461785684518,79.47151351564806,34.7742846823642,74.61576837109747,55.84977938386065
828,34.63956929262929,12.408059382168371,31.033977857355417,8.95105915925626,-20.686343146111213,28.31515419899081,48.704373692474405,-25.962460403323817,4.025404268728948,5.4416114617195745,12.717695980127566,15.350840682262138,84.64131334192572,92.44785511204051,102.48996903885323,120.96395901954853,78.26905530370628,31.15843823046812,126.64428603166152,84.3663754174475,125.79794431917568,81.44252076524992,237.48800546344745,205.7708718101773
829,4.498876315245525,31.6967010734774,50.308895545180874,77.94573556290624,104.5409011852305,115.17598272544527,117.06338427190789,71.40022676259264,92.88180006573668,107.42276139992647,143.9092269727517,143.37576413402024,148.2966462246829,189.1929608416979,141.92850251681688,146.29704882031302,162.8728176144843,162.28570659756951,101.25451089736123,55.558678745398,56.895563376236794,72.62449785430053,47.85683930016336,8.582013004121706
830,8.124967167756868,-6.548208687725904,23.535048555924575,65.56542684574265,31.83548405025715,55.53021246195368,54.10995602024329,14.909436532242466,47.50813993559758,-5.551613305328402,-7.317869931710696,67.03524463152505,140.55691340921342,171.5278524122632,200.8098533287271,184.4000900451939,137.28349601197448,164.16703791562492,162.6654242316266,100.08901653085724,100.79984335588026,88.26255447713511,30.5187788192395,82.35265176832232
831,79.897133117148,57.48956426537586,74.47235008827036,93.0065664436499,112.9671132888144,136.13456829513447,156.5157885272846,76.40606070563902,29.775223027128206,7.033153639549653,-8.17352767332293,-15.939928578237435,43.13166764598899,52.321912397489186,65.98727872377937,91.04051699325943,96.47299567066858,117.64803690998275,107.12456175744208,116.07965525306534,120.6509925684199,117.36476444192502,81.18643300390626,96.38552121825143
832,11.928240093768682,-11.642299821689583,-4.994988973383826,68.10465460527476,41.59406275290098,102.18873145591198,114.06924958421199,39.03726287617857,18.052601452938674,41.14204152462381,14.62612467909387,-7.428065749167764,-22.46452213461977,22.21118441729753,47.67498330899527,89.817993880675,89.0022996672922,97.63675819181951,118.76301114948623,84.67439062650152,92.19034107537158,37.24672499165129,47.516382240212266,81.37758706999254
833,51.180639856278546,2.8653810959572255,-17.3483736680477,35.22105860229868,34.86697251701077,53.25858034765153,65.59224923812619,48.353374440353534,38.67927830165638,46.881930528718854,68.23392157188023,84.97062426634582,110.43024618155461,117.58652053694749,169.80154123543417,192.70721641185122,231.7624177945749,205.4536048450134,179.1520735285327,123.89944128720197,126.4755864212071,84.93089163148943,38.449861888888776,57.93656276009786
834,32.04039122016212,-18.410892030073803,-12.226317764416272,-5.937094886974826,24.249528050561295,31.146814985541326,80.26275376596725,56.91901334523574,66.34300931363846,76.28030962811897,32.28886837832764,70.81981469256792,136.57109469069428,98.24488246696164,99.85740624094566,140.16494551665747,130.58248820378103,88.27569295137752,78.41850264303665,22.38227017643058,50.17975173248654,52.9817372214669,-0.599634008638013,31.46802554127205
835,-13.533869790321887,-210.46556461150837,-120.76805754534176,-47.85205535732845,-4.880818474045441,51.468170812945786,90.06413452045076,55.12672723543143,69.23292992649114,21.37571154949643,-11.772014600507411,-13.125151685358176,6.288799047504,30.424519034988684,61.283026291713945,43.44090980387441,70.34395026299998,120.84088643857766,90.41700147529686,60.08268504526643,73.51647301068043,114.10244195244017,54.861736388582514,58.937538168973795
836,10.348496355934653,29.494540324920393,10.570008966530246,35.20656885935244,42.349628367013835,52.733793636304476,80.15717990723563,84.0272873895917,46.56189740106506,44.79782579956189,-10.379402086084262,8.083065507751371,46.747816551905245,64.63197703023897,81.32768516716403,90.18252573219858,100.541402719737,125.2695121450762,115.59679149949704,92.898347840481,67.83799519918048,25.197912464836506,26.374108245186434,40.14908495117119
837,17.835163446800724,23.654164176702025,38.81219192196907,40.33082834121024,89.83366391755658,82.47952221728471,138.88471788231038,135.80630674937353,96.52208753007261,76.65709131144723,58.51016065791647,65.6712160929939,44.92589905516775,86.62934879299199,103.16578149349108,110.81811186635078,96.09933876612554,98.74233976609803,72.9050824540596,86.80780113675063,90.83458316599648,86.44836873048061,56.19775200377208,74.04921699715473
838,58.36177460339154,49.69100884458921,50.804716996412715,107.91818645200199,118.04568855764401,123.35184199653338,168.5968629935597,126.45728643933987,111.94009563668797,77.45334384133292,108.6087638733767,190.34027944115806,190.97212123457524,152.7023224979186,128.8377964536191,107.31307153037571,61.15766603018981,75.79604246598757,86.54391801177495,81.17688740460393,112.84899893357851,83.21545528883951,45.31375505224524,69.90228218999289
839,-11.624745305825975,10.469587991396029,42.568648992729194,66.74883315090898,92.27727938308291,116.07578758732265,123.29448300149382,107.18759373456244,81.2542219419045,76.7598143452997,61.5201750702515,53.16959299877649,66.17006184752096,99.20110622147092,115.52026978452903,76.77594652223674,91.31746056840399,120.39397891620928,100.4114456265934,102.75459160865822,73.57445475445499,54.307795277553986,60.304521213160754,57.42708680870176
840,1.468423227034343,33.30025529774935,15.256413309454551,12.921962029189501,23.810642341441046,118.756473032623,143.50909370138095,119.7049566029145,117.69558610523883,62.121270456288,63.791607555390755,96.62639393948189,114.18533991094557,130.41941877036427,99.91546407535495,121.26882545084543,144.84045217674023,184.52023156414145,150.5942060411271,90.08192637870654,116.91245462899816,102.50472825381127,79.56528064444814,96.00168906778995
841,4.216270476725153,-30.24595997803467,-64.85802767611844,-11.634932412178571,31.15361106124366,28.218029016231853,61.58045750813572,-0.69142632798318,40.94419853113945,48.03175975768593,60.77526465785721,76.48307202624565,140.48208074438833,123.23833980113348,85.41980547337138,125.46572678285969,138.97591625571476,148.91248667576363,104.95056293886702,81.74652384630569,117.43841186091551,113.81865105914446,49.267874138844356,112.84247165094943
842,27.90343470816712,17.113045183697484,36.557378679132,44.42364169456914,90.03126955751591,133.53574912997715,118.16238717785465,126.94475246139987,129.98423937986774,93.28480872252814,4.448435437822134,24.375798346574282,72.92635862198472,81.41120846653669,109.43875264134391,145.3206290085369,168.4566223331791,180.01438075859573,154.24142289969646,114.94151564918367,87.85293754873442,67.21166022010368,59.43088859586023,98.24107754827261
843,70.66153868561679,30.465542001155523,23.964541470650126,56.65210790044757,81.54039757468897,78.9178039820603,154.13559964513465,105.65499714730595,91.26575583415926,85.89372484116203,41.29257119741843,56.70049744816528,62.9300097701698,55.66600313291541,88.80509920131564,79.29507715197585,81.08533694725237,60.95927648151584,91.02614850409701,83.33324478271314,80.71730737890996,70.38192831172228,63.70997093189695,101.02758098508366
844,23.942311945667374,-7.69131767042078,18.04953436710385,14.439751566950449,-0.64040919935006,23.14448556897456,61.35074268804593,63.89724884801047,54.40520411841527,71.99849456328008,8.577873249281147,28.753107149499463,56.16817232270036,90.36262578444462,89.00428869952601,107.54886303139976,98.69190168079632,76.53923099936534,63.87449953520408,67.82031925616658,34.76918739970134,25.986403074967377,31.117081995207485,21.308282622331163
845,9.297851269069863,4.902948308700367,16.78499803259377,68.21501756358393,70.64803197058819,84.18815602189838,121.6089331898858,62.98926888136356,80.2616273781222,77.88032175388948,54.855748957253226,38.58604610129272,102.43771697395236,57.70279960395005,50.228422426896074,85.50221296982551,97.5466498747758,129.0415704083551,100.11555571756708,27.467538203554327,46.01585130910454,45.84657634597067,-2.723164106254437,39.59984426894564
846,108.90837532766128,81.89074064669407,59.24136164206558,85.44169563048493,123.56137232640357,175.88561775784416,196.95293182066973,119.7164829280037,83.14502525534152,55.5711033469152,46.45206847897748,65.70904076080116,86.62508520652572,96.99585287901037,72.39986054630295,121.84850977994213,148.02625864078897,157.12776988456807,183.08473959833373,129.21857353842745,150.87900263137865,130.52979424295523,101.46520539696938,128.36608751165966
847,99.36462486930166,47.166060694176295,37.07555513716571,77.57786301999376,128.3715569943567,126.55219152644757,137.74497751133075,85.47208826090451,147.51811595968442,115.877673677562,103.24308925639619,57.56440625676874,91.22230199000879,101.60197923471023,113.51543551299059,95.39496779698159,128.0299081352722,139.81244227687696,125.31167191588207,66.46925129224118,71.25991648797196,97.46383057980157,78.0064733611744,86.26505612663698
848,0.5353432953954638,36.423779786696684,29.793045141873932,39.10071607169345,91.11171631218266,143.26358924298222,135.41279546191106,150.20389607594515,138.91314358580496,100.03539606316164,27.17098077154671,43.92423885450762,83.24680339852348,77.67329061632002,84.53723492470364,98.77431588199457,96.80005392080248,109.22306467790301,104.27255253312701,83.05172114299998,90.51729095403208,100.06211865526191,61.14112682021988,110.03756330484562
849,28.879112762011243,32.80579203957964,67.22843510697473,143.62085851586556,138.70140854062535,157.69777610580164,152.95639409757732,97.21238095057659,97.99855018571482,66.31821939553171,44.12992634400789,52.05505075669478,84.29304482435386,88.76133350042498,101.67771960060793,101.84640887180119,136.60579426424118,118.58269249167499,86.25605880060415,45.1336550237196,49.50578427700059,38.117120937211986,23.667723915307512,64.9052570376476
850,41.13634118125866,22.83560982616212,83.42276167027725,106.42304466207302,93.73702439803384,115.34048913740949,121.01103681347604,80.0766313145188,58.9373880561965,34.136716399747314,9.194821421173181,32.48263883243832,46.21785611474851,111.67653401250982,135.09480003413387,130.75280252228345,122.97130589626515,89.03730125767855,79.81333815321717,259.1219136645266,249.453455602339,258.6998586391985,181.14342974318822,136.51581862024517
851,-24.458850258072644,-25.9494958328181,37.37241012388892,89.28864578560085,63.313838656888,117.27840468154486,143.93335608901515,77.17628274482684,82.5970314263492,93.89507985173219,62.72584644334792,67.95955870547108,90.23044933479139,83.58171068640301,219.15987990131975,171.06933043749422,202.68048576329733,124.54619186517775,119.81939790573821,141.4586640690726,175.33342396893283,105.50015806276994,103.38770350991945,139.90017588963724
852,3.6707689923533806,12.442039840158962,-3.6171271116811283,-8.577667379949048,20.827620210363264,76.97098932050852,82.00918362552606,-3.411153156534027,32.15281152859325,70.29080695540875,46.11030848712381,29.459490930848876,87.26880877844103,53.96295684718754,48.73103945167202,66.90106532093199,64.2034211599916,96.21712191585867,91.83162555578805,88.05365646400477,67.43951061925588,70.024710815364,66.4643610902682,96.52259998216822
853,48.15827455659154,30.31288683880259,25.764484292935084,21.168548525325953,64.8159809641562,68.71280768806086,69.92690543141197,39.27332435558249,87.5189373104375,75.54606468295447,48.46928603276864,42.13328803485131,77.11623323067529,82.48630729388115,71.78674967627747,77.41136501246916,80.98398015334654,115.5954311756839,146.6205979471941,145.71532328622294,151.07444722531218,101.70474002863924,84.04833628335737,71.35670103414695
854,113.63117604849484,110.430860075731,152.3291189434936,167.06435674034736,160.30377554045316,183.9998775808628,171.1599200672752,90.47116366874616,105.91702102888522,51.81385421610986,82.08028762966467,74.34336551130845,126.44631221250633,136.9571429937084,118.93177713444456,117.54584283946653,98.87098445407095,148.0422806973093,142.54733228968365,91.03804211921297,111.2738646870793,101.77391721478176,69.65165904479801,112.26832708808416
855,6.866965394616898,16.45115916550541,65.40772803748278,64.8436902291428,96.56289163385648,115.65959601115985,117.39693225791407,34.97663181574941,60.014825901581744,67.34885011091988,45.0095170927392,65.04820682756116,128.6557004858986,102.24696997625153,86.56520299088213,178.69586157649235,206.4142331671015,227.5933649848942,159.63365114473896,143.07462205516185,110.53580545029304,89.98587395536092,68.08784116181259,38.71838641736984
856,89.3632580500013,40.51522443000202,66.88815915584765,8.398550840876432,28.494176432885666,61.683014119896406,118.99796293496783,94.78044396798683,109.15426202800143,76.91362802562747,15.805481632969531,53.63603571988673,92.05174145003673,65.87501929494586,63.33184891211703,117.99286496423544,118.35297793528039,171.70004572814793,185.5561844273999,159.5849847256219,145.8132801054913,128.10806434967617,72.41646665305369,82.77426764106932
857,-6.895283371862249,-50.00847292064697,2.6328871519827324,120.98575302559817,137.44986749033507,132.50396633777007,123.95494118930233,79.98205647391558,30.568115277291092,71.20881054051797,75.40100616091021,55.13868281807059,94.0181750222225,86.64005999252254,102.95156682089922,92.73919712819102,136.6527775285542,109.64934435466523,68.71216037286868,44.2762586729023,44.78222444252336,68.82409947112173,27.83353389639074,56.90107710596428
858,110.4849920860273,80.45511896081462,31.724409237626688,15.38827456733216,52.53515818145762,89.51674549002286,96.49603424235349,100.74010336607424,63.91655956628921,61.661309407662586,7.303408237664321,45.50354764977293,76.73045459857754,63.45474441076412,62.63159292317699,101.77524819852245,91.33621588748719,116.48075889627721,133.3253692397039,64.60702089639791,71.77932851184897,88.98041892516028,83.8716773098335,88.57233450858914
859,-5.327844340496483,-18.258882503846344,21.815690359565785,47.36550152010388,64.65528500948939,110.70687152033234,110.88316102052954,91.07893455968366,115.69350786823516,116.36645091202182,137.211468768675,96.19565506198614,101.1218363494366,79.49927170841619,71.00787515724681,91.48308570446156,97.08511104306842,91.57871868057931,121.64255175062118,57.252345348988726,78.37960580869246,48.20180785157402,77.51045341578471,75.70023511139023
860,81.11238160900274,72.34277138337518,81.11933547579547,88.11552235812117,93.32981240697829,143.2253032563701,123.2612251118889,126.87632545442537,128.5751654031959,93.1139225683751,93.87683545380557,64.03980638503124,62.81604261449908,45.604586760925656,106.13942068050801,80.74412783021296,103.22398491614967,136.80017211835755,154.07892704638436,110.8381253363832,107.44605808913808,106.94816952361141,81.46108202764078,85.6739987027946
861,42.20340777509038,10.965098293491529,2.9316593859263094,46.07367905636524,60.49137575070059,95.3531808149732,52.76765934580256,24.86979937140292,97.57142549155353,56.5538216299365,-8.258668480785886,30.592793897410218,75.32516049227785,134.01750451340763,107.85113198855964,100.90185332012821,116.4909875855298,161.4156318388168,153.8647050353174,93.01244460525372,151.43272211178117,137.11896725994959,106.01919340492663,162.25148909029934
862,32.04848516636236,13.168253394364026,67.5433742792845,91.98167039065223,59.22404384862487,96.94254053365486,144.67446682680293,152.26684628827064,117.43447772613132,51.27148299292257,3.53208692707954,-3.1269642093373093,66.85075397052915,88.22735652680257,127.20576696901728,143.76991070505662,183.73056745608443,202.4105543858567,154.36308094312704,137.42601194352147,119.07553886011453,125.37023164001053,107.42607434483884,105.91700732979783
863,8.063821279544694,33.8441933536995,44.4799496345871,96.3178272116518,60.689284710964586,135.23367875916549,176.52417398391927,121.49409092875396,70.00181416672291,24.84913493158672,31.393605567187464,25.610840228834096,13.044209847038438,76.83371521580347,78.91063377100649,129.60057924330974,125.07097867735638,74.85200616596288,88.83501479792037,121.70820686276302,141.9475965423568,105.21250878356702,46.8906588948764,129.0482536341036
864,30.32566710017872,17.527527903741362,30.100593303188525,26.0988554181815,33.10689273531712,76.52108148176626,66.86985322339672,63.4117977543082,33.41094268573345,33.14267582344501,3.7666686268565357,12.604063005827491,122.3952964426481,155.75285637952294,124.95763372025144,147.3195363234364,166.2439868206654,139.45898861540002,164.41057852312719,143.81562767323857,123.96714192525992,66.86487619470809,-3.7046992915160004,59.175881256635094
865,92.16455397660008,26.943605967994877,18.102801787365905,66.21794644331592,93.00538573458121,116.90532939925491,130.48522879070111,95.68962752276803,83.07289893279602,112.61718283495752,71.2469690582297,106.03059237049689,119.56594649275931,112.88860155460807,103.60004883513278,101.37548067710318,110.38614895462104,125.07734108606284,93.6718115622347,83.13460063206114,88.02706796464709,71.90170391354157,14.442344626783687,38.506024885651975
866,83.49227731093148,71.05699304725744,40.05749988662437,24.32668243360693,74.53838353230365,117.0764219422158,165.75907307957868,91.74158157824544,97.78614148879919,69.86578255672613,42.54038581795092,14.039655114120102,85.78920244783126,94.15841249932728,105.58931044252708,101.35864803292269,101.57760080160108,102.37574521237116,144.6707207607214,86.14921032563382,83.47381668796429,109.9725998629775,96.35338695063413,127.78013546954978
867,23.299490364144866,-30.151774344151264,-35.46474919941822,-0.7257598826469263,10.733455708979363,31.504942873924193,96.11347260204731,92.79767409153988,70.53808759700459,43.268580062905414,-5.297163796433665,13.856059663312013,55.70409585275905,57.10914896020091,64.33214636229384,84.39566295517749,82.48665417446279,119.63967485496923,129.48070662548102,108.71017249476343,122.80694564251667,97.46547575662969,39.293654003778286,96.6895462083796
868,7.818464731430069,8.882625203497053,47.159890751349934,64.93311523702148,97.2892891732468,133.30434706189115,144.84809390805913,92.32741751190377,26.73858032192765,11.696650855122513,50.58815410120701,86.53739567991977,42.6632609436098,65.9972671587882,98.33205567283204,135.4435635426207,122.97693673471576,139.01447645034233,141.5046701096333,119.42006101780856,75.83197504962658,74.27307245639281,24.117560385618383,66.70997267736952
869,49.44982823751437,-9.263128193241641,42.478350058075335,98.20176501530001,93.50678312270213,133.81140956855225,152.1821792731026,122.83723131722257,89.02250625325847,64.48449116770891,55.60325962244167,10.791388818919192,59.40519810451977,84.29194779503104,84.1741907492008,59.65588489859963,135.5358655865593,153.64519798653797,182.487528518555,157.43240618020855,147.92369365646437,131.47228984361692,99.1402890043685,76.19856332394892
870,43.580590038299924,54.90481791094614,93.33538746352345,75.27118564023607,82.7758926487309,96.95702610275075,136.1487526270834,128.26763569723363,107.67580089600625,82.49870826276708,59.928855079102085,43.16966334852454,92.55019774648707,80.82754909767793,49.58348817256865,57.80827211627684,118.88648065458004,98.86483290777831,134.79658858606504,173.20965300649988,113.91590900533342,61.907305706706566,1.739388769645899,71.75369177958217
871,61.456012681423296,68.6928850417233,118.65506842353876,154.06502976813687,185.3195581907963,163.35792745446616,177.66667426642198,84.70822479663516,61.84781492249958,88.35997266449164,64.34691824672159,42.36305923694947,100.57849570350675,82.46695567718723,116.1668644769201,62.38354479864011,144.92627431872796,178.70308377638312,154.5698867856414,104.18158277514412,121.09015653279721,116.86190734592012,81.86142109162195,21.805137436084017
872,12.986576576427197,19.439121010992345,96.74590361050412,74.5027350933592,55.011252545896205,76.90213984418648,120.77477450770722,63.760600514977874,57.51052711785932,22.255203748616182,17.09648713912461,29.81244764745376,80.68534445314755,79.75979755285456,58.79047546758869,48.087784292293485,90.88002350937323,121.02441265114022,117.11119552023109,114.8971496375963,98.95297672334523,96.37798389161185,96.96450749733259,117.95346689684348
873,24.07248824679678,45.16154441235868,46.80295910652491,53.989634127565054,85.29216085922381,68.2340029425121,131.13304160340536,127.02360770646727,59.21219315686979,56.71274904931366,41.74858588624969,40.30067023854805,73.35539804133454,110.55940369462911,116.55666339394816,111.19025602452427,85.01979948560013,159.1480802329488,176.38304805037538,111.48126270838965,135.90659612377632,107.16088077951582,96.5091209854395,90.88112835870986
874,23.129651617077464,20.253559508599523,-3.7705441263415267,17.8386309740645,40.49399662958052,40.41115187035594,83.10539292052425,76.81260876566219,80.0073523848965,-3.1835699839,-0.8877152302166778,27.09144314483509,72.62144597329608,41.48895841737495,79.94900944509185,63.28924262331137,70.23018310818782,91.22961465889404,38.52507500657072,9.100719272162863,25.59642489960804,52.18431717760802,35.458897883203534,38.40294806407687
875,91.12784713975722,42.24282847558053,50.090161421594786,92.59905421453298,121.04815530882559,105.27694778810843,111.85042910466359,46.67350944494284,48.007217568902036,4.599648484527776,-15.83184543607689,0.9639678311779463,32.69198229612154,58.62697725572174,78.0372761041684,111.61421123941653,140.59107905932464,159.410210689846,139.19018491976408,127.8429585572191,160.9442737286543,112.52207158865367,100.21900053646107,90.81515131742037
876,8.784595950955222,22.21215332432952,-2.2586825239356685,17.14226727456832,69.93967890381246,197.48689568671256,194.39908902131032,153.94387896540232,85.63932724304752,95.80278655440591,111.69997679553478,79.73543677458966,90.48084136133329,93.42101673566934,98.53978185353034,131.0265111384146,115.81354474952258,123.59706954581014,154.4923534286395,115.01039417888508,119.57217165172577,82.3086971860782,42.256663213631526,79.9559796297695
877,-13.535639241567416,-10.258114037576213,44.60628416256158,81.49134972720624,96.31738342512648,104.50658277820877,115.37539675136307,114.46974415118878,104.43749972095245,36.14568787861471,-3.6579006574613544,30.733195448330648,59.97746001249152,77.18603662459104,87.9810266896551,109.45123053827459,85.71474128564896,154.55905539328907,131.8776805360773,82.0419543334731,92.60692797239655,80.77834181156484,88.28110075382251,116.72982368053803
878,61.530657727423446,24.28103569511459,34.489736491876776,49.33444066754592,93.6982462182632,130.72280147430223,166.390715421189,117.04033518411127,101.44235514056814,65.18946786324884,67.7089956373404,89.09365118963862,98.02534693241013,100.34197377195012,75.80006992472804,101.61826541697282,199.57573984666476,233.90295953726044,222.0569571217273,185.6669644202006,155.304047407184,105.86645316983746,91.530749085482,91.93841798366812
879,69.76391194203075,31.985140439310122,-14.810948390822261,-7.812321914472186,39.04066490012302,99.48135074745703,170.48386357045615,90.1001308237097,55.63176216732175,24.01705010964777,34.267172867029345,79.0963683276289,65.18666500302008,62.85195715621912,68.12836241463476,47.44471074304209,102.25922688344457,97.79399859687899,103.77869576326044,110.40694685153127,111.90384912359455,104.66388554731353,114.16890851658934,97.29833397769447
880,37.77244566523624,16.441032032629792,22.431363355646038,26.38805389441992,58.30500472409599,76.42618559560094,86.10072266508114,56.11710718629534,6.399248415227561,-7.498978242445162,3.5422653502605357,30.40015387534064,78.0344617781327,87.1977576122912,62.260455542316535,81.92387780787334,109.6715990741373,159.0817049054735,149.34772931594304,99.49581951296167,103.76547762692961,122.73818303378458,143.37454999817552,180.08442640618387
881,2.1396759662670455,27.935973391683586,13.64640900901588,29.566288934864318,41.585683632957036,47.60955332018838,64.31009625254599,71.57907458416175,65.10986393733182,42.89154812934055,18.633358509798715,8.773028834300682,58.62041806219145,47.93942623455594,52.42223205614715,93.24710189776819,122.4245508948031,133.86749454722343,113.80335425696445,106.92203933402578,136.11975948465494,107.1455551834467,68.54789456636246,93.04274155611714
882,48.31702370129585,35.4062080971692,69.651226300301,37.60879672444069,23.245960586005616,70.2534542164032,87.74636688803932,81.86360481698027,89.08848224385491,56.57468356846905,29.574536708389317,-19.74547559259384,39.93374299043022,62.66727128893011,71.07787176057857,74.74044314138558,108.82543591270728,112.54668187193126,100.55507532454607,75.9730668905899,85.24578950138896,38.15570419839997,32.260042745791225,55.76090867455985
883,23.808621578804676,13.554080727063129,22.189436254371955,42.925137385395956,54.092620832859794,113.29581365829624,121.08369543024111,104.2324468444514,83.98962786667609,87.67877260863844,59.4026578655002,60.40296964695622,65.49289599598455,75.38971013366756,84.60486417784382,145.98232792031249,168.02825241146908,174.81307922667526,165.30381054945187,79.91583194945011,61.389931185381634,69.99223165076842,13.282674571396122,20.46039159028488
884,3.101935139443018,-28.79568939499375,20.564243396472467,42.49281117192362,20.088446478033447,44.43002290073841,36.25496812209222,13.259375634233535,29.311817051652717,74.44228501332725,60.47962794855659,48.37635433042389,115.56976603503367,129.77861248444253,143.9073823140892,155.8283255645444,164.96803094737226,181.30493424336547,159.93681464038718,117.24932397704612,161.74139720846952,192.23809039903495,106.25634513719743,92.02918306680408
885,45.72216720181875,42.55571187417581,-5.48402243255331,37.70180225864069,49.24161771620723,80.79581661509701,130.91839517483072,45.24450451744059,56.36614278170529,43.60903617862739,-2.421486575065515,21.25522043829976,70.8054368786119,129.54892903431545,104.62595731610648,96.15552137663695,78.19665431126126,104.0220214105719,150.80651728742552,137.9398902600999,107.87020948934916,76.73936182388196,62.0894820058149,75.85251045610985
886,-13.115813415177328,-36.33736284720968,-29.143451729887076,0.7304260488203482,51.46168025835223,97.02597410279964,141.48834874449372,108.32234738406004,107.18714388694548,82.45957615587983,31.853826990968187,16.482609692623477,67.2048802262054,42.89887207703913,80.32716997203909,110.51401636956976,74.97395668231223,107.08652688990674,150.86640722989918,109.07732905764385,126.63503622510501,93.24305551654705,25.3736963645324,48.40086159207006
887,36.54304028785971,35.808333060214686,37.30530610299393,21.888558148545446,54.33156203975391,96.2602992189304,125.32274295203774,126.96668442400825,78.74987545445701,42.516254232156314,19.013604847814243,22.57443121170316,49.21044251507552,29.421660234376304,-45.13658312274947,3.8205896125766543,64.96475313170652,94.92072293982056,122.22077085178685,96.69073055761119,76.1355906681218,50.80930269436849,21.939803008753522,53.9466729012056
888,44.00580571004335,43.987099672610825,35.25323777812103,61.882745335717665,111.9815056302676,107.01844571882282,185.43136861682677,128.4718229151955,108.62516763259293,69.42814739773705,46.42472169213426,37.7853444346324,53.52309068429933,68.14784068801376,64.31795401250527,31.38163291530985,38.558745287799454,61.485219520553684,118.19801938847077,112.54212446024228,101.94667937931834,70.75672448245494,8.33860539689912,67.15535045193441
889,48.660752296137275,22.75460688428086,51.11798582878373,43.19566719157561,87.19678685864318,130.6631234225241,124.06217802797522,104.17782321392303,99.46872683892067,96.08351714636102,53.607346154780245,44.67906159630458,53.72725154454881,78.94087075955521,157.64856224384977,122.52692433066986,147.85433137604434,162.01089316990456,124.64136112630135,76.7664136952869,87.7515212589147,89.15186001822856,83.57425885872215,90.19641920968742
890,40.657715237541474,-18.688335111323376,-24.81249003722111,-14.8751918059302,-6.441601609508908,-3.579699392127381,33.00001517221611,8.749093974827588,25.951250866248472,33.105642778668155,14.681163252597472,14.751092534864654,51.228980793881036,99.49041509381628,97.28021722251589,106.43469976461249,177.00386239902852,207.98987467027308,137.7526666924475,90.13534888993118,110.43765254418307,92.39396143193551,60.04758531865569,70.45282344861928
891,42.94784787938351,41.18684537635215,50.360205283220594,67.72894952093921,110.08928067463539,136.52165528161544,161.65804114593567,127.77247602841084,52.94572985972804,52.14882455817073,61.52468251082709,61.60711561932533,77.96765830130883,127.48654479692814,110.72254552203522,139.07769299869835,126.41352693266091,127.55966568801436,129.68248811314626,109.87977835390669,118.43387500650924,85.72047533882404,85.01914118574035,118.61735202125004
892,11.996297466973417,14.280804557564554,28.670598815292976,35.67758004161619,111.53433484196091,145.085017115205,152.30617997522495,117.43468876505821,77.18338989127992,69.1058475702173,83.77810838462364,86.25591528788446,120.28711781507963,146.7272318965542,88.64239458911041,91.7997146434335,76.81808805210832,100.60610675522692,127.96902878308026,94.60110905393731,110.21728780400866,96.4642446424671,58.330406335711544,63.80107482605742
893,88.69227528294877,92.32541613893855,75.47337894816452,139.84632162519551,87.81001160086237,86.46922473181554,129.44905989606156,65.34922649625332,69.7118078177925,75.95993613236453,55.19099376103124,23.9365084858994,47.690020905905236,38.73526514908522,82.9335538777996,125.59093773235888,130.3043692796556,124.70341335812294,113.66628507202196,79.64366048824155,128.27916138582364,69.88084372998318,43.71726895541612,37.209472588855206
894,-4.792280462123728,19.676955200913444,40.58261220858226,80.34821162019192,131.00950270560904,109.61857291389828,144.6352429803476,96.68466727085709,104.42271221238039,112.89630455418133,59.31436355742457,24.444047165636775,35.465374628432755,45.67803908707115,37.08644281605213,106.87599532235451,76.00034834906609,122.042505060074,128.40123348194916,131.7320986010419,92.2281430362539,55.214665277224455,29.611218318850625,38.849995794707134
895,96.56931537047292,56.52134915564794,81.97953395517146,103.41222508010125,67.53866546657281,99.40794637205056,104.15629804674678,89.36032692618886,80.26939900338071,65.21884592616553,-3.8887104108743173,7.169545885262437,32.584364246727056,66.01774478223507,102.88519816390944,138.3243014215913,115.31784353694444,143.3284442263089,144.75377622041927,142.27065168983972,96.08576475827027,107.46340172542466,105.7503615302328,144.61791357348199
896,38.060599578668864,52.81233953886533,29.511406946188053,71.18422987113058,88.36570566121352,133.84160938674825,125.58328457793571,91.38931312332348,62.74630455343089,47.335350304937876,7.848808432612103,15.05689485766936,106.78093549454772,47.53060270313269,68.65068979884549,120.80892093586388,152.3162757298427,176.7559125851033,183.71296093684555,136.39221288012683,90.52485159160707,31.075829433086028,6.966021966794628,34.53491773735166
897,59.91909018128071,49.839832048651985,65.2048298704803,87.80894285296161,135.19369156612004,164.86960251577682,180.3509912404743,110.57188162773423,116.92581471286191,91.61165408177506,38.70644122417879,58.95466833259778,107.70858041186814,169.30148223912005,180.55755582292636,151.36105605705205,141.50295297286456,119.22345447091911,142.78721285361559,108.90643777609529,113.16149552259064,96.66414976217087,46.563566577451994,75.40695230415038
898,16.91624448454688,13.223896044026395,72.21461109066749,63.27536702361472,124.38647977324729,154.83879926236193,127.76283719839651,40.98191050628198,91.64996255828203,136.60968671231484,99.83223039711208,39.820599570155785,65.65350384402613,38.79101897254103,37.39260710816114,83.79942047766232,89.40737738697595,128.64840146237108,125.94140193442551,126.21572558804104,115.54884209698223,87.41254268307408,108.35071177400621,64.17499603950267
899,-35.585207632897536,-19.614353179429784,-17.9984160887281,8.240333277804126,63.854805179075484,98.53657498826944,87.94095459942329,47.40876866060184,36.85365940207779,31.385730855065837,-20.185781528656555,10.857033129339275,44.8000701839329,15.506182939027141,35.57315537889331,51.14477815863301,103.27888179059644,149.12551157470807,137.19071154797084,154.88900414722784,136.65120971752532,132.6005498681414,85.01468436331334,132.79718222363954
900,6.156008173578776,-28.44033160850423,7.036910023451135,19.245015388890877,58.51473640338498,61.40878972204839,78.08099254436767,100.08775769260029,89.0236041744522,294.9690976543418,205.27643807717325,154.84941248079483,131.1604563753412,141.0854479182836,120.61871310506811,92.2126445751367,82.00238099948399,84.8480590045996,99.66753708069987,59.067933048414844,86.19217104839157,28.3676231804386,27.55894304820921,41.22299014073688
901,61.70142201365014,52.3987827769335,59.91835153815842,52.0856132607031,67.14064566586065,60.534466036331686,77.9734528101938,32.196525081248225,-5.523178508324236,-5.922469864473001,-8.022438002090531,43.34498630612448,27.852926416393373,66.27849629959616,43.877855771709605,89.88012657911165,88.82914553700661,90.8632677772419,126.17075744472962,96.31790860435909,87.44044150004561,54.59500182614741,42.78418935389867,93.96392821762456
902,11.319063370330774,-18.08461792661884,60.108728931581425,50.975868918360284,86.09522012833801,115.19556353587377,116.42713387332171,84.10010144495747,108.9262692949704,78.30974584937556,13.868807294690967,33.23625174343775,102.54080448388203,100.20998265618606,111.92170710892334,92.21367361945175,112.45663060432649,96.05645824141075,77.74394978287413,77.10718529867648,49.252553294420025,48.60957027545527,53.12030437411534,48.5469470535768
903,40.06187433538783,32.82669401711824,53.19713705086579,42.26527711168219,59.12388855689476,38.713861251708295,107.42382438506624,66.61734992166421,24.02840153935844,9.717524629131319,15.397448562373697,-31.9816123262355,58.03103025798753,72.71169535170878,54.38807265106509,92.26364449931803,72.52092654155317,91.58248203084017,106.3811938701547,96.22738822838983,73.41503890471785,82.8164380055985,40.2750796717239,135.6916567297622
904,96.85683677676298,105.65883101423134,76.12906684870218,70.24352980119048,95.02480724353893,92.54441417498903,104.48496841667665,62.286026607955506,49.871339054968566,71.566282712195,65.37109429346054,84.31597701208418,109.61058586301098,134.08565487217197,111.81433791556455,96.98829507971487,159.40584912086373,124.96758136882028,135.91868230431191,84.61625876303535,54.55189766575033,60.34100242764421,74.60226517852603,63.36743917754352
905,14.056982429246958,58.75199378451405,49.71679739754521,53.98268789650386,92.42618548361389,116.28134665460306,132.88370881301623,90.26974073377382,98.99488076551164,60.24444516469511,75.13405047799837,83.9410373016432,55.223292315992126,18.934957627073686,53.9337863989695,64.71423517767087,61.814887484046366,102.87354065851937,75.56540338178121,66.35693790397258,100.63598073484857,112.29324129833817,121.88317687716452,130.0011150198634
906,57.962076701203486,13.877393799945931,6.464758066345549,51.9679149088887,130.92078419041093,185.6891986582445,187.97101585305728,101.32124711498602,73.15026180824263,67.50733840550568,78.6976092091058,65.33467562031299,100.11648800938362,91.00998503344341,117.5620056587039,157.9143558696091,135.22150298661134,116.40281845229879,123.78778217572052,125.15911873414593,127.88283577919067,110.03237274726152,93.36688622455097,106.24216184398902
907,51.527964949825886,22.820164159048026,46.75532373664465,68.5445395724283,49.57634330595193,108.71994922377645,139.5608435885991,114.87665436097512,77.16713445205593,62.377640865913165,72.48429534951853,79.7444875343586,110.41366851778906,77.90954724808994,117.2876289254456,137.65301103054094,129.8340188251628,180.40887304960356,145.27575740878027,89.19318884774918,92.98650706824323,71.87731460371587,27.258297827937426,69.48389082187603
908,39.39772473411627,62.924306423893704,80.82575429125168,88.2108485221177,84.10327467447445,145.1579557265,123.44830553149471,70.08109724845299,33.26390104583312,57.54265884324879,14.489860291724675,25.61469269082036,52.48540962101944,54.770842266537635,43.52527908112429,76.57058593984607,110.13724727167053,115.74398868207082,137.35896398131985,154.29324739317804,119.59733734251614,95.26361473708589,112.82065718557485,124.45985792915829
909,-46.79881783183046,-6.000804855658025,-3.6721777210933837,11.028686966941947,25.029978281049743,68.97865933547743,105.82348442286929,89.250190131739,130.96207107147328,123.73767263240255,108.92586151964764,85.32640305726453,117.55946923348668,95.42347961503135,94.13245056814281,124.80213923866921,141.97532158167715,133.01541669404585,175.0084442400174,144.43032226844682,149.9923683257054,162.6500051517858,77.37486272468291,44.14465542789612
910,30.516788975286136,5.623439646316207,11.471216302327434,38.163938288495444,76.8676451035011,90.88445779561462,85.56399182224635,50.301054843853194,0.4985876385360939,29.017611617848885,-8.403318070417477,-2.6217798925940627,83.5767884024888,63.43188244606122,74.69374256423163,93.5847825077561,126.75526546925836,97.03172196322248,141.16084404486526,86.80015701916996,46.19409470179282,25.16511216151506,35.199968608607826,65.16386116037829
911,-27.775993124902143,-43.255948266368115,-19.26494015592909,-14.579777891283427,67.36364680107613,100.25819705184362,98.64706538455457,89.12939689255195,100.13304557713253,62.792156333913965,22.063381781229428,41.395399441028644,71.35279796497898,55.764772596890055,70.88111743445329,87.03557615336223,137.71818776781203,173.63167719932406,153.44173252493212,112.86299745785075,55.937474348470424,76.36772965623506,55.9578653211502,72.72187241087025
912,0.014880267700810634,-3.0013291477856683,12.073191944118339,35.89189108069074,76.24191610878418,149.7947995264682,138.39469302699376,82.60262416626055,127.16538055540302,60.05773939429045,20.036107399817645,15.013948147102099,87.3102353891714,118.64570436520623,96.11478658574894,100.75402343624272,96.05523242004598,112.05244859975913,186.83782391501074,144.25929573400816,125.13975452939862,91.67996955043468,57.417958613001936,107.86146105776866
913,6.452989463058238,16.369602814402192,45.69295371072468,38.95979137701295,68.40540066799545,116.09239015324317,140.6148563658001,163.08640550043177,167.8294408727751,125.58433946593928,96.43996616174401,51.65262772592413,91.38322189217692,89.17525461847181,70.273809823702,113.86829096643882,68.20359825872535,97.30726295160656,97.18675975839298,122.96911283106378,126.17655584422127,76.3074075279468,10.508074441879785,33.18769545749402
914,42.434308770752416,22.88061592488014,36.987162126544234,91.77977025928797,93.84072576259263,59.55683179349842,93.32202340022297,45.143375157254525,-3.0806372996499363,3.953287001512976,-0.18659541909480026,15.546503124374812,70.77933283736596,141.86136337439726,114.97164313806263,135.62478042592534,145.37563511575254,137.47579253573727,128.555597937882,117.10289682369569,87.56795054229588,62.49973375088361,68.83611031659939,66.15226166449042
915,3.710652119054302,-4.779480934737688,36.53277543309069,94.29685302034783,144.34269493072557,189.21317677146288,204.1323160917069,135.47790674006873,132.10406074638988,118.45357030773815,106.71074317920397,73.94599509697734,119.44301263387845,121.603162098133,106.1416531174815,146.05196409495392,183.87809272817725,170.88459504351042,178.03682143487902,144.54039688888085,109.71160912277053,88.41103317225145,55.32958781497482,82.2554122784965
916,-35.58561706686601,-48.574733931647636,1.517295415292466,1.4206775541669714,30.94723140945488,120.79394537845292,125.54674681247394,93.20440826030023,122.69130788652747,139.19790588791398,67.85745794509572,-4.666223778378374,71.66757431443688,60.05996954826904,63.97256734884709,242.28386081132498,183.88008045139847,156.70310862802623,129.19210747700063,108.40359132519224,94.42191862818635,-6.974461672286893,71.90180467595658,77.4973322854822
917,15.771180729301747,-8.727820867405477,54.87051044901992,40.88311065797463,44.177677598450835,75.22646247508206,94.29954017204123,113.35594247451796,80.9628515831305,49.44678545778226,36.37664825842515,53.95474645227214,116.84051075191269,111.73453272789672,127.58360191885671,126.87272067155676,85.30501744340498,136.77545250068616,158.04379006701512,135.7223865510579,160.90559883145914,118.8447880223076,59.6769890298864,114.82262251489293
918,33.72831559649585,-19.368325677507933,-43.26596823805771,-20.9648583365109,14.787544533864398,93.63225019742055,126.69260092129194,64.26714439338821,98.22039317893586,58.65836485457864,63.591796700770104,63.8268776133639,96.50353519800989,118.44437446204162,123.46677643064896,153.91055040530838,155.4160623912955,137.81467543073032,71.10872299506595,62.1512934215604,118.45807211962875,-10.717396831433504,-41.49980841112974,21.21486065381916
919,-4.944155120922268,-1.902546447864978,3.6966736477734727,-17.943762698005003,0.34661439808131433,35.015393611183,81.91454093715899,80.99259665105085,134.28620548825708,146.31984971386652,88.78929724159715,51.63275662612651,77.39283227191676,71.78942271313885,81.69730433447249,58.971125680004626,65.04310309365654,92.05132225452593,147.7360324538883,119.2163343109309,144.0957343381884,126.3087402996135,129.00948877591827,123.4612481238317
920,27.6734844324649,40.21472993107558,9.60020017365116,56.649172449322705,58.66991921287331,98.88030771649434,111.09938019836153,66.41432659983394,72.62633723291256,52.575240276058935,37.26265984830073,12.860428469896078,30.511272052947305,6.334618438070493,68.20804544126148,95.17131997768921,101.44698923004312,95.17907008645403,143.46747870642338,138.73012615097423,141.4250665015696,110.51747984891934,119.47392395504299,64.35287174314192
921,13.809072827644894,21.88981765567648,20.17320903284792,103.27624068572521,130.76160267163255,129.0028372820487,106.79894285391879,88.46596117222879,83.25911672062415,75.64269553227021,7.541596596653342,-17.29011644557648,61.13838100729313,10.834937100882328,-10.294180062400486,16.997153858037066,98.12024507529038,170.78439675484094,164.52971075563298,99.41506269592949,105.58385045683166,106.1190283024004,52.236934491258616,99.73865556630335
922,62.06212835572128,81.83831673976319,115.72107275920554,80.50545809872838,70.4525136999973,91.99517075060015,125.04040899808021,110.06881666764818,95.1925797130317,73.39623566567558,52.029526282483005,33.06283877767312,72.97202634209029,97.71765534103335,64.17032997797172,96.5303301363969,90.6317631570274,100.42122239572129,115.3655585492674,113.1929999424321,133.7519077505401,124.68565478326558,68.82601781283716,121.14787724765088
923,4.785992437271535,-16.748187360731613,19.83102060499362,35.51474579489877,52.609233319782156,90.52232687995416,99.45714207530638,86.1668607580335,101.07974916077114,95.94383171295513,35.45476865103143,-34.5176466885945,-12.089798577394731,4.048286223062689,39.806201876673576,79.23935925632907,101.86935595245612,100.01330913131301,84.5811727667751,38.94316455518138,92.03136815317556,102.00326810915622,95.95616343017,122.17103119854423
924,18.369916978009513,45.490139295417286,24.176513142454894,30.009952096659667,62.21562740958731,94.89996011320396,96.89161987669937,81.4922104178274,51.02193739117874,24.97116895952638,62.99652687635397,26.601700737857026,23.163380353530144,66.17188136591535,49.7647736521845,97.551161052733,101.83276487554669,125.51353359602679,164.82558894514295,162.63832564551953,120.69233207162844,90.33557930773915,63.1845795303065,87.88763069809457
925,28.419797883549577,5.585661206081564,13.109506730831715,5.7531971805373985,45.37214324948373,84.85301887599337,88.70359441965687,75.97086088266886,87.15607402081976,63.587770269981604,50.00514085746104,58.90924687035003,60.436255842882474,97.7772196965084,110.6428245489488,153.83018696476637,121.68176861559581,150.51622313094654,177.2108278825158,134.50596046045152,139.0255419138229,133.06545474481672,119.41716863503319,70.01282983075988
926,-21.17295836230447,52.124291986048,67.16732334931199,66.67146127224126,98.2845965420629,115.64767687492693,172.99325708650937,126.08367391234533,103.31971290329545,52.35812222921265,4.58940305772547,27.6125542522887,21.68515867909995,72.05453231234215,70.90806498471763,108.86471851658018,117.47254816855865,152.53756535458504,136.98646593040172,110.66434211134815,94.82027039124976,97.27929550537324,82.48513975109951,79.95059492368496
927,104.1071246643373,65.2542950638279,46.70772870038982,79.14033919215694,160.75046426097504,140.09145382287258,101.17686902465545,74.18124893470093,77.6427202641429,80.84676969352392,55.2534670991425,-1.7494004320325587,36.09169741047289,90.37398460065545,82.30371944897948,117.69422854407058,149.62720085398738,128.4616504163237,180.65284000188208,72.27288402661824,96.58033516406485,83.40295686525862,94.88827578361864,86.57193870620482
928,-12.274358016981893,6.633017663722171,96.16789941143242,96.93400598040247,84.2748721198714,81.18706652741884,120.78115401638193,82.41861604327038,94.3532048431529,81.80559355190152,50.42313088900136,85.26664614213894,121.15218559670397,133.56035854000817,86.47449766727428,93.01769238682793,114.59323220227198,113.40815198164933,126.86163997440586,107.43946983622841,118.21906831958015,74.38669075204797,24.23066240497252,48.44591192350143
929,17.22007531548889,61.86088990167697,66.69321751147297,98.88603243117694,84.06963054649235,71.41540126668411,106.43568220408697,83.42882830447245,60.77015491590112,46.62165523580244,20.89319500394759,-13.34080446327097,-20.146483314867012,8.549853348499553,51.33562727357253,52.04417637293045,58.51271523075403,48.914920043837725,96.08801818414734,268.53515353048414,204.72667835240705,155.36964009123022,98.56307663481935,131.39488134008468
930,0.1754036857277228,8.343933959603893,26.242019597894675,64.78331210982735,47.29494954890292,74.65127122927152,104.76736033762052,82.78500951820862,72.2468128007236,85.33357235718553,19.071408107857238,-0.47046989606575096,60.48247010208051,87.94326937808982,83.26136508635733,103.60630031627329,86.65329379481437,105.96568456702656,80.14977711480748,98.8565616900677,79.57277984517398,66.64955062222532,65.44738120686586,83.31744309070635
931,56.111531552975585,86.15189123382576,84.648323771474,57.80067282984474,55.15238560288134,95.53700595854382,170.80466912969956,114.12039988691212,52.89277681766373,48.49640853674866,6.284522064391467,17.906992195174276,38.71752570025963,80.18826039712214,90.78272045428137,100.89023291821896,58.44698877256142,81.69570468071993,119.65510230779898,105.24948726502161,131.35777170644178,128.6401114903791,106.52923024951352,117.94186233532824
932,14.829396745980734,-1.6350492704722726,68.32457522163877,137.21515154230377,158.28526546120628,109.42111296109476,143.67419471193617,112.38867142125396,124.38383967121649,106.4031348260913,80.83699357460885,67.25337008239916,125.15176865096015,112.04034238596185,107.70830358055778,81.15601191067182,140.22536935636347,111.22628018569165,120.59447506643002,57.627241298607096,92.7403953487381,81.15508764186366,42.21706107377763,97.89874401829053
933,-41.25888868907565,0.3207169967909529,31.855745675260167,30.34124178176228,75.61630896538463,145.21932341751332,167.7093556016082,78.99950184615071,93.5055393959336,107.79092869601381,70.33538628016595,70.422004866316,47.766712244031325,13.072521583581917,45.876829394831965,111.61082838087252,124.23190999881804,106.90256675473137,78.32368466877011,65.57427168599844,94.80198595568694,111.62715858774047,86.66557924986941,96.22524537674414
934,42.51538810844501,98.81422525769594,130.39518970171434,133.81703898198953,146.523119497235,120.23095895892426,133.88975049059175,133.48432580864764,81.72847008590074,60.9947612927348,52.712416813021804,-0.3898556170267895,48.314744731721674,71.89908117110771,64.91763466010343,98.37996004629215,105.05836671588658,131.31706927631592,107.80419514490886,85.68545732460004,114.25284170001571,136.80787896883078,84.1322838595321,91.30014406746383
935,75.52663672975946,45.78732218258764,40.66379075830108,99.03606331403016,121.44095849478768,118.40399241118091,119.89992562946664,39.31113407898679,53.28796900531245,57.45283471277058,29.453500837309456,20.62386159717432,65.05483622605601,67.3200138763363,70.32283327281148,118.48898987397499,141.5509979546103,174.53281286810542,143.62469107889342,146.1251441949145,107.65689123225472,92.49210911790303,69.54986830592364,114.7923907127028
936,63.62195746129529,62.97979520377394,96.57451987320752,64.70423245280617,84.15911143026852,97.28050570882387,117.28920215611218,44.501377511410055,92.09154378988703,65.60766716637927,68.28782284761404,6.719483086823303,66.53900107499642,86.93650787342264,89.0695856437576,83.47194969284119,162.95229685104198,148.65930045996961,129.0832961313507,94.74209971971511,71.60889838326841,59.84766914226451,45.91259445629675,27.22716456781943
937,-3.011834512866777,-22.803064175691738,4.527168153765025,43.99768520901594,96.65300541896775,100.26196452661694,111.86017859725946,41.761614402308396,61.04338104834643,86.61465821949523,89.16261888026924,99.31004748114631,118.3837481370583,134.69984232073085,123.88941980359763,128.34670032663405,103.91499524432574,90.78567307043338,130.15481601723093,122.68525803656047,152.3292730021347,120.43284681535351,91.96877289958599,80.65376880401408
938,27.293974062904393,0.016362514839681097,46.828399278529815,42.7976263566598,48.73753983977783,86.64979512525265,140.16439074490648,119.86722476424971,70.6397552945663,41.081762261905006,31.864863799223187,47.83487924588543,70.21930022808802,75.26885063672894,86.88275853966374,130.03337659496643,155.3582020650578,162.87328424603592,192.08002376031857,182.3845939527498,154.7121004808153,152.95244147044286,77.46443404973849,118.80130424658248
939,-31.355220543503037,-25.78390363728068,20.792993607629846,40.2389336712162,66.38380790065428,65.24428808587234,101.68792232943628,68.23245067628307,69.11765919041271,81.62443027701063,91.25293868356584,53.752673253252766,90.19050131442052,106.50569387352209,83.3525301465506,116.2704883488313,63.66502810704331,113.03557495709492,91.81995371324754,71.08272565805072,64.85533845390258,49.032653034268236,33.60504534405504,62.08706958794811
940,15.335649870097178,51.32085190816139,114.14559563276366,106.99291566021216,119.20880933933229,139.76994334529343,126.85328267459717,100.9572509109241,105.26594483030561,73.45676062550959,55.27558368084301,46.52131891238026,49.42808355641682,68.72923885428908,95.12760622372997,95.50214337655623,121.59417045906103,178.08050196670035,190.22048695065394,155.02108061075353,129.6538268764708,76.04833356918678,64.94107940531957,129.86654136072863
941,5.847545953580525,78.75124858192086,46.842095489805914,73.46921192135588,69.76451423746119,63.10340419134209,140.99981728802126,92.30571231851886,82.84367498533659,69.73674375438478,68.01193154391865,86.79727841305157,115.69320877551304,126.53687773988591,131.35544278000657,131.11651242088186,177.28305189565063,149.05955873593683,182.30052576213177,116.49420075921262,147.87266175489341,115.75578043820101,114.37270849660322,107.42544625940535
942,75.32422059709273,45.43257978857345,21.431450053519363,193.621833710712,195.16457929060152,191.701844304823,202.94284631231216,103.22763088034986,94.46598830363563,54.654689726713215,51.91474296101139,-13.80902650458549,40.7743002433811,65.40600732351264,80.20491766437259,107.9418389013355,160.25856390371257,167.47950240271558,210.20928149259834,144.42808492224486,125.53663093247937,76.92957178626182,39.55875555577936,101.35587736751079
943,72.6935791609049,59.006282587705144,56.74916394908075,38.041743546815155,53.746650262900474,60.38239392545916,36.776098337971646,26.123186152764667,17.8936350306287,20.36228979185117,-10.100985049092465,9.570870708725153,25.67272971366016,70.0576536997648,89.87483947692381,145.12815512323075,98.69897083883868,82.32488296459516,97.45351903148249,60.301458093895675,70.30857056689612,26.618630183428202,27.038045467804764,54.01291287552342
944,30.848998996658057,12.153100359979534,28.703260306079777,10.420939975975067,32.979030699856565,111.03502118478706,146.33338077022802,132.68662909131749,108.39665842474703,72.53510641742865,83.47735528032204,51.220729500545936,56.65382189174841,85.56934482201508,49.395648726271965,49.953578597318106,143.3536687174649,152.27792671498082,157.5209390823835,117.27830207737667,92.68155469946761,77.99301865976003,84.90833665711968,119.6348112367986
945,48.69052444573811,47.30316466862854,35.84156978365816,51.52934835909246,77.11694624651469,106.49570551422707,126.53735171682212,124.96152466873045,125.49619715741188,105.66804379192746,75.0972322413726,36.80670053075188,7.073133695875505,15.655992008476872,44.28151884098005,78.57396267345396,93.73396959291756,78.9154750507414,124.46895966924646,57.74097528328039,42.059739150977904,64.16322056550759,71.43132037113634,111.5904123051109
946,15.259594481433094,-28.219160023981786,4.087512809658133,-48.45664612820008,30.114660817653366,62.90470544774704,103.95754786151434,87.38459506216373,78.4656104002606,46.98561176971852,23.94850591054115,30.65753638289197,46.975445039358135,58.017026727536965,40.32877772700072,92.7653746376338,127.13919624938265,163.93553329338687,102.91462643164192,91.09919301407396,45.14733304120737,91.53388745209699,106.15555731009486,111.62915323013927
947,15.646106453087512,-37.38725157606246,-26.620256589380382,-12.19077985691321,39.8592584705282,102.13032173020923,105.60279006211417,73.538456631922,64.02002585314223,60.51542416338516,69.43481737688262,75.59599789793918,126.15172870664233,137.92219390775014,197.03580406605363,266.099342939876,223.31446726307843,200.9635896591858,229.46996694686703,165.2062171834125,149.634379933841,107.15128138244955,70.6607811222684,83.4471809379247
948,25.98457564968244,-3.573055859557517,40.35833636365409,27.32086971693361,75.01362298379519,111.69342697433893,146.5344158430649,88.93480602067525,59.05639296479485,29.214346506552907,15.859591262976906,-19.80382679347951,12.699546232322874,7.293359962448051,32.58765422206623,72.88771861156378,114.18975580063295,129.0122032835456,128.91200163425125,108.64006726254662,124.57350162732487,60.32098969455053,28.213197046010862,61.17947646895033
949,15.181976372560136,-13.454643684919056,-60.314288579522824,-27.237303568302053,32.545522667090815,114.50154034333073,97.37317809917424,76.14972818736378,87.18553057024776,76.2318131651891,88.168479785301,88.28657960970574,80.93573328117677,62.04741611886814,70.86382212740754,114.47842106494451,111.81908605583935,129.0383078215183,153.85144185578832,78.51910345283216,69.32658929621672,38.04850060077868,25.546229760522948,66.88285300535576
950,27.388516410905133,-22.2216589314852,47.447318518578186,30.824060554387945,43.386583684895335,48.12417619300414,95.64978148118064,48.7098516504745,70.85932506969729,70.02842387658997,66.1859405620476,22.695533874421393,95.84239299183237,107.17318060785655,76.21393185395445,118.17807570834371,142.86879029240694,138.09806342440677,143.3155338788157,117.76804846478883,146.23212129717447,153.30479084391288,150.68946809634448,164.21486483905494
951,37.33130619300517,2.8664939712309554,12.467671860227025,58.583816516481754,74.12198735782643,66.58526914208214,88.72951123686084,58.923578588930425,43.565738905109825,49.93520392252188,35.47503831169041,45.7839680600119,72.2859411185863,53.94979812072489,90.48737494312971,105.9300097247014,182.44933966577264,154.46734415870694,150.90669765233056,117.04617118697377,124.93474826522915,98.1484262838857,45.94188425271739,110.5536019755559
952,45.92258468053712,19.070905553046344,8.946657331326087,35.63244592893766,74.79358548377851,92.27378980380635,130.33024713271234,49.66802331813753,64.7582454923853,58.17291790921685,51.56633568318853,62.391997586369286,82.90554579976131,98.42965479968234,56.840433375273214,92.0443231948287,144.14068499404917,136.34885435938025,109.91271661306469,105.73234700505634,146.0638254211566,78.20819238880779,61.5058427367792,81.66687324661936
953,71.66021148961096,119.9214291238705,55.726641632355836,59.74142600585459,64.12533866420281,125.45733970300236,145.3565629940133,121.26850867180794,129.9439033267933,110.96944947719297,64.2533692307557,111.07601942601639,167.54823733839933,186.64267586956242,176.0072177980171,176.77088328293684,174.79043186505845,126.87688019643227,142.8309923970095,105.95573066795208,115.17060872546747,78.77848482492416,73.66921418590587,96.91034603521057
954,44.10360446255161,81.01677013831011,78.08814292739473,87.85761476669485,106.67863377509212,96.81103136896834,122.35807567014335,92.40102781907308,46.419785069484924,47.40200006813983,63.773133262610564,76.17989614379673,97.84949934360128,75.78417540422943,63.22749702879062,114.84737500695365,117.7382622102583,138.10575963754158,140.5693278604202,111.61381708397204,101.48553948997224,102.00727226687101,77.76000699230485,72.75605596413676
955,47.24299181045961,59.58169884206054,21.27966009511328,28.553489975940778,66.0730142142776,142.4993343571698,184.80318539436308,102.95720936243814,78.54782041240796,102.91403923181956,110.04723761513952,100.76092172372311,72.4728605657415,64.56784403449213,71.4788541181533,65.99252588968875,69.47434325733701,90.84557756430164,92.7495758690345,90.78441729865628,40.95490898734226,28.884128668227163,22.399159224590868,63.64039648616062
956,31.26784729695524,66.19444753046213,43.19852557812223,32.29440019971686,45.496403385492016,95.5244601599696,93.95640149980201,54.19322914357108,53.40011564742014,83.56848414053704,44.78173390411325,37.30854549305105,99.84694936838771,88.67513312371578,75.88922607719802,121.83738008110049,139.8135213113256,133.7377016044623,124.18207561668366,107.83421765362077,135.27347071628702,123.97186667334083,81.31857667291736,120.78527646517138
957,52.68339642167215,10.642391146050471,77.22311044582027,70.93880045756492,98.68545197636475,227.07556366947966,209.14796326053516,179.66361177391266,108.72782430333288,78.02579335061368,81.83549571742299,80.81851045008744,74.25579101420614,53.8145472084789,77.30580651841376,90.2924195400684,96.40400767952141,75.14164496882798,99.5471006118164,-47.75592325995599,12.05055959749481,0.34583122447071446,36.41198146430556,84.59058336093346
958,60.36408774569111,41.661238053668214,57.62709190217467,43.62997733286484,64.34796979208485,96.61246112836683,134.47296942187992,151.7321485381754,133.53370457234317,108.28104405927759,79.61324836830603,53.26469790202499,92.7848619036561,118.68588061212544,105.90973787976765,95.49810148713743,118.8686270604916,144.3940074105288,112.12997738714738,124.61882477592607,117.02733927275807,72.47622843165148,54.486449105849076,137.62863162794207
959,87.71355898978943,61.40601377209967,40.0929238643446,50.585254391753956,59.23250512738302,125.4967415590782,168.44656221474392,104.97966568131366,118.1658460373944,110.0407690528588,70.85476271363868,65.94432904895886,98.68341351203826,114.54301315477689,101.63053379351143,108.31410627828726,123.77756827708936,142.76568398268935,155.96840705488796,137.962989018221,156.1745744431533,95.60049624307295,38.54471662100828,107.43579372173082
960,84.83166814133752,35.11046176112979,34.81817794406283,72.34755303063599,86.78823517987738,105.61474487506221,143.1013969721405,89.35445800420892,112.09514547213408,82.98989320139194,84.60276927640342,63.925093180189734,92.23800829951686,79.72803168176975,56.29147214145611,61.55147110217143,109.45399721615127,121.75325383062787,119.41920718204028,104.50858906856459,132.0829613377104,108.48419630374812,69.31466845696157,43.85610272980309
961,11.405372489298347,30.479427323681378,69.89463533763401,31.654713738636733,64.90239275556806,93.06684110606662,146.84872878039982,40.86370119063375,51.14646922947194,25.31138563859409,36.30130081596944,30.473901473622494,81.50206276045284,130.44712216092105,110.40912236070065,127.96629939412537,148.1098667487487,150.99073483590877,184.80935855189463,112.80701957976983,89.85361737742865,79.26139144042203,48.167470652150854,58.271553286749686
962,43.99304236149993,-7.460233699439332,25.463402263593736,14.68374451742659,50.62615598352052,93.9992073697089,109.62054817244243,72.96984053307013,87.38504893475685,80.35044616240583,46.5277204041643,54.59195149256767,52.207902724981224,76.92158194644085,57.26334828801926,96.76053216753408,154.50934918763835,102.16092999961265,109.20172328565991,148.62216425102895,137.2990977057639,134.54407855624743,82.53159137851185,150.64164484633045
963,49.30480270048826,20.124726724822708,75.13859343684577,71.89056017540446,85.6755575980091,118.24307137133852,163.6478220678723,147.62104147830317,78.80652026531578,57.723921082095906,66.12621800370707,84.07801332021018,60.44575389332475,36.04128641582089,43.384250585431154,50.87145957904673,58.02134082742275,101.2530473118179,117.56106415359301,95.0943891948005,107.44451879121598,28.539503053605834,21.534398377190563,134.72500359094096
964,23.540467305244412,64.27782794622554,78.42464544877731,92.90635654135693,101.67241401900881,90.52832193905832,130.6404367405893,120.51583928970312,135.02042261962927,131.31513437558002,115.82565743463135,67.44334408116083,127.9161160494516,153.36584320233595,142.38498648482778,184.621946755279,177.89525131875186,171.7585548929116,142.58624764120083,71.57768117051967,96.52552106315598,79.24725256832869,114.10186000426174,146.29043157580207
965,51.78480175111417,78.49103362064434,-7.088034520574226,6.187779411657992,63.13619287295205,160.94038320534355,137.76888042138367,83.70694720067623,67.06574006163176,1.423196408366465,23.116699526895914,27.715545527806796,50.812675609994606,126.83023837172948,96.64478442202754,135.15126871627027,93.93569640326744,90.45120112281565,99.32959331492575,101.9669278499324,102.6520142842935,73.2967317194374,25.21319867336191,69.22148707037623
966,27.885450978929644,0.33647547751738927,30.286696528902624,43.38585682079496,37.826847444024295,103.91729341389214,133.73050185503536,113.4994956029773,129.5030431072801,126.74143632092841,115.36867536773056,62.78790658025299,86.44070391534962,60.33741234176963,77.17153480671637,84.93217059389188,50.94916284448432,84.92668095771967,106.02306373761337,83.52510058888478,80.31763380944611,80.36633956183756,73.5077793571434,27.906988446587896
967,-58.78596916046274,-32.6730721639721,-2.2233047367690304,36.22151155216467,60.10377489741848,39.764208150582306,130.90690808752777,121.96231597624035,116.31189469022678,108.05761804085517,78.91105233800943,45.567616590861775,48.14628048274075,58.416234155029535,71.85286864587543,110.94526388133464,118.53445473955311,152.01670568945084,166.8681020808425,135.36526840385744,131.66546733848324,113.0978151628905,41.86704187757609,113.68799183960404
968,82.59653439261677,14.745521611814105,-5.852220545238637,8.25993552773997,58.07661298852807,50.26328140959867,85.05080916794196,87.80929172702425,78.8154335360064,73.16546185215795,69.70682119540706,70.41007296698064,135.78028883940638,123.08651100264946,125.79007743673003,145.204577856068,201.47712761858776,189.45907301859503,137.33958811012516,83.88122416486361,67.19377749485992,88.56570281627094,33.71237891486426,54.788451417771846
969,97.32399878164836,26.03358566778676,48.49605697318225,24.707396569850168,27.931996257111848,70.17931157499609,126.62814169264223,101.99045372983961,78.5909079907597,82.66691610218204,29.900744284727224,72.3208354813133,76.00387037844496,96.81539562262776,79.69009829799062,72.57598607140334,91.9285032828127,113.09394796631422,94.39073842158696,113.69889443347714,119.9146923672045,67.58084736332984,16.866113077517227,31.052809471237417
970,44.83389067882214,62.060964040564265,88.0191606229831,29.483599242896155,60.520534455204924,107.3365844628406,139.25312905123326,40.264555757193975,36.006707535296385,12.698514866427587,22.765232414734747,35.510646802908695,64.92536565916346,95.11586763318272,66.38929951400107,268.9561090709994,225.9703991843108,201.54694244044344,182.40618506311517,155.58288300865325,116.60440067052231,53.83160497077207,36.663202635043106,70.9384712061833
971,33.60025429483167,14.852186883596659,33.75967506049204,74.40277327407804,55.769216999926755,125.25148165212934,147.57588122083547,125.96907950225658,219.3522600102142,141.42193647847137,107.74673305611483,79.44926909057867,100.91162099835644,116.69151028901005,109.19795347638004,137.78206889521095,146.75647821282422,122.16321307332984,107.82010255388977,59.012024825150526,75.04760444011268,49.93334380316146,13.907526194938178,47.626305635798886
972,45.186754504082124,7.78933471553848,-3.7945381439894206,66.7672091336016,69.52758700686567,72.6997793497518,72.573173753738,56.18585842685016,54.29155862906688,82.34672664793148,27.013897909485785,45.46865067209522,83.35500906181628,67.90277850428394,65.08145932065776,79.0301214573447,104.29519228817836,127.82316197719058,138.84737730036125,85.54866710399915,97.41195643632597,73.13978275986332,12.673832761129702,51.689095530347906
973,73.87585877298636,50.154599461026976,29.964295165768096,11.104934125132502,86.24704541870129,123.61790497803474,134.81364924093774,100.06529650180197,53.703541011641704,29.13117765865536,23.357484920594306,37.639451179835426,80.51146837887529,96.8720298175225,65.25551906725455,96.22654197964557,135.27287649784083,174.24415402817806,158.45604513221832,119.52492272510722,110.45736830678176,82.49846992490639,71.21119309169542,52.21561573447828
974,25.686842164403032,32.87482676914925,78.65709043011962,78.7791218045694,123.02789166704886,122.15545977002591,132.3189442021195,96.4021514254128,104.53424339104018,58.8393305142905,27.828651365196226,11.450151826621045,48.149178566042295,76.654287757666,28.328134042441974,89.74439076354085,121.6602121490121,124.23842361977813,124.58316793626409,154.14652363885648,126.53777854756179,97.82640378572587,207.0176091501712,171.32981652275663
975,9.97390581861032,27.723559719434583,8.91836338660945,40.866565806070085,91.25457149706081,118.98202810670767,143.40949593309307,123.0831951154629,107.0002732303673,51.909279309613474,41.23317127993105,38.05460126171261,20.35890988013911,64.08924268242158,71.86744875394164,134.26552048146746,115.77399816098497,97.66592030320123,86.96050220355366,88.99482691706328,67.08837801495598,105.91741427092873,95.97690988706208,94.82288930837741
976,40.80690370100426,28.482614862293353,49.15842276310756,19.351734840804514,63.115032917474416,79.32518290722226,85.39491334472454,60.44031967951875,50.00838969362212,38.79923187035484,2.535041278161586,4.327642458135479,78.27882254926246,72.00721060737754,46.307913716579655,36.00799119180597,36.835966485653486,73.7917819265838,75.96514713581419,63.10796887056083,82.57826638390762,115.5017669808128,91.9618143241688,84.08696747136662
977,39.26042531161536,20.716630320842395,46.20051785825682,34.06454284635063,42.077575578327206,87.57124377119678,75.30117084168151,91.7335142101415,64.7487278879852,93.88992974118403,84.14717520993784,4.595733510384719,60.58967749314975,141.28799874933955,148.63378019916883,176.74829745620758,154.3812431365494,135.73741915911043,140.9129205161108,101.56508609299138,100.93836846821982,75.39707476258761,62.50887339629821,96.43239745774102
978,59.32707903954581,0.1542690021088866,26.86038773112282,25.77997199530738,79.2381622546328,91.2695900298457,118.29787948453553,114.1924885553362,87.0589028571016,62.116230920245364,57.066212849065494,31.363977371953936,35.84645932332026,59.925126903189266,27.46765470805154,62.42441992372224,52.61657834982589,83.87774808181933,63.498474253416404,57.752317808431336,52.28229002878625,55.987206663707084,56.01940882413507,97.71976416346745
979,67.51193485179851,69.57976819142948,35.68461736875156,87.12311839329233,108.49703581426834,114.91670410684084,145.26257502624694,78.2609020190636,27.668610717518945,58.70841425484992,38.169600472947636,82.14610720577124,64.06044164507405,102.42890123706178,82.07283395667946,111.50182102461842,119.95595332240056,167.66494935989564,157.44224714951102,93.89867620131544,100.17768587873954,25.526454113326572,31.450769327677595,51.644757094360294
980,62.837473652214435,46.792034249776776,44.53407830798476,46.80511452802206,118.30232830589074,88.40770449094956,132.2932991816473,62.320147885486115,88.32269413556375,79.34776400774138,78.941158420356,42.96800632725337,93.98177878408946,129.84544638310888,169.2323442518136,162.4813067234921,109.01503072483993,94.06980342128509,134.25254789626663,138.7437946242956,70.41622288911941,35.553689070767334,-4.811303308271725,48.07684346970919
981,29.219879067081717,23.35437886942848,53.60724949490984,15.707869171893378,98.19702542683805,154.57811133185078,131.54668243027666,78.62013830848056,75.0329785573302,74.10400825536706,49.02929946788064,28.274061167031416,41.86875278036841,29.111455663619026,100.69840306716004,118.4448360096447,110.74891221049532,174.34044964489516,143.24195624634714,59.803364371082935,82.7611633872185,48.466767400449214,40.926758242766596,14.094986551090926
982,72.20768184314291,11.96858231140066,24.24940415671982,65.26460557517055,62.157102867611854,101.57115552967734,100.26484500511462,119.41937121996989,94.30914462988386,71.63372357423434,38.380788376339126,44.386717356195774,77.93329916055384,111.52639246675524,107.57101850136647,112.28246909998731,105.16528011678139,127.11394579954597,133.86468359064463,134.0309345467964,147.68223611038306,95.09366312605243,67.60703781805036,87.3311344864174
983,-24.512963139165983,4.317140347761342,9.394092842123648,17.606032009307505,49.87543991841271,78.85889296028301,109.6305526191291,50.83490222819304,69.25067475063808,27.72973186090268,80.6384625829411,62.88438261159486,117.71799301801451,125.00733154860373,139.97901724674102,142.123686564046,147.7998792172817,149.82999490345946,165.05195843637966,138.17715722255974,113.58014521779458,82.07585493120236,67.42783641561087,69.7542513733855
984,61.5397067207843,61.187329472116424,57.22400871372279,42.00416995062159,81.20209279048896,74.28613370198747,122.32620253975605,58.492738626236495,7.13774121888639,-9.99376341259692,-18.838356136271834,5.945357481137201,33.513974030191484,36.18702920535863,16.996086764731544,32.13574370558047,81.31237046541978,122.44404372348464,132.00164617750724,121.75764842825097,106.90454350872511,110.68402994104787,91.05284963819011,135.9110195905742
985,-18.02865978977964,22.848223548639538,-12.633620827441376,57.96054112667538,60.6145994404718,130.88812002389076,127.64197049361393,87.15083029644371,121.37519150165437,98.3359490598682,58.71805532110433,59.90038715080932,60.87615465583631,49.233857454707355,11.686978367255222,88.12544062088183,135.6859704442959,178.45308720672574,173.31691855641287,126.84645612073533,93.83914883066697,77.20984134686432,75.00547083451144,110.9375714242095
986,67.16296166553771,45.34961722400021,101.93833109271155,138.83386932360685,161.0854424077093,147.437161357638,177.19552404881938,102.4170039766374,81.05712566020341,78.8430488175884,29.532785361858124,10.326317482333856,47.60789516081461,55.00974166302268,116.52180940043206,127.42322721992615,115.20268380508753,134.44785145662286,151.27315702447513,67.35216430663976,67.5626907946873,81.55726226649334,43.00410599033753,28.855072449923554
987,-11.066730699818237,6.241160781223822,-0.5204299908375702,43.929754679123924,95.96132558219821,104.81563234717929,129.82509422573054,138.5629104980656,112.77609791618482,138.925579508017,107.2549633373419,143.16234251922674,164.62844642963444,156.0075613298801,142.75113886249812,150.829185783641,168.0845313781174,178.6655094538816,194.67394574718725,125.29352099217473,74.93369244367808,97.44144994868228,101.6029291217589,112.9453820058784
988,39.296913411281885,-11.1885075794059,64.74203330231424,72.88723032981365,71.01843049262237,144.472950415178,160.4445073551833,104.94226706961413,72.87835477337245,76.42153595540918,42.33012267621934,10.880905456581132,81.31491318088496,47.92270876035707,59.05688640230915,104.29339372139462,212.77260975026084,207.75497078590865,155.32962325206643,78.28253218446518,100.53770653321953,60.24208942192963,10.619138436729905,41.637303627108345
989,-6.3708469354174255,-4.5680126752027235,32.891138813072104,13.286589451149105,47.94034883846341,63.79963182521405,96.46879841027705,42.265401420560934,41.62482364183529,-10.874247944044455,5.733094927812168,17.689356906399,55.61392004637861,85.29891336406143,95.05425849727246,109.32416319403261,130.32327329032876,129.820216275587,175.30856464112333,122.46216636378817,143.8154435968179,112.47453746754339,87.07426028585604,153.51504092419253
990,-41.768069722404036,-25.105880431404493,25.923349177518503,47.74369559437961,67.80018598956075,78.7520889464585,146.65906653399279,106.84485174282014,100.41639308394396,72.22327750141837,50.090822464826225,74.15127894402764,57.17265286529284,69.75926008527843,70.20739240600153,55.88642479226499,105.78955752828276,151.2738661378627,131.3354997162538,84.09025010801402,112.6506149798114,66.39027945725522,45.464946426967686,68.39215063810225
991,49.83484542207147,56.526107264450005,22.43323801155377,43.73578167644191,104.93520030834895,108.06517957073977,157.6826035465233,65.84211139111878,44.94429845420487,92.01554691291861,86.39821034159513,75.2517611574343,82.10418421374739,83.71583658514449,45.362205588885914,61.6141899803101,50.28620158760371,63.704690253993334,50.236791299610985,51.460449895050665,69.54090317439886,27.504156167027723,49.343822918443294,29.27264835878846
992,43.71180878390339,34.53935545117445,71.1692676918089,41.508465303073756,55.113945279884405,60.018994778498794,88.16336245975447,95.02054723983203,84.74992210404444,45.32661537914315,44.212612078262005,27.252749826500775,65.54899446020676,36.45222535647608,44.766098070284684,46.50286704303718,123.78220633728736,113.03656938597786,128.0935763582645,95.81471461152715,167.3741024554261,160.02895543975978,138.59452991275387,131.4392604044187
993,54.31643522563659,68.5504454147501,116.86959912015159,101.8058586336818,113.9825086411804,150.59593391941326,164.45828029187598,122.5512456197402,69.34566932517474,46.38841318122883,14.485667235309812,29.321634043392763,77.75784177366491,86.20557380357167,64.45487321724163,51.98328846155244,81.03923137788362,97.34529242324766,112.27860871015062,56.550731747213106,58.43591058783534,67.91919840374112,34.66171662192073,68.45809830524206
994,29.979441335409387,79.01087566076498,5.461169134076961,39.79137170416137,55.83798184246676,53.46232726991719,88.02372489887583,92.80551086309072,101.88934029792588,108.34201963016365,56.809706943977496,43.93424689038203,83.7626231562571,92.04738277266334,100.78374459498302,122.66209253516071,101.64668126123938,86.09652519960278,100.70201146435446,109.53586418588623,137.22235576608634,70.01075047540533,67.76686456766649,100.01712177916173
995,119.40516626450652,84.73118928537735,51.536903570041304,59.667940169565895,82.8655329447925,81.24444842989128,124.96864156855511,71.11018579596572,60.102415985735725,29.46497296830787,20.75848712767593,19.59106487135876,54.06343303293127,38.97358856709581,-21.611539498535436,76.91993248613602,108.83987260043776,101.87315016486392,105.1312706121781,91.75241888209132,126.59448039289936,102.67811277360113,103.97561140270187,89.12254841828596
996,102.55847100787906,77.92058977081504,66.494860440044,52.89429736449241,29.226480346518898,50.01882509412088,110.00086976575453,98.30735992294687,67.52634598411288,22.660639106480858,7.3435560325080615,-4.126624176031321,34.14450071098045,101.63963733434284,81.6826464215699,81.83333540420458,97.08028639618844,126.27294069194058,182.92493052901926,165.04192216711448,108.64502923218632,67.76174274806843,35.213504647184934,91.04981629967307
997,-8.119028481609938,-23.859229587971775,26.001667053926777,56.87256646607739,81.1018799539747,124.8358558005653,141.72305814667587,54.16361123406583,36.00566115041386,33.78744765165915,50.1610878616875,28.750099788814573,65.37468276815237,101.42803135490053,87.40365758619681,133.45377609915806,137.01174138433302,137.36959472788214,134.28035320672876,128.88871749340055,101.64853629415754,121.71397601940325,101.56025856877753,57.508918799932864
998,-37.688085189773545,-57.14166717309815,-50.002438114853405,12.949553346728813,72.97343585760657,107.09558793041076,137.01774392430752,117.8022420338176,73.96125391988028,79.45657624310554,59.40007073097319,87.06063099096309,93.66396297462043,96.17122548311946,41.68129064850349,83.89518855088562,117.27010942495198,143.59376326043784,154.6370780082559,131.80273252503653,104.14666252444907,72.89999404043225,69.5972166763546,85.19154171576214
999,46.04834032750049,-9.792425229553963,-5.900580803774638,-13.041688514492108,41.45023031592479,60.55426390986901,24.84496589960237,61.95581616143697,28.78800245075196,-1.3068753343306128,41.49330866494674,40.17641519968008,54.90517661761225,11.988451531179948,48.44343267686837,88.49269012170814,113.4666717244043,174.02623432423275,158.5521303117729,150.9517475018235,95.21004191012807,48.688560259639935,61.22791491077744,81.52056063346852
