,Hour_1,Hour_2,Hour_3,Hour_4,Hour_5,Hour_6,Hour_7,Hour_8,Hour_9,Hour_10,Hour_11,Hour_12,Hour_13,Hour_14,Hour_15,Hour_16,Hour_17,Hour_18,Hour_19,Hour_20,Hour_21,Hour_22,Hour_23,Hour_24
0,124.08163004708753,68.65372692729076,62.12238623620354,102.48383016234612,72.84417754261149,115.5714866951943,221.17851449589955,188.1556658422489,88.63793965082066,74.10364267864101,55.60850684559108,62.29585594665309,14.528820737124043,3.868697906996932,31.229461446041157,80.52261317382587,141.3939167066257,139.83408945841677,79.94879911192461,83.97349283807104,86.56464517414864,85.73754901693391,52.81596414867131,44.922813445914656
1,127.74863299878031,96.42237180576574,73.47702508379707,97.93547083232775,140.8631831382287,143.6118870069476,124.56961249057031,124.8982000274773,29.786727573718977,79.86923936067632,38.80364949366703,81.21557411757645,56.43974529438822,-9.094179058710449,36.996898213480904,50.17209980431271,97.25684406174021,128.7335653886619,123.0755110889089,78.27543458127815,30.51872038184345,61.952523761738554,68.10028550748187,66.1589146709911
2,111.29567866142466,68.00523913770807,37.543462396021326,92.23600533084701,137.49618498904093,138.44569193550964,119.83684361715424,102.09180163077212,35.4262634264499,32.38423519724072,14.522770676349147,-0.476857894000716,3.802956196829266,-7.18344420824482,44.787303228709504,59.49440449358605,87.84528663048955,125.98248945943294,88.18049396657187,60.02436388132915,40.15442444006594,49.2610055351136,58.41256894956315,89.13932796257743
3,89.9573529244193,102.34424476127393,94.65597382475438,123.9471102889874,169.21316002133577,209.8532713084719,153.3703646352921,120.54425977739402,78.76493849073255,14.141867781528006,-5.215516797675548,25.358549477865566,-26.735489917711863,-61.84049851272694,-6.299607892824493,-4.608713046936884,36.30884863171228,147.31804439110664,134.14403479664378,129.97217868907393,62.28271302805794,16.209961695790923,55.88215921081166,34.98517671196505
4,71.69002848908085,89.0353810725926,62.5355259591757,68.62126507905492,102.49423575158356,136.58184898249482,104.46129483654641,69.35228558777192,91.45425250566701,59.35824600372737,72.91026960711032,66.56692765623718,107.77190465642447,70.9888776141997,49.36524549944681,74.79701767421479,121.21059284901649,107.70339324728707,138.68163321059586,111.29458629101728,76.44849680693855,105.05838231330438,58.545341144935946,78.21356417080882
5,72.92773135358786,54.58847668695876,54.209606851811834,145.47760959868475,178.2608816502229,179.83950345403684,186.98792577415463,178.30017281264531,118.95319550383836,93.05125262379838,79.87104372665495,97.15743945218793,72.40588005277053,48.87590856101323,62.09655700070212,88.82016027243978,136.90794431553132,138.69593951641914,111.22875296235922,100.34277483237626,26.616401318161778,25.835986746798497,54.37185268328669,14.97371479122609
6,109.27272916098877,91.7065224165697,78.63865120313413,63.44362422968827,125.27511864871964,118.30245533660903,160.193023710767,107.47668726165256,55.04993759101448,11.00533284780471,23.570909667180146,-229.7605674900903,-154.99177694906695,-110.55070084369768,-47.32429599098535,-9.146887187243195,49.488642425872285,85.88879338911661,53.75149908728403,72.61755533660829,26.02616692825913,38.509354575499586,50.56007224550629,73.24169715507813
7,106.09626226977917,40.46712979983448,39.59281014291726,118.20890430268999,132.67016859100644,176.6507142628585,199.71137049197762,173.2852403233921,88.90444912645407,31.183403680991198,47.49954358609479,70.49783937746952,29.92441307112834,-18.35223831575065,13.58196708341232,68.97015098541293,64.3542935924429,21.76927276999011,39.86449649216452,49.4089522301383,32.6928081904297,63.664126438543406,91.34876549845501,47.778552370130996
8,96.50464146523585,96.41884486825006,115.33899862317294,131.10257022791615,129.61336040875744,140.1868294259847,127.21901802078574,89.39058910005355,41.16038670104604,-6.474031218139281,-23.478560814076673,-53.56660137354989,-35.45557243930564,-16.22633062764233,26.099465857534057,94.73773665170258,101.7031165281006,113.51351324671472,85.06843075256988,59.429116310500746,45.74338481882386,61.12564249628531,62.89257155483704,57.549652464662046
9,90.14954511129983,85.50964801969141,110.68275789206065,150.805411710636,122.02149119574888,108.76914651599925,131.05662438381765,126.20942346292438,90.56729527910674,12.182840388416288,30.43145067762382,36.97864154970653,13.119184826477603,21.905779672800058,9.830997956668323,52.343751193645446,14.002367495821524,73.51154636394367,98.16086924334557,66.30541057990908,-2.211546026318352,48.025661162766696,56.278168218187226,21.268024228041106
10,99.41385935414706,106.47844128424745,121.82845345234807,160.08957481575123,180.80733426599141,137.9979986540892,163.20700494257744,126.91044463509708,100.30833871923981,12.091341023812848,22.435636885413537,33.73061156864732,24.640399936589155,-0.5155341225019914,12.501721496539904,25.341334671469227,31.290762077145075,72.06191771107055,19.84716062197485,85.22045079814988,38.60061057069588,87.69848030349563,62.97184188389815,40.18863101019636
11,127.98670664808093,108.14043224560776,124.15568989472746,126.64094823848409,131.77282138473916,128.22572403584297,115.06270341101494,126.67504205776764,68.2962250788083,36.330880004998434,20.585491652299915,29.443361958089284,31.95706562900715,9.097005546085597,35.986493909713914,55.85940923360579,67.62368555025583,134.57902202954693,107.56256190482227,117.68338505238188,73.32946360260622,94.48201955984132,99.2222469851666,72.75183122030872
12,82.09134562979993,19.048627252737788,28.135713973556058,71.0601346807837,100.09909181267238,103.60218119991806,117.6802992948054,83.07859065958978,122.77948868396638,22.28736114539045,16.08828006316869,68.4899104872249,71.7399170718021,61.41518648661342,71.64677188713783,55.666608272821485,54.00910910349505,43.48995297590251,55.879268131549324,67.10613868442371,32.90252767428122,45.309133258495535,58.07010647247927,30.815985787148925
13,112.85971726681126,81.85441758632903,80.50591231687478,102.28621072595192,128.21279624756144,147.62044607650932,162.77063842014763,126.18995036733806,100.55619373876321,68.22573966031256,35.31105241328455,52.22992042464644,45.614332913482116,12.218102949396638,34.67215754865202,77.23440797650892,51.015228346848914,82.25273823227788,83.75951378632577,127.39733364596839,104.5127116060671,95.37007848396321,87.90085798156329,112.47065065767892
14,136.89700098129424,116.68876575103391,147.0379854534369,180.0944533442155,219.03949267253978,196.22175947062706,185.0039041642946,154.74666921163833,39.21997068002483,21.401858873798915,25.920347236829194,40.77661914657274,68.79011595298525,45.94222834558039,100.97892469894973,131.90834156720445,123.76937244166353,138.5767746531913,121.0057789411781,79.22732079336473,57.0759359843336,25.434606890846766,39.918893879345205,22.796727752652142
15,145.1085154468813,162.43553261716266,185.43063014687152,158.5117903082583,164.84257273386183,131.0014276631282,107.8130537649528,102.48066048470875,45.84873710147649,26.648659688501517,30.34853040357251,27.059650164362324,1.5780963757143773,18.83937428077051,45.16799107341346,73.68370221271827,66.41991333483666,71.5893151170086,49.29029362338113,34.53971763390402,21.304868114075305,72.68719847623211,77.66462950839887,40.788053657123285
16,31.702829436026633,1.2990226863499856,15.415687533087905,88.47997572370649,130.87975551186742,182.1264765128402,156.90410490235104,157.2772109256763,105.04533510004023,81.82921600094485,99.18493728964216,102.07411283966857,72.8212244365033,35.729144421257985,56.928434575297224,124.79685181349035,151.61178563735308,163.0290333644212,146.10596841991543,104.1250745506597,89.9248760157987,112.89511708831091,86.45690451307408,41.6184527090556
17,130.29876439228846,125.09766408426032,103.7305627039328,126.7284086249528,137.9211755125058,119.2926723305788,99.00544662824504,72.61427053713706,115.86768046008766,67.83882207224386,24.65372044656772,32.43602462299387,-10.174381098574294,-37.1617915674217,-2.525795865883328,62.30218066613642,57.027005226792575,77.3485876770435,44.837519462401815,53.467825775024956,76.24630156778647,56.862531540102076,79.22978045030533,11.860366136790269
18,93.19111687905384,56.086939722126225,82.0056940849023,88.27868919022538,159.9013832426268,199.9023250264456,177.7423215525178,150.05276582678727,68.70404682969567,22.424527118319983,48.82570588015805,-29.650975019636377,-42.07690005374751,-53.127467837235315,-17.402715891677378,43.34654882182684,94.1106873938715,132.42537344954238,144.0574913763175,107.76734751014249,64.49031435969587,80.9221444101834,75.83321142213904,26.383710564154924
19,145.69705743104583,124.56884983919751,161.52818242308985,169.14106679280346,220.4066272703129,204.8234039535123,194.62035835289208,182.8809285705018,114.64139528671473,27.553575469682144,-17.776559980004905,-39.010510973703305,-16.211239894439107,-15.63518825459403,-18.22813079861857,30.80839566446201,51.25272611431215,92.26262938184972,131.52660244725854,141.73025711977715,92.74567392350714,56.248910038960005,65.30759867035054,24.894129465094046
20,102.82831103081476,62.76864791838412,27.47817381745594,74.78364209666884,130.65206551170772,115.00206220775695,131.58122729675247,76.72118592994416,38.22615056772775,-16.476607227278784,-44.18085647832086,-4.098574268658737,7.201403341739068,-25.74931277174821,-12.727967344401083,36.48717771434603,19.01332817823598,53.09765133759937,65.34717483035818,82.18383616653709,56.897940425224114,46.12687582707049,73.09538680433515,55.255138279736784
21,114.61436764370018,55.57669940397662,53.97191279589726,107.60360330639344,115.15586328071666,129.05319745649612,136.77336283089323,124.50375707989078,127.3028605323887,83.80298222546857,65.50308992735665,71.76846993520496,14.188213294145843,-52.84559794225403,40.035330690943425,95.46345080033578,80.27073756752436,128.53707846578752,62.04412417068272,82.87172728286413,64.34808366899135,42.13457439324435,55.03130911802036,82.02737030350389
22,72.51212681778578,66.44926865184046,76.62880783849039,107.94571941673178,112.69849002844995,79.38396276227154,128.0409687265772,85.72412679200292,11.63924306813638,2.274242932593701,34.181361425845836,71.67857933648942,46.870692190459806,-14.598983417041286,58.824440958620855,99.72341870088096,97.67721126496822,123.302352783229,120.81779362660583,145.09364334116762,61.30274462480405,76.25053529878045,79.51636559737375,52.58944262167639
23,95.52630381640637,67.9044505041049,95.003926087371,128.35434569195047,133.91198832137673,174.37451445870465,190.6208449421299,180.9796078768435,103.22573350969259,36.324325048870385,49.42667215909914,68.29093656602134,49.22764206399347,35.92222575394821,24.79635847122363,17.027893955133656,74.48063686725692,133.0831811746557,124.34499200347226,72.74402403880687,27.092300547666913,-2.8855715610885966,72.44392515916752,74.70749717097561
24,109.46494395180616,83.19020015921691,75.66985743665133,57.97349132895798,123.47618695679776,136.72951929721654,200.37565002074268,213.67376337677732,252.42205614370897,183.8193894417678,127.01226482120552,107.99247925205074,80.7150840355353,4.774153232216616,48.50240743490697,59.37983607211514,55.850278236769896,104.70747072359458,112.38432577064236,94.75295602166484,49.67828388920782,0.72956251851042,14.425991570884491,19.07212429642277
25,83.53229423990845,64.6995883157372,46.49673721590859,129.72957922896796,129.79101233590865,147.40462575274293,116.4440203977633,111.80233865340065,114.75731326358306,31.266030774027694,53.18310764844206,109.75729599546318,53.14168876299179,52.26346340112255,90.65395244244297,95.78039059712656,97.9375602632746,150.23500302594846,119.43543066789324,135.14941007495463,60.17153198699829,72.80252085434613,48.17448816705077,18.972965593059087
26,74.89278715870203,97.15348830542045,65.93586011547299,70.55707294406938,137.31702851377221,119.62409426800058,130.50138594919176,136.16309908251654,87.43427511096624,31.611645532438757,18.376069003934276,34.439599710624314,-27.52899399160763,-30.174282189774875,31.779293047627565,66.60654793085719,71.21027376198717,119.27427295155036,98.2598806039566,54.92127903025063,25.221184948972294,63.502645693902075,51.86329460942373,85.06771460152723
27,123.92125448942475,111.62843386804407,130.83008902880476,160.93299164844933,216.34002489067794,174.08250700173494,105.57811886258325,104.06305476754858,74.3863973414887,6.881166612624703,-30.633872870096013,13.66482697506665,10.51132527911922,-8.831291021598101,89.80624270137274,137.70657762602565,151.23485647619478,169.90711872737612,209.86807769667044,167.03042854681024,140.83589234257258,129.86305156266917,141.79530467157514,107.55451176720209
28,99.84843450873109,82.06503116535407,80.05384935344016,79.34273074153612,119.81755770004317,148.58058841570644,146.92398962620993,110.31176143914104,69.70179491924095,-26.09515385263498,-45.00742557057745,-21.527854359650547,23.997571643882562,37.864602168686915,1.1358498239255574,98.33130577204335,96.00500035734399,119.94469646068325,142.48384456918,133.93971584031695,75.93674505230622,88.17110660051578,66.42555634913707,54.51672457260073
29,161.56403571343202,147.23431434117606,115.10314414727745,132.8075247324801,149.51581969859262,136.9185534598887,117.42795215872381,120.35231890911886,112.36583840762306,81.50008355030138,75.26145959836072,106.93579105383164,94.50006294230455,51.47808958127659,40.60474377300255,38.304759438829365,98.54770165451589,130.90619172062017,107.21395122353535,102.83644652001308,53.780625129985374,101.30522986140764,103.70443342893152,108.00382616955807
30,63.75102781159357,68.25038146914277,89.49303955703652,151.2891081027274,94.52353517320034,107.46707115832815,78.15368017734335,110.29156340235461,90.82012055076389,74.05386638967667,54.16650621233699,35.95810339366303,2.3368095014867585,-8.530020362219023,-21.385411696826477,11.070102416040797,-15.833405943371517,40.47674457600793,46.17968379048399,25.516856311947535,30.7768357931955,41.81917037418722,30.887485750105846,-8.103111230522288
31,92.1257114786453,65.05653075647821,73.44267293615373,102.26464629313662,93.73716294736357,85.90910755078416,89.91576146042371,115.7691445541445,63.889176713437074,-0.7254645502737489,39.77625814633972,19.940150633011925,53.39530740086549,18.048125401598615,-28.010733074163095,-26.048782738258524,24.118276262819272,81.1271837635203,103.89566329890151,108.88225116354334,53.77657974163982,48.3980012929342,51.34315038266574,7.637587768726519
32,105.5022132214544,102.80583825413078,102.10258604768492,115.76101218022006,167.54826991319237,143.79754688812383,145.79901826695928,120.51798243230692,73.39294132999655,39.3772490808939,-9.5402258052207,-2.854151783809968,-20.31811406410876,-29.757912748592307,13.928194568220558,8.89419170591308,11.345116736513503,57.85464626512801,58.51254479339309,53.3599007108444,43.243672422959136,39.63071856259448,31.459450621243093,3.423580037854464
33,75.81102802502515,40.776430258769025,55.71626295712083,123.46033073603373,160.02472839501587,178.7605018317158,160.29710082637885,127.72529763153464,79.73966938596568,89.28573652880937,69.35186597890089,86.3843049066648,68.8713345952647,24.352143039218298,25.007835907298706,52.69812377638164,-6.684640908827731,52.380676199290775,78.11363986961123,109.33252523902839,53.95281123187325,58.40189191694567,77.45369716206204,75.14260596503773
34,104.65325070316887,107.77048965224817,93.08018390233171,117.3240259668475,114.06566978438268,117.64092627744597,167.4518613659378,153.57227973871375,128.1417316058306,55.73722721571703,45.19137984428677,60.07184354811797,-20.966680365769793,-23.685443570303615,2.9697655482907592,11.952347754947084,25.310713046367333,140.44614716750354,106.94479549361493,82.52626534050471,70.53902298751004,90.53634409317274,84.62273695898512,30.531517832633895
35,70.43737162499949,30.327459244493767,52.52949383716394,105.33109139526199,122.55881624032175,112.45031707586728,81.83309410381494,129.52505164030813,105.5278986401969,72.18810853161037,29.635686492584004,34.77688612583919,-32.48414305635039,-38.13708505547978,31.46988714032159,85.63862334999317,107.18774994440383,145.73251636500268,133.08015684142347,136.81333693615255,69.35331228417189,72.06896382956188,55.281655611882016,55.59056905425827
36,99.53496904888061,95.7852229774234,68.35827012338794,57.923717503124536,109.01310861071008,108.21841333018253,123.97209571090812,125.64569765243192,106.83371536200224,70.9049497938667,70.80681108143759,52.26353043162835,41.01377048472817,4.65113590061606,50.041961819791524,56.669659107407114,98.50167132480917,119.18203985754784,117.68620885917974,124.37287142622365,75.67011490170091,67.64464247059824,63.825767428439114,35.93982288191394
37,151.2746532137176,107.61846064369175,44.05491184136099,94.85494984735382,141.92898766834895,174.79542499751176,185.01490808729503,127.7224601474214,68.19564507167453,8.88987882549877,39.47127992626819,54.130878611039684,18.03119264803079,28.23447180427414,78.21351806241063,170.20432618464298,173.24109005183143,129.35929307342556,79.01981071153611,76.49762938846966,27.525403669078223,29.9159555869021,63.450140016363854,51.610095423586046
38,78.0524041336425,68.52653045905981,73.78208109743133,69.19190861004918,105.98292498311213,97.97018048811452,155.29676365946614,167.33168224664283,124.11230705791894,95.72785294983437,74.06516417736077,76.16719597461807,49.783076334466486,-20.912525315506596,29.17697440373871,48.41064824357379,44.94601691581362,103.64470362657127,89.43141007103794,86.63534237080856,9.518850487671408,22.49128192417244,25.73073831040346,26.12498003669475
39,85.04336080411005,87.24524322423221,97.59389254856004,123.69399244433764,133.5396206576705,109.8226188358912,115.4043497647949,142.20569038230482,136.92523054582878,81.33404745220525,64.82459037581845,3.6356330992890094,16.892522572765916,-35.16011390778907,-2.508611191941636,45.597204898015825,77.1720386997768,87.94518676770511,66.9319736689524,70.3447502515533,59.31542076880888,69.66539506176106,55.65553384994438,54.30890556457158
40,104.76293153286234,104.80017935784241,120.48045411996164,128.58213106015668,155.50755385882158,115.70804416376163,99.18111314179755,85.34469500014006,37.12015827071945,-3.1968392743630005,153.56871281726103,68.72642326831263,35.01391895388859,-11.357157593231332,27.9928563115253,71.92802376376432,70.95688091373006,91.07201180875413,97.1908284763742,65.6568078142604,37.06997189280124,57.34296847298174,77.83647928214224,67.13543737857624
41,39.14471826505722,30.931692181471547,49.344210917564695,230.52593753630094,216.71363381487828,219.44192380760006,184.9614820321722,188.98175289333625,145.8962337010098,60.84732202448718,52.639840524066955,61.54227348868718,5.509999805137788,6.3522918252348095,41.31380425803667,33.94480163434841,78.10846090147392,115.59263929127266,129.8894432862463,91.43516222654543,33.6152658089633,83.73473445441158,78.83816471822657,82.13189498035337
42,98.29353034402331,106.02485494437042,131.51763148196477,99.33205530463916,131.906501984421,113.10322717194693,116.95389572653258,89.4568503809011,33.99113651792668,-9.74362019149693,32.76068120344792,64.29391597363994,35.208142694075136,20.808595277001793,4.2110989822223495,34.892306559157774,49.37888402694486,133.64791212596558,91.88210180675716,82.14342791405278,47.00369389611221,90.77687080250865,101.35153437315444,55.5524309424583
43,75.24846355058824,31.197981996916738,60.93727309093242,103.73668239653368,149.97717265453431,158.83050251973353,104.83014687059848,102.53310895862542,74.74800428600342,27.135273370371053,34.84640767924644,63.1683938333875,27.95294023376136,-40.352125831672836,-4.14731441374914,53.61063947587725,41.64154507907964,99.7541208394587,133.65133632690106,133.02314100070203,94.17802923100564,99.52546599371362,72.6671789323735,49.110512379467465
44,77.89235815577996,127.28306339833163,90.12193777618995,134.9874497271614,138.37529119541847,176.84035386707697,122.96138817227583,114.87771220163917,59.852851846103846,35.384106765525125,36.919320600477484,61.254663470916014,59.86463014440042,33.05203415333163,51.24481567914832,84.02636433477859,84.96118977720388,93.13777285165435,73.30934649479974,68.90542440627344,83.18242823214396,49.73014305756847,66.66193239917646,18.248297711903238
45,95.3852338277254,18.369311973262043,21.511630930530075,126.46683692809671,135.8959304503665,125.04690190369509,119.31009559558402,108.98567370349113,100.36069178864733,83.74465578799796,75.78463571553999,28.03427580305349,44.96221082216199,-22.686898250556126,-31.932796608778414,23.003689141264985,17.607817690029222,71.0261377902803,67.81808151079682,89.94448741046867,57.45326014422735,103.3128111321988,41.30622622516482,13.233575672014794
46,95.74238297671894,91.97669220360972,89.24853264785712,143.7476729427661,173.95176859430563,135.6583656441911,137.63190927349964,132.0323349447902,67.38026224728395,47.7316289228689,30.454419268309643,28.436558551900177,-17.958446210207104,-60.47768060129631,-8.251526391925463,65.21053418174697,52.4753171260727,91.43394450476632,104.70179913513972,83.35257064764122,70.80656262657924,56.44411905947628,50.01521556244617,3.789749430973913
47,150.94493975647174,118.07950220286386,90.38207408979821,77.88105297010894,102.8368541971918,99.59634788768932,125.4284653538972,127.46256856673698,146.28951837929907,102.48083829772878,71.03329518739574,85.14642282734775,30.825551671344698,45.4414431559122,124.18825616911262,164.6019406662195,123.17409659061408,105.16354233699224,102.27752138802809,108.12249091325971,91.5336983955942,63.35508360415703,29.787798218808874,46.845197682974764
48,121.98825173379967,140.31489918988353,144.5811050141144,149.43437729757832,155.03762487859296,174.81817251251366,186.21001237223322,170.6874296962389,131.54102529852986,78.54320711632178,69.40090494320016,17.050506723965118,6.00312837857579,17.850649810346926,59.27182272753822,84.59581181776434,100.92566582598994,134.34955272514952,79.21711858039237,80.77697021599045,40.55651643496229,69.82953462770004,103.38700253901584,45.26416221874584
49,58.822693678899995,113.27029595284408,90.25550923574792,130.57743987087562,151.25931738729443,167.30949159851798,140.42366287737784,128.15640727462622,70.04276807912497,37.37837036504351,-0.40723854237184653,-8.261484833177533,-32.05795409889387,-43.82445585738516,21.07545141894372,73.6518424346146,71.48768418384644,106.3956421145234,97.43456243774017,91.07081486454439,13.173755596682867,93.0250891906378,81.56860744780028,27.11549129014776
50,230.13741397637568,188.06572625794547,188.78858065897046,218.89449750661515,184.73205883118928,171.89437877522238,177.1453097002317,109.99670295268874,22.344765095035683,8.803503444856105,17.827083941144267,15.686122364770597,27.96899105578136,-5.714163338641361,5.208351196477558,32.083163449819764,46.0066793819953,130.07483500555125,129.0585548045712,87.65341301072081,30.98064110906803,104.07888461441802,86.97192364977384,30.509260817136447
51,99.14665336917103,67.65662543240441,71.25962401205491,53.61244449809798,107.80503801807836,138.39503464990827,152.48693362401315,113.28075693774228,108.15168067380361,43.59923293661038,35.19532254531457,25.559650995440556,42.543831617518364,33.1673570323004,7.877198342355502,60.26478750469048,66.36337244235712,134.7945978200679,132.4028021821591,113.02064067630087,91.68637334775482,71.7563784923487,67.147920042524,22.70624650260379
52,70.78434866641982,76.32611630514762,71.59401207953904,90.11907319875982,116.63020419153327,220.79505341054104,190.98624848242716,162.66235834469705,127.41480420537597,46.54259131108876,16.252148180202546,23.555385779217527,-27.882308831443613,-55.41976261991621,7.628166977134601,62.43788392746995,64.44962213096171,100.74968544184328,145.25162182287627,138.12923477618236,95.85065047451877,132.18081470302684,84.8167077721048,74.63414128280284
53,191.3926212217492,133.2419869667097,135.46535763126633,134.80829884538014,155.668313417556,140.2814131355237,179.04538086775366,152.81389341066244,98.04678045469116,29.749382420425004,2.8368686624286177,36.3837644864863,10.98692090378209,-34.002196220193085,-7.014334236137504,33.39530650167295,69.55550530695828,67.60949901100287,96.28032587150483,120.70182081412284,17.73790347332396,33.041018137501865,47.99221648204362,21.480688015053495
54,110.30013047013937,103.42349712848839,63.76729454965577,96.53103216802762,138.7867461995092,155.2074324223072,145.71671147127444,173.01264852889005,151.42209603294265,80.58858412643767,82.59479506933211,64.32423428804836,66.96331277852843,37.69507655914005,-2.7193418810108874,9.892716638690658,57.48133090264442,140.0044961713323,105.06800753978821,72.72210343034524,61.06316044788783,84.31377561837391,63.23522825306101,25.62345309160638
55,85.82989480610559,86.24184759736279,35.32210808714939,106.44505540679091,122.1276001531942,124.67936948186852,104.24261055514401,80.21166974110261,75.41104990782583,27.607984235755758,59.00767785134856,70.85109997174406,73.45553901079724,21.522914110232165,72.85396914321953,132.9323786326451,116.0581572332683,108.58119756624387,49.2550088779211,44.661405704570555,22.918485009270036,48.271213248153074,14.094743487064235,17.05626862041815
56,86.67323930364387,62.754114152429764,75.57822425627565,151.80392009472968,192.89034272836494,165.2059931282211,161.5353522487211,131.15276520769083,85.0656872724321,61.619935226440276,69.84635845899251,27.267662699032307,29.911845894940143,21.259695313817037,48.76698007221596,103.02075901919861,86.37155355309754,170.49358107120685,91.48186732645593,72.29223911173412,64.51488110359759,38.75508053481267,60.85261967692331,58.69685476107226
57,52.7684565309053,59.08270182798079,64.11192899724915,104.98752914591697,132.7330207593103,138.8502357193131,118.83625198741709,136.04393107958467,98.37718242519871,11.960013840282965,12.051470731198936,-2.63030714795331,-19.079803440620598,-40.1114157886105,-30.37235351607956,12.407266957875379,-32.12225066140411,10.087383777295045,37.13221610222608,42.82916618329394,11.806876770818313,31.081867827510976,31.30679861033034,-61.01581941157491
58,44.80144194210956,43.03262687827515,38.77441792463718,77.3646615823912,94.1968476883595,106.564320077382,98.70658875594222,121.16683555989155,-37.96677345462159,-44.96472453703825,2.8574583831009264,16.503847747535566,-6.895827855863498,-36.80250192594214,21.540345508479874,97.63788922419961,91.9674295202554,131.56003293329564,156.78155572529886,149.67542513974968,51.44863781905636,50.18861635099406,23.941205510250228,-13.231613217431502
59,81.96281215838994,82.6916080862649,91.56348901196895,119.8961266657896,116.04014720125457,123.5136402919417,147.71545640901186,183.32898735751144,149.83012093214722,74.508229323092,86.65323923566905,66.46291604316104,24.122197029189874,38.38864656093358,76.53802626201889,99.84141408942051,132.43188596504964,144.36904405931472,130.28964529607418,135.43773880115944,58.04251679037914,33.137878039463004,49.185776852738215,14.88149022330623
60,66.24401352554769,50.406054447524355,101.4501122020653,142.78392716488446,146.88751518095032,149.5733964029539,192.68388887526527,160.31825016364263,86.36995066963419,68.11557478897087,0.9129747356212583,7.102826228882126,-52.91987107831535,-101.22213234167025,-50.3814069223897,33.63105303767352,1.5419806606188047,74.39015062104748,74.31373533424829,101.34389742035242,79.27293122062429,31.443069415353065,-7.221013252611428,-58.94135707294667
61,79.835317480402,62.33222627988843,47.07015969319481,79.0185671237704,103.99656609861654,92.55845566755175,79.2871941584713,86.17680592524431,2.6369211361655402,-17.043135103348305,90.57942989325585,85.77568685107539,41.14997083327852,18.1047904331521,73.19753749305887,80.08680518350731,96.00626801503998,165.44380673096683,96.84987201484094,92.76719952143,47.49411571085579,40.776845762711034,63.85610169441132,62.216083826055566
62,96.15658157172422,84.92624234637532,46.52281482298014,101.28965908669097,159.62878350882548,148.52265021712316,119.55917468548523,124.51552432281035,90.37546886918366,68.18085934214774,62.9481831608098,96.81966588484804,50.20923729134414,31.498689864215176,113.0053873486429,128.12375482377138,54.260275664865105,76.0028287301302,108.61554620398496,69.07564963568642,34.07202728766539,56.267737918944626,58.169596804671585,44.23955883268587
63,68.71245888946346,68.21265616951176,44.15109442085513,97.33114567770542,132.09731839160133,202.5291127441577,187.4200938585569,171.04155292997297,133.55051790841446,88.53501931421388,66.62717449625976,80.21704259443467,59.53685050160003,-0.5191867782119282,30.83786098107416,25.20412000951766,45.647631661937716,86.30556202876838,78.76865477397948,31.741502558202,-23.328011866017995,27.456904079420006,16.705443919767617,94.39459592593512
64,64.93600762714,40.35104023600484,60.94527025952114,90.72880684386176,132.44105570680125,137.3050331130089,89.19933930161397,89.20768790974122,43.26370133325162,-10.24669116354005,-19.044817165711358,6.325093004645108,7.378690322021027,-1.2261062867702286,-46.35921320467985,43.5172450810228,25.36294386828309,62.502778232380045,55.72974088587563,94.40253363972886,44.64723007345419,76.48633230383923,69.49358986126607,110.68312368750354
65,97.53096110550928,83.03032491624667,107.81624698505694,125.13332749709743,135.9766616658194,154.93227408065619,141.709294256643,148.34465859043092,136.33967364538105,105.87433574496362,80.98389155213505,44.25900578308662,5.003932759395273,26.739704144085525,46.95716395330675,100.58139320137303,63.69006354597604,129.13248744409725,150.98976475164937,78.74129725859191,29.586157943858574,56.7329285956512,45.50390105347806,35.1521120475399
66,140.88991455022892,138.30978592403233,107.7071541106991,154.88503596967263,208.0501551482332,163.22328283063638,173.8866489160819,200.4224925586511,122.44016345803989,57.480881904493316,13.89342993722449,28.022955160600226,8.679888576286425,-53.19372773865395,15.130636023843039,68.1918879597219,27.588088872756543,66.0448734143751,64.99094139431266,48.609643910589035,4.612892863942861,36.36315016615695,18.14131902193003,-0.2191236704783961
67,46.771391165320516,37.9802313077277,83.25602777367662,97.5916983602372,112.1217595931588,91.9458526142271,124.0580373016465,136.385824414446,84.1764177618689,23.562881442819744,26.69161762211472,43.91649350222021,-23.552238112468476,-53.06870003753838,9.385493321609584,49.085811988435765,60.52344408755627,99.33953674121462,111.64427376388011,97.50022891226061,60.72815846863791,52.679876985209894,39.64907715509799,51.685301482268116
68,117.70156696141208,81.46911157609996,69.44809003077839,93.18289625559767,115.65056728223036,158.38512457424355,120.93140520744191,131.93455764480194,94.04704916779248,31.161021294602936,29.775986019301875,10.479643096020375,-49.55158953433978,-42.65000816947271,27.50349376210624,97.49015262357389,60.79436156558809,112.34535358792041,97.49438788568659,116.28073520968421,107.02639198303048,103.71999105400047,37.88609197414465,19.1590433393801
69,82.48595608075424,98.95205054472896,132.79875870721253,154.73514524370464,179.6214102594871,185.2459601618758,121.78342210799133,137.65779110139871,67.55742675390863,57.7783019842637,41.299350064987465,40.44024617478596,-43.43695465575388,-93.640311666681,-24.673121069735455,44.00591171949128,49.420918487992104,127.1451435552311,138.11283306750317,100.6136205694207,26.740408023557315,56.450620668571105,68.60409387854156,49.11179872172263
70,48.745452985155154,21.921887390046578,-35.833912890636626,10.133245738471004,45.808944778745214,41.71910168277239,65.88731061273735,108.17222498922078,77.61417560503502,67.47785624142685,82.30678206698364,63.008628540273435,73.08117667895361,21.982448689228516,57.847444732787906,85.24468074846857,58.31772915950849,115.24975619027461,104.3432309912926,112.90140703921088,111.4161111458038,134.01249932377482,87.85801342445227,45.438842330572136
71,130.9038997515736,120.476767627333,128.75864582622643,142.70400416012137,175.75807932182215,168.2207781115439,178.43826783964704,167.8830236233464,76.5040084543534,48.95108973528034,38.17566616726008,34.316160350577974,-7.704099127712357,-0.16261598494205032,-5.015549660491299,61.813726858201335,58.14874484287154,33.3765974215207,31.585485729548196,45.05058297470542,25.975994823634686,77.78691294563565,111.91968674459129,67.03474358774002
72,136.76699768924396,113.09566800203005,86.23588043987309,93.76686663216148,107.11085240294597,117.86258690180694,342.50705654378004,280.9143629836615,193.4763466910792,119.30092386919617,126.56630333622203,76.11577298203385,34.999419955550266,21.86911220297667,25.891562058271603,40.21106773290836,32.72084708427795,106.64021293277796,81.80384362302057,88.14023055955548,6.34962844947875,37.46593022928211,40.6804286432273,75.6443083528185
73,80.50560101907078,84.14852661639502,110.35311438897668,143.74958179130908,187.04348180137308,195.37099570762422,174.38280568090923,184.0780733576895,148.44652588958124,40.555104124769954,24.065429770863908,36.717325132711686,-31.2225891380515,-0.49015165967389507,24.830385892515395,47.68713115100729,90.7454013522717,128.18004754926864,132.76988433806653,122.43705081719258,61.282800502407426,72.61238894823335,69.03472578386061,40.245927522550744
74,108.10433427515534,73.13690906978896,53.683063746489154,98.61401471867701,105.93915662955263,119.16658473721304,87.16239315668675,156.45827056560847,101.24920257941884,42.16727375309381,44.51077036381473,25.8595870358448,-6.173545584316127,-37.7950853467586,56.005661318257566,68.92328037898368,98.90093146878081,144.57451224853799,127.52594909800654,106.31658657113127,88.02023642420649,111.29328561059125,136.30418009964308,109.69647518339156
75,113.00989621342654,68.58925284786477,75.52605191623024,131.22382449127588,163.68006279919618,151.79646353495144,166.8002915833233,151.36949572469092,106.29265057791457,86.06953490368895,6.543217367398945,-9.198171734066996,18.147933554355223,-16.427153736817814,21.096923029550744,79.78812382817193,75.50839556315366,105.69655382568607,156.35988188533207,158.13304024021292,125.6742824163575,82.7818228522581,73.52715406320053,47.83671408896043
76,146.28738816488237,72.82563415381637,96.78556977819498,125.22220613517305,106.35021410053187,131.92539528691844,89.90903902414095,86.04721396547937,18.706541625902446,-51.483076589056225,-23.711518926520604,-13.01507659975664,6.233035998302174,-31.322541760960192,4.027730509646563,44.51260640694048,70.00717455298651,146.50744248095967,144.07389280150983,73.47045559511909,72.58581706008925,103.0074718412096,120.17918438459347,95.46277985902083
77,36.43376070907358,16.116096024204225,36.03608386929578,89.23622450396506,104.6744662414988,65.7124845672152,65.20716254054227,118.90791740381715,61.35142159815988,43.78264763120086,28.16150778957614,33.726828939141996,4.598112734394789,4.99611204773489,41.35081939628761,91.19858182637407,73.01628201380319,97.54647289282613,123.26967145201853,89.18876597913618,45.679760889218414,92.39510391212735,137.25046045475003,112.68234185514676
78,123.78498968318574,102.20449595996703,145.94576687713902,172.1199620241531,159.830891729997,162.2164415898314,127.26959415447045,137.5992470628585,120.84338306595586,50.112118168330824,29.437044038663338,22.8425274036562,-11.807487072657711,1.5970257146210471,48.748597695796754,109.27901127497199,104.18253378523804,134.25167252754144,103.89200876541506,104.90813177592106,29.168113286823708,-2.1382453974815405,21.66450620587743,-7.180956393243349
79,102.09769346973444,92.15152057671122,81.41878261046091,90.95105180093842,108.44026148678361,119.93322660040279,133.9614581575394,124.66949855623801,83.90461562550693,75.48530373074306,57.17224621122965,25.425665805283025,5.828312082410882,-64.6922202394357,-8.50434977601898,52.5682833332145,41.19729308746713,96.89296206768441,72.32010239017532,91.43299241956949,39.20677644475967,40.1194429675116,28.0382122571581,3.401984669194121
80,95.53680853589384,94.36107819209353,90.39884014392871,108.12650891092858,142.8170526125722,133.98392358815292,130.21899512143935,161.8858532682002,126.91172591720756,52.16595773363141,18.062375955293625,9.071495757312743,-15.659652818939424,-32.73974892290272,-47.032377827531434,-22.232274178717006,39.232526594765424,88.48921003529381,102.44772284999522,139.39712625781846,82.53655697050937,91.5939725500098,87.64363929344944,71.78036269742677
81,101.69438291614799,63.95911205668462,124.33599937394723,148.93870323107012,158.07135708457037,101.68639052034715,130.76929097202398,133.3265921370315,109.77134155327965,27.96582636190404,46.148613498584304,53.19009238445753,39.0866212165774,-2.615401888999651,85.64747158473277,113.27414283523541,126.78278687355646,129.9972251872642,132.19142493288203,175.94920417580977,80.8667390265856,61.13501515383555,50.649539783789116,15.834656167083288
82,46.57199106427391,46.16549198686872,67.99996079581898,127.75860592274134,167.3899156681307,133.6000198132947,161.87521313435417,144.8173447040126,104.77333597562813,56.59748574003588,31.849885293080572,26.30633837992759,29.509175326664863,13.279959380181328,50.92616996858854,91.50069712237033,88.27992246555525,105.70597097335549,133.33936818044566,113.2745260495572,85.97306786906607,25.82081509774872,45.55075037340663,19.446073749615177
83,170.31708309395376,122.35774105229595,65.8548140433943,107.43017408392676,136.00432593148213,191.7557004325147,167.511697612078,113.86456878949468,71.55198263947646,26.646597762177223,41.79886771237378,28.255467857314017,27.364464663462428,-6.270549457020735,29.835326068120413,32.04370361249116,101.72589456594507,149.64331815246518,112.42047515742995,102.33684067740808,65.82259959405908,64.061949398385,43.571671935152544,45.95918782130745
84,88.92333734076576,61.704433029860326,80.34081424625505,148.80534943691032,169.43844765850062,152.6846817288374,110.12972973740943,89.30159899880705,61.34002374099683,27.900992451397816,55.124421282851195,7.507814850450519,-58.78524569596124,-53.567555849879255,-0.6397385078340712,35.04449621271037,43.39903418363596,104.4270455054947,161.8816378112752,96.92209692621955,14.316802764216405,53.72829430075737,63.053289517527986,42.34147063453387
85,126.38543563260683,115.733758651802,124.5404972469593,188.22901168039772,197.84341328217857,193.76583770400094,157.73607209016353,160.21366676603782,107.96991279477592,73.0548258962055,70.93439930879578,12.644960699171499,-22.81105976752141,-46.51026403692285,12.491491691216488,10.458334006929391,42.62395774967123,129.77990352316792,106.44409236366009,87.76745682903292,32.78711236032021,64.34405476986997,52.15053908761337,57.55918904276001
86,108.07889808641865,81.28563933972993,55.74524221650363,61.348846777335595,66.81789509925972,95.1347861496817,74.53816231883928,195.43624487555888,133.74248828519313,47.31247071793604,46.715812339708805,43.70598840633324,52.20500013483377,29.3765303678171,54.83771732403437,76.0599478183783,42.133068852307495,74.77100106864617,89.0757350733478,138.028006079924,56.6235452624073,82.50572235579156,41.968440757632365,82.7804539994529
87,110.52082357299149,87.98430712343671,108.26817922432537,169.64825229126407,220.16791269129212,198.40507763402763,155.228425632137,119.45842024729635,65.62182055947855,38.96083918564068,46.942964817664816,25.827615752258126,-9.720359856136529,-63.308299608098906,13.09354860981858,33.97635528751725,7.618412901207435,89.42234936268096,78.68873236887191,109.25833688536466,53.07631296102965,111.50631133554118,92.56142219451891,58.9606034097403
88,84.99056104387456,62.919270526994566,56.95086112979971,104.57220796242615,148.0675821561441,169.008683067339,153.8326052546424,136.32229339753667,13.977643551246459,37.12361204679041,29.627762663272037,40.27717927932373,42.15266503166504,2.522919626917247,60.01444060900582,75.30163629497005,75.47924225177896,109.61693345081896,119.41041171702008,118.5049663272622,64.92058234702417,117.62733633669137,78.15434197785459,72.05406693748765
89,52.678742010305015,52.425053376065165,76.07072084841427,62.38880542088302,75.85373885337852,115.15692130180325,100.25960070915994,115.18701623741563,82.1749139520419,1.574855389942364,-59.08137370772047,-30.496850105162636,-66.48069979005854,-86.05020222547427,-42.918799219958956,-8.50311300065259,14.075394882052656,37.333239021169106,45.99849660598763,60.426106462497614,13.51961910603567,12.80792457534298,41.735655042370354,8.036036944545913
90,110.72926079305185,124.91811557918388,114.2370049132816,141.89413328399547,144.96035247562634,311.5250787122902,233.05585734287405,225.50601046013955,162.8359619973097,97.34515931911477,66.28911589149754,87.60844563366307,78.19623134886639,24.403447183699146,17.161775962017188,30.322746407368342,83.79168937393975,113.80176273145426,152.67295466485908,142.7623858858729,97.28450137278658,123.91622365453665,67.4843521146899,16.04282789045927
91,120.39932798861852,96.50090776125721,122.01848303631247,119.78751424826841,172.03389171639685,170.7663668446924,196.6431261013226,145.81457595622908,145.3616547349447,95.22794618208934,92.28818297683422,109.48856169898993,69.84331276814018,11.852481833665408,43.16300066814067,108.77434138115999,116.6736769909763,149.14604277890697,125.28903692925249,167.1645338241524,119.06826594264781,127.37539750483846,124.89232248443085,129.25268083872936
92,72.5174158699146,43.81990277617787,100.50592412758792,106.76506802931888,148.553746632485,163.4384328811687,191.8160605105789,125.9834294232869,62.625522757088405,6.370936582376579,59.05407690441956,53.49716941964999,14.952411489248714,13.903334403873387,49.309739209539245,92.5925806667768,93.91388451729529,134.59906426088094,158.5311541677864,140.90866372658877,75.79024768420106,68.6231618716503,70.33570836160881,24.7482691795083
93,60.058922518735955,42.415962245851,36.675526660189966,69.59765125375577,86.1187944016327,128.11732469001817,128.8593659710545,148.34162453357888,135.25771049485394,68.47416573457797,69.05714509451597,58.19792124294258,20.01300430612524,-14.368123222180756,16.750320431469362,20.787655984080295,19.39680090933389,63.39513404517032,64.57070363263684,63.401562783227405,32.790802056068415,60.7404460111992,70.90281721958226,59.20879164668321
94,68.65051177860812,79.56551200787578,70.83393532642454,86.2503286641954,95.1214909248622,102.3595448754474,83.36664427804041,79.07399621823922,49.273183956100446,46.99774868882838,97.26998590670499,91.87128949706607,28.89972027067073,-12.74508081525533,16.741823007371032,91.19081778316782,56.63809365779565,108.14593667798617,105.6935373236883,115.05303474904113,68.7474055159056,79.16474463709785,59.119685917949795,45.79889162969008
95,85.42627987645743,59.73733903551115,81.66561138437088,86.86550832378825,87.80928422081149,133.5427179042997,153.19232157557758,114.88789915655138,69.53310761870466,33.354945025797306,-38.1586482113274,-30.929765916073336,-36.27504917798454,-21.843363137221754,23.833364408449178,44.70105141059118,27.343421937450515,108.89264540143772,105.94682806076015,127.13437928723317,88.85986362617172,97.42966466187264,56.9446076607564,58.15775623359848
96,78.93885203919281,75.01974870960885,81.56403615346514,83.90638352538014,52.722236701907846,78.0159478398111,84.31113246806098,107.32037677664331,45.16293719827955,46.24382738686016,46.80409081269694,24.87284364866328,26.591568278624116,16.899481558866018,77.80410070046584,58.35351273186184,57.23707425392501,76.78940533286593,72.31150555615218,50.007249464392046,38.561217959320686,64.99938199183798,106.54889878796484,67.30494400032345
97,122.54182180597425,119.94758851038083,112.82266587038885,129.83606006226327,127.69682606107247,113.84393724891413,147.1335387505187,124.14155831128039,62.87488024288726,23.86004659390786,-8.215708498415154,-18.310155650738395,10.318949212227192,41.58006389627489,51.63513581253652,79.25179915149755,52.62872065992589,114.35130601638588,137.53142085775795,119.52619350526723,70.26827711142325,38.50672768351838,111.3681806714441,88.65090142789695
98,189.60836458093183,164.32657853025972,146.75231761632298,137.02987008673762,122.12515654989824,107.34083505843867,128.76913058387305,141.30782352206683,127.41034137962203,77.27440487493018,61.51666533130482,73.08042099176119,53.23392633148501,-19.031871888760765,21.06466308669151,59.34882702166376,56.169436398801764,106.92550393451052,117.2250525135435,67.9082534109688,34.86885527081436,38.67232660967125,28.895447688389417,27.10977550794508
99,153.20839913834396,109.88663013868167,99.20787410538662,99.49438088921887,110.53271583941802,173.11300643647922,174.63374566664146,109.71453177985838,95.11031228442717,64.76025730284945,41.767685886290394,15.017973596178798,30.856845936399573,-8.369026082402542,47.13152802268405,70.49388826877363,79.25205347681039,136.1082994050694,119.51412544643658,97.34700025398357,48.53808555901845,81.26532546615422,41.45696108002441,34.04217065672524
100,133.75486417211053,91.80161806202162,63.540428576886384,88.51040939222244,170.63558821858504,161.67301444333714,206.0428034492063,180.08021400321135,113.30555651930747,65.68117301767398,67.4615469338546,69.5130019594146,61.813081493300956,26.12581164941763,54.394000735094764,69.02666727445028,-119.56492120743015,-31.529586791329308,-4.095088906586298,12.87246969891713,-50.87957881010458,-30.796097250046103,-29.082295543881102,-53.12345651518437
101,102.56679101810573,65.01237571818623,29.56346057092935,72.30487105977014,84.00216053409449,121.5836603028643,126.98250349959753,161.3885331758677,107.84935093856177,98.26795386608225,86.09737994373599,47.94176768400918,51.952511644050546,3.399349189012561,22.147119884221038,68.71014003214805,104.25494053440221,136.956319830887,123.94108236228203,112.17794447754166,74.48260771133192,46.558953212263845,39.15199893245082,12.436455795612233
102,63.181752223320146,45.609786488992725,34.19657142704197,40.35091590183663,90.04158006629342,118.97021164006156,151.156426518512,172.91997519843886,92.1184450596412,40.08108681811949,18.251028748726068,-25.49147075856682,-9.384823732250883,-30.196319166735574,-37.83262847012858,48.24360152979072,97.54909714498658,114.9082704150677,122.5103601003718,127.26375916873326,102.15128819262094,135.2188857319191,107.41720613412515,66.61346458438622
103,113.77868728590593,130.9755585153086,102.40373884365762,112.94096996294842,146.38616888447757,139.94362493867737,133.82317735063157,138.05405263561642,73.61548296943405,29.055735246079436,23.25598111165465,58.198048599009454,8.494933430930217,-17.266373636641838,34.38859403564699,63.72154227508161,39.05079804555282,87.99899093732995,93.17543617517751,103.66364400388207,50.53636021873994,97.00440210219163,86.60276283369937,67.77377970509373
104,88.67125592924475,95.05601781350855,88.42303495957455,104.89365538801228,141.54668850803284,175.14942212195263,166.72982890927238,162.15481230611817,135.98675762106402,95.0026648681648,44.39282124980654,61.63091500740659,0.6347156880611209,-12.702533461758474,33.47196293630507,105.37932136984273,77.36725813261775,78.68029923309467,68.5622258608812,89.52157723459544,20.23387137044847,53.315784078465995,62.27825405252432,51.86435640793186
105,131.28588872389403,86.08421107939883,57.06145071198945,138.82275915406143,143.3859385747894,187.799752325851,191.76044495211207,154.8088219628859,106.42743399097917,33.62681553335784,84.1835702102863,105.9706309147844,80.2518893523504,33.76882198490617,45.82521413930506,48.83754421705305,64.46157153805231,97.08671335683782,114.55938849695391,96.50515338569748,54.20317572308936,42.47211771544797,58.4590030469855,42.62257933350482
106,95.08120774554797,85.68852339112297,121.24034057711035,169.3443785668668,144.72657735309036,138.45987550986666,121.60528958054537,93.7730290078961,88.23745521768646,-2.158549119653891,20.651031931336483,14.974512787899187,-14.939785664585035,-43.35867882747708,-6.653560882403266,76.32373563311437,64.46693214527468,135.8234037690324,81.6096056155107,62.34336924407963,18.83314308483694,47.315175766281335,9.929953957428019,-0.33168506681688115
107,83.80022947995333,53.693902761337796,22.816432287745457,94.42830052524036,60.99465274883262,100.13088101492784,108.61192691121306,84.35482844979705,54.20598527656013,-26.11891400217833,-9.913134994886349,-27.75023524836253,-7.43030577894103,-46.47331790227848,-46.76061989126245,46.5834808388711,36.13101427749834,105.01934176662776,121.05912568821554,91.5572233317912,33.10843363271087,86.69933564731227,99.81101455354428,37.76472889621247
108,132.36675735700544,99.20718720226557,90.07289937775512,122.61762958521459,177.77125971216233,141.21687986004778,169.46149077602126,149.63696425348775,76.69512205129948,32.056292473967055,46.19717439359144,16.623070827922064,-10.585851308442653,-18.702965195399536,-2.24564076361402,53.197144540655806,76.88096103745121,129.1362491277123,90.99415667515063,111.86135450868349,31.004880016902572,23.72482410900824,39.80237080542183,32.13622028929309
109,101.16196901218223,44.029373590138775,26.87976711243539,55.4161336654034,82.72389932486777,114.88660114921188,117.68795699525187,160.4476041622942,117.31789469078464,68.12774578962866,20.77246271775705,20.773505693891472,25.74535925360299,-24.479654644801737,61.945358002747696,85.46739712921155,57.1838131412772,105.78150774288918,98.1144834288237,119.3700247137634,77.68941381733316,109.13410795477407,134.91070697758454,69.89207954597319
110,44.50335037647815,52.35511542212162,99.7618105133139,133.5363817208069,159.66395977453453,139.83592450119303,164.11529690327396,161.5255447638501,121.790345544248,84.08285998608505,75.47875775759623,79.31285406196352,31.941195393341868,50.69884380194149,77.62237843506833,93.65240285037984,121.73581552187886,118.82299986901172,121.36295478231273,141.8142590965315,104.89606836384363,85.1866622203127,92.09178503935843,59.23634491522895
111,112.23449461840703,118.42615191259071,116.30008764308165,131.2843917307002,194.6968892927236,178.7582343813037,168.71652168955777,188.65460824471992,115.04811873708421,35.75549762970108,37.495726254926446,48.64441094672854,12.473733731017235,10.345999058644185,29.41903296927683,52.20803046515606,40.226306471273965,57.88714014864704,132.45157023229962,143.13536791115297,104.7428584855113,134.19330713890494,142.49125905689203,70.1278246144352
112,90.34303969251194,68.03018870653652,49.410979040624454,75.1058780938979,99.5129366838598,145.00371315244115,117.85654408687442,118.5043734942357,87.26443281991851,20.434652967190566,-5.330702115026753,-32.58261383335052,-20.66170901350341,-60.665396904460394,14.863847927677305,110.78879362852891,153.93704711438102,169.63387925865933,158.044081384581,116.16715211746771,86.52084007899475,105.64664013274785,128.46203536174266,65.31857421487302
113,46.475693155934756,52.83144574825124,-0.0038063460451098763,49.7587380048855,45.17158470654991,81.20233754978557,110.91645131153282,108.58881111518163,44.1862082869456,0.5818423010485745,-27.625587113697186,-14.591479640844838,-24.380789618315195,-35.838574647203856,-40.03031161823594,3.679951119718929,-24.176349713881976,55.76896211035928,101.17482430765196,97.02670622901637,57.94911301334105,21.09288630438563,30.076437175636464,16.417065910899176
114,122.98469382105284,110.25195746048591,110.7113375225682,109.17661801071763,115.23207867740156,107.32379211870315,110.85732775213293,98.1591322827751,36.98834905832021,-13.831692965172465,-38.370624861126885,-17.43812035525852,-0.5544104515753006,-40.23646739056636,-4.310650236855121,12.071370039433603,63.91974015657674,85.20303607726126,91.14021814813131,74.63788206603003,51.22276112634897,63.80843539921652,48.40748836117082,34.45507719087024
115,138.34165563892276,70.08942818360113,51.26097679291309,95.95030502525861,119.40545567407813,137.83613523064727,123.81280476482522,165.49444119199194,134.88795470196447,108.82237712150095,80.08500930754353,94.67652556833828,90.6656139494331,35.0718035975445,75.19670214283259,141.38260087959532,145.90482948219523,178.51177595947271,178.0279990915123,164.83377604593272,103.25054339644498,91.17101147228465,92.25751958356827,37.238711026711464
116,85.15295644397465,57.54963841143376,13.671238601457674,67.90369106952974,79.2918078698425,137.34787063853236,133.31421019602348,111.9497168371129,68.12249231927899,44.36602160594835,46.59445273247965,46.890933845732945,44.761528803014116,-7.22582672743787,-25.081642922222965,4.79879776820372,-13.526081626649685,41.41526234553761,88.4492787960628,95.60210213737591,86.06113410616858,122.78887368411637,77.45865883254132,49.32316956147603
117,78.5815890513324,54.37360085529281,81.5328627989735,98.06272499792306,174.88661615859854,185.9125386180723,134.86182148510744,125.38395614037572,116.13271451233203,79.10897749398538,48.15483595050898,40.323686419005774,19.053731658784734,36.49168696924718,50.07431760055158,34.55584171488756,62.67835143262091,111.48229184710864,50.955803905855234,33.80484675079021,-1.0314832471314546,47.96265284942538,89.47103968423963,72.3856597571462
118,136.2514079874903,221.80607742264073,194.7698703686301,149.6500705038053,168.7392802472566,172.79200768813837,187.93207993508946,169.61918588105806,114.85972956893262,56.7846140343352,48.51198529984026,54.19166105484902,19.051705575281623,40.01313458108385,24.562679263521606,63.9271192477907,78.44632966960798,102.73884673934573,96.32049355196536,49.29322420618731,40.21742885030601,97.68968842504484,49.59103647853154,21.65249776244085
119,106.91995813348974,92.9452612508556,113.02173259055989,84.92924927896759,124.37032372978385,134.89119949447473,119.77973418984345,163.4576908787967,74.55819617826506,45.29906241416531,61.75860773635753,61.30011942418685,40.71383843987458,25.640930147250902,32.36290343560769,67.0229083548539,53.19913938760906,102.52360641461061,117.71289051621082,128.32001963500494,142.01300930382996,127.33347510030528,101.78147827184375,96.38283325694995
120,125.15078973622362,87.79260661880986,98.82697674536979,121.48858077436029,135.0131700265104,149.3475556224816,175.29669094650228,174.84362086808522,124.71444581078336,87.89490907053992,28.69955221119227,60.960528977731414,69.05919177708347,50.08871018792861,69.36914693081658,87.9323028334525,94.10323645931655,115.3408570371754,104.55354480393487,121.25999027739276,80.30671731380401,108.89209751379833,80.25933275364703,32.34309848273
121,53.80578201989016,37.959377312596686,35.6120785048235,98.15701552613969,112.44886875561504,114.49357117101711,137.79804233547137,163.65726236142223,140.65477423800098,69.16477994105654,52.06558250764634,80.1399663295351,54.30551011335656,-12.478011423274168,11.31246572575603,58.496948543795725,76.34941425202159,80.76561726317652,96.0293917919283,111.7463588582234,99.8460938450109,95.89062388800824,67.85223432870097,31.59949326929498
122,58.54270150379373,82.0565829455452,118.64736052296465,150.94859819383657,179.51137496117786,205.5651593196854,203.45525252732534,223.2817459079469,147.74457523686655,49.641324953794715,33.5713679036432,63.88001393393042,26.00148199339796,23.823980263638003,21.025020725163934,71.65375075286475,65.5438795005476,78.71082688717286,82.49088412674416,62.070077872018125,46.2335946708666,39.725476341822095,27.942244604054416,54.02775458814142
123,61.254144764496544,58.78464636356376,80.2400066931381,104.98509953510373,108.43589527484234,83.49950000447016,107.53846560579873,75.0195532854482,49.49843737423062,5.0184098340229895,30.367891628151586,31.178338700617026,27.719269575785543,-45.23749950779528,-5.0974593089430265,67.26360737843875,59.52671488836688,88.8223386252556,85.11724443696484,60.054986514972974,20.064635889821034,47.786321010672204,51.86971522430899,36.33776279430986
124,70.88343922294797,63.76259782281236,68.31657235441571,93.71965152800503,105.7509989749445,103.69612907208315,67.35412474447992,98.46446619528245,61.464530981309196,10.379278964792462,-10.409529414612336,-5.707457308379823,-12.25818362988257,-51.65109525082504,-6.001009227441994,23.757734040764504,50.628985006016904,102.1296832241563,98.2316635782664,64.78585627018886,27.997794269318874,49.774724577247376,28.742654741385998,50.50844764809797
125,142.58110949143844,99.14179831856859,84.55191965732115,93.42328110287782,136.69645397982512,161.90018548521584,105.37077738369896,151.57180393247148,128.57056910078944,84.8921807285574,59.780113815243794,69.17049128622098,32.244950969078296,37.17765269746988,139.1753647905773,80.26030022528464,36.54942042089416,102.43034360507677,97.11822114735119,103.70355023721973,37.05962163090835,42.184079620118275,35.02699240037948,28.46514065344224
126,149.40833958346812,92.24153405215337,46.68026931650759,101.2057027599255,152.96343637192274,145.51817952774886,103.75743599155138,136.01234246818169,106.06318494676746,8.521081663192533,4.527928565122359,15.153613536174323,-3.2907706091200737,-29.65968955808525,-18.78314034351048,18.198664268429923,70.32103279617255,127.0732794544962,133.600806477973,123.60701844902839,94.8825516304797,99.99915745985984,76.53237109574192,20.366457176532982
127,126.03614389421274,122.09754704506798,95.64057892296425,112.48101763387179,179.1452066803772,163.13026357588376,151.57669196305648,96.22343962231048,81.78140694334739,24.034505003240646,7.155838321131483,41.39113368367711,29.894107184382072,20.602520400357403,45.47951117608164,90.46821521825464,71.87434409800815,83.59431934427553,87.4678649931943,69.26848804988909,58.23421681337838,64.80003564976224,51.288367221932944,0.4115028098920277
128,106.75155779656119,93.82446131933041,46.842647056479414,79.96395723030665,116.95358491232363,139.72140351350416,138.01486622246392,125.11736947123627,40.28824984881734,5.818111175753586,12.887582646658863,24.42179646448747,-21.55925998931139,-4.903061117369596,33.20465999949105,39.45908878354002,40.24640999969167,125.77571276832967,81.6277226137082,96.61529402126521,31.606911116502836,57.49809178535992,51.096741798288214,60.31623355883236
129,66.72874287790549,46.469133130373756,62.19969493215321,95.90199132458915,120.50766691156934,135.66748908007727,139.22767956667101,121.69791305856093,72.35397875035353,41.941617524255435,32.597213973055034,28.961173286154438,-36.811784924895804,-42.28588206801588,-14.32205373098854,80.76549856544248,84.6170682599028,114.4324577193757,158.86857233828255,114.88364732416437,56.95870798783111,106.47178231585663,76.86596372405288,22.27265476674369
130,110.0005360246308,51.40808568705109,59.51637158543633,94.1266858116093,106.84137553850218,112.45771032943448,113.93203776293319,166.0775927538948,83.96312569189044,8.818625797653723,27.51808682946115,41.94156294931187,-11.981395340074517,-24.31536996261271,46.90356546735117,84.74163804661,117.86972491210192,159.32069657053825,129.48794454375505,110.6361007947274,72.46805230121672,64.19926886760796,83.9903949806965,69.18328879145386
131,125.96303755122074,123.58307547361404,83.22395098526913,75.88221440048328,98.90362730928027,114.2604551506712,135.0799871744139,131.1411584394761,116.50180274540577,60.04979379831732,62.545375105990765,48.77804493251399,0.33420236243873447,9.421298406642507,34.23896734110623,63.49805526337738,49.10153452887839,116.8013168023961,107.79705954990678,108.82302681786962,82.32835448828928,160.5561646628281,141.04047478637733,93.3352105480433
132,81.12865701631577,74.01134573668055,88.85354544878611,103.93699577520641,150.10066750710507,121.45906925133167,138.02975253322512,147.90083190297176,104.82247356266578,49.45362520277098,41.97991932552227,32.91951445948242,-49.29264791259186,-40.204563528106036,-13.092786609156231,-14.24279288824701,23.048450540560573,93.69974078297011,87.24267608100972,120.09756910858897,41.488470603154916,82.87084387762424,56.222645607952245,19.0842063683374
133,139.51082951588606,108.77719619935876,131.20895630103635,134.17433357230928,159.83922305397843,168.54551643911014,145.09442835208887,157.01912431483453,76.52744687989647,20.874717454548087,-22.042534527058542,5.456672896948525,-22.244250132267123,-51.952978232130775,20.978444347801258,23.087921301560023,40.890446574820444,62.14618024457609,114.26225966880483,104.89125276274675,46.83562358558632,52.241425064553304,73.00912184587742,81.87664663049051
134,168.5497085346371,104.4389498601152,88.1208772873123,112.07713901453407,80.40643730238875,118.45978931126663,131.23000080561624,180.7043810960896,145.54235255012364,75.18001750606032,30.827353723967153,11.982738190336605,13.080696762167921,38.96763577723327,39.36027887685653,84.58263164759903,118.0798591398694,105.17673960254146,70.81899243511569,55.769796498033074,17.283628726992028,53.5056787737024,83.45472817931902,32.846155894297674
135,142.868642995103,182.6921995219202,155.69261026390478,179.19221340746935,132.58674026214845,129.51786346953094,141.40520470997464,142.1902513982684,135.36830867291712,127.38006607270378,84.84459469236444,75.54403687705374,30.676126510992127,-11.19916667859104,27.866608898268712,70.49391163330124,45.84607938426278,88.06746752113382,107.16806168365817,86.45815926652261,90.65429997387503,106.14522782521296,141.77587134288217,96.98975605900881
136,81.26095190684687,63.5819083919687,85.14343931956167,47.57391769321555,127.49094637216427,118.20628914372976,133.6508465440756,151.1178936612097,103.75817104590001,87.00532465688701,56.997634590569795,17.29763448286925,24.819897342559685,-54.39682112359223,-18.88374107432566,23.447963634636885,40.22392531610926,68.58907206445704,95.52413984956297,99.67099496638588,104.99789071654016,109.00576528383647,74.83018212196346,54.57035045364234
137,115.50342262332308,46.108258116705414,41.52612565066139,108.59047627266116,105.23213342956655,109.43864802176483,116.9940326973921,119.92670663104848,58.82802315998275,33.39612670083705,-11.57092614494352,3.096041595112517,-7.690629670129638,8.4682405966904,56.79897495769866,98.03208650020774,67.92763582327183,101.67883878094473,122.20563642646019,80.78919202790487,47.22812070785024,68.48720476472181,67.24734468947665,62.65199081381877
138,108.9586450065025,57.856688692466726,21.148045972442787,62.58169141057703,67.98805226015497,103.51138347797851,102.66913942123796,75.81132742865053,78.30244266914684,10.00363049189275,15.71163425192028,58.757139158112764,7.386507180293339,-21.345057754124426,95.40195318739843,102.8312600576476,86.11002437843433,81.21421834085643,102.60598748824687,35.84083749452675,69.77473050369855,93.18356180446185,91.95681677288817,43.71810413621682
139,106.20083533071033,95.27568607409286,70.63606918104733,104.57049694302121,139.7572442297915,130.96281250557,106.77458169645891,115.9667717916663,113.43535753614266,13.051712781749355,9.830932526515944,19.771194759916135,-0.9618113508474089,-43.657040638035085,-7.154934284141159,30.785416278668368,52.78118500664176,126.88333518832863,82.05672033791846,54.305019655960585,44.99076685300478,30.778761498679287,41.62735439283685,29.47276133844723
140,103.77522792840048,83.92462452189359,68.54347506048325,135.5204355839087,169.55117623193118,176.68402568504337,161.9331579182915,152.0956851087169,86.76018176230576,21.299223258458063,35.46221130463266,84.21405753366167,39.39408888084573,5.798403029527792,49.56192715612154,62.50423098486715,87.66203749120223,110.2726173554341,51.829068363850965,48.5924206499315,17.843397422348794,19.788493815597846,1.6372151769200798,-7.263542170996502
141,112.15176244749226,123.0783512437724,85.41550273830701,113.0506989783276,204.6670978517181,207.68358723666236,191.18292113288405,171.90261191439043,130.03343483792406,40.652075504471135,41.66692478860405,78.51231765959022,32.31309090655602,-17.24618440035779,18.212060581058697,72.68432910018086,64.40655052495956,121.10504921822037,120.28958775729633,95.33139147214999,139.10315303626757,111.04182073583584,62.58770028395462,37.991024631442336
142,102.68670256770267,86.4471924220914,113.52032447829241,137.86270542869823,174.29935087907023,190.76709342039,203.70723686508543,177.71871059883614,109.89611549868627,73.80395230109897,69.7824700756385,106.44958137487848,45.97521721845615,38.18682057537082,63.88461624771449,128.99205312626646,135.96310702354873,140.61960991183696,89.68923431854054,108.0732347998785,66.41107667307442,63.792440432276116,59.32567043558893,58.33204980988563
143,98.35318278576476,52.846853844670115,79.19441454397804,104.0792644885376,144.04233318543888,138.85803471591387,97.41152095872187,102.54413064021757,39.28715703771189,20.61409607778625,12.631139679421665,46.98136807421281,16.303512426065666,57.4987724417218,85.72814696193944,110.1992469787536,117.23711385481515,166.97335780035678,105.49755814854885,121.86103012714838,121.72726269368911,96.65354070404436,81.51368438174434,25.483960679349593
144,80.16347625525731,56.880929359033715,77.80785674075395,105.95928488742393,140.41140946782863,141.99237637792888,107.98837984016295,98.71206264446354,96.95213949359709,18.986313063401333,58.75763987234027,64.45829945077156,13.78621811762492,-47.963173641728034,4.066717357781471,76.58574808024255,123.26628468778162,115.70140974409904,107.13266414878451,114.68477127095144,70.97291836502721,35.96673042398081,29.912746910217642,13.871954484311303
145,125.73165423759883,78.05383121764865,99.49268011811753,123.86956993904715,111.10648327923529,113.98878051776273,113.82306133569512,84.02258915937496,81.0150861958139,42.93640162280106,-17.069405233897612,-8.127646647031206,-17.794979109367883,-8.48996618232524,11.38661897754107,17.673816458658344,0.591113793723693,41.680196345771094,66.07412732948771,18.017381341049173,14.48960936366651,38.07592663060383,67.97686359954292,53.66728808295544
146,20.72559649608168,9.590510084913717,10.748655634947795,6.4926262895128275,58.73449032614526,126.68270083997234,158.491896759432,166.3026351622314,81.7294914212098,123.43936732039796,92.48830584189173,68.70349248031185,32.308798890528095,47.30908135741262,73.69280943627133,82.9755842661256,91.60888834241723,130.26214071893364,139.42800443190228,145.00215314901297,61.21608308186233,26.33169010644393,44.86135982881335,43.06682867838687
147,144.39456874887912,143.94572352930177,119.93920035346824,107.29995067051952,109.31500798134847,120.2644442016814,156.37759184261935,96.6173627498214,88.89290813665772,83.49256352972691,59.15838284605577,23.365718197953054,24.061559522858314,8.975189164393509,25.35991607411524,69.77008586897703,9.091538803687953,49.04847999125186,81.43311332261092,78.62122697488186,51.48343532999558,89.68449874029463,89.65054197765642,90.48363865404762
148,68.6499935923591,33.38469645478342,62.32688135026514,70.48314386529378,137.28968052218374,182.00716923611014,184.37971859319993,214.7691246086398,152.21022617223514,92.85754882100015,71.30143579599248,60.36805830644241,59.60874288017439,-8.636413239194816,28.81462250884175,91.54375599379566,61.21410380620359,85.87530200319094,124.86193713870581,109.07099788749629,33.314845146853955,48.26479350734609,21.191455460972513,52.712942380707666
149,70.53015903033716,39.87742885050123,19.561424141979465,84.69770393490427,115.23984843597712,149.09616280588662,148.89014561832388,175.66961536357073,136.52630284680987,37.850446126096266,63.90444839841981,90.23559369402577,41.131913278701504,1.4351928344570233,37.79279627838062,56.0922971274139,42.34658883516318,101.46570422183072,74.15774997888906,60.90943670750055,36.14544012420379,81.55121237898942,59.9588787248078,44.35693005809054
150,104.4602523920008,87.80412772929415,116.32152282205993,121.1905143113187,153.69836580410788,149.63137550501514,112.03965991883824,129.99449050085087,104.64133879800343,25.25517856275595,31.84911924438733,30.18226466777415,11.974523209384222,5.642462146531525,18.747819745903413,42.305386630506824,63.852009095927045,66.14723110142816,33.941482825403455,14.589519699269914,30.196602464910494,43.90013430342138,1.9280075994817736,24.116421242815516
151,84.97209257648804,36.54236743017724,75.63924039431889,96.27866080629359,110.55348788877069,167.50596978061762,187.61772953951566,168.02036962373927,75.71770299641801,29.279775979901554,-21.47848646063666,25.37711778825239,-13.681181291941744,-49.761239152730724,-7.5689300986153505,45.75807860030393,103.88301821327993,180.14158030728294,222.80580745944678,150.11016074387044,98.29613484060502,112.5346681118568,123.44172567140701,96.84412397890424
152,118.74981758631154,88.05490204970636,70.03899287807843,114.6533227350505,156.1767591547861,152.13433732504745,148.59183069522388,147.11528224000492,65.18861671485504,-11.209542630441405,1.8176215326305574,0.734192299108031,-9.29840547943557,-7.074397747485737,37.36831254751647,90.41300125808897,108.18092671993222,171.39250169040503,150.11385573555202,135.09000269790823,38.32844884695526,55.73636893601165,58.33166946364891,-1.8992356794760568
153,150.40712195057048,128.05800488510056,113.00196850078308,112.49673831437299,144.4635631339182,155.58721848054455,137.7540209926979,139.9181163376019,70.55119910169283,48.27841323415227,23.155720324284655,35.89011445955899,17.605659047925442,-17.35963773258168,45.27295676281125,114.84938896774639,113.15332809455678,115.86339081946481,99.61861102995168,91.77208798509166,78.95297225196407,100.07588272206561,56.56861919317679,34.301388332804024
154,87.3833246354681,19.806238767671147,7.775534693291718,92.08194057912166,101.44300904151933,137.60872183035914,125.76635916395688,102.77439613312369,91.85642974256335,-5.821863694260372,-38.109337900996735,-26.8200349801335,-25.66880978140392,-44.98451651872482,-1.2287961027262035,70.3963788725122,55.776960439643474,86.80126383382549,94.89336697928896,131.4918923802755,68.73522445381415,47.96898705235424,87.39099381493958,59.33683569851271
155,76.92953756943054,60.79507176669416,95.72082941611994,104.19251714739298,103.6576385247347,94.0830447452691,141.27770964959382,121.99430172736164,85.22980884490991,31.828070884926113,6.420972318558086,20.3465277354239,41.092535630805116,25.732483603876727,13.575309036442267,67.345889406525,70.34731625688873,77.673901074551,106.04537696322744,98.28123301135764,55.94121423572171,66.40031360298516,77.96092334861814,60.615147924000084
156,126.25541304306178,160.34340486653352,166.96608703881526,196.4808172193214,188.51302662252704,187.021913960744,204.79423698143367,178.14264357233114,138.49218014053133,78.57848621733203,89.0378897835233,116.07482014435685,72.63899513735278,23.30983129602305,7.266793506739834,29.498052503190507,40.41420486851978,30.926786047484683,23.09253845915481,-29.621572670283243,-25.64958413096985,-7.5490648904431765,11.96114506469619,-5.74304990179423
157,77.1035488053364,89.42503730881671,35.92780874182768,71.61751494782516,73.08365481433165,91.20351879596198,128.39935267280697,121.32554582962928,112.79381298845672,18.740683264108632,58.267329580859844,45.16932380742383,4.94338116687644,-25.55026425759402,7.432686979205457,60.82717386768758,67.70123678962263,108.61259611886345,65.00582284467507,94.65573242399547,45.4457424447868,62.326496681302416,51.45487112870745,89.02215309638618
158,143.21850569681894,101.83888486821527,109.40350297639515,135.14847543170586,91.88449105376925,133.3766708211104,107.21208292167424,106.7615517951354,108.71518856905004,-5.248771770348853,53.98918722787193,9.616415914995091,54.27668769261646,2.80766987517403,22.28385017301215,71.08763050355383,71.89594056056698,127.07045447684357,128.10781223312128,103.61322390685069,45.492537936578515,82.89934050074396,94.7652210952424,70.53194971947454
159,91.38474445264093,184.74590459158708,131.919410340934,142.214325302082,151.56699591895887,146.56591358972537,185.30882965175812,166.49972689030875,87.65852461581092,49.676307764934215,39.64394495769597,20.25360271463924,19.879368690060335,16.43539882477458,72.04804076752536,94.28321640313257,80.47919994342747,71.90229837833397,83.37457401730737,117.89841818410197,86.7296329093349,116.05034105043615,82.5193569678768,50.83567074211028
160,65.41927819540776,80.45479317816311,64.7351103351178,92.2193018638496,92.94064816274529,123.22656578656857,140.476388827865,139.71228310480896,99.4970485888836,28.73803129762502,13.882106410755725,89.51691970086323,81.27025550854131,22.297467157649073,32.87575326834158,41.31307249240911,35.03122057378205,105.67151640748762,92.10037894679785,108.70947400802298,99.22827440051492,96.08019391703232,57.506159979410526,41.026965265651604
161,127.83960187273318,79.53565078768497,137.98284879028407,154.19819110883464,145.21220379037544,139.68849551908735,103.75134763086393,130.87996375530872,85.79723030848905,9.09497334960436,30.02711634587531,-51.67960305127458,-27.061651455111463,-34.420458725665185,6.975919363161193,59.05437955381608,47.611129347405715,126.52410276717457,143.76381708232378,164.8283399651196,144.3174112764018,140.7307573262009,175.91261618677112,108.64689900975922
162,116.92495018941557,75.72175609005404,93.99370038765436,172.75622452014892,196.00075863801965,184.82822001691721,148.29077938677204,177.7265204301906,68.0113789421003,62.300992424538094,30.02943571331892,50.0962390302349,59.44785734586898,8.681536659459514,64.65228215990038,95.96882975136587,51.50291563243812,105.21219106837289,56.12360455104575,72.82177744460586,8.998528190296305,-9.226330532616785,-9.788924015391586,24.72414105597727
163,84.44793894680531,60.75452650768894,52.73501811621108,76.33187625928613,130.67878340053426,109.40273825408177,114.11768139609232,127.57708959211686,79.45273347651606,48.544078446532474,17.891974108453205,13.971296577716181,-29.977132465475545,-56.81656986198851,-5.089688083529623,15.892062222727944,47.34791251483672,103.90406792155551,127.53913785775025,143.68540880361627,92.17529783740393,121.24875831814784,106.87911088158484,39.613018576524674
164,140.3230025587365,134.4092953662732,128.15496781656978,133.22534175949585,127.14378584387491,158.75083390761938,113.3630248147374,120.8921720287008,117.94524337154843,52.35582388364051,36.097154317022294,37.50358430878042,15.764034585577651,15.310726831912532,21.913546310923195,31.2338932500654,43.83230252561428,103.10223921902588,88.16606423534961,123.67970378501812,35.39138897927028,47.229015009797536,5.443680859717247,10.753447753045286
165,86.01835897922649,89.72763457483362,104.66985644248156,148.60645475442243,144.70894251920046,137.34480644156125,144.0552008604211,126.10599944195094,92.91370935588597,36.74072323252164,20.87577509970107,4.661622662034986,-5.0865389843010895,-14.828704770657769,36.798478257299315,54.33944375291392,50.409399314809576,107.95389903507723,120.30071430428595,126.98264971809601,92.3056512126349,74.76999024894015,83.85738048696165,16.828100747315887
166,51.69708866556531,67.73549547289551,46.78006094681237,63.62781839623268,104.38327528949065,108.253576146658,123.90921330476898,82.7357535963232,65.36451704970624,62.333993048053244,42.157542795031596,32.12016933742143,1.9833425781959981,33.0239413351799,85.9539958391462,79.51738156326722,87.89977111429788,73.10049951253427,118.6329223476456,145.67876312284722,71.60661067838595,76.59546703373148,70.05285798255272,73.17419198536305
167,186.05544797480798,136.3624660356022,164.7226614877551,161.41945349660108,150.36477175470137,140.20522599365606,164.2711345564068,135.51943965918622,95.29284653042441,22.17001574136509,21.853558711939442,7.100892259950022,9.09312053477013,6.034300550183207,45.14626692266903,44.27367174286857,43.689948336294336,98.62274330378628,47.412404680322055,69.85037765292898,27.09341926959769,69.85961082820668,89.28508497040727,72.96506607022701
168,47.79986749437828,-12.531561362447945,21.26485259586562,60.63710873533212,100.7098871621397,109.97575357757673,109.41728243419735,131.51054986619624,68.30777617063583,62.823661296605984,86.40852836708231,69.1853365909812,61.148898629474715,37.89002511068013,49.97209817033229,105.28958539976864,103.07442044112045,158.0528649684806,163.18463517232624,109.73849811715675,76.63751769783948,78.04267092746285,78.3498812163201,26.974019874206213
169,131.2211237185226,121.02285857740947,141.8493147046052,183.0016432078716,193.30348510475557,166.96958607934107,169.29196650245194,147.035659023303,68.44072458048096,32.8599419936058,51.40039042012464,69.01314967954349,42.82049061121686,31.49674297563382,27.953713466241748,105.85586204290425,49.92672293495754,89.06871559846135,90.00087253128771,44.31980836934568,21.254769895488508,-7.854496161783715,38.166284625727386,56.76233768866646
170,87.50913560485029,93.29664801298597,66.2129769614419,129.93259320777415,164.30111805097863,150.1679092902745,101.35715643296248,118.85531897631682,71.54015607376576,11.444034721952335,-11.316758952506703,-3.870674319715988,-48.34048000387091,-93.78518447883785,-56.43551779182441,30.585402760936752,35.534200567500136,117.95737257512668,63.01222449429794,68.74462768654797,25.748219091518912,98.47241707311512,113.80984633584083,71.83635712509293
171,104.45844664234305,86.48390616928353,115.97363625614108,113.33328476362955,123.64984379464319,128.53399083498874,121.42603229796288,181.82121926169094,5.446734943032553,-1.0009616599472153,-30.27075928889724,9.641380821992914,69.33741717395002,-8.325434561411146,48.36295640301049,97.36553747945975,64.83043510620305,146.00876641448298,139.25757383458335,118.69899360777362,72.85427400460625,68.58333959593085,88.6433306841874,62.02400606260121
172,116.80290417628426,66.0468649223522,72.8462295231003,107.06501175690701,103.9013652390254,107.38757937651644,110.91546263386292,105.94997896790245,116.04356373001066,30.770936164974945,60.849020002784954,39.421307281332645,-33.01035092856142,-82.5848120448816,-24.86055010762748,50.089941618490386,61.840188811193364,45.48312699581054,54.460373746756545,59.21702893778886,73.61462547318663,74.45724757307224,52.98473557527788,65.43200848126662
173,101.80427130757876,103.73902462964217,88.71719676400666,102.23430542325029,129.75349693288067,151.9499438333694,132.28490517121196,103.33175778303776,67.93365075628756,20.494813690954423,53.61098024199154,70.43170002539318,54.82550409221166,-2.286130498750669,5.634156734914388,27.577118746574946,55.15907415555719,99.75231700427362,116.7866166797557,133.97094073796018,74.92339232358893,88.1937760239442,83.49059642903718,73.06284385147816
174,107.07494788788333,13.21918461271386,41.55028532632136,83.28372069506037,109.21439609218395,114.18251807366596,156.367769631529,158.1456757965077,126.4799517477647,57.33526255628069,30.724891899240305,15.786580988507154,53.40320202266031,-26.80604761532487,7.85817713958615,44.04700158437713,46.17455124345024,95.12383303708282,80.11266999431844,82.7354652407744,63.43802463398132,43.910509141331616,14.622437957735691,-2.851580198192188
175,47.32501638248283,67.85063354965975,90.69128249240497,95.77673254803233,112.21824554644813,102.07346304979177,127.73293747581205,113.76974001062197,99.33832230218668,48.49978171966302,43.47730565820338,-4.015204075088725,-12.210059769414407,-26.402373002546042,19.569027728839416,58.26587899173213,67.60185080809725,153.89224887851668,74.44527474389433,80.96457778710361,77.89680475719132,71.71272690877338,112.55028697261136,30.17113464813923
176,24.55427761704324,13.375738304704939,-11.389400905394638,23.205996059238217,85.90735279290408,95.84606486387577,142.5657063320103,142.36337249017916,136.54100453730535,60.35798046320481,64.79934670254328,66.97368312872625,5.256480127420566,8.335453976889877,65.06718669234598,85.4463235619575,88.66503894247361,103.77364292115223,115.91195482703353,111.89305961861741,88.65973648623952,98.57572385996947,95.87905981947199,106.1106022779756
177,131.31187670870122,78.22735390196345,93.70362965042293,99.61434733425624,142.21989077400693,154.74027975671186,153.90171921962056,162.90013260845734,51.95471972550072,-4.213406267421135,7.860434227237917,40.00765382598207,32.903950732632524,-21.60708120173118,-2.1494250908093484,58.904246573725864,53.144810619549176,122.433235559072,100.74353601888048,127.96982290782344,69.96416252151572,63.808213081905826,76.68485343135019,42.97351349330488
178,44.22025206641653,35.76829184937756,68.17825778917604,79.79873325530508,91.52646710920786,104.16442755966001,150.12439592106475,188.55354515955565,143.4302190653071,102.77603297196892,81.29153886990059,48.238900835676816,5.6575655178514666,-17.014698625678925,138.32525928081674,151.6335330087413,104.17308703063381,124.96686288025846,110.54478046069121,121.90677044314852,120.66477335986599,107.70868614208487,139.10845471305856,95.2043176442615
179,121.88742848358646,59.908619860471944,84.59736506000695,99.28886965117373,115.66786806705485,120.22917308986689,166.5569811337367,147.9056251085443,132.82134326827185,70.14045758258004,49.897650069035194,84.39705679524019,4.204291076659775,-41.33352337020973,33.322740711422156,91.90752812607151,73.38367830076318,99.4417128555977,125.45320640847737,132.86758177443497,70.09691367333761,39.60293594032619,31.595622878028635,8.105579200584557
180,70.85760837881905,90.72545263668651,72.54639323785513,90.15578808477005,115.78243092463109,136.52311098660337,124.31224960987892,112.41504491057051,81.49829080204692,27.024977858043144,-54.77070236790105,33.16697124435347,82.29912787829701,15.499714315546392,35.12658065881128,62.70003160972971,90.2992610336204,173.55089957678894,145.8355002423763,97.75152969249302,75.24621331885493,91.87478923579005,91.30890184695568,55.05456888466163
181,98.58742985293557,91.8757046499543,72.32890880992596,58.249271206034024,89.78420343335877,126.42614679389156,164.28233673574644,171.44313160139754,124.11299963727421,82.66504920762904,18.609076152385907,24.446005870757944,-22.279284232696053,-32.762311030747284,-9.173956901452431,30.687522091510864,43.60157024757676,83.01750673514763,78.34499478770168,63.11873302631745,51.643398404452235,38.202005338759946,28.067251307141113,-10.215646460033433
182,45.76925153198184,59.26462013849681,101.51895230996334,94.85684041179431,121.77786197587524,135.2887242077992,117.09860113638742,118.19087195311153,100.46444038652481,64.9895485120532,20.71997027669775,27.42605634252153,21.226719067661914,-18.0631422891542,35.89144648096908,85.23235849783228,53.92574392087423,97.35029087861669,47.70216249885723,20.50198741162754,4.308232234597455,38.91660959430654,40.81445294250244,-0.21851306874536647
183,55.329748454199006,48.30069164199882,36.0166909032348,89.70134135174908,99.00156748669384,132.10583898383885,128.2269554446896,124.72533663265494,108.49850127494767,37.364192385505525,49.036514959188985,80.09827752428339,97.1445873264452,24.95925141541198,26.160487114860533,41.75232996343303,98.75516577458893,100.19701004694032,88.20129572156925,70.25628932508708,57.18988211127413,95.70735827843897,122.85519717187432,77.61372718965708
184,46.683338291632246,40.79708086661168,82.52922636169967,89.22556113249854,110.22213745543334,143.07362012246682,70.17246544846722,121.36141876178625,87.07552063081958,36.23450884032519,60.2976643924567,61.390569985743554,59.00907797423456,-15.131087391884424,-6.32491485092979,30.16161851915728,57.712963184925655,135.7333434244387,72.86999279739211,77.02774089943155,77.05207484930811,135.10570392372892,33.422987692886174,30.823298407573265
185,96.45550981312309,73.29262028964969,68.58256809221625,125.04848535230414,182.9821748852931,161.42727342283314,117.47799716108706,137.61014107963314,113.35622761162305,75.3908296334192,34.5407868662336,42.99640204908066,6.150276629880903,20.21880489536422,55.658570406305884,71.03292213510066,56.51280409577978,114.2246141560429,98.64708540974277,70.72108803957804,42.51456880281515,54.02776190675457,106.56771768611485,80.16236048650255
186,99.46750855943758,85.3822076626461,107.87267580567735,137.76504344020225,193.36008406177322,136.96692816556566,84.8201627850089,91.89833838896632,73.73669841464442,30.613583142212114,-9.313744010120615,66.13556739845484,2.1150134503821327,11.695892355261712,58.182603872251406,62.94901544763582,48.26110779771385,107.87472002986753,117.36098010847292,92.32016843521724,81.59876367973023,61.7952368116338,92.28890045566834,21.62497186922795
187,79.52487817351528,119.8189877220402,98.82753627565839,196.45054393685012,180.94004489356536,145.03080531687016,162.22279324447845,135.83399864287313,95.91190948622838,15.120758946987,10.961097360474024,-12.839889368232832,39.54188856855842,-13.212199649011858,-40.90793690069542,-23.53338579444045,-78.12738309833595,13.380267521794082,39.74486689600762,69.82486738179614,86.99156068234882,98.90836880874426,60.435971491064606,33.33651128517357
188,155.34175927071647,141.5616625103613,74.23246495774701,123.66217985917476,125.07729098908348,179.21971195705467,164.61461415689885,98.32841793546713,31.79856704535247,9.042642668376253,-14.454680537197945,44.927410575066936,34.50229506808121,-15.410310128646433,22.308378903872654,36.20631684190523,56.585697520249305,98.28982513363287,81.07899883033224,20.24092461023622,-9.523851377240497,71.56424715876078,55.55036987603089,43.81667188978474
189,241.0772738047006,165.49522615827124,171.29201338499735,159.94042159204017,139.20402123743938,133.40087888840046,155.93868157531202,112.28863268692206,72.85331222997311,42.11797180548239,37.50701510219041,29.904467907771036,28.239543452745103,-11.631519317011275,1.2253033469293904,21.36810457949555,43.4490594744639,69.02960062599087,54.31618924378904,96.16628662409465,69.68267130686309,89.38850521024233,98.53421160826646,59.98604442457827
190,80.51333015185884,27.981100079950323,21.70926156131827,20.366606551314106,70.98833993043482,118.54886054628425,128.7790938329887,184.32233821783458,111.48152735065528,44.50139795642234,22.280201274973557,39.20376617513713,29.149861254823154,35.46351942496713,26.441329521944876,62.74175922879791,70.05903355016328,123.78756617861282,107.30973391593476,122.76136581529525,94.53101700376243,68.48371638388454,50.72603922524927,19.56914211810772
191,122.93481711393895,78.11334611443016,128.63146051686357,133.95672867994625,152.20599735358,117.18633078326575,75.39482333761089,104.53230406444169,131.0861422017893,98.41339224743454,43.324408861791234,44.98228278383375,18.367029425982107,9.379679336362013,23.344014891434874,36.57845925120241,51.77859081371059,88.7599321197433,74.85675636583015,107.44554157922624,54.39667166402528,91.73705623963696,95.31859494351471,23.37705949324085
192,115.67598511374544,107.48234625797602,105.79773766885165,99.28239876976248,87.72163134174042,125.92884124460215,171.56270107405908,119.2664631129638,46.91493256506601,20.030597712033376,5.918741677804121,9.717706272910924,0.02072328339963292,-56.35307838137737,18.284301284306967,43.79929512072538,39.109598977512654,75.55555851849388,48.27875944199633,99.11146224615354,58.846829790605184,82.02502643921386,95.01621297272511,74.70931597831485
193,92.59120864505323,75.2186465455642,81.10301127033853,90.76220859876031,137.653930338107,140.1975237056845,145.22147665011923,95.56704351690647,64.69623148275872,-12.814991663028323,3.1013897986419927,43.41137398922935,-12.510412544892016,-28.30043627785584,20.691999961885493,57.337568899741925,73.93503623347725,132.50735858870289,115.0164854238834,103.39799959575689,26.58714591436204,35.4055897827526,62.861282828730566,39.82198392984311
194,114.49075850405569,57.61377681997273,44.32618977951307,72.06280283662495,59.465967806002496,80.5053580177537,91.17349215496523,97.26555772733334,47.97714029024823,10.301519667463214,-58.5472254374327,-16.795730350126817,-24.99655903340062,-46.80317619020191,34.50188009045249,40.10429993160437,60.729457245869874,100.51576652380241,107.93625873080889,79.62897621724113,51.068625648608545,89.62827504228729,105.61384312218826,58.43504517142899
195,124.79859477218695,79.38136179262759,86.68549760887838,115.11428892031971,147.7669434441805,151.389364555108,155.9014640376538,107.7532554481414,100.1782478672869,45.33110296776122,23.7762654745442,62.121710479372,10.225573656289612,-35.290968924759255,39.477697954775266,62.68840703699002,58.990207336300514,74.969043137165,99.47396570937977,82.8419174626294,60.204674498734185,63.548673272924404,109.96495503901512,63.276906139100845
196,83.43469422754691,65.18355655740218,62.58973167782144,126.42255184409937,157.02645953855264,192.7817651191435,204.1161499712583,131.080804211395,77.7998367943598,44.30606755445309,-3.5125272877711637,1.2607942614239818,25.26061299643649,37.182257060503474,79.40669967617943,70.97438025442972,80.36602757600977,137.61361367933253,144.18052342557576,82.29966321797501,13.053869985199292,28.647449653215084,26.220885834256116,21.171150253812584
197,134.1553925974997,149.56809963018617,125.4804088128535,164.2918067016215,162.2490689649322,161.80894741266832,140.945967315337,114.93367864303963,94.42041845562996,36.29909549161266,9.621947739507608,19.23145747872953,13.571278631293655,4.768030899711205,-36.911374995751316,2.768479529818876,30.012146030437684,50.82708953755105,77.48458316199017,15.99578651632038,28.88411185194483,28.17566510287184,15.835961429048183,29.974005437986698
198,156.7461068964787,93.64378254411031,84.98434645508159,134.81107907053084,158.29986318962688,142.20689022969728,200.86520025663702,160.31056925646993,108.4410461855152,11.850143821728139,30.706335513230083,50.864526144639854,25.433831670698037,9.494826919278449,75.93211093232294,80.16146974039566,97.63223056259264,142.95392915502376,112.14228091860122,142.08356779792112,132.56527463895412,82.0840553369627,95.99103761223802,88.39663228706839
199,84.95961828029957,58.06146298780051,60.66897524251182,57.06676009376996,112.82044910283508,159.9170318849681,141.74830071696604,183.93408494311382,134.85152614806196,100.07417870083191,65.70114366978953,75.64925064129524,54.98699505423275,8.186123589735287,4.393507608981306,51.79309177546966,40.23965695481366,67.25644184651692,100.05226377819254,111.36093662393517,109.37951100395759,135.06433616529733,135.87269055156045,89.3258752272321
200,136.55795267729903,106.25305287056332,101.512987033084,111.38766952360663,130.04115118775354,180.21834601866405,181.5924467127041,163.5242957329036,119.05820326135049,46.73783100237962,-8.106006474669762,63.636985238527835,26.306634750430543,6.525314316862707,32.149764051525366,54.90080880028144,100.73139559417939,127.25785432754316,109.0803474769952,78.70596947874014,26.812973741678192,30.009144912208576,57.89688404104376,81.49561334168104
201,78.60070378806536,60.35322906954862,70.27697118385726,57.08124876368814,109.58968580392047,118.95958833074796,161.67942594982088,142.21390792782498,97.61078155184208,89.96970591770474,31.620588874136068,26.258503018931307,37.91799120339277,11.255165609955885,37.63524613244072,45.01109425249072,90.4046059838751,104.13054303900036,41.48083216502201,28.18772231798863,-28.8205112579546,-29.230227894817077,-44.87511979666742,-13.558458395129534
202,80.45614715322135,85.30905916783533,49.645103204247974,76.42893724947878,68.92792487374193,87.21330391903184,129.497655999858,140.6959143228533,105.43242561540556,29.987107240609824,-22.628126391947177,-11.790278229068818,-36.05554354517312,-43.324799075253836,1.3139364760517687,46.042638151374135,80.56226931114823,94.67193370288834,84.55347776113638,96.05175437803013,53.839744286629276,94.90720360429037,113.02310687738391,78.38015367249207
203,70.4070398275474,81.04626417776866,73.41076290134617,104.89740340824494,115.63878267899408,130.96153077503638,156.8103739094951,133.00047453001673,103.78762237550579,34.86062752045517,-22.946674296282758,30.70515883132599,12.208789594719189,-23.583868019455746,18.508438729159952,44.90328924213422,30.10126846637263,38.39144132750687,59.11592798191041,35.600926916581194,27.184024857754842,53.60189390091817,19.653791422570123,-0.6161410011458699
204,97.4228733904136,44.759135452087534,63.32355541606389,100.4040696732281,96.0629300467034,157.46374991996188,148.35175670173845,148.43594712645702,111.42150879151573,66.06119926652593,72.35818121234414,17.702043932962674,3.9560626584908274,-6.014478926111829,-1.7613744924448582,64.13829555489235,30.751731802880307,57.86308447451674,85.64185863112516,118.87929156591281,78.5849242486184,71.86333639572605,91.15771173643301,93.13044193447006
205,26.9805522952784,0.07094812247063942,22.74740463515007,18.233394027207794,46.132049442346954,63.97593908524533,40.60920344241649,22.128932896964002,39.89703594038572,-44.35662430866364,-40.03275768931131,11.740034064866975,24.80592870924675,-1.322682817408694,63.8409318162544,102.55964375197368,112.8033240412969,138.3368562715595,93.16297215007607,44.08078929872869,127.76652472525362,111.20752416846705,113.72363181692822,95.29329822394095
206,105.24627011829614,97.66575724715753,56.504654289253885,109.57197013396578,115.41522679959317,118.63303239867568,123.12720851484941,116.6743758907129,65.48735259352517,33.8265801996892,18.034272138525044,26.253671487014863,14.23909349135056,-32.79005496498131,75.12187516834179,94.23916757388034,114.58534454157812,135.42988521831123,123.70440650318142,65.51998941765629,69.47332146217974,50.22919333729124,55.6846622902826,33.85116232445037
207,89.82921994678846,107.65953508882774,69.41055244418824,55.17588002552975,116.89405232072748,125.17789827823795,140.8994137965956,134.02219302722884,39.507730500310764,-4.354152882907002,-39.95391987134832,36.450775658815175,13.497035832080439,22.869816693373355,74.32331777571109,102.21166889982473,85.48855515326059,134.78741969158435,83.0117141899056,88.32119291912502,14.664613078514797,44.76999192857734,79.5786152582286,37.58218366647255
208,66.2079426698049,37.85605964307997,44.38803000019491,113.30351611574521,160.43893062620327,177.3136889004266,173.3090890349905,147.83488460363233,119.9467972346398,45.82872403603655,38.20920814106094,109.6660991801803,48.04481214322948,6.116926715655175,21.072510675985157,55.519591795724494,21.861016329965494,28.788130990077065,65.50356777690477,83.40159404845095,92.79882615952079,109.31708194095185,115.48247175372202,102.5523393222688
209,142.74290242031253,144.64587839387826,113.61445076013742,137.09537661907137,159.54323715919944,148.43788550937222,190.68699554685995,137.82109353624566,84.8831845355127,52.738488421480724,66.20614183544116,43.98174693758835,-1.498063490741302,0.3165792762119217,30.744035428406114,64.23852064578934,77.6631472377224,102.15753278672413,111.44792749705132,145.8146628775869,69.77491864504191,62.23617552326166,90.44183839310325,84.63812075163227
210,132.3342243379078,119.66091873431805,114.32307494072404,164.30574441226398,135.19366388754898,138.64845150429457,134.74147276592262,134.96329360541824,127.02661276724217,53.81615766328475,29.23925981879608,60.05554120264196,73.43501072454086,51.42298240408441,88.10322825667886,121.72752722066791,147.45160565434776,173.58689807300635,108.81916245276611,71.53225394169493,26.24670296057719,35.738916357420806,53.50876301688159,41.5136658660158
211,279.4804800186048,245.72145463595328,221.26116109566533,187.50177648945993,198.9309517963879,197.0280554847359,194.31829797427963,169.16989043666214,114.5732170596454,77.71439032992234,36.17580029041547,38.03082709036376,34.78508886431747,39.68840581346717,15.185695105796018,35.33044499846113,75.75515120268976,101.41340671793081,120.55730483279294,83.27614903372353,41.167268449305126,76.78801389830788,86.78126721021661,71.24244896163756
212,103.15133542451042,112.6264333404331,104.60886043147282,109.81220976218889,150.8933613857168,109.46347239113126,104.14525039891261,107.31497166255497,105.2352247476135,115.42412919571724,64.57290911661256,59.86679528620789,20.693632897326673,2.938312692785546,6.907233484302893,29.832183202010214,89.54499778433133,147.92164176307392,112.15853491925998,132.74673638684925,111.36111965436234,148.56722271167217,140.50344221971176,91.19527186834678
213,61.451798997511176,41.87789961298014,35.619612935866115,68.08955536521003,144.18733803810562,134.81371233240537,131.94826792347772,157.0742133863564,102.06959398988234,48.58184039714746,111.76306191012249,116.27231437453182,58.47301871160789,-17.577592589562013,34.490883594929755,82.56274708570353,61.74316902271803,111.2869086633182,95.60053367995202,65.54100306708806,41.41633934791917,97.79199587378548,50.4682971654335,-15.145218388838302
214,66.7422798886908,38.3259931612224,33.81702872161825,93.12679190367095,102.25423080297021,97.92498102729843,110.16114375771366,134.57518847817758,97.55716121854418,36.70652443388538,41.79066802235258,54.44168005649247,23.272712670096126,24.42103290144255,45.10447719901029,55.3780600109617,66.184188637537,114.3981958534679,106.37156625761124,89.57419540386401,61.157241139786535,67.277416869281,87.58646285193169,51.525074290667305
215,100.24291410759172,46.43244379637525,42.72136073587107,106.88760832847801,121.57539101054127,159.24650063099037,153.57753370491406,103.59034419188032,57.3817923595438,3.271966443626752,-11.698106884486492,6.356684438349188,-8.419985393527881,1.438593448724646,2.3541506441577447,60.788195198984724,53.744345869114085,70.82304543357772,99.34754809478218,118.1838648405042,126.30487308300684,151.6817524822078,113.30819707540658,52.57018476296744
216,87.29754733308526,108.46214379663999,60.172882202273996,84.8505953048801,160.06414959411933,168.43390827994602,159.4506275132442,125.26224482348145,39.20925760475809,2.447716466768263,60.248546243215564,103.91135326144817,94.27838700282058,51.68377592174696,60.92070327268648,104.42939633807505,130.4526078848264,147.47449474990134,129.78716561708606,116.78808064221641,74.85528234791201,101.38835342937888,96.02582335036848,92.84269306808632
217,94.3544361385424,66.98799049369867,49.53887976789503,89.68531716059027,113.4777982006484,150.22403667129817,125.43469747050538,111.78599359005136,74.42742827529167,48.14025904084853,85.40462128562962,66.10597692064793,35.42977446398292,1.6859976606240128,61.01850232020783,122.03838995939151,131.91887822122231,135.10182660555293,108.03106812829483,77.35148696323228,23.095401034635977,64.33495977545185,38.61473395165169,18.121400526833458
218,123.97787168849308,129.80793658336358,162.65514909864072,112.99390834049338,163.94777439392388,156.47377969343566,165.73264352322724,125.17422460099513,126.9477502134508,48.28261092853745,6.879228397810671,31.293689345603234,33.290215968494024,16.365170196225012,61.07438363873682,90.297135405398,123.4074735840813,187.23940336135036,159.30465449182697,99.28337657280468,58.38370900460321,98.06225405903346,84.86922977901439,35.97626832226929
219,69.89565330010183,83.9603295457275,93.76522881800885,72.16117714450749,95.66690490887592,92.43592390931886,97.74008834797507,144.48148336097384,126.93558667603978,54.07152379655522,35.8718455142911,70.4331010175315,37.42788202636852,38.93981020283118,8.89754489937259,51.52162867334572,85.8907298899556,102.651942784475,89.98373099920313,94.77719447286813,90.55766748123739,115.12121170146413,106.97604801809189,70.31104241911034
220,77.88099274509824,85.60077729070235,90.03232244723316,142.635416194238,153.63832068340437,140.24586098363224,147.64710990971068,109.0333443281978,126.12123403360683,92.9317335351484,39.96389045729399,3.3899567729624955,-16.21470013812591,6.360981569302464,33.96776437074024,96.1715661700218,113.66627281954325,131.19991064908754,132.54550566788714,111.4215953363109,65.6852479374276,90.0570201983877,64.63142543730049,80.64513109532297
221,68.50829526148806,49.18351905616068,79.09888927855508,71.68976803257256,86.80287288917806,81.86375260377775,123.07542488842115,133.80163576552007,108.59190947343248,54.5283792283112,50.965122096070935,57.42519975363954,22.388114204247767,14.611460856811377,50.96775361213163,96.09186789580923,73.3727425626729,97.89780352715906,106.49682153131961,127.53930888538686,51.53201050120138,52.16865578175252,28.725450188308848,28.20556428912215
222,113.66610540551827,98.33354035931816,69.3438264635751,124.47539133784993,174.14915443898315,217.22084030956108,150.92872758774698,135.49699761159576,67.43479568837782,18.950677957996266,53.7248738511386,26.417225916956877,28.495474541167418,8.234710648844677,15.480562874975774,64.76010908292955,116.90430577481075,124.1399210662212,113.4506848092556,103.34317606838555,78.69306477527147,18.01509399775945,103.56290632288008,70.3582954483608
223,71.57040189135529,55.882244174539316,93.07984690668283,100.43352000855502,125.5981793344619,131.5085488110207,138.0971218824979,150.9944864036562,136.70324963706676,95.34455078987997,56.93325704966249,51.48035465223391,9.767467844716704,32.944753319004676,74.02860374631348,126.46670527198563,94.38023106583148,141.46514548246807,121.20826638439534,106.34639252951283,25.873457840241528,114.21746555881026,100.58501574137709,57.53245580873451
224,158.52280789321622,99.40762234392803,101.67516677349539,126.96845260274611,124.36738159347787,156.39336939875076,129.83747947887488,133.79453977122358,64.23293518227413,-6.887362515637847,26.47848761806387,20.848179603780597,10.163097319145093,-0.5553389963163804,50.33209826232532,110.68299587445915,84.73196928269152,102.85182110851603,129.11038682964883,123.29241900129226,106.42070170487548,87.44878951572802,71.18926942272797,43.16788425043196
225,121.26604886852293,61.19072753480397,89.89335897798746,126.01634732985235,167.97830351372633,196.9941109446225,215.28489572924434,184.18233517411258,134.82812243418482,50.10413957756714,34.75385035755555,62.635305576143665,46.53803741678462,0.8135517641199446,29.615837096788603,48.00929027513793,48.07987631159075,75.72741008295561,150.676057319527,138.7500683477054,75.74797455935114,93.14640701393601,98.72775224066874,40.32627281352065
226,37.07269939654675,64.60353707401241,78.62894647424885,108.69426365944642,126.0078490124091,136.3377618127544,125.67265780726585,131.39880831701316,82.1352707247635,-0.24141500415453265,-3.8504365158840272,-35.39648513329814,26.95233820333353,-14.316331432329434,32.80654363645948,97.17523059976793,59.93845400076435,151.8465449606352,118.88213583518748,105.71426974896262,59.67068544591393,14.285830450829437,20.490672882025123,16.180263070858686
227,100.61438013572905,78.43930922947143,103.62368938071587,97.39494444917182,199.8862991957365,151.99127287220944,107.43963675656357,110.51721335133367,76.34620944360441,27.347072893211372,50.011171748475334,68.26803997765859,33.56027277912429,2.7086291218749157,15.566889329068722,66.01104514293209,46.97639984603001,106.11776773691257,131.06567655797775,112.61678188858275,20.28833195284333,27.919902656695825,78.64456115998958,23.15289945740038
228,100.48130375210926,59.63719207021407,20.093163542857994,104.07063163297116,127.071020125447,144.65700330766398,153.12404019170725,190.28214720180048,159.54571796571128,5.49305014933698,30.012354746799325,38.55784949107694,-39.51305354949645,-89.39467083655369,-11.207527487147242,49.36660739774411,65.4541251717045,135.3501743872531,133.44143186562127,112.25151490532096,38.626355355177296,83.12759096345174,105.8198592392825,74.77435839989363
229,104.10442215760852,62.13568413052001,38.83676060118442,107.17601881765407,111.11251425397286,123.4163646375272,109.21122795077517,107.57987582460127,89.394979677113,41.56576642890952,-6.702603823442246,12.694865193526038,36.496302315874786,-26.538127729072905,33.281814669509814,83.60076024105446,97.04193096158895,136.80393510720194,155.19945700026472,104.30252801107004,116.14724970915702,136.46460047439137,123.26272184672666,103.16506096954699
230,118.73643511329007,57.75451620893884,54.462755504898105,57.804092269306324,135.43565109774352,158.8265553291984,170.95253867146442,172.11913672463612,132.97660658961902,45.21704463865381,4.008831172089042,23.459614396602603,27.723809692376747,3.086758987608235,56.33625727295851,94.85931484552609,117.4158738133603,161.23688656311654,130.74601088618357,127.29834904487899,74.01625431202535,63.62202612256611,66.15842199189433,75.58025712415264
231,66.38249518266343,89.46098751711031,76.62410979229388,61.49706347311066,92.56811539626688,99.92992844822011,125.20253358440438,95.78087384320884,57.748157042688476,18.225673245510336,-11.169356052802236,24.407455954874973,51.25218233298446,-0.1431653350948956,25.926937726643118,57.83812649786537,47.267417511045295,61.56281133326954,48.52485520222838,56.6251445584757,88.6209059887046,113.85316497014087,141.80098218977668,88.90181364153402
232,112.04007467388473,111.00735660269842,76.81027154444769,101.4490523976769,83.36754983299383,117.60179214747325,127.23602108046138,106.68292100898465,87.92183788187145,26.336145228816036,18.585311273122095,19.38530245235431,12.922319203511279,-27.808761403971314,-36.87502624375725,-6.487413555733596,-22.46169630424515,-6.8454320703893075,33.805249600585626,55.437025736385735,41.71378983237893,88.98436595045942,71.98360531351852,30.68925491332692
233,85.96294485751272,49.93990782731626,66.94111970745423,123.18653195487212,155.31601907642852,105.46435392841124,125.69944671249469,118.45162489785243,54.70992678186204,28.69233630636029,42.19731361791977,120.9891950451048,113.09019340329736,39.30206950996964,52.02475581398325,30.344437996346187,32.3757440570148,98.5190026095272,95.2526263801577,93.98899382482881,38.86601962728481,74.78571350609943,88.8898385981917,61.20465397792937
234,100.45194970473864,68.64550810093239,132.79558532680468,150.2373813233575,173.97729162965678,150.33514389678902,156.58263516089488,91.2975648600331,84.04274731396278,33.267066306408495,28.26934532807077,42.15014081813841,22.434100054974266,-6.600655040697543,18.582215714504283,56.97255849016787,84.25483160907561,143.61681512180138,126.28896220279226,135.10123447220855,83.69671937946086,83.13114999673613,91.42400630142066,54.36006530508438
235,30.54802775675823,27.407441306200816,84.08098265212445,113.05996071249044,156.44963467958124,113.17465341003923,96.40073357083057,130.90732752339986,42.30428105834993,24.645469163950388,21.189873205863314,55.503768982897306,55.01661523569217,-13.273529601457174,16.53005440725154,55.416706029942354,33.267430937449085,66.7747330697157,67.6834626898132,79.09602866838271,-6.047313961861683,41.883889807762316,47.13282939351568,18.956324392902886
236,149.41840582323428,88.31812532982283,92.7219259068105,105.76860947740053,140.78685485996454,160.39696414677474,147.39270450016176,156.57817510216535,84.69499604476906,49.13564741989478,70.86545381103952,96.97217979569317,64.33797497895405,-13.07391361771369,14.052207503352744,69.63290957812724,45.18525159067673,96.09153806850104,64.24742561686344,28.88338764068702,-10.208774091285385,44.53693069216141,57.59646663575939,62.843852277969965
237,130.18597645772303,73.00521361824093,109.99505800381647,112.43916684944277,139.37538741840555,151.84526670925868,172.45351797122947,166.13782380034056,120.8742304480823,124.18305276966493,60.26809310853272,59.84370117398829,60.75075709572572,50.079934081588746,40.7179143769843,103.87945316956376,82.74816447989814,133.74304420567694,156.41265761685554,162.2046821569347,155.36924648294297,153.65948442833349,96.5189496441926,5.346578468137878
238,97.21551223001302,56.41563423587014,32.28072578631185,61.686159568175796,85.91867736013975,127.86246424679945,127.10823611595933,113.12138448201587,45.36878043865511,3.8885777019845023,26.012501000742343,4.853956644976197,35.311823803844504,33.76736263601832,66.86667855758719,86.29777120140372,60.6075078368459,186.4117496413983,139.36723967936047,134.56107537019506,86.20689512908334,100.34614684146159,99.63593231247857,66.24279977514082
239,57.48396668710802,59.23041657122065,71.4594934871703,102.58850985808805,90.72106236246465,121.19056703078361,135.70036140648395,167.45023316646117,150.22624111961358,78.63870606900997,40.26928110735972,33.460094510517166,10.501616693783657,-18.60027695453233,47.32739273591761,85.87484763499916,80.04617641588692,172.03728516952708,162.6314570141691,151.3968466587732,121.4352778979081,140.19600456254233,80.49425136900939,59.40395827845995
240,73.66389877577647,87.20911544269185,59.696582546578945,90.42245092836971,144.3646172146007,154.84536231058365,138.07643665529537,147.8280127263484,74.15909591690308,25.45209187819188,-1.8785391778473084,18.61944149268146,-31.21388381990329,-93.12959524849657,-39.59472234481062,35.24842778966692,42.75735886379609,73.18946092317145,57.39994425262351,56.34789475206426,55.38448611401134,80.75263962540971,96.35727064348674,72.60702685282757
241,143.75055984939289,143.15119944543858,98.23221378586953,114.04552391916107,134.51202867057518,169.03187210185985,150.8708850706381,138.77093465699227,100.97879461801672,85.20599678417726,60.28151618496038,42.09202907338331,30.250123667616457,4.170268082706276,18.64876673916099,51.45575383292482,76.60443098784268,111.80529692752233,83.23621356638569,46.530413042096875,5.709176023386085,47.50003086602244,53.43278398221661,75.53324096102692
242,81.94884174938825,73.58328158715068,79.97361809124047,124.4744061361604,137.57105091122796,136.0004594352255,149.58773918136154,189.36030726747913,131.76804871841819,67.32426346087821,30.805041566399705,33.29706457083248,43.05866286370634,46.265839869448044,66.8104963610739,118.25329848136323,137.98359825884773,165.9729967229389,136.89681247840343,128.13358803683303,57.30438442160924,61.28539105879717,36.8613214487857,57.1313427980022
243,122.59837765416964,85.6343038747499,107.94737328380216,139.42466740772366,113.90422225346079,134.57656883159703,133.89229796274034,114.82865662084457,67.64846669520591,9.04468364157141,20.39166802100926,57.46102383839418,49.379266519557234,23.81452890606187,58.9368672827508,75.60742873068533,82.87731200789233,130.7888981298423,149.74807034408275,115.3454345144291,83.4031630462725,63.430988149020905,67.1549600659892,40.022897506010814
244,161.7009496949687,142.79936559417786,159.23542202413344,147.17425500619342,132.5367826833026,159.87116137431423,127.92811424709555,97.87400136924398,39.80164528360119,10.425253937606751,-1.4310338929890776,-18.76156924753586,10.459024518942904,-77.62683040778661,-9.642474586730938,14.19342727184062,18.489210866076363,45.97206361060442,90.29264916171694,53.36157909494924,18.186591946569514,-10.711002320166031,14.712885748522297,2.1237857407314493
245,61.36019752086615,55.95189621905131,66.8753990675236,119.9561825689463,132.97361868417798,131.65958637965898,176.2729111602958,132.75218996353445,87.87011742048384,7.56236400308817,10.585209203990079,41.48995483643214,3.853389389579462,-0.031055050382194693,37.84022026681572,90.97979952853387,94.2372137073582,64.83453595551256,104.78518815147766,94.98118084740186,61.52036563319374,63.03316194962417,48.69405883572806,17.730436620371755
246,109.06534154031228,68.61984107586252,67.52689346989565,81.04382844027549,99.870833760015,131.56198292309531,161.7076184347151,149.41642397574296,131.20938966460326,121.85242231208919,103.5644497159537,79.89761481866128,39.33388037733985,24.250102909646063,34.69324129490519,93.33572549166865,135.5242988612083,157.6587758862985,145.04734830473333,110.5982046919815,77.86044072085869,89.19684491199644,59.30727535527971,14.049128603923151
247,90.66495965793676,105.92507338921669,90.27825987460771,75.4974478804591,108.13614524931263,138.50265132424747,140.04842317446912,157.36833815516445,73.75539572928949,60.99344706108917,33.41304003676573,37.30627345675871,23.02485715837604,-42.726188051922136,-10.060934487920715,30.049507353780356,38.30144783251225,73.14002957297015,96.11880915106157,60.48066393138101,47.790345321876885,60.895060343156665,93.23665131069524,107.66085538849538
248,54.822196307468616,-10.163937026109053,23.281726667190696,79.88312055052401,157.09648160281063,146.22731091071913,262.8039130477976,276.79600600992933,181.28320319239594,106.58105645294738,77.08140821795942,64.19033409778761,71.43784072721041,29.002977986377406,47.81495859550351,43.90593234793584,76.52001663049776,89.75745376883339,118.21363881522976,80.86224164025886,40.10881848736082,22.65886985045706,78.20488386951462,62.527944417931614
249,83.02342586197412,51.34634591726975,-17.729274668505383,54.43083162025082,105.40094814218725,122.42984042370134,98.41363920291,114.37887670159188,77.03902420460716,5.055652989970824,17.909844425687847,40.075366423449054,29.950798202445114,-8.009821142957387,20.512895296994373,98.55926620597481,127.33110269933985,126.03853618885347,91.12674254560424,82.28845481139905,32.78721804741052,42.5930911427746,67.52053051596877,64.58775220679247
250,98.93599421186319,116.44438036222122,107.47730588834433,82.91496467101967,79.26882144414259,91.82260407067353,156.63566474081856,139.73039066329028,115.42616062634909,86.4394897564692,60.61215127688459,78.85432605420948,52.260754968909325,9.789323003282561,53.203068149781146,64.65364606005309,54.60008303923638,54.36562172235624,66.64551192280683,35.420710559560405,10.118362748252778,14.495054065701964,53.84575629430965,-6.676712409148294
251,39.69543811544135,27.903431224418107,25.034869280465678,41.03257626735537,99.58466191121505,129.61956588072113,106.11128601056394,135.93609993634885,89.35190847702765,32.41547208112384,77.93779513278079,61.826586957482895,42.78340763601713,53.55575460841831,82.97954756910347,114.22890841277732,70.59311169173478,123.2070557313279,148.87711661155612,148.2113606283719,143.32969684841441,124.87530469302153,94.8027712015691,75.39180646614156
252,85.0287554749454,1.3226194450654134,52.86248630919887,98.63531885305876,154.24315296597177,139.09723915783266,123.37175075409202,122.30904702974128,45.19501259605818,17.67455312859142,46.205570985683394,44.21431407792804,21.64414165520873,43.85217642539757,46.671386445354074,86.91417513871716,106.61981118367657,146.26906901058447,125.99973274885437,93.18888319200394,25.40978475095163,61.456686643155194,32.17311613407165,29.502802493532762
253,104.96449838544851,91.40950965849429,97.89024471667616,100.95696674443391,132.0450327528865,170.75103903998226,171.9275260344341,144.67394663200471,118.78476128754839,66.56174684139975,65.1291347225376,0.21867477146409442,-26.301547859103838,-25.039642539761967,18.53410826485827,52.6840457946272,47.05767924596493,55.39716963778444,100.74737394672557,133.92885727399343,90.5272941322007,89.96115164444993,67.1030494152862,99.34471453052717
254,110.39528789848039,132.3427159040736,129.0699141659515,128.590679031391,163.5936281067877,197.63088415203873,194.96768712303236,156.3396046004033,139.6399004124293,83.43269947533501,64.8842044541764,59.98694047319562,55.07931127899805,88.68085355220424,86.42170590886123,104.17976510743468,123.86869430315465,69.46520684161169,91.7480494397266,92.28847274735031,76.69007996615342,99.73374399382855,122.54898454534347,107.81436819512281
255,131.4069140338608,95.82150810789244,66.87976019546738,85.64539269205085,126.51931304311033,118.24398983119794,133.85045262135262,91.49268922055509,89.19633362578995,29.8016608490489,24.983258821843563,1.3606722810902596,43.30013661597263,-20.489070301860956,2.062774772495814,40.61662740401249,19.332211354425894,60.146416268059816,81.03787401684502,63.94299271824358,40.04984310910863,40.40425776328889,55.15007813215078,25.00187771438754
256,111.751579184768,97.81889509223552,103.3065862401471,133.28720912001413,143.30543047472284,138.44962470120953,162.98574520673284,161.21607863374226,83.31222146724724,50.975373397994744,87.0009632033059,40.80654959213452,50.94577733931477,0.5918683290047841,55.01754566678768,50.886625174102576,64.1393282802585,86.85648862319852,127.81327270594049,135.0629691307382,89.12643975500632,89.42925306135217,74.44793155093492,41.92758341381032
257,135.25806275068314,146.62520562119676,121.20250160114716,119.28120987267374,127.46757642641671,136.81781202427948,180.67161751467142,177.92216412621806,115.66287766842429,64.11442626053042,1.9683398288357914,47.35477937444351,9.082611220951119,-6.52746283942673,17.82663764516704,65.57769815758114,116.00449041387677,163.0876366484639,103.40751411747755,47.67433109134203,39.951010440318974,48.98123986853742,18.802270096633748,6.05911235339461
258,130.22396962807696,79.83027111415521,92.92021931368038,75.71826480748459,101.23918754137765,145.8278614366494,150.84305551810138,116.72931545399197,98.75383069937911,27.21565690387788,53.21969779755299,27.492317260878607,-10.499993869509638,-0.879508856848549,4.201269949423743,69.7603576869545,85.58611172371032,82.82221605334698,64.93553292098859,93.17965954278768,64.56888573305471,78.16854449501425,32.32360371780469,61.228644446345
259,127.68644363261488,72.92769314196163,68.94247451484406,100.39276271507748,116.52236828531687,121.68514081129231,124.0244633967063,131.2454276600906,111.0944758097682,19.776446397563312,8.265296536153063,8.06193212106129,7.240539174760677,1.8633178174842833,16.712927968384225,70.27719034309872,114.13713634165639,160.79707899114845,189.00774628988233,202.2880089792092,136.85202504000955,127.98266766336347,112.38266018977876,11.775172282363982
260,57.873820731063724,-4.414249768135946,49.28752726785629,120.03151395355451,126.9829439095445,140.10291749317085,162.4269656956207,105.94750599830091,88.60332737885612,9.830404703515406,10.616362030752981,14.161144952926605,16.699929867649054,-45.74316576046492,-9.284175920047222,62.93623744873816,74.85132365220159,93.08708950145319,98.38244202013925,64.27572319621532,58.82169165598403,101.0865352191893,60.75264942186094,38.827132033357486
261,196.1588358932704,124.46356236307965,125.40328066357543,183.74145511098277,187.88276971620414,130.23975817192778,171.2795213549307,170.4291329231673,123.28320194781925,37.79918610195915,20.473007858667316,12.743581276959503,9.888537915896762,-36.11031807934225,32.015952473508165,43.305637130392434,61.39919553397916,124.29926442722618,62.90365516906991,95.50776844837236,40.96797086578925,61.494564864211426,62.690054538927654,64.32227539531837
262,153.96284172530147,148.8175956087562,173.5962608242638,152.85615898143158,177.77080904023168,198.17927905989183,165.06553732152383,143.13359531351236,59.81763611666533,24.49569647948666,-28.625426346006364,-6.639472162465317,-2.2584604337494376,-40.38506314872012,-14.464514156661497,48.45024674497862,91.86405487197916,169.5986828943938,117.89702624374446,117.90833573791815,66.83999831881432,88.98111523124459,86.23845039496949,69.27166129649677
263,75.87830204008938,64.3277141644234,45.90676444266294,49.97647863521009,84.73616981780222,76.71647936899413,65.21518084537632,90.70009342122367,48.76033731614274,26.876072785427574,64.24390559417179,59.136203513058554,-17.1425430971402,-7.030986353766327,44.605313718516626,64.80606957478328,81.76863378853784,94.23386818807668,91.56294796840234,107.90764871531437,56.79733459991292,88.04904340524119,138.21831606809533,88.07486312655047
264,163.12270126782252,141.48583477145712,136.05574238179463,90.49775900309209,152.86400274302372,193.66080507263698,160.73646899593984,100.14575350142374,68.60070463299868,39.28397192943503,35.50514000654132,9.184706604278794,-1.2471855402546623,14.25832304639298,79.09563976439449,91.22320688000875,106.13687148389283,92.81587279983286,99.12858119524084,142.88725219578254,80.89427593280163,124.2203733258392,106.52527914285915,104.69053634024348
265,153.36704173913284,127.78870931884188,27.417425272549593,67.90773202733016,120.39830183762004,134.64662159249428,142.5477700939445,161.20658317798885,-59.04744322218791,-77.38265084469262,-38.90947480204066,-86.3295907366896,-88.23060703635836,-58.96690671025695,-48.8350661150168,17.83009127879314,36.223569113012175,75.80945576893684,135.6873672388484,147.26718753101252,114.69034427887873,158.71217048919812,113.50194618808612,116.66163475845869
266,81.32529476917614,84.7989514318653,99.91879039769886,116.17000643833565,142.1486766307735,107.99203573670559,98.38272123940396,56.00237600499774,85.35488793503526,23.853046782142496,39.888909839132,24.99519912723224,-10.133739968295536,3.676425710546617,50.855013457797824,91.49077210418878,133.92128660409008,129.34167155761165,139.38789850530765,117.329471276464,63.11012024289608,80.96869862650718,67.03555424485882,26.07563963570575
267,155.68772542316108,132.50777854078473,137.31880916898103,179.5805430479344,168.23444290217222,134.59474859237156,114.88309752213938,133.39581347403637,80.10697205776728,28.86696350604462,24.326278481104026,67.35760269956893,87.62864541626999,83.12538518818404,77.33374757831318,87.81972128051174,109.27596525549913,116.2608356984222,106.82806030350034,100.08177895961867,95.89260253811659,99.99296313298754,119.49412234779932,69.10542122256945
268,62.64716547986309,244.79722917772813,199.75958971097862,241.46327476654344,227.7892594385267,203.39940576967527,196.37217228631434,171.57570142198188,127.67158457611025,79.1789216521349,59.9310879062484,50.72242055378983,-5.655090805834458,-22.98420754560347,53.76141384460367,110.34524152201463,126.00611696741689,154.64118911020444,124.73232409084936,72.02043515897314,37.210665177386645,86.94391152707576,5.398633200212856,-53.24517938302084
269,69.31660848006678,62.1748367593542,102.70737785841555,143.9917547330945,122.92656509472828,115.58028264745406,103.1665099157959,141.6683057755751,92.70570437940297,60.06682237057366,-17.25459731319831,1.5330204385519082,-18.96534854667559,-60.50951414888573,-16.29546795216837,74.87293414979735,110.02754211274154,139.77471139944976,82.84868661745625,105.51695341950804,30.81283624398127,34.0738354446885,89.49189714254813,81.91448339843933
270,14.024124642712536,42.988280071602674,84.27704481427249,135.79887397136963,226.64773716495503,192.12903155894577,156.0750811803533,150.85532644766192,116.68172023136222,63.717061128652944,38.737436840896486,32.01554927248895,-63.211956614853506,-42.92243788745451,9.409942022772928,38.06145664839212,50.29854284576231,93.29972498805674,83.79055093136168,119.96912499290534,42.53481858516409,91.40964058446964,99.13889665114297,82.80909584621
271,176.1088576237301,120.95828628853589,97.90159421892203,137.77115709586926,120.76790412388513,183.26739219271383,116.55936549453878,151.18574056426667,86.72499085062267,33.09410195847873,39.94901585610653,8.393995056505407,31.063986236208546,12.963651933631962,29.21427573444138,33.79940149566036,38.70357975648558,91.5285461103463,116.05937505042917,72.05664848752545,43.28760761047954,17.48546388399535,-10.175502796493802,-25.160695476610613
272,119.52195024994737,109.0512179052711,28.639048504449477,112.10774213517787,135.86909742900258,137.16041111624463,148.74075213525163,164.96781018044993,157.84504062852056,88.63343643497544,57.5507386035092,66.14841039960888,16.74006146736957,-3.8959973328645034,26.510116308186838,43.997522194362084,61.275132516940566,62.19518931416184,91.23001383146273,67.7987638556938,55.63481144637071,81.81109020462313,52.689000648322086,8.786588923690516
273,356.9283592912934,276.37974856252544,242.35835526246925,219.84947872469672,218.58715008258298,163.76460173071877,183.8190956232388,154.70958960571716,90.75455189043844,18.14490500226919,60.942898139108884,64.7370295987167,65.01508449214298,7.588086010948697,-11.706095148476589,23.908706356880828,1.349956444827015,47.17305601410903,54.24912401449619,73.56407788278742,61.57390056179477,102.62101779061797,104.45298315652349,71.39880130205553
274,9.29708217284886,42.874867937767306,52.919930836732945,100.58737355435923,88.05464323512608,91.40263837719553,108.38886151009623,123.56328357330901,89.69315790466287,74.63443793909732,53.06675121586366,48.22292139092354,43.445252887656125,-11.675845820981788,3.1750061326246453,17.791209016156742,36.677905803876676,136.02221540747132,125.65731036083386,117.62173138136754,64.19665763755935,70.0496640315108,54.94970411159311,30.49935762198873
275,49.31551705825815,71.0906257731746,105.27890527885864,114.76205027310002,150.85424909840523,127.33849637461928,148.0597546165016,131.62106146428349,69.82636619266907,17.41058542433816,45.32196133579121,45.76268662679773,6.175284147437498,-5.414241965537203,10.926488280295748,43.64339232670639,75.11957354041473,118.58530425036146,114.91837535384037,89.66190841176518,62.12953839113479,110.50687859056849,85.4763436523335,38.356459792926785
276,132.14294476985904,101.62314022774143,129.17748908312535,170.77862074338213,194.75532536475583,192.99730219416946,145.4575951655102,136.92061858398415,85.98209588756197,-0.5146954147804905,17.8426162036693,21.04564861050079,-21.3285509939352,-35.18445972052551,23.187886638054728,65.91574883508572,100.35173947840538,129.8768930779534,110.34663419220993,131.42955153265163,103.50927444110485,224.82608368774606,183.35934905669637,146.8366172181068
277,100.6943491918162,97.57735974939399,115.45691331267577,116.93364452279204,84.85406310599669,98.908074907865,112.8166195940002,129.2476206720947,66.31812244113354,26.92317620245361,14.010473711423671,-7.88943425857633,30.102557432784717,13.558424008664819,48.81883658432603,99.36325166994287,89.68707231390697,132.423289229425,114.2050270528335,69.45946021003354,37.92667219606978,78.8832113920706,98.77969374817252,127.16011048588618
278,95.96055891746724,89.13712541135764,59.41776853528421,68.36414417566796,96.67932886635663,111.8635551247509,124.032460159543,115.85202129044136,61.08093270443128,29.690067818372647,23.258252907532157,-9.008708197569618,-14.447164860547236,-39.032694470287325,-4.582800470488241,28.5563105872508,18.774026247449846,98.71830471552602,72.15737756785525,117.1033067560893,121.39816987751021,113.18201810372716,82.65315095554202,49.39958424854116
279,81.37056602597949,73.58741337689503,53.91361039125731,87.57305399390933,68.82957819687486,83.32591256728557,104.90029682875722,110.70910835540495,72.48311897112767,34.62205456960936,27.774614131144205,31.86342376829459,20.403136997543264,-29.291301346763312,14.851109958180105,59.60903806726817,66.56137749970188,91.56864320591049,85.66229641679607,114.26249348942238,58.68989035644984,77.81494198720557,21.644418150115648,15.386457498271888
280,79.98348521383411,69.50840069244242,60.05375402655808,106.81481941467715,132.19117736603607,87.22351295078221,119.38575208280625,110.64777555820244,65.37369850695916,14.491285742918159,25.48434793477779,6.792436167112328,-31.853190217373868,-49.31912742601163,-11.245822424024684,91.42059872804917,52.28700047661013,70.27445160624627,130.9758121178561,149.54908183674019,123.50442289271194,109.88245722122844,37.08669622240423,15.056674817313642
281,135.9993306599467,99.28790157182272,57.8561626655804,102.66467897063094,112.8688132399314,125.23586484649897,150.1673395960087,151.91971709768092,68.61549345690797,20.145078627718412,15.245098343823614,32.08097109338854,17.555634695866477,-26.724269522650538,28.739071668206392,66.13462423347913,87.93534194523511,103.99340963736856,108.71874022734981,112.40299124978603,87.54984313484402,80.19428000869112,84.10230446011778,40.374624910321344
282,97.37803181658225,88.0603461657661,82.16079687539971,144.48191904103643,126.3899096197666,88.66176502755403,86.55150473548913,77.39891738383494,58.548920650773056,31.278847400903864,-24.613157973655944,-15.762569776900776,35.94442644714903,-7.274336052967342,11.071412409007579,52.93869867352984,40.4582800081089,76.86094311428809,73.51992585785862,70.75802390184383,80.10320027217841,83.26023450149687,60.69014310563945,57.79650527646338
283,73.9618425192624,28.77617647394846,40.51521528963587,79.53764131653998,118.27971744726013,179.4177825681979,198.85822543954487,135.79325059370908,115.40243475462161,65.80399695007569,38.02694973474516,-12.70415755590549,-36.32499862495965,-19.245130448871482,18.458422911737475,130.6994039626577,144.47717122979628,130.65445391225012,89.63267195892138,81.38624179192696,21.799432509303955,75.11289779369321,70.36900855278266,40.01455334409992
284,110.8474965065567,89.79003026303303,93.53995841375429,67.74468644994892,119.08015537977897,177.91914750102057,143.85900270504658,141.25409195609356,73.52281934054523,42.629474040187986,85.7556896332863,75.98058811754262,31.26907644796956,-21.79197121083726,16.212171758819938,47.74891940410426,126.67796835993491,131.92769500742696,138.08542393638612,150.10843852374717,97.75474997654534,94.68280371612664,95.3772838437263,49.766820659700315
285,87.91111410628919,75.70620528766433,75.41945801587383,124.18828223037492,129.21004254322975,107.52064379949019,105.23721846300147,62.158345152522884,73.62414354225123,23.676589605662812,-24.78141707064585,-2.0619960771617514,-32.88303733872041,-46.668514105825736,-33.782418044613294,-3.7641083538713076,36.68561380388549,101.32209010495927,142.99588835943285,119.98926891607742,79.57337819171454,91.02445915625017,73.75060944255573,42.261902404388636
286,141.68070837102874,153.42927145176006,119.9811207779708,140.04764039784777,135.93059854628697,172.23241112372077,168.300593740276,119.24842258089207,120.66456005964947,66.46133078891188,43.43071701343616,72.16280946342971,56.27012712439645,29.601962142027904,60.573996837820516,93.20034341707483,78.06935598991541,94.26695621029086,114.01614740446342,63.21688073846208,24.29097770907903,6.058642402878732,10.5965864911445,-45.99680549451534
287,93.46626823737093,79.27458525921412,119.3617763656031,149.43856137355715,104.89282226099621,124.51911420106632,125.61557304040703,123.84778519955698,69.80147994617114,39.410817948793444,-8.879973171305224,-25.04931079602175,21.538478283052104,18.812949049429047,33.05321433270921,60.888181887885715,63.396052817015075,96.71732436482168,139.86402270915877,113.24690305949468,86.5536554656625,74.12039153810483,94.06684105170616,91.37735819938393
288,106.59601366502227,110.92151383590064,167.00803683136377,163.4998050868534,167.9567029006345,164.4250984921099,122.94747545205061,101.66155149960889,107.9335742885387,52.16572281135306,101.5091083165108,77.67107959262223,33.040391024764375,-1.0496132035313588,39.92198370683161,43.583443127728835,47.13500878934556,111.00592113355721,90.61349979843864,119.5866278340103,100.72773372570266,124.81306012938872,85.47400156616591,58.395666235487816
289,90.5284702698296,99.22701281089272,104.59183882194256,126.42511741003267,159.55964817469592,174.59661266249742,187.72998148320278,161.25665676062366,135.39222438967087,82.75123293114942,60.949634158331065,57.67562980226647,22.208315782907725,-23.807905149227953,16.213796730771364,54.1429797145799,56.42374402776369,113.85567813846114,99.25932209168815,76.51576302892079,-3.319630003607024,24.006893818031898,17.624579307951677,11.814930814431506
290,119.99277962656967,126.82999559513198,132.5270185453005,123.85834387946466,142.73139767793754,144.8700702775931,104.05900476478958,93.04681124436448,11.213609124637685,35.617653567625176,9.724570385205467,35.976483296456664,10.992096549795253,-21.612482812399588,20.17373350248443,69.57149113487024,64.60280038419978,92.0749826978947,86.17426979330008,110.22741519347083,69.55834514864034,94.61395429192602,52.72154269504041,-2.622391170222727
291,123.72603240728516,74.44465954364706,127.58529967330773,146.87680397566757,136.60291603090707,101.91394399042781,125.80707395746697,133.10827540458598,83.21390177026441,50.864225999719736,48.27976676490137,43.166463444346356,14.311326932640473,-7.281189628793918,79.66327122779585,123.70189751158814,188.65162807673914,172.0173867803025,151.03987452406287,85.71987263984556,77.47991671963396,72.98495261117685,73.75020921282383,96.42163945132518
292,96.67315213055547,66.88794299802947,54.869923242695954,12.291732501317341,48.4206460719935,71.81343132906582,103.63952718361732,90.67040711157595,111.00635636367687,68.58301652824916,52.44543194212264,39.8697815304747,16.172182433220236,-25.64849306963649,3.9010907383923907,48.13418560390315,70.63086843885853,117.47395964923257,129.1259225558721,114.9275264124195,24.560790239351327,10.417361482193598,27.016061295332747,4.3693296428484985
293,58.789691726571064,55.64857734789523,51.12529005304661,133.85138035386055,117.07518777116815,140.74029555675833,124.26456515941103,164.64618467326224,124.72666875565994,61.17720160150102,47.064501432421025,64.41438722694863,33.574155080872,6.26405567327517,48.34238018085483,85.47258272414413,65.25357550666544,129.1088780152959,110.79380717635276,84.36808629806632,37.167622569626275,60.99714016930661,61.86134843689576,5.7827389851316156
294,98.16279346084504,90.2062315337039,57.892960644668946,124.23156511485976,145.9979000344329,142.78263909145582,138.63194532148648,122.13589922878825,81.35098449881298,66.42885125635996,64.79625463287886,48.71771310950372,-8.96809617348151,-42.86739939245743,56.19368207400713,76.30479617851476,42.93407717709405,86.74202899214947,99.67403832704906,73.83744590513345,40.556244455666935,107.32780473312857,86.8943848207848,97.45384830518108
295,83.2773451748886,60.92430094754001,113.32073502756538,142.85024445518698,156.05461811658716,107.16282435223366,72.29255631759938,50.05481100871663,24.239753673977006,-21.629265981567755,20.799721494054126,20.398105160770946,23.096415267307354,-8.67559758476148,7.365510045463182,26.246490588083986,61.432433870118,88.8678398840101,118.4005461460547,95.36275796679432,78.3115485798387,88.98842371341733,88.85124391050962,60.9442093408706
296,134.70334188185626,88.10119460502729,68.41151540474026,155.46046272949872,142.7709229144682,191.18775960921863,158.8615140631227,144.29317232032628,89.2251542600732,0.7406670103195125,8.518636280196112,19.19111518460546,36.68740274888944,90.62007390644467,108.58326436994469,135.28581151429532,128.72148058451177,167.12005205314915,186.14894437008238,172.89726429090254,131.07901987671053,88.47452740421868,80.21995357458611,54.19594817514216
297,116.34111741841271,90.37352678047364,115.13791333385704,153.30752644615137,189.0480899161355,188.93267273214994,169.612106736196,166.43536942689732,63.93096525944508,49.80699757270504,18.08858083407076,38.01785796233199,41.2674594012158,14.193017351321625,28.987827161720894,121.39814654594994,143.96724365998165,159.7379737143884,92.80025502699374,179.54661403417177,120.80582819651718,116.51201536787194,82.848091719897,68.52739259742376
298,93.99053147553697,47.611161524074106,95.28240405044137,95.38303744704561,106.40981840542817,120.4577094518217,129.52046323727177,136.73554070162305,111.89677830834428,91.0152870890102,98.71479022608008,84.6905200828005,28.706621379071382,-24.219728300987295,-4.034335152286989,25.565050964026767,-13.04415692675785,53.72581471295175,87.03350991389529,99.3896976623407,83.10130865010605,93.77478061003703,92.48917489561236,84.34730612133893
299,97.15076146755817,72.1340631182978,49.87268017613831,90.28253501326228,104.08812884787429,103.79045247736265,89.83706598989316,104.4078755687691,71.42802376610915,29.142629880992395,6.200874318793865,25.304451501604863,4.206501734184421,-21.447986623899638,-6.732307192170335,12.892783821394502,62.13643808913224,133.30481905398432,109.0641239292133,133.68286508063787,63.61159110075067,90.36206411119649,84.88507428675935,45.0542791078764
300,67.92833844356713,68.25564132455429,83.03903483606844,97.0076193139259,115.78132803344832,143.14207780615072,125.17278030590283,99.83399194489127,78.86754885769291,12.94467925947918,16.68033217969488,6.55670681363312,14.03921242168571,-49.75667606189671,8.632967690062053,55.57393217378074,51.06182455115211,110.42350827789936,72.24317127683136,36.51347354915121,13.677248011786524,26.24016792895395,55.32828040199263,23.424920882022636
301,93.2954726467248,86.2875073023144,113.88192637759141,123.72961821579145,136.98311692111432,140.44917589136935,136.88405735336812,143.6167595940928,114.69499595103125,72.28826221047552,45.671738818992694,23.712040444390297,18.73732913111632,16.446934250574685,79.6203910124497,98.73328454762617,87.27455526026873,142.8541591759098,124.76129667293802,80.09478114826564,36.534217023019764,97.91620101159637,71.26554568351958,34.970696674988716
302,117.42984919522283,72.06251692450171,70.07895854274129,-33.206839045585525,16.092256710094844,96.58735882729059,82.63344613254296,88.49209820451145,19.835365562872838,47.54952058762584,56.18879883830666,89.62152432872509,69.6134099599091,48.53845295890463,47.50961756549513,92.72289317311561,79.50696671808224,106.79140760800128,72.24801990782962,97.30616371208532,36.67925989270512,24.895009399919196,79.35929320639534,55.65385296468555
303,129.16234271234845,102.3492367949635,73.03351087748274,115.65583438382481,133.03851679565375,64.30088914185166,78.95932023250579,84.12109269408435,80.76444457917854,27.568119890871593,20.303080727566865,24.128414839489157,20.428723578577117,32.720651996336684,62.98968753624253,108.98383210947789,122.43958110101732,156.8150085372194,135.44022008046718,179.83290492713206,119.24319517411027,87.35053499294574,31.221933695287674,16.00083040942336
304,138.34516553588847,134.6941574996914,148.89866618342054,137.01349624229465,123.04573545116764,170.42632087447217,156.67699814917614,167.49473772920894,116.3063128571087,44.902083194112066,56.0098070873609,29.078403320010583,11.65391808463,1.4241004285503767,30.75626388007447,78.261388978941,68.23508603242163,123.02361398070909,127.94022423280438,135.05639428935444,96.21137211084641,104.2408733767441,83.05783682821027,60.79653155926769
305,107.44595023244331,89.39194603935019,75.96783381260465,67.12917911167395,91.25225458440023,73.55551831998828,102.0148521967627,98.68894098913042,83.21727423699491,58.01827169443669,10.627259042477679,35.296982724746115,28.381194738546068,-5.426814084133503,26.75898040632304,25.015169649033496,21.55121194608799,48.98099427507783,81.74205071559552,88.83856217281011,33.5831056346472,66.67870873386026,70.5579663186785,11.632762975276613
306,99.25901041123207,101.94609139769244,92.32962206850434,72.64395942445722,77.63088085345306,94.57241755762863,100.7386333612611,125.50187992270149,115.3283579830983,103.04852518730101,85.64877459540673,89.31308800254325,48.7400843212162,47.19825177616079,81.08110845297075,112.21382795522914,116.012458969839,143.85693630849545,120.245738218792,141.95889229953758,72.04471874395338,62.81431756782123,84.70251010736541,29.77068576953348
307,115.12984884444055,65.36744080782725,72.37931428992391,143.97245016190536,152.8420511767904,130.44085101350703,148.18132698380631,92.1748534029915,19.614340798376645,-5.831725967226241,18.729544211070394,29.500070891425295,16.96895878753643,18.806509184985355,49.94380295353726,62.83534287154839,90.99796259540489,130.66393135802718,94.98553659163484,64.77032970900117,6.167838239160332,52.67756195087937,76.77229801423715,29.78756994785817
308,168.98065385147095,146.81889742317207,134.41536151941622,105.66682615386769,115.08750752326168,117.44001126838083,94.39005144028727,137.1319914520886,92.54190692550188,31.05875451128187,31.689353738761277,55.20137243046811,58.889978444119734,18.29440819552754,14.715223732450184,43.873990890634474,29.371490951503233,73.18247438962119,99.48418419138167,96.14512587639159,19.59322261037898,17.38118732400227,-6.669579989019368,-5.236380870621616
309,95.38602197919884,47.4605388429853,52.584168890174155,111.62011569939403,173.4517295362575,152.4538837803985,147.09971788293637,190.84068017853906,148.14274957031245,39.47137503584988,-26.453753688242905,-19.583788921883944,-48.36430793213063,-19.130861086110162,12.206397115249132,-0.8381793749985604,-1.7014819082084642,69.9548028650944,67.16288028665757,98.53356635093066,79.41331825611701,88.68867680224164,93.87554918849492,137.5638530044997
310,128.94249464843506,105.77547708997331,81.06808268904352,105.03807318064395,103.41443412129183,80.697334418799,71.76970188773964,82.06954116489683,53.49821200922346,41.90581843641452,57.80379393653612,43.27918614987925,13.200961095004523,-29.028398814670904,35.913367806783704,77.87867234507135,115.76752750599731,152.77282358559114,195.88856908075206,179.524568853938,150.76833187913985,140.27035765145808,100.48007394118898,65.24468195798458
311,79.4696744563071,10.668765961100135,16.797253897908774,32.71250662791776,115.23681264044835,148.99491980046878,126.20947035748108,144.7070326607939,85.12430880662917,35.94073079788325,0.019512497818926278,19.209306191022584,21.455681958184478,-19.592470168021173,23.01278018636604,72.10315162639704,98.12538163507921,169.76878097655597,173.3896282064561,157.82656704102476,105.5972713538228,95.71209309197606,99.7408009404707,87.67920499592526
312,126.33348802635484,97.92410407159397,114.71126355084321,159.9230129723571,116.336430476868,93.78513549769607,145.92942829911263,174.36005951562913,95.39250151360918,23.579724142437474,-13.723423722676685,-1.9954439014015435,-5.566246857669377,-15.602451513117924,39.6266578228034,30.968487164407108,24.31278599840249,71.23263800712726,62.77814402064821,73.37029253162298,46.8617328612936,65.90808995255314,74.69095116974421,36.769071035565716
313,134.8961531376852,148.81628322429748,153.99883382175506,115.5591420753865,149.03576039661465,148.05249461133172,146.91635231531288,160.70930699649168,148.5801940744087,101.14974541247813,46.469187439891655,29.601564935611353,41.66282269009278,-8.769373377136965,-16.525570622794884,33.13127009879163,60.420548173812605,137.65427104466667,119.90123473736504,134.04772898693054,44.49863507560765,85.7086549518659,64.82025636433309,29.12163989070586
314,122.05306571224924,73.40000623316656,45.83989134623831,79.79626597724962,113.7288282345959,131.6674466743034,92.44904969687643,84.7029890956709,74.91224722824974,71.96879872950726,52.09190083283326,11.642952124898446,14.37584847512065,-2.3514276964975167,31.428767236816363,27.554535647475817,20.10774737740482,37.44917904858667,59.141081768014566,75.63177201024098,34.65135154367789,77.72485938608364,89.91274496904285,53.61135574718095
315,54.55751603161714,65.33594660414067,110.28874194897735,140.68208991349152,152.86811306330588,150.78046234500596,126.69930724174318,173.69433039119286,146.32512942775182,91.81157399834996,57.642599057588725,72.89899684935688,13.409076401126615,-54.00349130208501,-7.392776987063915,37.06447579731366,43.501593693567976,64.85277000009492,98.43849752952895,142.85591794729908,88.78127663886524,68.46203990818057,211.9714343429165,171.04291419154458
316,95.34605093581865,88.87570885975393,97.9622268704683,113.25692032241669,104.47876734722355,106.26772583694253,160.9318127636567,164.03320029909216,119.14152073832517,80.24722230950519,48.543711834605745,7.532855015859663,39.91255641254884,-10.254065289804963,9.095277194158296,96.45978876806097,79.60393600379301,114.43413409848121,145.7304152197385,87.50066239481482,44.75221384430954,16.732435039853904,2.826388780871298,-40.84461078254691
317,178.52988728428,121.36181708598234,104.5658832917955,132.37116595927478,182.01684038455966,178.5461261088092,175.63621935801126,156.85857664406717,158.30207884825603,82.02872992833278,53.570065591188744,62.06216783560811,37.160608067261066,-12.399836215889515,-19.973603409795526,40.86563710260723,70.03744032215089,77.98229777701609,136.62433425060198,106.77526419369269,63.817001854886456,83.93263926719497,68.45997770381777,103.0287182311695
318,82.615959805119,68.81393768585858,81.04246521645904,101.34722827129038,83.71471948728552,119.54776452615238,134.02405210744743,190.59177096220776,101.76166998881746,37.499759055383095,1.516935310162495,176.59609897440117,100.84945760483235,50.36145932722164,93.11786809098103,104.7039436644815,109.16434525713154,135.53173115809585,111.13492083979564,97.8547408198973,4.326171443736435,45.602247001445946,21.4474904467439,52.56627509669611
319,100.16684510526485,93.89133216802188,53.0832424603817,57.090285272311455,52.89209744409294,103.63929901453763,141.04747472107994,138.47426133398832,98.1947311722107,45.69376472941341,80.00641517328492,46.29158270298055,12.551743765149267,-39.692481341908916,45.33682338275351,103.58870999249541,115.57370060000679,107.42331864417189,135.72707940448555,101.33601252209915,32.385603505559686,30.636894246040953,61.17719276995594,76.28534858985492
320,90.50091071695178,80.24031521981824,79.12158327885439,167.34439378906075,176.13463397227554,198.4748375642533,245.84389420544252,208.7568430466697,138.87401071282858,94.37211055916531,111.64452645908486,64.02895316845297,14.748350644105447,-15.986174447204055,-19.581609788063542,48.99788575622747,96.90943194684317,160.26784722342725,153.51950201656337,194.79107185393042,164.04718780770204,157.54641690044906,130.40405143035463,39.063330134952935
321,81.21382361726621,135.93164913715196,146.50920527434832,167.53309198735548,142.0137938080508,148.76527097645678,152.22272612659302,140.7736715282911,106.31704935121121,15.483292699238461,66.61458722857216,46.350845911094495,20.419303768444134,-19.06566374453984,30.665889596830876,81.82339602069484,70.3208206025063,121.42846912399823,160.90250487624806,101.35556921996039,88.70362802415505,102.16878934760082,94.22083197470229,81.85095664007696
322,191.1348670035116,143.2109911057068,118.77727918444924,201.96966957957792,179.6547432132285,144.16662007227094,129.62839485879346,133.90101052913755,87.38840376798571,60.43920389354547,41.50293997733469,32.3667898718461,6.0619419490240585,-20.029384170395875,50.26699860867556,81.33747462383626,103.9030512801897,187.34108948009737,167.6144078971126,147.05899189722217,109.58308456796411,86.36121265110026,70.24350922477815,43.585237379362965
323,52.10717994357799,-36.996308718702664,8.329636954117746,52.89368020508555,109.73999918903002,113.99026017760303,89.11798792159267,110.35519792801021,26.02369089215459,-9.20927618029721,2.3881712037246494,15.355438510424865,4.582019901431115,-18.24982268365739,-15.146480275032996,37.24647764907114,61.527586192796804,139.31663449765534,112.4060883303142,117.35839885365989,57.88194532061597,104.47752035460655,61.24546665871568,44.10194744643941
324,45.31203791225998,45.4319798109635,61.79408098193901,137.3335737888061,197.66526366488412,208.86835257239042,200.151719401707,189.6146729685851,131.84611703757744,43.63544988233241,52.010763322738725,83.43141950886164,75.60859670499933,32.506497375444226,74.2984721504642,92.32174638366013,100.98586919371984,118.49140013308242,115.96330046312156,79.91869691177358,81.08352932127099,89.29399038860487,70.41083951659333,62.90405965305035
325,129.66596333723385,99.0793960064694,88.54173725711709,128.52976814201372,159.63702716499282,133.51252672296275,137.99065753743037,142.42521531911495,63.29588963448424,0.014054984722420727,12.445897259070843,39.89608866863348,-49.930485535038486,-7.421138897814284,37.340456319642556,84.27843288392125,115.70717054014486,136.82417903026104,104.45125377291848,75.25227311004792,56.6365689157372,96.39734620326104,100.7385894106784,77.17756864113517
326,109.69425898543571,100.69653598124957,39.36308944953467,81.15720252212213,109.88771297293826,100.42190318963495,94.62415176618123,74.47754299211127,45.148883673125745,35.747094124864965,-0.9174490401385285,-32.35467049802783,40.67073380103683,-4.964147952917001,-21.494633003407106,4.9766529855592125,36.35329496394793,122.27642842928742,103.09576365532675,71.22281891343654,-22.50285066352746,31.186620787641246,34.10235071863387,-7.727224715876837
327,69.38894049922668,46.578704240253415,68.18437476608923,139.7852034923723,138.30280427165712,93.82965680171985,108.38989992156687,141.8835049604824,119.89546304242643,97.9142079487851,50.812150676618636,34.51003416078056,-16.652126382490803,-13.869451919831281,-3.0661414876093183,51.33199017256938,61.6631255882438,90.11984905238296,95.36776765803017,93.82434105249196,58.056763267444886,85.91728233192816,74.94244177261707,19.863595946218815
328,59.354132512395935,85.50634703033379,80.90719762551032,125.81092628307545,130.05337963237528,149.21174572094912,77.70722557187352,83.12433324262699,45.40508690863012,10.472327941520113,-11.505638492767424,-21.40291658491813,-18.144861824117857,-58.54533649778472,-16.896320016884058,7.310204197422195,30.03149006818171,118.5799198507896,78.84721702085803,48.223824109242415,14.086812816473973,27.52880199000412,56.83385759188851,27.621963479177133
329,78.35633257256926,35.89801958410586,89.82926368059346,147.1031841930823,112.46203366359335,120.08519617316165,170.94433267244233,138.3479173469147,46.27544705615568,-9.184188912390724,13.007670172246403,-32.247742949511775,-5.757726222784687,-42.571121634843394,-34.203786556884225,17.598544733651188,53.314513583189495,69.90171595708964,86.76454163974446,52.21887396531261,58.39278176231004,60.40113913844311,59.858915217445116,47.515618319155514
330,132.37221216271934,113.40671781173975,102.16008527343286,145.23919129127898,162.68201971712756,142.59642695707,161.11563731724706,161.30047857740215,96.75350490790883,49.40334767292552,27.98131984999911,-5.940331136123866,-1.9266776714613734,-22.817895972119224,-5.25096523922177,74.55640994823916,115.54923746963516,145.11475007565218,151.1234394599682,131.83196270416346,62.32913834845309,40.636130191573535,48.09835840125609,46.042135936462216
331,78.71697581450242,26.086719718269727,38.937360235978986,84.72145731369365,119.02957242920424,159.52868822817172,165.09968519556756,153.75043475483153,86.03850311549799,17.812116043864457,23.636929556689694,43.616049246759175,36.450531897338365,17.218917770396153,34.296779981105914,67.85973082975445,69.89371280615839,110.15746422765402,120.78374674443417,90.46825869533362,35.268007246730924,76.04710897059292,106.95932516795969,56.02360653716832
332,104.64601318060429,78.95831171509487,84.66841543512616,52.756750748867105,124.75568403190968,167.91924164029635,188.89160018908348,178.93738517770495,111.35388130320425,46.09748834082855,48.607320328538414,60.73608282956479,49.83625920889766,-5.269620407228491,14.733220209932664,77.19984012065719,111.07478190760904,152.88141976807395,141.11715525711483,117.48807854789813,95.91887183704998,103.22136499689708,110.63502697402842,88.30878847092244
333,155.77888969248255,142.50261062328173,122.47329850254195,121.54058339933766,120.4434144901186,162.81114550957852,140.19181398992393,122.65883754946907,96.41939923476323,70.26704952027517,34.75825524093459,15.641013922402905,29.12568322375641,3.988562384827974,49.07388781957529,91.98927694571614,75.68622813616855,100.57199227956163,108.85858672078317,81.26621486806923,36.66923366644403,92.10912437346421,88.33592878473513,-3.988083788466291
334,47.17666284878428,35.41341824201083,20.026078675301278,58.39024888260796,73.06810509737718,138.66157910766142,113.78816698118153,101.75381475172473,26.147024412374904,14.983002158019342,-5.621134797451894,-32.15141695719696,-44.3077984265023,-70.28898534225559,18.975180208338006,-15.377591422028644,7.297983094688149,22.22829288356776,46.8117670443857,68.44257584884204,26.258281850931574,18.60533368206788,56.72284633565586,40.40968566960615
335,167.01773807803914,108.67135867871633,124.94163116431302,159.0496143165179,158.38385770395146,160.8401082573059,169.18432645087498,175.21455675204442,114.8555290038347,98.05867829727148,91.46553113247928,91.75866375865985,35.40485837116019,33.238195093691004,27.177965178127284,72.03985168612404,90.59800918582731,144.71410691475697,169.3155464621332,102.61525523807202,41.67371210297404,137.74559414064532,126.44934103999998,73.35209046556713
336,149.24880851307597,157.8765004699963,125.09528016209778,158.30728729106926,152.78225423232493,172.82285498323617,134.39116172904832,133.90553451439695,96.88750986896903,37.13049159485445,-38.21374765336344,7.089043068226051,-16.505923669028153,-33.05430705889091,8.317160668293031,23.62798349119744,41.46886296233417,137.18329241035886,121.68230267141905,105.93920662590175,36.49456491612234,21.668346012370563,44.34849633856443,17.036196779777406
337,162.8061941492537,150.36315762105752,112.02010896120021,119.79480955978524,97.48604372957435,111.72128013070822,76.50484568059761,77.32353294401236,6.551773580703809,8.550171614408796,60.07725658825724,91.05965811252625,13.525715795135742,-43.569720102617865,-39.95072904760309,56.94102673011545,72.27454289484454,97.30394297431121,71.22993311094565,64.1122876389185,73.06292880926728,68.37824414847346,63.02442914460954,16.588438392568726
338,81.61865880782243,38.47309052983272,53.75500921521201,96.89406590775052,148.14429951217957,136.3223149516998,156.0953896775988,163.49393144802374,108.17897926881824,121.56952660026248,105.4539825845186,66.88094502076379,9.841105561292373,8.044249642972492,44.444416478466565,67.3280710689958,66.15038064178283,94.74553637294083,95.41131566225698,59.171046804894374,49.67488006666043,97.46682248699109,86.07723223303799,36.950103767682855
339,137.7697620169026,97.41850275307965,125.30143419643198,160.81742030810312,188.3731694976239,170.61353563710435,146.54782785562227,145.88263294766887,168.80126628600237,136.42902085545455,114.14967261848994,65.14233504024962,89.84912034214838,35.506452458202006,67.56466808115538,76.16397086140049,75.08839009674148,57.6013054136323,83.50966255373929,89.28663198518828,45.95820160211651,57.32524146253263,66.48100441835662,47.74346839118395
340,107.8208477142137,71.20579771527122,50.86210540498362,54.55916826877451,122.72226493643466,156.86889959660968,142.6986900494681,177.97040917963605,168.90524328458957,94.46489617138988,64.07735433029639,56.20516719138081,23.99077758671809,2.965875454183273,-6.767386740366046,95.73060617384667,99.86003705854,113.9551617072818,138.03294263709648,123.8109693700406,86.73550265513202,71.81423579428454,103.14800659403556,57.54025539365591
341,70.94442215471176,81.59972470796117,83.71144834370739,176.4232273096181,197.436481362238,180.1971224190045,191.68758937322883,182.065443184823,128.38236961348764,50.550479010924946,44.43285911433294,29.879000614319423,18.962332770016708,-30.390184898144128,-24.327264399564964,11.387367553024674,23.510116539954424,68.9335500525889,28.573560733480775,54.26948746394357,26.526561640563166,51.58576285099167,78.55226724900736,46.939596196490356
342,95.99074469701347,81.73395789069855,92.4931582919242,121.72852546286529,158.88997396219898,126.97626523667044,134.6912054510482,116.85338788541334,71.46950182958938,49.39606205223926,51.53271829906385,26.71390759558137,17.692463463681193,-1.7995499010592448,47.46053254384917,90.11852657501984,91.78389080394123,100.49646623257686,76.18014442612346,11.63004678163152,-9.499790826793891,27.219025136034674,56.10329011617986,69.47464494429857
343,112.11553437793529,93.95042194943953,68.04628240757319,112.0584011334842,137.40492869570633,156.49648767813528,160.03448979603738,166.39258423209847,85.3689335329765,75.38228903734894,91.43056405650137,34.66012291179685,24.932069967206512,27.685998058579923,45.477546620255325,91.22587332842022,61.33512737979757,154.46156846957803,123.51313442265243,133.74096322136666,86.760854642469,66.10124841591376,16.027196378215656,4.7742308821909845
344,66.13984152796027,49.683793908303855,32.46534251053552,90.90309541737969,105.72915077044871,105.4950261334327,69.44842591341072,143.67460307762911,98.12980810466124,0.31669502938445504,-32.74590832550458,14.94755529938649,39.30121842466069,36.5901773664165,51.212629474998366,105.42789898042143,119.1748855631839,148.7993246267387,169.21434692018215,117.5460464284281,85.35605387860441,75.41398148456219,108.98289452364175,49.04030688214383
345,54.57183789547206,-1.8922127008575274,14.163886150437378,62.58066645739999,79.59146513620577,118.09070986268418,130.17038912905696,161.14357297013152,99.52518496785041,40.560191029324486,-5.524069958145816,-22.278131647158872,-37.61458446582465,-36.3518089557965,-9.103062167582333,17.14725563765805,60.81988400434496,155.00406178954478,164.12985986043606,155.87893731359287,103.0967009108567,79.49450953307677,80.57865774375242,115.31580364187766
346,97.32185550895977,43.21138526311507,95.0257145361692,128.83906667679264,113.61692947872456,182.09570431168055,167.58617536321447,168.71228694687784,80.36149659421555,20.232832914088945,69.59031757839344,39.68471239490896,28.44615597601207,22.37771608234814,59.67261580766005,88.69396220798315,82.3524534833064,119.25893297167309,154.90618049156052,131.86171503064406,108.98420206289637,114.1764937153417,83.7881277124614,11.404645568838859
347,70.60126482440528,65.43113131104643,51.27303351776064,78.6277872633151,112.01012676308392,125.93314652065473,76.78451873922478,43.80477109296743,31.178485289106206,19.045253320708692,9.344468664970822,-4.324095065857861,20.218029116785363,28.113290901813077,52.07470831503802,92.64824785068404,118.91334850166827,136.8795554409256,124.42987148165628,117.72139811540777,57.873633698899496,93.93199568230266,36.88214531582623,31.160499610592765
348,85.78124636164435,98.85951223143994,114.22024731111165,146.62779305029636,190.24329705487347,190.80306195242022,142.6349603345789,168.98594999703928,100.18395266277643,26.8212017859152,9.824264216017827,-11.874414311386047,-20.617735007153218,-6.47013163931091,53.04293402814075,81.94868687214351,47.31460980738246,95.32411816853805,117.67782643752082,123.7637057904828,67.8614806002354,66.0288651731766,95.24448091142295,37.81266957981603
349,130.61503007345348,128.98724453877358,133.82183632871877,204.41821426026775,234.1501186183276,235.476433488775,212.4985484085824,153.4767842219998,136.22933260008062,81.28472104954349,22.35448196844154,64.78033652682447,59.510329645608934,23.0992364609455,88.38694339228798,123.16724553600511,128.4026517122178,147.6283678191865,151.57148471289383,84.55999936001584,-21.579848085200247,-7.488129415168416,21.12861373078453,10.491402963881761
350,96.43669317816939,103.44166300290223,95.47811757633896,149.06057713948502,184.84550662190827,170.9612727016484,159.68307430657734,148.79069537968547,128.77660545069887,72.25398188976487,-16.849418416679228,-3.0046806977399427,10.17655231559429,-57.30823845774327,-1.034339264889951,66.17534226610438,54.09908553752686,95.45456215847219,119.38291493924065,80.11633539108213,58.06135174381583,64.84599889515201,97.73518116255562,73.65445127883922
351,132.83968451343776,161.84171108863728,138.16300454469945,131.31695519789878,148.81110314519836,177.81338857548855,137.46264668155112,120.30841005869696,31.750546386450075,23.119040640939648,3.2673556702709945,-11.865234420852829,-41.97425050269787,-80.29343984788146,-20.787057298188106,49.99269813441859,64.30122727073449,96.53531136509761,104.06993932894953,94.84935205548922,18.426784721393517,43.62274454833428,39.36511967494081,7.112654150809632
352,103.1911865955076,96.07296088438319,107.84717133497054,85.6592451594694,110.4683839703124,150.00486874397595,138.98231714299,140.2220595245028,61.67915617676804,16.066414078041767,28.89272361413735,46.94260410325116,4.882032374794287,-32.05834591233982,-19.13293818044559,-25.723222553573436,-6.4650316911129835,70.02847221028844,44.7121305604879,44.317498009069766,-3.3166602606815303,46.68101701237802,43.36148021960108,-13.452360209287775
353,104.25283708062466,59.60284704244032,29.34664778400495,56.58051647741392,77.80522357963794,116.58506668186918,100.28658034886232,120.5146730699102,101.50600916256619,55.81081633181526,32.24711352368518,17.616844289165495,96.18924887411221,39.561161477139464,81.84731208604394,78.13702159621532,34.87321608244166,41.80639938731558,42.71123868788908,19.418709683296754,36.93923666930966,101.0369233463179,76.08106760871972,28.99236676156142
354,185.19674800750025,178.30113705688575,157.94230791248316,187.9536708448167,195.29029981597895,134.385391028105,113.18875485895971,86.80062536047407,68.58995950344757,58.21358268770531,18.792610446494912,31.030001520116485,15.523242216589901,14.746850669225147,-17.455216023315483,7.46784221948495,80.88812059439198,123.79227260797335,106.1373792372284,93.7314819758695,29.536280127912562,64.4107926679281,53.77108081378255,80.02737546953318
355,143.63220256102252,133.93636341926268,112.66054563214747,119.29266487738855,134.55115091836976,146.22271855943933,168.3743129883456,202.05713550329355,123.32955754193219,41.173267557766934,35.081635303848245,14.344824721521547,8.027758781540172,-26.360946625304006,18.88566670182218,92.82713236514573,98.1364081736898,146.57265355536532,135.9980601846204,153.82693018051071,88.0790261425438,60.56487392683809,77.82323731527254,58.68678643737812
356,83.47177470269743,71.49763135978574,95.6273564460522,135.00264423529995,143.488017078667,143.00376992669155,178.39976594885152,142.9180902466082,113.70714679376545,93.98561402064568,1.5777215849293356,65.39337977656454,42.69097988010072,-5.316354318007674,39.80793312256663,65.80582071030837,70.20320206999136,126.73804455394716,115.74135164304406,79.39689006672089,99.27979263669818,106.26513081526979,120.548096847672,78.57768088364949
357,88.02497176156075,62.47308901456308,62.9985610227354,46.861223742238735,63.858483361563486,87.49900853923006,142.9666757385268,144.70314381568426,84.53414578192478,14.310199095860337,52.30656376276644,65.17416884592856,33.08972422110543,-1.6503443656581416,19.540202494369545,65.60254592928956,81.87521723720901,104.98623515183425,139.2582552535584,130.18610617814628,90.39632239194057,111.3199944637151,51.1768099173981,35.84177360638917
358,151.5490116635388,116.63821482397209,58.341992279038834,76.78441412425329,101.07168963948614,140.82037654408578,155.98589739692247,126.58651171992506,63.41586418044372,85.38063461027187,39.147835649377015,29.61140363134588,36.496436930997035,8.483423862015748,52.063412041438966,150.50122105177613,140.87045258948007,153.5994664566601,110.05678874101113,98.9824849006005,95.07161749998613,72.34189388209569,81.32095261204717,50.26251396451308
359,110.9037049142881,75.86876446420003,55.17455553503161,101.95812089859317,131.19234154541485,154.97294273616777,182.00562371655587,143.3886109061852,71.551957496836,7.345001219616741,-20.500361246162534,-19.237908084390398,0.8605601729723737,-31.64119695421368,22.616782370457543,90.25525584757987,63.349746830839216,128.21608840846244,145.57727841946092,112.48239470670536,75.567912490314,97.32841809757883,104.84641222336995,50.100830577778936
360,72.49723248860771,53.44970751302714,38.122100820547615,54.662619437801254,94.64072874592313,83.22504393530542,109.73942677720075,74.01920630411719,18.611533746215855,-12.811470491249459,-2.4740656366003577,17.347666097816536,-2.01547661192636,-49.32988194026326,14.832462453016785,41.79639197979871,26.92037803369135,54.43471430864165,87.69031174292282,63.64702892626824,98.67645110262195,81.64115013193398,56.9958177039436,50.64677450537277
361,81.30164476913191,44.97220659395552,70.31175794175644,72.88642925890024,106.05256023553892,100.55735110354411,112.88001640052043,139.04679631018675,92.66374542233366,69.64202643107323,10.747837892525688,17.463192303385906,0.9781557643992862,-25.72228080826639,-2.2183648681651924,65.79771613836657,58.11273891905544,100.33251045149113,81.75907506229768,28.085872489934758,-31.336885583831965,-3.160335893289016,7.727605471041329,-6.300173413129642
362,153.51067915670706,133.62351215965575,136.11666566601644,139.69099016603403,134.00424785312674,117.62729995255316,118.18498313186085,138.88225951783923,90.57991078434019,18.495406091946965,-26.815769026348768,-58.320708180417355,-72.4634043821094,-49.01197021595185,38.16874876274021,34.1654413377462,47.6361917808962,86.25360424476497,90.836818840464,70.85840139017986,66.45342312063893,86.21919195128056,59.23720085211719,1.7516578068821076
363,101.69364516112256,89.61094503538745,69.97041407198543,70.16739457446951,113.72544953018571,120.72540710407377,137.82478517094466,150.46137147697945,112.18481276649334,61.127130947173875,71.8740875736411,66.72329677111134,1.4717811431042485,-6.327144487996453,17.5459981616897,76.75253237809083,123.19898901499147,108.39729794266972,92.07948108805982,70.97586885577033,16.291085982589756,66.47492650669679,17.513156298499702,15.371727968458742
364,108.39924450706853,109.73696715349497,90.88301539759948,107.05235652607996,140.47941953834703,152.74227021283065,137.58932093877738,160.2566174997093,107.63335011068534,11.023598612720853,35.35893577441655,59.636869083991336,17.562721526409305,20.84737646044619,53.92421059326399,72.1965486266348,69.39548110551239,107.88736014772233,68.79184152414442,36.11498245096401,-21.12367949525906,31.249611681313958,51.06979622149555,20.344878801942798
365,99.77367143308555,65.5318011224061,111.64558429841745,132.54213876773645,164.55481792176437,155.2307827149918,186.01681426164555,184.98999026800652,113.75115856913368,49.152690943855795,14.236042374372833,17.850877057186825,-4.931421102967203,-55.617197712619,13.261062141150536,76.81948211111357,89.98846384236106,97.73068011329184,109.06029151983633,95.98142597710545,52.99357420473283,22.976113754653383,33.4469667662535,-10.297384650311088
366,83.84453695065424,42.854072999500204,72.75685120075265,100.77600951151753,127.54014568138598,99.72743004559224,127.36868564616712,118.62261319887564,67.67121027631866,28.38552929740411,14.109902175309806,17.209870249139534,19.448322128635187,1.1268890340661795,67.53882916784735,70.81046835640987,76.49078920254263,130.7100821122196,123.62963799992727,127.39582482236668,105.21969574207117,133.35299194647286,94.1788694413272,40.451951180210244
367,40.3843872222569,73.63176765163087,41.814097353312775,100.27651925843547,129.88818226522957,161.26860470344866,164.70286282248017,143.81690680464715,94.2797222655096,63.203831378317666,41.34869358366932,10.478702397743277,11.040509085903462,-38.89802617695025,10.21255189815739,52.896944620435434,41.58650090188611,97.13577388835512,72.64718071723809,80.87839591826264,70.57116623577414,135.46739405595895,105.05490125568231,56.488318035005534
368,87.64767700831236,90.08492501009103,81.15363283727616,112.3984296476298,135.20952990415452,158.73970552909526,158.56931957848133,140.29275108304253,41.72557040292667,-9.488130027379917,12.331739899558965,15.665710191140818,9.886690451932942,26.213575884703705,40.76113339017995,71.78177290846345,91.37754053905306,91.54488103451257,95.15121837401551,101.95188927979513,78.01464475175489,83.65942297671857,42.96831639474103,16.81381422500227
369,83.3244953044439,79.36903849723686,36.7774866482176,49.66289899210892,98.6570265417304,85.01380653249103,95.75768874244937,141.63934372744586,102.76818331677133,54.70878007958056,46.297898985501675,24.648657760982637,9.98889683268158,-6.645266151066697,48.825531319327666,60.373887142946955,52.47625102853554,109.52188555796789,144.78494627916135,142.33518560398932,101.99065639444679,125.66972852079942,97.20826805690504,73.77151736032425
370,92.27439936776577,86.93240154966838,43.869722694217145,135.10742189274737,96.40264213992052,100.40414013319673,107.56374356274375,158.99883127097814,117.73884419273917,75.11750571311356,63.17904453310514,37.1297170770117,22.398569071572403,14.984685254340945,-6.630753009970331,54.593592646758495,95.39199091739289,123.49312553460277,141.62054059858593,114.50938008396759,57.76795805182491,50.472778518667724,50.31573860397944,-11.910076367407406
371,88.93513633532847,72.27456659139555,86.8580855310354,216.07993945231783,200.85164538961504,178.14038086623816,165.77513789139613,142.34580147137106,39.21452776524494,-2.220979107247892,-6.545130289932743,18.290821978651266,52.85470489573379,1.8678240313720504,37.93132407524022,81.45722590770143,59.59790971234043,79.07115341685777,67.81510188376708,175.6277500529255,130.5266200650624,111.13115215693091,105.29958969683466,75.41589101612435
372,92.56346056808293,85.43969166325826,115.8037287851498,170.6547453163283,185.8699154099599,172.02926883705376,147.92384662423547,124.28562119146494,72.47261206108608,56.89793101732526,52.119610456813696,44.6657938921132,45.16136394241332,9.748205026385342,21.802103516055055,74.99303637449887,81.79688693708289,115.24679060721236,137.9093250355682,153.43672731405766,106.45935040931661,108.03593741123757,152.68339416617147,116.82250152217298
373,131.50419371932196,146.12828925928358,123.4223635686866,149.1611397947061,126.60727623020327,129.6292075736362,109.8731738492766,60.1298854116005,44.305657866003536,17.40958811644389,15.970786895132767,-11.959766607086607,-39.188626371200726,-44.65010523090476,18.913687887970898,86.94890044244876,103.12491865335113,143.74179950078445,117.36005437815025,94.52550811078655,37.052488493655815,93.05698303410776,109.97015425038015,77.68344019350332
374,100.327773495809,97.97479775419295,95.55689952828877,157.73515647502046,149.73421744029983,183.2758479752679,149.94367675776118,153.25229537954385,100.24109290182056,79.44243276878345,69.82079631634593,64.537199788595,5.482184991896521,-51.07675829863547,2.8379585468173865,98.5464016416073,92.71378952629348,149.87910123542252,155.69878469797956,140.94061663502185,56.31033350597512,86.75915951688184,72.35738136321011,18.35506822122077
375,140.00759933406601,125.43987342836606,149.9055652171623,174.6080419057264,146.12435122737173,119.9469829560588,103.22689294093476,110.65109388139518,48.86743834662951,36.04113554151099,13.909465141216316,9.19472394286229,-12.826662025735565,-26.395110160864586,-13.605008607477213,34.485006033572986,70.48426622967361,103.6366645487339,121.19074607332291,120.40726632478533,95.8045065777163,95.69407779012684,99.67980934158416,48.94575466554826
376,78.82870725741475,112.16826527278765,108.97552470937003,163.36817201262784,208.18271671566993,154.48101878455967,136.4122486259196,135.53093503637746,81.30668782768245,28.006288793081666,41.552488305627264,60.896468797670465,10.488274523201593,-50.26943063840855,57.03461382472534,105.85023942092516,60.812541252263415,140.70122661425995,134.41957618117596,84.86229020080276,56.91476386623611,70.76366762002044,46.05999413143279,8.43419123098424
377,70.32705292522229,45.79988571567052,68.0623947841351,117.04004704314617,157.078337983118,169.32929816016204,113.4611723208689,110.15202876522993,87.676070225548,26.86553515157868,54.06300596760474,117.36239704455886,66.00177995957601,33.99651893618295,45.763907013853924,65.72804046612944,69.43237462773253,93.6017015587294,111.33061817821437,89.6304458873161,27.3651089843532,27.588774578489378,84.74959445588401,64.06175906109351
378,77.51646929639583,42.95928415792973,75.14661971072563,69.03450861830166,120.28782057365505,107.59984078852364,129.93470948184589,137.65431499275434,143.79837243123794,52.959493703868546,88.07178600220493,117.66429465516218,93.24872492141368,72.24935035041267,102.42452284286733,125.05430474471154,116.47988660360251,145.82537255841407,100.51389900209224,103.63212904908227,78.31006170485246,122.16550572406241,70.07066883050857,50.85812484394863
379,150.39318712357556,168.22960060596213,145.3108930734642,152.8681568847437,148.38107942470282,155.43984384998535,170.89180426241256,155.96341554860012,75.958720733224,42.98575679240065,53.11853523914758,92.01802367646779,79.46311224972831,36.84728119548832,-5.961104746784546,73.5528830126616,82.39349457865407,84.42524387566264,110.80772869309871,121.0489190200633,92.98362493703956,104.04608208793837,88.92223190243834,47.086437791618444
380,111.99854766722413,99.33882629143287,132.8683726918319,106.92881221050786,97.82508989983715,125.790314116433,182.25421632250666,168.65382839490275,120.40160821371343,-1.844492969057427,-0.06136996656065463,12.135770516638011,-3.0270345075609306,-23.222268320159145,46.77337296456824,113.89031446470557,152.41055900951068,171.08625787903003,134.47417758801163,136.96826383249964,58.2857674726173,63.93102193006331,44.8836732681895,40.27887314821497
381,92.00419563592155,53.675734650657276,63.81918970099811,79.24570505454838,52.73667570199753,57.00148077453403,36.37277393898546,84.4752668662643,57.21548689923093,5.752992033484929,57.29079835833599,20.026523188065088,9.987426490253876,-39.55693793011994,18.49388692460377,69.37215006999817,72.49980523957181,99.68306434546776,95.72470146374283,98.82481215814767,49.52422126740651,59.20143016341197,82.1609616296702,75.98021339186262
382,91.85895019261861,79.56477785326871,91.76680474213941,129.73716406315893,98.71713171976637,126.40208408740715,112.488818926296,100.0605699762324,104.4316062177433,79.88501706876403,49.31424915444506,61.468708977528905,26.4580671938386,43.32722990521387,39.39578368753877,82.09061816086998,70.8721451239299,116.74731649863391,121.87816676310685,123.6743765955435,85.11852458173746,133.6016648396468,145.0307292273493,129.22193222117795
383,89.65512027794676,23.91561754474629,80.20700673727775,100.8774120581266,154.64929961427146,129.50180299479575,140.7573293835624,123.56647352653394,107.67504580372511,46.887778584321,29.54272770444808,31.413960576626724,-10.820479804116196,-111.64011900710244,-78.31959641586425,-50.10821867445355,-30.944269008975184,28.549777183370523,122.35093586185894,80.53836012348269,37.0037657088846,24.267300131011538,36.52665746689526,59.694916521088835
384,61.50019649590694,75.18327142660222,94.24200869168087,108.78887074835893,109.28602497394415,131.47640939836828,105.98140960720522,125.5683309466316,72.01964914962056,11.454472055329187,4.924543807782769,-7.979679817048158,3.8755631073931855,-19.620667538112336,-30.670957972225846,20.23716128357602,66.0215423099272,122.62503814396177,83.43662163998039,89.63806546186737,96.85190900962026,69.87297772913386,85.28756106305417,19.964284232630316
385,111.30782411358337,92.9151381489873,97.51945921408262,128.8221721904701,149.8741694111006,140.82515305715853,104.98808673915502,139.3400940985714,62.552029922669675,-10.947440544316159,25.019426547435952,-19.477887912296723,-37.94891279604448,9.854332801663194,51.63882706075074,70.61896535504653,54.384771174798956,117.53217129205622,114.88781017700762,129.9047250173138,83.10129889023781,88.33580133615988,55.57944318302083,25.665530139515553
386,123.73084216089532,102.70451070128811,56.074417930281506,71.83286280605896,112.65013786799142,65.24484905948793,80.78757567236804,119.71977036147143,52.00505051947739,-8.075015261854027,-32.47893323723123,-26.875298083893853,-37.006520248751144,-10.559040324259467,32.63664067070253,53.850409416867976,73.01598652669969,123.39738698921036,111.32443262059624,123.31260636200442,54.67433743872075,75.76471316325782,43.72877436805988,11.612009668034368
387,73.30127040517189,52.57189715892866,72.8616562076806,92.56235043531095,117.09770640785783,129.66855640725643,163.55962181467382,135.48237860872604,111.64583257343622,41.23633954315166,24.205405617592522,54.33817777102388,8.868097482303495,-9.458717172433376,15.557286808298912,56.20646977248509,60.31362854878576,121.80558497756155,75.38714714274579,107.95170021152744,46.54982460432123,90.30241529367632,105.34028794841345,70.47479433062489
388,143.48426632612382,110.74939409753586,111.34815482517132,128.5215814015953,161.61399157651624,140.14968857505482,124.79355812929126,134.238741541337,64.58355173235583,-18.58144749158997,-70.48271664266564,-67.79144194257223,-26.729439116624743,-67.41857561331203,-61.32444545832831,-14.971437625796852,70.0396387667438,88.13190230205359,114.16732125998178,137.14389725906915,67.02865779255086,68.57526823708741,97.64831411666852,78.60293215408731
389,125.30268462403592,72.08765362942289,93.01875795238665,128.68141937799206,159.30622232566785,151.33258253885415,146.55179946648505,103.00950312894919,71.86912495297764,-6.6895035260728335,-5.808929001665227,-6.654107370917785,27.79213653457283,-29.018781988402015,44.994311304187775,69.87895781326642,47.457702227170905,116.0678140501575,101.89700748607926,109.96104608344272,89.6583394701155,100.57795795158333,87.99355934269613,46.770029496174885
390,130.5155403343156,94.74062981490606,99.65267142694215,149.96474908527767,93.3558781338377,123.00852916247285,113.3703137583501,154.77994647238174,141.94244346318987,105.51578279999393,115.52421153243968,43.86715315822456,64.32124319951366,6.455437144883156,23.832431968925576,55.80900492709394,62.68461984364391,138.45083450301738,102.3022062973782,58.39950835237038,19.744206999700992,23.034305952392003,34.16469340338417,-5.126037908518825
391,102.46074303132161,88.13504580578244,69.99364723415104,121.99729675689464,121.25646074728778,123.59531612175468,126.69880780840728,112.42671580866286,36.71685050173191,-27.650915238751452,12.312900875883809,47.75094775791199,2.171652440245161,-44.599058250203655,0.29704376691034184,79.92273194398624,86.40003794345506,90.08008431905795,103.90091103019414,86.04787997037232,45.399065591696754,79.14085427497115,38.15773393830929,7.643979029486879
392,81.15644528179733,26.391899920887397,51.198165370697,74.27977968442578,130.00475391485512,134.3739252341084,118.50533158851678,130.87370850146417,98.33170540946747,75.11841878783733,48.4857817327034,50.41423297037605,85.09333602434789,11.173571872215252,11.916750181482438,58.18614735735753,79.22526043795692,97.49357689163254,139.77792885963797,157.6198573053279,144.0369472080853,153.79290290722275,144.5044404416331,97.61861030175915
393,100.08928292496788,45.988593195854904,24.53427282356246,76.11560991366137,106.2787870369772,133.7852008752074,122.7124917234753,120.44199496698238,113.2573454605537,99.61161385077345,90.48008606359545,95.13175443332453,64.47994640958028,7.854411124433007,29.829060588922353,55.62353868205976,83.95239921293089,46.842871091845595,91.6904840557498,106.40705548411715,79.56265895667897,80.02553924536167,61.316217344197455,55.32200369871629
394,77.54369723331214,49.904619020095936,48.50619166798378,54.650690081381406,31.354767797489558,48.843753257133756,91.15051416855704,69.25144121638786,10.1954037199515,11.472839865246758,17.10960822064352,43.313517963176125,38.67580486950365,48.16233450133386,93.89471314126112,121.84538709916148,112.2293490165298,174.47010093434895,157.76401210958227,165.42794491674078,127.01350285384015,114.99358552803673,97.76287558546666,53.52560995977338
395,140.47873807755127,133.29755763987075,117.40151925414656,154.19286087061465,139.91158514148213,155.00383903700111,121.95581026999645,98.74465256066888,67.27106048302407,48.124426641772466,11.703572477472495,4.0526184341595695,15.684577620925783,14.18898960752037,56.81429742138003,120.51102520352532,146.17282571523594,166.59814708739833,74.88249268078717,64.83105765479772,47.69628902288361,118.11550475508497,81.27040132044412,86.23809461784604
396,132.542914531404,176.34225995858793,153.1075880732824,170.86563733046253,178.2575984517594,173.45734912055673,164.96564027119683,170.10234858205718,100.6648827154907,63.620126561932075,57.91319566035754,67.69443393928702,12.365954498945452,-66.25849970222869,-59.818210228258835,3.1356256581585455,-12.94244327145438,63.55783261494007,106.16282266545909,98.1465628488561,72.50638089207649,25.58444276810448,32.27305925444217,55.12498354502064
397,121.4043848190307,96.63899753382614,81.30413367788869,77.25499181311156,166.27459110131122,132.78729414978636,150.5669109840413,116.54518959763733,59.67701988174311,42.889880628537014,2.5837227383425834,16.286687613771008,-0.4731425944270953,-29.465836345013766,39.4935107213632,79.98874558070855,71.76446814146969,114.62841872612894,123.92457502283256,94.02583899756459,43.58211434857263,54.995049055340814,27.378408239497624,-34.20746678609156
398,117.71160113839306,72.13065866548496,65.9471658519629,92.8904661131449,114.06063534921648,138.04122275113286,113.42891095535659,78.95061427245153,23.143659488915787,-35.906318316162924,28.380651808459127,37.39338626569468,12.326777943370102,-65.80878964372504,-2.409168652190832,16.601030032359226,-2.0815930154975035,91.09027573128357,71.07377364922085,102.60887150928558,23.4961352978423,26.551995416655743,30.107511101934954,24.528421467381133
399,100.43625145060001,70.41250539214681,98.92124205517328,131.51833681784728,150.15067492646975,157.27764650692404,131.10497584966194,119.45783911875517,80.22024974279142,8.259887021581505,-23.414251178166865,-5.978275721738314,-24.213820540161013,-47.28260426610436,-24.582508410182466,59.61735068378681,64.23832423244852,107.68911469449733,107.7056759931597,71.33517023384618,40.873369375746236,41.22432436148971,34.030465142324815,33.89852069720467
400,98.45005478100445,62.36215983839564,65.70262427307176,77.83675202760281,122.0484554640811,156.00939874094928,124.78119994864218,98.6762142784443,47.18913934995174,4.4967667103747715,-18.924481747319973,12.116958348992455,13.614077033883262,35.628653774680956,80.33979556058304,107.73084612548587,117.43731404933564,129.34398718220848,116.29099522371992,89.4162489382597,61.62757365288296,101.83728880331076,65.72853064402739,60.310602929283704
401,98.80053503786237,101.42739127704561,115.26486175026119,156.51434540495973,158.82126279968438,158.18067053399648,191.40167459286593,172.96471322602127,100.87226053253637,32.673797049132574,12.689927688373547,30.34474787216115,9.840005017892883,-37.1911511554966,4.096572642507567,64.10364800355443,44.8819506349004,102.80925753521232,146.42444204936263,133.83135297176023,56.12379654734457,53.5573084769357,16.07301808059185,26.866508992981473
402,131.77997088363512,128.08737893214544,101.34723148304508,138.35612066415513,134.03626023082666,150.90734701911714,131.36921595589072,101.53526104299425,74.30413956630925,37.497235375780384,24.696500015777076,33.76063509585755,57.75553640941341,-0.9854016403561836,6.285852400351057,48.73955002977171,22.570695702575215,74.06271553227792,97.56387997017698,105.04898649515108,63.26702852631825,82.91215159466445,102.60774571659694,34.379344670506285
403,65.49830123403316,65.09387412147852,53.61838453188089,70.13777569179172,123.69003674037266,163.2596766075215,169.8153825792524,144.0104669434613,63.5844552409238,33.85496575760887,37.45285240874762,59.048383805136105,19.318932605768342,-0.804365803087081,8.72081189752701,86.61414365591159,61.31568503868034,125.77247926472114,83.35100021028137,78.44909620461175,26.724461647248578,31.754592977502945,29.630916385617084,27.36639469380072
404,87.54681690325509,76.93718478641284,91.44458689590762,97.67976953447881,150.97158208621087,164.18534195152318,139.27672294684967,93.06849749989246,82.10536611262927,31.2339643397197,-14.220930398698187,26.21506437965927,-15.094065634823753,7.836207859671898,40.037311010804444,63.0206951299901,89.97923165413147,70.7063340201945,119.20967335134222,125.50478996029373,23.871156241816585,34.6029043265147,30.944146840928255,17.89923416282179
405,137.33080874304346,125.49155552987546,94.9755055906751,130.974966951184,165.59721880334155,179.15756913271315,201.23162426795426,175.32210783786542,158.10774308913471,90.34714075795847,79.49607929122601,92.54554661523827,48.33142528602642,32.48656599305211,46.58472467067502,70.19924132627754,89.83826418269524,124.21384438557624,72.99029653748465,94.26766300114818,72.52739939671315,40.5296751387643,44.133306508978436,-6.769265757995889
406,105.79512835296907,59.489936504645236,44.71084436878397,86.86824163086578,106.6943857026259,117.6264159353823,11.640615139562243,26.198336757196188,25.867982587892,-1.271156036294137,-19.941431668741345,-26.674148657806953,7.520703425016261,-11.930545902129577,30.48898565763227,94.71187207036454,111.52520557541803,148.39714318181404,111.215364728057,68.50025946427061,118.81451038717462,131.84265399462151,138.05936394273442,58.33678544005836
407,68.84789163716619,46.8774371119652,62.06783512089174,67.36352011001118,105.7246933451234,140.04457059738272,115.96839420351273,65.39750444541755,37.15883850879668,3.284708227800209,36.083961598165594,70.83945684037593,70.99263338230709,-4.921460606655618,35.41105919182101,60.132866835595586,71.38640444387366,96.73552548163671,89.63856989190967,95.69353686958968,54.852400916989005,85.20936323241183,85.50941216104235,70.74885416203621
408,98.64418255856202,76.95518891519828,39.368647753941765,84.36280753593371,91.3496910040216,95.9318486873688,68.46010686116944,96.27261253641686,40.79294276911092,-33.03818724564961,-5.780081527088619,-6.703723965974895,-45.57239104376684,-19.481030953212276,-5.263779051068639,31.65324451452666,96.58359947782182,106.10354239805434,108.77376946671822,152.78563400449247,151.98768508993638,126.03631021153438,136.1268408723294,70.63434580377236
409,74.77877432652116,58.924402801431675,64.57183533849374,35.49526541471751,70.07770875075698,89.04371505923356,122.19274170438723,72.41054634369158,81.25167489677244,48.70555293461518,41.66321336063764,19.363667861325574,-50.1503251165676,-36.03136841438121,28.133975356403138,92.99330875027734,154.93574068208716,150.18469165364132,145.79226283345577,140.94934821573662,67.68346409895324,92.87126177848609,28.518827528624655,31.287738515941797
410,144.82834032707763,136.88796921538065,118.5029532085152,122.66515860629373,138.95109366673577,133.262230694096,178.75529000439013,99.72007744904349,100.1275709448933,51.957095906061795,55.72126012063826,70.1868262546829,48.03078801125352,-28.325262467411992,35.15075873032826,76.71893542740689,124.24109135401889,143.13333525169418,163.5826055090342,143.5957404143859,122.93340530445147,145.5162480198428,83.03326445995667,22.247876109122387
411,71.10068919609324,55.828740916919315,48.240146070316115,102.98634627666051,162.32427988683187,123.43407551861304,182.9094986372677,162.21882384279047,76.81359605450388,47.60450882399331,23.238200517508904,50.256450498044785,45.28919172079801,-16.836704697225876,25.922799328625793,59.98639305997608,30.86051989157007,104.72296736420019,136.37099092080817,115.00005602205005,44.695143364843226,25.000491257816904,78.18419059957623,23.69479798227001
412,109.40578185119367,85.11813186682623,76.9531180183656,88.25360757280433,136.7659543086156,105.34227296163465,120.70987350974545,99.56231502211098,72.09775818569506,16.889985149809977,19.370467501124548,95.9995949015317,75.22318331844102,56.824483111670816,110.54467774680148,65.29540593898957,95.22972122831702,121.00376703479218,100.667248401369,128.8679324632876,93.2724647191393,88.39433031360385,55.147519398806494,2.677645589248037
413,108.1208452821866,80.37488967690393,98.76490397464251,120.75799329693803,91.67172567109739,93.80088307662352,82.73947292405913,82.94335072047173,12.80462722339395,1.480417558107149,-0.15340797281272955,-9.387460895026145,-56.01522712116642,-3.6021467202539945,-20.965912888535204,-3.3103591626159243,39.38568527191804,101.06118852079769,90.76415057296838,46.91058466690667,24.802277406121295,60.27297602925721,53.43995368222438,17.63380961992099
414,143.86980425429203,131.86302875467373,109.03072019865428,108.2969187844121,165.39245749732675,195.85550027931077,155.75199641641814,159.0356289315188,92.80776555635325,35.791485574459934,9.508229316519241,43.579839797652696,-3.7962895648961457,-58.39644670688769,29.15859839870252,51.0093097681998,68.18083134079058,114.86977253616374,127.98665585960278,89.74370023595701,66.71895895664677,74.35244040294987,115.78936753520547,112.01433755644928
415,50.18414128391252,51.64370502490252,42.07830303512334,35.05496520844811,94.35518331305347,125.39909074584328,119.07007002705973,179.559966247018,119.93232473035593,58.102431397797105,34.098471846312606,-13.168233851608392,-21.248472288844955,-22.69846495213393,32.76172996049622,65.91597271164045,93.39144958605176,158.57019501397957,141.75621008213153,111.3944702675798,76.71887234958747,105.68586809088532,93.32513711190929,95.85182473908101
416,18.178012147080295,6.616657995799073,46.62556121527206,44.19169566636023,93.96614019185702,107.37315718211536,62.39231205818572,92.000099933449,86.94094724984616,62.86850741045281,78.26221224115082,62.28394655791154,49.01471411228597,56.37625849732089,34.04042081759995,88.86459418836797,64.61040461317846,105.7277406324646,94.13938443336762,92.76666777429098,60.29535584600472,91.84831783741288,69.58660821447691,31.302267938483332
417,109.07289010701335,89.1617453435945,95.14109791714215,158.97777301866716,170.92438543632943,161.2899745214901,163.02079346232597,168.64776982780916,95.76425252740223,44.324559375650026,-24.02648724394404,41.767196932258024,30.35457964893924,-16.737308640173506,15.963854601576323,55.73690502564865,33.80626170732842,49.925695278329194,60.192234087386154,64.24002294841469,9.030848316667552,70.90892130485608,57.93093541444691,64.54455573523379
418,168.27324299369315,160.97152127054537,167.26252748054708,122.61860415701531,106.51038637888338,121.48722712742563,102.08769168050574,110.91792189301324,89.51140385336534,19.03527555738085,45.35402067837393,3.6902979484340044,-16.736538710404904,-46.7275809547325,-34.5152261318794,65.85106064697248,79.38543673691501,106.75341726648452,69.64249181922949,48.08172155852944,19.783329084813467,56.966205930463246,32.17375638825904,-8.86510874914157
419,139.01012669379253,124.5084148841436,108.86371901377582,134.89461042887206,165.57554269724764,183.65213576170058,135.8188753656063,154.74108987254075,146.84568082927024,119.75398700538668,94.15846912112532,84.04177371703315,71.99281768887174,44.824107521088294,93.79011716882458,137.4893926220011,134.7332998546562,154.27659379665457,125.21595272124428,121.93039402461459,60.79101848237241,99.60699945593784,107.53900461420488,44.396652657041784
420,92.92913145455339,55.143521344742965,57.72533789313162,94.9039125332995,118.0617016725906,134.7670277165915,106.17819338487392,71.08357803380612,57.890887970579875,44.272149181349114,45.96060938687601,39.1760186661808,27.149601666002695,15.11979897619764,-27.217588804728518,39.085663992450144,57.013412322253465,78.07107633040488,97.59751063698594,42.32284958931954,2.6054868785690033,53.04616727038206,78.13440409022087,50.41134790915468
421,85.28309486126626,51.87264426469716,70.91025729257568,100.20463561137797,121.95493306778147,144.47933809291854,128.06774560147016,172.22558780636265,97.80909150160815,45.561705618520435,32.90548209746118,47.872634866561825,23.971009099019916,-0.625819239955927,39.20848120472532,93.06839393922107,123.09829208557501,135.6517176277129,142.6785028686159,122.48120067580942,93.3022667518807,69.39896659748521,93.51621122493137,60.956588383202465
422,175.75313941433637,149.35297785122776,131.1704408433964,109.87057306649257,113.31490842597304,123.70863748658073,180.45978799730656,195.42390114429946,81.05013644431017,23.23993703862118,52.6355961231376,25.831904608530078,-29.878986657371154,-31.97637769056276,-5.810500960904729,91.57981463692914,103.03694993875865,138.13928293709313,125.09610084829464,100.02313432174158,104.07559064430197,116.72877417815585,122.13064379045998,101.69470214964474
423,130.40961251883533,108.75835955233339,85.27417692457362,115.0258130818737,121.39688882782166,98.81449825369367,72.64923247567546,106.25517873245313,122.430285088132,93.21670649014251,35.67128767216823,43.25826895577876,-27.626455680332786,-0.9970712021691455,74.3658332275185,126.10565898723685,105.80565977151963,112.2219447969631,154.0615028582195,172.09809073598854,90.97768050088474,104.62991463876696,98.71056717509477,43.14591721781083
424,182.27228255737782,112.20276715702414,74.05251734500374,119.79897551870765,132.35357119611427,159.24656464407227,151.48375295570122,185.56436554114106,122.07380599237474,62.04020986640749,43.11041581276424,77.61941494717243,51.853633365931344,-2.7405124660500704,-16.118659043503055,65.3501329867227,77.82526786841102,57.3283800434364,67.03600683294576,94.56851900766935,54.33985856729,19.561126533741444,-2.771932566483102,-10.149511237525765
425,111.85670422941158,112.6162898905321,90.76630062737905,101.46031229209147,140.8459880077505,164.06527641707711,150.67602924565742,173.72886439234813,111.13924961430082,55.231947172579396,27.185482325182907,46.104031017889696,-16.11705312662701,-13.495765429228108,17.309977019008222,87.78559676907605,98.74734216862375,84.1371112414006,126.82535799601033,102.67901045039685,58.0704816384569,61.86071232410447,54.4966599158645,15.71828243305675
426,92.39847535451051,57.30439508680482,43.33614941446014,115.04393617041441,120.49680974397467,136.8349560936536,150.72124286248334,156.4349965638997,38.334958185433536,2.566164197652526,-41.61594991147095,-27.22399194924379,-53.5943649569864,-64.49858736244958,-42.015628004649216,-11.06872967670796,-19.446460514013708,65.32475546298515,79.7401123907446,82.87716060290587,16.476704842784763,44.17276845016717,70.30600152046127,45.65168721525572
427,114.96599192897561,102.00457013334747,90.18981144218735,134.976963170146,144.59487843154068,153.31552554977029,132.25163176878897,140.81906203443793,68.13315306310069,30.497610175671042,-11.12669398549636,5.913339283172306,-27.73768086996333,-14.763205319560754,5.111059173853512,16.81157793363608,17.326924181179074,109.82293681395004,110.0233074991615,124.00845773325935,81.17355147218512,101.0250377005856,112.8237163092557,44.45519753630559
428,89.0228734616621,93.37725454927258,145.6264493912231,130.05280419911853,141.13383959978952,128.22041358607962,136.0653843547808,115.93481351862131,77.89325859859545,51.59895595005098,-9.501987427071192,-22.803195999931404,-23.329530802313915,-25.521870429639403,38.232665479083636,37.28981420173808,47.8570100280111,145.03270322961666,90.62789713758931,93.97445656687057,70.77158555354958,95.75828182478766,94.6543211045385,43.54492143437292
429,100.56663287908844,111.21073934039913,83.04170773443622,117.27932738925567,157.78152800591107,130.71690849153995,158.6636035785384,140.9272119701516,89.48400193973463,31.751400639667608,21.303652773535788,38.56038759874592,116.61963348132774,79.67969974698248,72.85175771482132,27.95693986933317,2.3027922302005805,38.97716938106716,91.90462459857113,73.6584910655798,51.45512266087969,65.6258281107227,39.1329087051346,33.55980400412366
430,85.49418413993881,66.18418585840075,95.99558276707047,128.53014947030923,116.82294967083516,127.06319270401664,148.52283049272964,128.36185454702192,90.10011823407558,67.569063004283,5.306402675196338,-1.6911499135345167,26.055264941995187,23.45835144102608,36.408100291998124,47.66701140027185,11.21593536909863,52.798744182045304,39.96075165401594,24.543379708809425,33.05479684103004,56.6407520235236,16.77260835781901,37.83176310554772
431,46.05693784947675,66.23421526781402,23.883164656680037,76.88852463990091,82.3477544593605,113.92902220390886,87.06239851967132,65.75261431203306,75.87400428240427,40.34392650238334,66.75641517715539,19.325628596371974,-6.351260975047712,-2.6952319392769546,53.98920187083958,85.38825365766814,92.3729509412218,145.69762065793364,100.24963629005647,87.0637400628847,34.939758084423914,48.34350210742039,66.2934003846103,51.752941931295105
432,107.83409015540535,96.9309727954323,153.02835361755317,133.78721238971306,147.98603104078643,121.77553143283555,89.12961373972284,119.17206653057642,53.188328118087554,47.889725031441614,41.15888752647849,50.508200694344936,2.5687036197499467,-7.452977933261279,5.914865936737407,72.30455404825152,90.81948923090859,116.59127315984922,115.56645650811832,84.09313176432448,74.84061501737051,69.623235904592,45.249482257569305,2.945837223363199
433,130.50283136638419,84.84381914099056,97.7859711512456,148.3379284521985,164.73724977104928,150.24372446306205,125.11055453289164,129.92996954094951,115.54471038348852,52.70601689493913,31.019052431549802,1.660031074560841,-11.836727687460897,-6.330167281708523,56.22184592329186,65.57274439642886,63.26820973872185,88.4061471471821,50.576102533641375,53.23408667372816,-17.899149808875755,-3.960755533857352,52.68979067686707,77.7028010023442
434,82.74624333885436,61.272896645411365,106.60130233283257,134.8512662074862,135.2373920808885,134.160836150702,104.39859448433972,122.06694434919726,39.28532430042336,11.743774751144588,-1.128007568873059,17.70677141388743,38.053329053391735,-31.51335974294223,27.01022039988862,94.39567786255725,92.8453243329971,145.07896387854373,149.71184516388655,92.98657658176455,72.8870418496801,75.18933521494543,74.86180522171836,20.905499252645576
435,69.56860146385901,71.4346783711654,50.01006977094437,92.23901983782179,137.71943645553046,158.77520466510953,140.83966505908086,143.44511201441395,109.14499094680342,48.633287547961295,50.823235018761174,37.374892428076386,45.108388486948826,24.90112958679907,65.02953288309045,85.2654615014988,91.20159627066305,60.41487168073353,58.34612539882848,71.22542765374119,51.18436082626043,84.03050315192871,91.44258298293593,54.11738287842904
436,96.17648690261922,96.52902443484858,77.50053911595259,70.67355693348588,109.29576000649666,137.7822961411703,131.22640784632387,156.09664033028093,80.74882147703394,18.50309683345046,34.394230306409405,24.96886382432016,-38.68291247130621,-40.88718606915738,13.976189726237402,75.23745018535396,61.65372620448581,70.69298003721593,60.902579379134764,53.63784660954773,42.745778528833924,32.09618379462644,69.23697670927832,24.463923210155087
437,102.37294474047732,125.43350925207861,132.1758548360263,150.11067717953426,98.74158219378663,148.272156476097,190.5284239145962,195.38153358266527,105.08137862536267,17.881602384445088,-0.9246469486765285,18.457982224295044,-21.904752756026046,-25.531784164975992,-18.142371000684857,59.3345584830727,86.90832797012871,145.66390975287214,149.80145509534555,160.89904614952795,73.08117086902755,38.72865670148808,25.222206148211924,17.969058664717096
438,109.08926062020872,102.68213928275384,100.06760891946892,141.8911086164376,153.39812725373613,169.19141879340393,173.8660766613637,164.80823717723453,109.87813203440757,-21.52786242200831,-9.636786369844955,44.22535913082482,18.7246213058788,11.997296746574246,41.223948163619085,82.31004690086613,75.37183273449169,133.7808657855708,130.00258035039568,109.94488789749518,61.97584347122989,75.80294771606138,72.08714175024947,33.415566707818414
439,98.37562333272953,54.63118604876567,77.22287131380713,107.65094471141441,143.93471453938568,149.9345610419283,121.30366801558479,149.54362513703154,118.1186742757555,32.57990226130323,39.59773631558116,-28.23648671031335,-7.271905577956339,-43.031102616563544,15.599856484997739,58.615875120635756,16.214020925632745,52.289874162713076,55.36753650484012,99.27829236254769,48.928860983861924,89.64404262866177,81.61377639203062,44.706518223862986
440,139.4931641454636,110.03954960558465,42.34922051223259,63.833981016441506,133.8168239597586,105.00943183360576,149.75572067247586,96.08251277017095,99.57968330354974,43.951413581009305,5.617969613962124,36.37644492180196,-10.25616350601732,4.264819445119336,50.053961103245,65.89172640915321,61.953092680643735,78.1181078930478,140.29204393386354,90.36781971350356,40.81488813738324,20.357331269657607,37.84160430049856,-24.232216304949645
441,168.4183413405523,129.0167657057479,112.37256581122566,123.55566117682031,167.291188069281,148.02864899421255,135.37473753593417,131.88120531430684,71.54980546786365,24.905378736944776,31.231673487988292,-13.146192286139254,-0.8795993434717921,-80.80911256361743,-29.53964104704062,20.430282907942797,93.96030609062225,114.50615586856232,136.54507192903742,115.55854204354436,78.38418208752805,124.47457644116639,117.62453399752098,100.02197083501517
442,91.72721422489161,53.88217101194806,58.66869546814422,71.91786824583845,111.48612663069662,96.25242641601591,92.22345126568513,134.84736308461376,68.45830207126026,7.896012650379589,1.9693847065019554,25.54209762941678,25.698663410161803,15.146925979360535,61.08996534755187,89.49750203451175,120.1282413431083,176.05952423262016,170.43608283622154,151.95131410703627,128.04513453843177,93.22285862839882,155.72797954989204,120.65041079322634
443,74.10782269515326,75.17724798633012,49.55075075319938,29.647988678229765,106.69212940506601,122.22609824858947,139.68019162963432,146.2615179629625,122.3958581573849,47.053949070255655,38.396698875595106,12.436470731373586,35.27326315396758,23.14623011758278,-1.8215565117364925,53.9893306050688,55.999442221757256,93.83793415589622,56.531428685439096,80.931234199436,60.36972558813789,85.27745386652062,18.68571284446837,-18.248083551153528
444,76.68265439420476,5.680613527375357,20.724538845431645,45.94548643633898,69.79856604881262,77.85042859922409,73.4536259372852,68.13156466813075,74.66643430945172,35.63932205306654,23.81764281732136,-2.640539554515975,1.7936742696910137,-29.834115365661244,59.42336212030831,62.16541716567589,53.15319826736119,96.49812880799084,98.93988583122882,112.66921186960913,80.92028529497313,112.96541199765585,117.08989345123085,81.39708021787715
445,62.49575930805763,36.0188728740206,12.115847095597047,46.78063074841552,66.24895450602469,92.02668985808458,129.47291115975554,171.91841147305502,137.46892025214134,72.28984664554721,51.992477748578494,51.787001611162154,-7.119632362404843,-35.86054017358413,12.411877188142945,59.590752126390036,63.7218631432229,128.83318466596876,109.9983105069978,61.7694982046461,32.566359602035305,62.09380689370553,81.9988719362708,73.09750203592445
446,60.75684381968689,70.85653099222012,85.93899460521602,89.21460533061719,102.78230563961083,123.26232434624052,145.535790523926,89.03303835067682,107.4458771496839,48.10409586773942,11.14682005315748,-2.8075647016649583,38.8416867300107,31.109126684802643,66.04762991260114,116.80720628947148,80.44602128351386,121.74103438217583,108.47376794271953,71.14445457230833,44.18227228595897,36.18945780355014,40.896302570826194,19.96376094338443
447,111.23967280185431,100.10754408676114,94.29906358782083,118.49717063816617,156.9885091033583,144.6321949262162,131.13167134519134,63.57138244239907,35.89691687994757,15.192460789649015,16.792871008446667,1.9920171318253495,-4.251765587152892,-18.428395743884984,55.16347053285199,68.06670900720734,97.89798836874479,155.43731809193335,120.0492972459017,126.47756242753839,104.08409164033739,73.65105508442838,104.12794357116206,31.84289078014922
448,143.01557051687752,51.20760048379937,33.883554995348696,44.07435450658342,134.69886583903713,129.32225275716033,160.00167016141788,140.04185848274147,79.67354020390566,19.19922463344345,-6.763061576505642,-25.900162155820126,-41.56393752345262,-87.8601900436304,-17.024036854540586,29.489416994499408,58.98360337041857,107.8157814785259,122.8869890719985,75.94158804115204,89.22886623771188,85.1467862975238,80.6236701180427,49.46616208759975
449,131.5420702786997,97.81355455268717,60.836158504204505,46.14870987550361,105.78660584817429,176.25946646607125,147.3255174283807,158.02638826527135,61.418533319952964,-6.712422197475632,3.301303653267201,1.745874235658384,21.107235399589342,11.278299139714449,37.20423591401354,103.52088283982336,64.3595562094025,162.13302474682493,85.31244074554002,139.96352662006814,78.94992837608866,109.81054181243604,115.58539323589758,103.42824388904464
450,28.776539171650413,66.6243188479879,68.09662905653835,138.4591178944529,145.65105287962908,126.27698565327084,155.1344370487741,163.72674640890773,74.24929766099945,-5.843301612057196,-3.7268768670202306,-24.784144139400276,-6.034676060120116,-49.438592934327616,-4.977490335751163,43.89655206379504,59.347042836382386,93.6902144629021,117.34553238143577,69.58238830137469,69.10131370383243,70.60405789898576,64.33650063204527,31.714625256744288
451,95.79369596807582,78.17026750040672,44.62905792956115,117.91875314260542,146.0913919634885,145.4861318423155,195.84475980946945,89.13949771398657,80.06494590972639,24.501126225828614,32.70470050767097,37.163451500107335,-2.244116542257352,-44.96238168793069,-25.73639467873259,57.19299526897254,75.26807566878246,98.17484785258235,96.05924206975733,111.90598343555848,50.15333184622499,77.54803885842695,78.81333589575947,71.18162152784797
452,103.76467078460959,90.13468989935055,63.91576367375531,111.8256095623304,134.57414681939514,147.77632763568454,170.25077309009396,204.388379197518,132.1461169268945,55.79151967876436,79.83544791932655,74.55714447565643,44.30606982168614,-50.72122815768432,-36.900974554789144,70.48819649409843,48.195845232378225,78.34110654519279,96.59562784876644,70.59037742480618,25.720199826076993,47.90205573363629,26.114947188557814,34.076888737720054
453,80.60235841400866,71.36864771374363,111.89643260598571,114.18731448719335,122.43811387376046,130.48712962147488,129.20689302637828,119.75593977299532,53.35903785265424,-31.568863920326066,-36.69983140727405,-3.1764933723152566,32.97515878240155,16.215253638369287,53.23141050070842,88.22486580471258,67.76670362771925,69.2936443603744,97.65673530242589,121.63817103272054,57.13526839597767,89.14671539315825,88.82649046508274,63.36030870987476
454,146.7808214619925,118.17032652991517,92.62507446083397,125.85251459050242,163.83591593573178,84.6287956705431,116.12232912577178,175.5291694081863,115.75059092093899,79.75594602206671,74.13036653438883,0.8048708735635159,14.489614290053584,0.9404260620041871,32.05139351673915,76.17086899274773,129.17084708918247,128.0890408709615,116.00095497212226,96.5454313479671,69.08925284076912,80.00165954264403,66.70484798002586,-3.1198532160138726
455,105.0523642657142,94.34367820171883,103.38920707740657,139.1887712907425,186.4316242419515,199.18954417084024,201.24037157872021,190.20745758878223,122.31141479284432,68.6508419368503,72.99450980596707,75.02584207682071,55.97153334721543,-7.895369933361145,22.14074024420029,15.268301021701774,33.985429821975515,98.58204363994939,104.7832975171184,105.53892518687881,85.67932196841036,23.657069501551348,65.7973712569092,65.7707443923895
456,121.34597106687173,103.69955169223711,72.07788980484582,78.26901998291433,120.46544495595205,110.54806032541065,120.28497799373676,116.99346618950031,95.64019725070452,73.11124117737336,78.58080262147276,72.99699783017662,21.344783343905444,20.89277321455746,74.71392637012714,150.30168325954742,106.10040152883175,119.97148762266126,107.84824874814944,159.06700563724908,103.00396404192338,44.027129461138074,72.68669775895593,62.09795423458102
457,142.11046348713813,122.09825140045932,120.4609719495283,92.28441562825876,86.53693751818942,146.98587909574962,190.0843170905741,174.21286763104325,131.33323909217162,84.8724988925319,52.34024377563066,31.79804180759517,9.112435826120239,-6.202750188727186,24.535661545443187,66.7139947322851,91.2379715605527,102.85342107803274,81.89377115487173,53.636189006126635,11.734415919788638,28.632462766245254,19.38218856590519,19.02665610436633
458,155.09899716065138,122.15015897451988,118.73709866142431,139.46859869229664,128.25090249306467,140.81642413331767,113.69959928562704,78.03340003215767,13.378985350064909,-21.23779754472634,-21.10697444480825,5.903718722767334,-16.762685584845432,-71.7219564658664,-18.427492573135464,-8.513615754562238,32.63118037326618,111.82926657098959,105.86104033390235,106.33260603319799,18.85173625204161,38.693057312167966,20.368193815964062,55.61531801102492
459,58.441133475821886,24.68189382569585,62.65626649284199,61.21721438946281,120.83513295983258,104.25642512056044,197.40999888361395,141.97014233406762,117.60466407567013,101.16906088669711,50.139321467140476,44.79541462435738,8.40790611506637,-2.620678739026409,28.423079083670302,35.277171913093994,59.36940920959367,78.51041965622653,66.68983400961889,52.44105810389931,7.569752121040828,82.35774341179197,68.78995195369349,53.73910102591799
460,103.9707873859777,49.95377719428536,65.10001947758762,118.00085903325339,156.15193596305897,152.4612471019256,189.04560639906197,138.61390078422346,85.82361865520309,25.71414625597508,46.92860976524569,0.2996580687143009,-14.44774947456752,-61.98746032717064,-21.612764019338808,84.51981570658654,77.0693775658768,74.9724008606585,97.04403475212065,93.17390781025502,90.25318589148773,87.33932570178068,51.66275811383615,46.12416251578286
461,72.9672272985383,54.156855501569225,48.642013075451175,91.46846294038576,124.82482485443947,168.89126481344712,193.91764892890853,167.47179668429766,152.1636526230282,62.47421094747003,12.643113169603168,61.46143463520217,41.8405898311978,64.68092709801782,25.35340174542242,18.58688238460536,43.22005561579987,89.42058486274577,108.07869379531587,117.30414746852009,90.29867420377607,84.8580702455752,106.61354508735337,10.120963458823539
462,124.64371055253754,91.3655311252566,76.90419340242026,92.62367388852522,108.38136383578228,130.49790249013608,150.30826779691213,155.3216533234687,70.89413095146554,-14.121252677658092,-21.084724062398216,24.666442057223538,36.977847681529,23.96969673765224,21.991944717810842,87.00581056692454,80.40482702501606,119.2833803373089,132.51886653026781,139.7913377502867,73.00716486423309,84.22709248581944,59.2805180429182,71.4080072879407
463,178.29363349213628,161.35505815055745,109.17827668037691,149.49876714158253,142.71503823729532,138.79421097751563,124.70376986318735,78.8258296566153,48.601865672651,14.266486012898405,16.576732613015892,57.64236748046558,25.422400354263313,17.47768977372756,76.92544091479066,77.23243122133097,50.12070104132637,84.59567310064779,127.80079937111887,69.23337256751593,32.22424407880095,95.7075123890523,74.60984150317826,54.44443627773126
464,169.76184014201704,140.50747269915792,150.5051920905068,154.16072284314663,147.7315859163693,164.2780125258474,101.53087147379648,114.36750989047121,32.505448627352294,27.351097337499258,17.221762928520207,32.53483252564382,33.61307436543095,-24.853441887881466,19.040638098909113,59.677157267738494,81.23642762717267,119.76872968800203,101.99245619652503,71.01203865854336,26.42787248068791,99.39034921530725,89.11114767807321,90.64913488868554
465,107.74331410988054,97.66460629644722,118.3142691664784,161.04224048328868,164.27730177411374,199.03832103936656,160.73424300132035,123.83571415574174,69.55426234321519,6.528466617797434,28.38301779408165,15.813552301022302,-37.31032814372031,20.790407212844823,73.55977973126625,107.25738788953383,103.55966276655667,139.77014939866476,161.00522751225765,135.70980610279855,90.2372807788833,108.32004530802651,103.40296306711551,107.45403364445022
466,98.08831270189489,71.85417455875685,80.11162702975514,107.79923508861242,128.66635817753874,146.78832628832518,90.45166042353134,126.77569315755629,120.2964269174481,13.008670094720564,34.31098520109883,19.24982783774059,-6.655867849098225,-22.04783949793297,38.13348095298835,121.01472407663519,100.20785056413058,117.03159333490044,98.14327800912838,106.27693417771927,84.66744045429951,92.63021053141537,126.04626171712303,77.38042246845926
467,93.68759504630103,106.21859113121829,98.90277294437723,106.32197815200136,126.70306358084677,138.16962892178657,111.42040803671932,100.4984028630432,40.104316724097814,-10.587939982191855,-10.874562224651271,9.046089817316396,4.351620839307214,-48.852914397922405,-11.3275714754412,20.283972167317643,93.23035576313727,92.89180232787051,98.31626459662426,91.91503153018371,31.18689986863752,67.69729987980793,39.35637083889013,-0.5079743256186333
468,99.66865950978865,89.28838250459256,100.73045913919157,83.93983135141762,91.77400123755747,162.05642993667203,126.18083705495904,110.17746142514082,108.25360988462899,55.5351335479798,24.685895195138627,8.344496651772811,-63.770573550203466,-34.79022709960494,28.16889514334018,29.211994895543846,51.59546661808378,116.03886340387264,83.22565365111346,114.5793148665748,42.29240486944288,60.79953093446987,33.18645049693313,29.75593749120681
469,114.52328913005874,94.80368565194321,61.60367261486449,86.0711555334954,110.8367614330968,107.15089050888801,84.6044822442372,92.81926920630661,91.698825346843,32.597352159973134,-0.2522452619329911,25.170350966737537,-8.779265115431695,3.879366170898333,23.23360566171562,27.681933900924726,26.11189928097407,64.75633599289844,58.23751840530609,87.07222631142388,56.107675421119964,76.10777365858392,83.96514235026733,7.538095088277657
470,94.62507424489903,91.15537916906877,72.20175133301899,92.32826038364911,112.19033238088738,159.36666524212387,143.44943239615048,119.44973406333807,58.472338784541684,27.507492113521554,82.11779955225097,78.42869193712323,87.28942910936685,52.13716705996403,81.95273478628424,90.9392732606849,88.287923479281,121.42152715745797,107.52904782853483,122.71882811969374,30.069480684634797,37.97281948852145,63.78463535669205,65.80404403069484
471,11.72258444170005,42.253516487201495,106.15403702555565,125.34515756408594,159.88633637460492,159.4602432515754,174.5765620270177,152.99149047213228,110.96451703389818,22.77267679177746,-38.48502543742664,-8.69525383501341,7.4453059389396365,-38.92311843357935,-21.164440377437625,84.94825191748724,88.27667071281166,130.50055544700655,95.2843971171991,62.83283201690736,94.4617823035205,99.801790486717,74.99844225222799,84.39579950987331
472,104.3688189141673,110.90283359339875,122.27413337576114,126.92127526418706,120.66717768296515,140.62982029900598,147.62375042414897,131.3207801875827,68.28613945047167,3.5580898476940774,11.701513158284506,81.45047678190477,51.43667288100934,9.920426366147531,44.21940917616051,82.75458900990333,47.7731801175583,64.96197151683114,56.39814891949062,57.96874112936073,21.3917592741736,33.58913894981713,19.621288392956444,36.68574130512573
473,75.82104157697249,58.07045325093661,69.0738084662374,105.58282393340608,103.23561704717258,96.6986893081002,159.1844351778613,126.27926358634858,94.04101855115117,22.744353479000385,31.21361964582541,3.431382475489187,0.44300273704956794,-52.701290056706625,-10.8761310543678,22.716069637666173,-1.6939718027223023,67.16254899377718,92.35256429755718,94.98702560779265,51.7254856265681,61.56721528275075,1.2376601019841758,-44.61661311789376
474,30.82504572027291,26.98409933945291,-13.530034126913932,87.23260994412425,135.16547259859107,132.86739814997088,165.51459598044738,163.68222578739818,97.86464661487626,37.24919556355219,26.87869526191856,14.122343568914122,-8.787725470682009,-49.243429640259905,-10.088003047358352,18.39654300504243,5.505970055455002,55.55776194310983,55.76672257441371,69.93002599073783,35.34318326991792,52.57740365719239,67.97718666927715,69.49142401988806
475,84.32527893220553,35.9696884607169,39.36008226235474,109.07778988867554,142.6335515749489,134.08458811371787,140.69965966874014,108.90124761464656,33.28773728644289,-16.329330088653563,4.827302574639084,19.759744339015665,17.865121993385532,25.180391517885862,92.20230288717714,52.02456394199752,55.85195378042607,88.46446002685818,61.659799845995785,84.72130461797474,12.640500771624957,27.64741063038614,16.34410945506974,-27.89109452619789
476,152.9814050336707,89.98633654745302,91.46341897080534,84.70728781511168,123.72198698632954,131.1082746452835,122.58953406210787,109.08000606681983,85.23088782657723,-11.921396684097154,21.129651077870967,72.88153186228047,76.41818571571962,24.53986148742681,56.438502237011065,96.56939635180095,138.77758969156122,185.48106772367467,205.88931390385193,185.23439056415398,101.43292478933157,119.40681253286749,71.40306495481728,48.35030164230002
477,103.49062724633322,83.33839067339618,103.58125846864577,178.21321452038148,162.02440661570046,133.1241733768492,145.87228137454954,153.81906874884936,132.75899671722186,56.20765632944311,31.05997053466068,64.24413434378081,53.79069109844369,-20.73190544980667,32.59674647554401,104.6733508370533,126.85035858458801,127.62058231698157,104.46732984704067,80.55921909541672,29.212504476410125,36.20335199452245,46.38050416913842,46.13481664967954
478,108.81097423211662,76.29613693571764,63.40538559901852,120.3533066141676,178.04618284265138,178.96349606996273,198.82019458034523,168.31906967030596,114.87088638308504,79.37665501773884,84.58965877981879,64.55180219359184,87.77037411015304,13.67239121426293,65.58490086499822,110.93791185971904,68.94715461904657,95.82480138795123,85.93731582125719,92.07895914049357,21.08061159466633,51.83770382319513,50.301960727664536,61.71210660557133
479,78.38760848531692,55.16222533751875,93.83479502191369,94.43919349027678,96.66098828234601,139.78819861813668,182.18695315853472,119.16436581116741,46.67509271694863,-27.107519173725052,-39.61468110861408,45.16870532998901,42.77955473304682,28.12686444152183,48.737081855453546,30.09750050563227,64.98097425403141,106.11755002927029,120.62916221857127,119.75222349926838,67.18017018700422,61.84839076198476,26.61135932592199,-2.397410585709018
480,139.97964911780286,135.44789693204083,118.52543907486715,139.99452222605666,121.00978917079341,80.94539595689903,83.28194592108031,82.84093686365742,55.8421973237465,18.94895235489696,-19.519520782701463,39.731629539600924,-6.446285401904692,-17.964743525513043,-26.449790732111527,30.79641072336806,41.93148788531056,106.04266954185239,89.2636566443289,99.38586253993844,70.06785922898084,96.09226428083863,73.00949702498717,32.36676272153776
481,118.0575005160846,111.08499409091296,131.27057641597318,123.10648952829654,159.2802866456945,173.06102352299666,172.31636898723175,145.01589391925467,100.34433515440826,16.49445728062219,33.99526906257894,28.437731141395393,8.050025542601922,-7.72757010256428,-4.088075588787614,72.60433472891609,130.81801522509795,82.0615220622387,101.65179749540334,99.50006266879126,52.458929528601594,76.82394289962483,99.66203955330892,77.17401867820129
482,89.06368573508772,90.35036903714538,62.17921099513914,127.79680534044546,155.029388771526,216.90348663797604,198.60000238959245,162.9847663065993,120.40796263904019,87.5171216101003,34.84278959883041,41.4366222139392,12.269689111144828,-22.00118776966455,7.48674185053871,37.435318393267266,25.957870570402356,76.90637950388827,83.02845491171466,68.99177200459471,9.598184952775547,51.74238737447028,76.54536929488899,52.93537237912565
483,44.55909898227901,-13.622114808170764,2.0688644307773387,56.512950240392485,49.687169108902694,91.8967435578307,145.60758915143393,106.37206618237522,65.00109343838275,6.892929359214477,-22.611076711481537,11.223043792128127,22.0644747406114,-19.782910202502784,-14.194406283036525,54.600051849206466,33.55155687239114,62.05783892691712,65.16136651567174,82.43822193339264,-10.036394656108008,29.937472092880753,45.00428086975647,17.108669525226844
484,161.28647599797864,128.16362984362723,125.96391740531746,121.55100029705042,125.57569860137488,167.4548040091694,101.31074697409647,109.70724291291883,119.35044935481474,19.44413443061069,68.89784431059621,57.067766364773064,22.713348141303847,-7.798967485594133,10.697108056565346,86.46206350302725,125.6954699177107,122.53189376698379,128.36512891407233,146.34927792906328,137.41405533637416,129.27611608960962,161.04681498784214,142.45465223779345
485,48.04791733192613,59.314764025821205,93.99670424672543,105.19958173553701,113.68760010295944,143.3421048869026,121.19262451317468,92.30198153095553,86.67777983602568,-38.01432071000845,-33.57229330404094,-42.57776782991037,-42.5816538391114,-35.80886238542773,7.570687824067267,49.81958878016174,26.063510294416012,103.35362203169583,74.35060223530147,90.62940244417256,41.463669359245934,105.65138990732129,82.1355556874559,31.65113912508096
486,64.59072473659394,44.105535497314925,69.83239842628015,99.77076490302579,70.66825709011694,51.719968530356724,102.83529090670771,107.16960030206982,17.17455469419933,5.438052014929184,35.985905096107174,8.204854586842487,5.226744459220221,13.292413859020755,22.697425476466265,91.60775798405444,108.05398686372502,157.7154469185782,199.42673259928637,96.41869990204813,51.30114905067936,20.89781518027513,73.46118895285034,64.10138611438197
487,76.65305561968535,57.72285345842774,54.64740759127768,86.20836706140213,115.18339807991238,130.93289880897376,154.39724616511063,165.69464602430935,133.78787961511074,42.836925181343986,30.473812709433513,43.00933036424351,43.31579638089819,-11.573065301636259,4.623712846761318,71.02919989819588,56.9269277842933,76.38201001567151,60.77690539664161,70.97034089501594,31.988169302528295,18.495646237195388,26.46968994748685,-5.369785254030816
488,119.57096443743532,112.06602923817385,58.431914774928,128.11027812247696,169.1683736077145,177.34963526232744,158.94952054012418,143.09442647339242,112.48361365596648,62.12608950965797,33.46684475558919,28.758187662564872,54.573763894536526,-37.871062278535014,-35.802063616525544,55.43669548237777,59.60966525394369,59.19772353124863,62.90109006120558,90.36789272906233,44.31753664209681,73.29775067362594,43.04601689325191,15.30744785363509
489,118.73709627221703,76.60909438068836,92.29803365531917,123.91221707820506,186.416138398396,168.2699417147239,190.37264500759727,129.0547184181329,85.79192343889711,49.57754509538382,-14.62105203649655,9.844949430441872,-4.806182459501564,-42.965292818268026,-39.04234626443912,9.459841484182846,34.94250365982576,100.33393589548638,83.29502202784883,89.407139553115,34.2272430838733,34.339459747790414,105.30240528094916,59.15909853678583
490,112.86185338858671,91.16994636788867,116.2219067676742,66.70397142604548,146.5471309046769,136.85693384726386,197.1694363008151,170.64551575348335,137.97552662547997,103.26811533686563,47.25009370950321,42.027839843563854,-22.58683333824764,-15.76006399315441,5.799599883632926,54.59946734446558,30.122696528883914,56.456394315241255,81.17110415651624,54.71933786135273,48.48880417986746,71.6314619629132,53.51666230913871,37.93630842360109
491,124.09654029352514,143.55522255504025,105.7028402582547,179.66431516101204,153.3028353908143,144.22421621200172,133.5437181440232,111.08161993639416,100.58893966963262,17.18741815552062,-39.88761423496669,-22.92694732659882,-19.48826225462422,-32.63203081980127,5.387282661287685,75.56667361921978,72.80114413507967,104.07308530719563,71.5182127215316,56.632422099705714,22.497311448087366,86.72595308701926,97.34579438493978,104.60782234310267
492,105.96323302902562,55.704164261711,89.9417663919015,120.16640802699793,86.98787500529465,89.46866622976307,117.71899547662879,157.18736647049494,100.47240113641257,53.387138682031065,54.271553350219925,54.66459988814707,-13.079177954201096,-62.7390502888947,30.20369847794176,86.04015752922885,103.08138572019644,127.23750304546212,88.59047311978244,91.99909126980353,67.34863765218445,39.1761139376023,14.885785537949097,18.464099962158492
493,116.65940442602309,92.63274507621782,64.98950238346083,121.07006767523929,142.71561425960397,162.6916747276094,151.87972712506829,119.52671253352054,106.9251070045229,32.37651167144027,18.836425996804472,45.32594908300996,14.127077067735918,-27.133917919909283,20.358969732010628,50.1158000465891,87.98652023211541,139.36930540593278,113.60648849536098,120.48378092339291,78.62442899130536,40.27876592693012,90.73000321667928,73.13177215062889
494,78.34763478007922,67.18020298875194,72.12112449031775,68.97508621630466,96.80155536987512,123.88051509949126,110.37970663424554,134.7612383986057,94.18147238961687,7.2363962852337025,28.481414603688435,2.4313196350298085,15.591001308247822,-0.6738330970309709,41.65945968452824,53.77105794319573,135.57545133472564,158.83253647451716,148.42070952911112,142.58846019244663,83.38287265035619,113.72326199193948,125.03655167939966,146.8324779684135
495,116.62928288156364,117.4178989133807,86.17584780574492,175.32254318910333,177.63663389261632,193.89642436849508,181.14534544653156,169.12045351152307,97.56041690873784,54.76272861261934,-12.013746971337916,22.18430356191947,1.4240380146699323,-36.11117580600625,7.140106242126912,89.8750011436069,59.07394216901244,99.38979418093247,67.20150538594888,89.07354409234121,45.68949251626702,49.42034840168854,63.87852516204147,54.068347963654034
496,139.34541947442332,124.60678537684912,125.33396133075449,121.57215774893925,108.78468670116338,95.87307014150852,117.72779492020129,111.49840354705867,57.07141453385842,39.9473437336307,16.80100953540851,19.165620285976253,33.47425412097193,43.75700639672803,80.2417098095174,88.19199686084173,45.12115246422438,88.35439485133844,98.87949332551287,172.33342492842274,95.47820315038817,99.13445150826816,113.65250188042424,96.59542791949274
497,139.09240165471988,87.5359117383906,114.3261746364573,125.70878477460207,177.7580589249452,133.78747375579502,124.98012770251383,101.10170105036546,62.01533717973475,3.754578503107588,7.866810284625696,7.980281979633723,-15.206398154730277,-29.195267552597524,40.936080594832326,81.16352186276399,87.42782715718653,132.26876905560508,116.98716094685416,126.37967299957015,87.42339185107016,96.78120836539063,67.28634905261177,31.31739192840125
498,166.6088553325502,145.93177992239862,132.7062984309624,121.5953778615094,108.59623456567573,118.4591352618796,168.16672660089807,141.9410999536707,43.29361407381817,40.34789638072492,-5.5615487423530325,-11.96263801037184,-8.35052176923028,-35.666445649553594,35.7875142215133,82.4000814248106,74.06044310223902,127.89699012878236,149.61149762434917,169.04863124631873,79.85336586062363,70.04037298465181,57.62194041854265,36.43479886461795
499,92.0661395138986,67.48486711010464,107.51727862080045,118.87849288807327,120.46796832123187,165.151301719209,178.31591872321565,156.94339154612135,44.222760384035695,-36.10797695893736,-29.74281072063207,-15.310146280713738,-39.61516167851276,17.04832522817217,24.917565271641003,30.13149315317277,54.76581406479171,94.94512135176053,99.65417217635678,139.81181629860583,119.53371964881288,91.15228615395026,63.18262348213412,41.6027658724052
500,150.69593881788728,126.03294579350806,126.78361094521922,123.48977739463487,128.1970885363613,147.75070936067107,149.48966363121497,114.63711471846251,57.57991569120644,60.36819784511785,50.591958988821105,36.966329485158546,40.90030760848349,37.02066964920088,62.96227511359186,71.42317376443937,47.62651429265322,123.80796338845764,134.19347352544008,117.45469598335949,96.76743855391572,118.74170786154687,87.18252446995734,30.896327968568684
501,115.66307184311911,109.78165587156803,72.62960691956361,83.51996630424792,101.2006271475506,137.91258868008296,131.7464208508139,134.66369468905356,39.71456350139258,-24.300716615749195,-52.44109313377123,-61.576876243372425,-38.393292884649966,-47.09148813471688,-13.308675454846291,54.407502723133604,28.292276934491767,96.51314306514972,62.57911021757594,85.89588188948719,71.31885309260255,93.44478903636494,129.25042425798796,85.35534736276574
502,58.75433518524764,67.64246360403078,47.852765753893145,87.05443111111286,124.42026860199394,153.51476586363984,134.5025764783812,148.3825830479695,79.47713772932632,68.50951357066754,51.84459717709127,106.89931973918299,46.61126473561228,34.69399201320914,80.08224263404934,101.21364217334262,102.4622168257049,167.13202112308466,150.54483110798168,95.53769566217949,109.45061112281553,93.24421183345981,88.99965422748339,-1.3201234837081586
503,91.05452080486718,75.37467331372628,60.43971498414223,116.93431162032084,118.27174527163994,86.70295771776802,112.67572334429968,143.82668632253512,118.50402535328041,53.97158719876159,81.7043988440102,73.37825854828968,36.81737692793577,-4.700962948376853,23.294456163374857,51.275619726336075,32.79179379598065,93.59823655089029,78.64827612244544,71.91735925311409,52.19905340678058,57.295931266683475,72.56867549423694,54.831920411092426
504,92.02377350335179,57.09643707019516,23.234002731426273,111.22955827492865,171.50779049712915,201.8875893636849,149.83559783129124,103.16308477718334,82.96061874680923,43.171812054749914,49.9233306334889,62.245192639237985,16.34513439523334,19.97558809888369,42.6227429000654,90.41184314650722,55.350233314963276,149.87689410713133,107.7501732745872,93.20242681343984,32.76190572387955,40.352811930502575,-19.036517631850074,-40.821029819302865
505,118.32442394961603,99.4172513217984,127.18686077408215,159.80829991485845,184.0326448211158,195.99233167015376,223.0109324176177,192.39078498584504,129.73285461399038,39.54832188156188,50.49899985356954,36.612787884201964,10.481732161711067,2.6702453542613664,39.176205199134685,43.22413926333087,19.40819338785741,68.55341573409234,84.44714844915754,116.40600206011712,72.87685768195898,93.0131139101739,38.7550944681134,43.44143991881752
506,81.08248140585769,47.66740844979002,77.34076787567646,82.923034576005,108.76753250478764,144.25250938896875,152.70850323964947,279.31056691433946,162.7820421267338,89.34782106018554,70.8768098761037,66.4870079712761,-4.279668877132611,42.06049039803142,70.89683948558383,79.64595264771773,99.98024595458782,135.69668258441405,88.14637083598237,102.40239451983189,54.1553206516247,81.50936989353609,85.23780951778565,35.2883218216244
507,88.47215032423526,50.4603261373737,44.817804586461065,68.24559885505039,79.23485849641344,99.24350930833876,90.0398107158497,119.96449880435995,61.14517673364004,56.646609517959874,-2.028396525193287,70.29438383076217,16.295753396003544,-26.630022387591275,-32.64199987165044,-13.150873045314682,23.25854893223579,70.1851395517668,12.766711387574489,23.288172132118035,19.290779030602366,35.917959230629734,44.09935932918009,8.067379228675243
508,148.41289954279796,146.23731601898044,167.1583336757923,163.48298428418227,173.6144195678149,134.32653483568907,115.49947636359873,89.41137261224809,68.04944810685151,24.187193529831333,33.23832548925955,28.217541279360315,10.287058523939308,34.145298350622625,61.671280379340615,76.31031892467308,82.58635607066384,167.4918485849101,122.4087697470702,86.04277370615594,43.585284001545475,40.43019192023246,67.25844983659408,78.39269389974919
509,95.59560632456342,75.72460862158412,62.2736999580746,114.10835397611146,179.36750429161322,180.80253638152294,211.82315221213878,172.00008296617744,128.61965468002856,72.72708958579676,89.06316712158541,65.34854159684136,5.637576000249144,-37.29276308865047,-14.107412250826744,26.002596625973638,60.52486615524846,77.54282635837714,75.07571815658287,88.7431054885394,31.035136164490314,59.35265311892276,55.946411776716566,25.95869618951282
510,117.38076626800036,74.86991015902943,71.75229947277693,61.89897004832089,75.03126243810007,80.98927892830663,76.55408229295902,73.67487496807807,38.58117255087466,16.554098762555924,42.15393964090035,69.86196620682148,12.87224034810735,-20.624384187763226,15.272477847832075,44.92772621593201,38.022024098400365,104.25971915289557,79.28923875626246,49.12532907140824,-10.052414921282313,50.69591277914133,70.05905408194307,25.63400709665421
511,174.59279550964231,138.81734806428068,134.41837727357452,129.7713410942051,142.53214529288664,184.1071687803107,134.71739077263413,152.5029101622232,99.90910834880991,34.30109790439911,36.45354220394835,87.17458107566267,56.461279766234696,-16.65741307267993,24.402673816006626,25.056534344607286,49.102038239824076,90.2253930499119,121.95975160624116,107.76301333845441,51.42586414351851,81.29085177407529,86.58927890081836,33.33388868890629
512,102.7089748400364,98.86871493441603,56.55275108643911,80.12076482360641,104.60481399325565,104.95198369603588,82.22666952154307,125.54130813745446,111.84220671044491,58.4068705128751,74.18878007328885,47.192124129002735,-6.14536576508733,-51.316666729340795,10.254411961730899,115.48285943505154,112.76063185141109,120.08110668754682,113.55075868427728,99.72730000674844,62.20492828169572,67.91875024217659,57.4315901381844,58.87192610932407
513,171.61719935850388,148.90978851401223,117.64121630402815,116.0134397882233,146.3311877278347,170.6003540816672,133.89328141497677,105.78540114933534,60.70797631237394,-18.227557297333234,19.583911258836046,53.559970079794475,49.94302644567411,19.4653751267096,47.839260481634184,108.91636721372674,92.38888773804274,76.11961998124988,47.55469710045484,57.08765426628829,5.423123198529531,65.677523864835,56.40032481124028,58.11215897150275
514,119.9034800605463,125.01946664476101,137.6166653074609,140.14921100403595,156.7907568451442,161.31394516252004,142.23991407958343,154.0532872775096,102.97028786004257,84.02761754082857,29.126069671477918,54.96832768586022,40.857521731040094,58.19848663444738,88.89527075243329,123.77946370089275,164.48814059661112,195.3404930676731,146.68892636826416,149.9286621990446,127.37226871019652,140.07218866052338,103.5420215926771,45.10301995202906
515,115.69153191026363,69.82419923482189,58.262584117051524,91.35570434257446,138.51646208632795,153.0898161817201,146.74546555622882,116.2022864282784,103.77070900969468,80.23214819918114,45.898102013938875,2.6526139082718387,8.45901353540293,-24.4419267980098,53.492332215986096,59.541295506482896,14.51065191546921,29.74923488842977,30.57075504008654,110.65430978799694,69.63182032955665,90.8330420551612,114.70943111184212,86.31227269804994
516,95.50873741332433,90.89697561006491,91.70385182391728,81.69053993612563,83.71130829922882,75.10508653534437,70.85985989163,71.06620223346678,26.728774056794435,-17.997855243954604,12.99579062901173,-33.46177814559907,-80.59652128462103,-30.75101225927723,32.02725242929083,50.4636671410892,80.18451068880361,125.1236527288942,84.03772070941459,86.48129637391834,27.320081784160056,56.8136662162415,58.87490323392562,17.29358225383627
517,71.78038196340032,86.43877730338876,72.45813347233072,148.3979942254359,193.69972733565618,157.43583261820285,156.78741294038616,123.26119535715128,58.37618464473187,20.08552996296058,5.2770221835142905,-32.74973169326502,-2.9919351214621592,-12.977641912116637,-11.257487752804796,-29.01922117485819,17.4802948651175,79.76380789557243,116.82016289064337,117.38011233542314,54.05560173235156,68.48208085804522,80.2635538210186,20.89874140653692
518,136.43756133827378,77.40733890064882,60.40722532396042,115.88405732438518,68.80426172085532,89.70983985856503,88.35659455989307,77.50008262825196,49.45920696740295,36.81652639326087,50.615542324853905,77.71965409179398,42.39759468145827,26.81023238537588,90.61693316397759,95.82693475392378,102.6572325064023,173.4465335953774,179.15511116747163,141.41109415530582,75.81551935871383,90.04024814463287,145.57129810812603,107.60293329915109
519,144.22179015013035,96.90076791295962,98.853248964209,131.59356878238003,139.80184974134394,143.35348798120708,123.26531943475513,105.30700056062764,58.947493638327416,17.399825915982763,35.269304364760636,79.1108073213858,50.265642208247854,18.525135951555363,60.97481564067374,95.73021445191488,67.33554128042738,98.02211869576557,136.38799364471146,108.89297513303953,36.017346612431105,60.578409756603094,70.77868690357037,27.131859813890966
520,121.92828290625374,47.43350633066903,50.89810393444039,60.424547026027355,51.3825261423456,92.38087862824261,122.51172894134905,135.50418745501042,127.58139097984778,75.71337195578712,49.75322745501444,0.7437592282149268,18.642961795642677,43.410621749724456,53.81985383009348,60.851257067185855,65.45907694125304,46.5442313377988,29.034045638065294,40.27051403244633,31.59955925480635,84.03073153403015,49.22719247138484,25.094720415889398
521,123.11249272474782,99.59523446372616,86.42302921401497,93.71998259395417,129.1912591239252,151.48586389512846,127.61655565097617,174.20102365947332,112.1886460614798,56.577269015859564,43.60519187824082,-15.031909648137287,-7.371188013658035,-32.97981112857887,-9.587548771698447,32.28640560701578,56.52101828313565,94.29577092906041,89.60162395522978,50.79550137217195,26.480792526628274,78.38561872828737,88.38253648757149,82.45473595781203
522,50.432484557973396,45.10478596585174,31.38702085948382,63.10028907737193,102.35455876187152,92.46198741236839,68.9691240056261,113.18670418535523,107.08566935068399,85.30246527933613,87.21999092320428,40.307164945208356,76.61405358836534,3.9033076872273114,37.844099415724585,91.64931265788204,43.93309127908208,98.7387069605079,76.4995524264175,74.8934518097933,31.124103988028818,101.03615344148105,101.65469896392716,89.89995924507024
523,78.56762696930383,74.39345890647357,92.91169761055536,104.16212737020317,140.17910968388017,144.2765131111606,110.90132301542994,144.4239748486379,84.52106344082964,81.61547149347507,39.20732053534738,71.14453152095983,26.499826220468538,6.840951012843906,38.16951305613109,58.065280973859515,39.831654131968186,126.33924697325742,121.20338275092638,115.03314971289565,62.498800866283254,64.98348786927427,68.15243249153016,46.5879219078051
524,115.38645584614271,105.73099531716184,87.77136780114117,152.014160451484,124.44775284710259,141.80303500532264,127.49426115050935,101.4539586871214,76.73404414218398,11.416962707087414,25.35547552921531,44.33272234757029,-3.1715028861213064,-57.29534107207658,-18.496329383481008,24.225029994724878,58.3377365947259,127.94532539321051,103.68036872065986,59.39260456015319,35.541981681478035,59.90746224740502,27.99329511369426,8.846791536466583
525,141.69209916801418,122.78881661516246,125.72775616474071,147.33975858927295,141.88707512238983,154.04765986305088,134.99912464019982,118.16800976405165,22.390255595309696,4.2879008840547215,30.528190424649942,-8.754924430514052,5.914100049314484,11.945287191212607,25.51698153894607,91.72270956634188,104.77052936531155,128.489221659579,78.54949892184722,61.53996195301838,32.07644131200426,69.65461468676656,21.028796325629237,45.71102571521063
526,128.31891736172008,131.14166279810883,75.08268003038398,115.16404291128309,95.28902884357524,112.98411533040179,120.44714913675865,104.44078158469694,64.91779430972943,7.947018999322211,-4.260100299023819,-2.551963465018993,11.979921182560819,-13.523081038768678,-0.9303803569512112,-8.375931161841038,24.08948885235187,68.95041642285801,113.42440201081142,45.31047552657995,-27.759267017542648,10.108085924515926,11.333336938029532,7.366970484545504
527,135.5133768914616,119.05142690742511,88.13747497785761,120.96124220601563,141.0173747454595,133.2008652421877,169.45754041069097,151.23699930698086,70.33841640213612,3.9513490713464705,2.9809750970688746,-0.26333665829704955,-18.996637905254982,-16.229858027741006,32.40881724658546,52.800636472967675,31.281281694989033,62.454260224965566,68.91440606773875,116.36589715112703,20.64066065387081,18.252419360397738,48.02821316829733,78.68151487293574
528,100.18836041277613,139.44511283584308,91.2296668387458,94.07585557144563,132.07440453860252,187.43459934732903,174.5367707359006,144.6984069188296,100.04739667414539,106.40816782893921,80.31309693907282,83.45527479316723,36.2726613756831,25.75861686636483,35.48682527840995,53.820407637197405,52.71317082970474,115.82607576401641,108.0734960338946,144.15005932990172,71.72330644983188,92.67722538315853,101.14168451781543,54.60283542885833
529,93.22886418473493,67.75563689171419,103.33914171900805,105.56333350404788,109.71269955802534,96.81771980276606,146.86564888124767,145.3461665830367,92.71174599277543,67.35524293870685,40.084970479192094,34.09118962571576,26.91619589718856,-1.11506356645617,14.477790028925142,103.20252446292693,73.24553770874405,110.8881032321572,104.23394791925297,115.53159911754068,54.81398984149439,40.66613049109155,30.339741627585433,2.61681987302957
530,79.71267939276113,89.62689899809834,71.2658654022915,81.57805294804797,65.87563119804179,104.59983616728154,140.8977236690259,102.86996992574738,78.22850660654754,64.5587594922136,6.985302810127763,-41.997416918980775,-41.77655438272515,-26.24462362925406,44.49738490641964,84.97045306990945,115.11268777708513,156.9971193177447,153.88513005619066,140.14688667166104,89.19919888789428,98.14854344809328,78.35087083382943,75.32145067800991
531,97.81832584280004,117.77422718039847,106.68847747129294,144.16595118840718,147.464940213043,135.01302860579924,166.6571510917202,153.38398077593703,135.9800726557125,84.84359043370344,36.59232993775245,41.84044107967662,-26.228679310458563,-15.03649348142913,22.55892820747573,85.95180621074972,95.8036531020694,71.03278249195954,48.00334017349426,67.86271811218222,44.64578383400975,87.39843333297546,92.6739372519454,31.210381539195996
532,13.7001095110259,-7.194889349173863,-9.996434341494421,35.51061765390787,120.66136651799638,133.02715420572187,156.11217969269933,155.5606276284666,115.48679221416661,94.3338652994853,19.05740622712694,40.62186536453395,47.91241162989489,91.18782653790929,178.096681121033,162.77579553039592,138.96862077426198,128.19317395604628,119.51250865823427,66.403204552814,45.73246189190646,74.37924503499406,76.13504351618005,38.918282220309045
533,142.38248031475962,135.80758331805077,124.12548095578425,146.34920322862104,153.96917116859373,168.2378042404147,159.4085201966382,147.2276008691753,67.96545594210514,13.5781899464601,14.88787932118595,51.69663048705216,56.67213787334026,56.944659693562315,64.03418196504877,79.04260417125349,32.592459022537454,92.89082908581975,89.54003884682933,111.30224522922093,48.27847247431776,64.62028784913977,53.887158912039496,-30.988062376616384
534,77.24553555142666,82.7060601601415,106.58406132025104,106.13106200436047,123.88693171188817,124.69897379780126,148.22274699607095,156.05329684313568,105.17078266862923,91.39219703927292,109.85677326217987,116.37045351484848,77.90638259249023,53.87001836887323,80.59337778475508,101.79680985240148,105.44127625113485,166.3742456130238,114.70804861468241,95.17137373464769,31.328019292715393,57.79603491616595,27.404865945118196,-15.5108710234082
535,3.025187088345504,94.04752811354923,80.79368924418782,116.13369733120014,122.50028589461687,111.95294446172169,124.90807247718945,124.47220349693119,117.62423470174704,38.39671794988258,-6.785330803089586,4.965276068826839,-44.905742397276,-32.115385397080004,-43.91288541086607,34.27483819681828,98.89165543215643,108.35418588981294,90.9931864173146,72.4867913340708,35.69073981381115,41.77611650886446,56.39050506832052,44.1594733270612
536,64.3547992622754,59.5768006218422,128.44075903519473,153.74998124422183,178.71437223596615,158.75347212325627,160.01047331785725,129.44204737972268,94.79279063531308,68.22127895554198,18.403439007974395,-11.954482128960173,113.41390286864872,68.49220184791314,69.85977041609138,104.26275180110328,110.14026784307927,128.81948223469917,110.40299862237812,110.15663520535995,35.83858839679688,158.26870522984026,128.7013073409666,100.43729206807812
537,27.558674754846606,29.404511956283706,44.35839883077735,83.35206201356648,112.60458024041488,103.55973396766852,82.004833378366,90.3740543604433,61.156866222102565,23.657244450117187,2.625354539396355,24.826837994480957,27.17617682263957,-36.903732752310184,-41.103513379685324,25.206334263136,93.2213407657829,218.95497814681616,171.3125466678507,153.30418925339535,53.355415202386894,69.13521119221727,61.8171156229827,44.98349748378387
538,129.1659323864448,50.8772258740244,41.75027920911471,102.3350941516573,92.1980440289201,166.41924796597257,127.13739590063747,148.6405195465235,96.13805386555939,32.67772019820575,27.012499259207893,60.80279907535182,35.73845383904316,-28.298699091324128,5.754168084701661,93.87024690364817,90.21255022827167,99.20250219076799,125.73290701417307,74.29974105182673,84.13697330864505,89.91682162571854,119.56894344343908,84.36614835382244
539,70.99953471459797,36.33689285965895,83.20050196341491,126.06294727410607,148.52987153482727,150.07131446222846,191.57491429780083,202.24382723769634,115.21017679454994,79.77270664107861,83.83237835496668,95.79781334660618,71.75104303112265,62.31037187353601,48.71940204189111,79.08003888942076,134.8946416308799,180.9421515917169,84.02634494934853,79.99062236498395,58.201800895465695,98.80904852734658,124.68380779733536,71.53687016322479
540,69.47386930617631,39.78481433690547,67.32102801299521,111.08064940092164,162.20706707931765,147.747779195961,107.88060933946169,122.5813537027276,111.88795817096273,21.330123815522686,12.54506950731728,68.04846683495467,34.80685355274204,21.774430677199124,8.569117277915058,44.872055905234554,24.097189393509836,101.64253651193437,78.25280770786367,98.52508017009853,67.92296701409389,80.72917998507941,64.70030858517488,58.88372457246141
541,43.18634080415289,33.659631592581604,42.51184647017768,101.18854467103397,180.55931336378146,170.33618276399113,136.47576907989634,140.87609310933965,124.83426610123234,48.70094434060891,1.2177518176342943,17.351184548629224,3.0760837650525854,-15.193218210682865,26.536067912954685,66.7412897916769,96.91146179100708,114.49672790664005,103.4660746831167,121.67251007489294,94.17643416035905,100.24873860722592,74.07034097114219,97.7248586303319
542,123.8708462818997,136.34486406932734,105.34468056935029,169.14725649579057,171.26007184122184,155.55443773306243,170.86046671460264,190.96866908433057,162.03680087572008,59.937403496990854,102.29306351514563,69.3052987139249,40.16003697688591,-4.4809848081308346,33.21021346175542,79.39356988125469,106.27589431464926,138.75724139076226,98.50761012966086,92.05696957933466,26.535547428404605,60.630931726820016,61.9938262820332,48.42752790205518
543,98.75179660271606,111.51062516543973,120.4891527358087,138.57600445616464,178.95444217409187,194.46745167441622,167.44256483384643,189.42567481430626,157.15190695608288,65.47972459114608,84.48425819839969,65.13659453459323,49.43515698338561,-5.9431277107494545,19.6334567042768,38.86782403453948,67.60231202358422,116.12532665203975,129.47427579001064,97.71899438547075,18.61692140215095,52.89179310914976,94.1164471251376,74.75075447031742
544,112.94633733133992,94.36623021380784,108.46777613296722,116.00260916796847,108.40092903566928,105.22918758910598,96.33889570653719,110.92509945332381,109.56144124682939,48.34174613229129,-4.248828998259555,-3.8141179718169766,-13.145156653075507,-10.113760176835413,53.85083246991567,100.83829011434902,118.8296370118081,158.2799129222482,137.33401953122262,97.80813252201942,76.77511321583631,96.10325810926241,59.939398977015145,80.36947641420537
545,50.08995462666331,-0.8487366789276791,30.720880503386113,81.66934927290961,110.10743662057862,115.59717684730435,105.4172028504723,73.49317440652263,62.567118679295135,71.25868284161345,35.00688473280346,21.780678193499988,-1.349841751921769,-43.686541916545224,44.28267846435894,114.23493715525055,96.42751529739681,118.41365417795943,92.59496943765348,106.39301002784687,67.15246382275637,63.60130026209634,75.86730495883694,70.1105984210779
546,116.06042924727068,110.0523252636698,122.45582879505645,125.28123199738846,161.12019849880323,158.95577367660076,137.49957418097935,113.02630852775559,55.34382807673612,19.618314228113107,13.503095016737731,4.621468900549715,-14.560449403911736,-30.028578130304695,-6.424146842969382,6.7574284129126525,23.53469131047349,39.26033670319549,58.968340225807005,90.10755208989985,37.837277487559874,58.46599129207817,71.06938020707246,34.45022345583312
547,101.27394759627347,82.11094582059248,86.95490815614485,105.93426392465499,142.6019194137131,155.35905723807483,163.16237542900575,105.83755821849965,50.383094894938395,-0.8203431411907758,28.36886699201147,16.638775869833477,-1.653920042158532,-40.45165139682098,-8.977494902886871,104.96907164826715,102.0385094143275,153.98558122639412,94.40796628902359,75.26979276015972,9.492583480295608,57.765424092533706,46.1006220045376,82.9485959042295
548,188.33976515689636,144.9896355120542,104.56681760074721,144.70242536305113,196.6425396749438,149.84114848051667,105.25941980418918,122.30090885505943,57.17316422385359,10.813133800975443,-3.806986610793807,25.83208296957916,66.29812208648929,37.613643060082254,57.48970336216739,81.1198824717124,64.67544429632255,141.11822277822966,116.02225301969256,95.2980476144653,45.05059200406003,90.50578266623829,54.66040254911914,22.12591599284267
549,62.86017936656585,66.60691860382911,82.95547009972799,71.27498064807384,122.35694882524169,160.70572502180298,147.75176198050784,163.3082535924079,139.10589731684422,85.87405271473492,70.64131706417876,74.30024713012222,-1.3880650688911196,-51.853961305943955,20.171524212487064,53.661493758684905,71.66457908905271,116.80197549531465,88.86472204164656,127.8611025777808,66.57352899122024,97.23334450510197,71.33409163153132,54.67352924475275
550,86.36583642529656,56.776903426659125,108.10753537311906,162.34102728733387,195.60744906395075,183.55548469969466,193.4074801147801,208.19833111429807,125.27433758129797,91.05188809399297,50.79321401095668,82.69412841758536,36.3873807311883,-8.849645233511193,58.39203816046518,67.98543836255207,82.22891292046003,114.87684037912932,132.38693133268998,132.32416289132968,66.42005818243734,95.68821961035479,81.59934700485314,55.505656332450414
551,54.73468394300287,89.32212071047901,96.37405091330625,136.87812296735456,156.5309076766065,210.9638850019728,128.02254905626395,68.45088289542831,40.32880778411239,12.489832541464512,29.68427997963114,-26.840736356262077,-12.332568314376402,-15.104228940506946,-0.6209581628913448,42.88466052188049,37.21957973015602,103.95115197408262,112.26880431219608,76.77666006542782,29.635749645111368,27.492617995668397,46.05976826347316,17.472697084022418
552,139.63500786584223,115.08558171691888,106.75439203722905,122.0995716511338,151.72125033001527,158.96305124336817,131.49626734408562,143.71712329305134,102.3934890411714,31.76593067429451,50.503034544139865,41.37564401769572,-20.96350554473339,-55.70144565222449,8.7852429218614,52.21126773633197,83.52680778281324,93.7472871604188,137.93781254530404,144.41541399012436,101.71140268373216,126.32867330250387,90.82020871383727,48.74958570816172
553,99.85325150776238,108.56215602656692,86.01152142170855,127.83968482835942,131.1944125564329,197.48098133027256,197.3607036313251,215.34656807955082,102.75857276500804,46.34495277114573,59.471317000163374,32.32063875125655,33.06884895814118,16.68951644314492,50.662137074569515,117.47934496548439,82.16627747096618,114.20636398472624,74.68311718748552,89.3965117343418,99.92923785280576,74.81741549852023,67.81300916235837,26.556494253335998
554,50.69995621035814,48.27964498309194,74.01128123205106,69.0692778875254,98.91847086789588,148.11673680111952,152.93498653571888,157.46780226789582,121.77485117502182,87.20645812183639,30.834040334228767,33.17974992036138,0.9106547854993963,-12.215772648778435,-5.836786498771961,74.70140676687252,96.22928888704882,132.7946022722788,99.75372684917855,86.88044705021423,43.78863581735179,48.946593831494496,65.45020079792164,19.381930815966403
555,162.6408494518634,103.99525533752715,114.96451316708956,139.12129823368792,103.99699476386735,106.35876642167221,118.5664294080843,144.79120918280074,77.19084778878023,52.90241315004727,75.21941114319907,40.20047882915941,31.797809102608113,-1.618353867961738,61.150601280283794,58.316698776579805,102.62006359164157,143.94758694448655,120.71433770133247,95.8489182319713,101.5143130171104,81.03272545322632,96.02306042197017,60.466358694564704
556,92.60756464937698,134.66402364762368,103.72542112729172,117.16248326534962,164.6794358903421,156.5865058190513,125.25252754617983,138.30024385807204,97.63146472828211,65.59391203626208,54.39559091587367,8.250973811909937,25.231524266412457,-11.699341754852785,1.5439192384951532,9.319087401053892,21.292026608777363,39.91958590411244,67.85333440483407,55.30669348706269,43.114021265095474,64.48275247116237,81.58619646110311,36.89888972879221
557,101.99145336310265,71.68171208215752,78.11265977127005,117.52034697407468,168.97056362067136,152.17909772513536,98.69332224714174,128.3183379258491,110.44823708344546,58.411029150006215,78.5088543159967,48.86369574411762,33.26656146616125,-19.237821402776078,-1.5766989319103288,26.65251813792858,24.909127411392475,77.71476964937965,77.81638739689123,84.7843968262338,34.309277464132514,26.462774900544304,28.414819609291115,1.307924616521106
558,48.46660648644401,70.41976942138422,74.92224537043104,49.19268086919165,64.1234580423454,91.78703782883528,84.40322989798116,139.97386177539119,99.98271831246532,35.050335237115746,0.805490302025003,-4.850482097006093,35.17214241079752,-10.704000233388651,13.843580737575344,107.6349360636389,93.2615512150697,110.58919372327472,128.51968869977725,90.71095946275815,59.996275823138454,88.32767920309811,56.64465776142906,35.358632263361564
559,68.20500160815496,90.09431741949089,136.67397557471338,127.47527186320255,135.67475988991634,136.13879710089074,123.8296618189629,70.60783962936098,116.06711006898264,57.02780918355306,47.82248955723198,45.708352705323655,0.19754402969683937,-55.43738276599316,-18.298740253084727,27.07436285169515,34.92111175240356,86.65580843033082,82.25629585384807,84.51263042786564,28.121675796616334,25.385480375012847,37.18517552362219,3.0567717318158856
560,69.43771628972229,103.78430901700895,74.14803900864847,103.70530096002132,112.38290267592905,72.73140539253322,104.9835134278293,87.70407958696512,116.56731603742568,68.34171753488032,56.849326964076056,23.21578246681408,9.643206560474518,-2.9838715057019742,36.28641546437145,48.43446297103164,36.435372535380196,105.6359099324911,106.34188909911484,63.872774843931076,36.78654030562997,41.85004295344813,61.94464469784542,7.658394374625942
561,101.01112327690143,72.64455780268163,53.85923294248177,100.09413969735863,112.70867135129069,125.42046636519107,165.57830624023416,167.30311187308246,70.26414173928606,31.053157284267808,6.028321552931985,14.249563388066047,38.14215578195525,-15.92374735210963,37.7599025836325,99.73820030006556,44.690705662418665,98.7090528311154,113.30826378144374,113.00763802109586,77.93107639083813,33.68302361101213,75.98197512375329,77.92836750477016
562,40.618836228399616,-9.668990739499094,-2.684368729293908,5.529308238498572,98.68395505179498,108.2752578164945,126.36166149097886,100.92978082256458,68.9230578814909,14.328135219792355,32.30492649210241,21.265452516212832,-15.121460108739736,-12.523216359176992,13.757680984404804,41.11384617009881,93.13280244727102,153.92796302159627,189.63057717307265,132.92022876884437,40.81707115938624,71.21934822006698,91.37680562965099,60.48611088324357
563,90.49714836131244,73.47229444488472,109.72640926937011,103.85471701035942,152.3961215371698,143.39180399220155,132.87814375839645,118.84412760081649,58.897974611517164,11.231489737291689,-19.101962738685792,20.02933147578444,-7.66326463645208,-54.13689143837222,32.858947757049876,77.67623038415744,81.4303283171341,117.76244722362492,104.51605644967377,112.32676639240327,84.01120592972418,87.27497627978111,48.733282322924765,17.1725891649413
564,99.08350965877452,79.97921126370235,62.339073896359025,110.95910731612445,136.74348328114135,129.82208695310075,134.37244262860528,117.19101376578172,73.49446728207252,20.285989028763233,-8.591121274707504,20.078165150926104,34.24894565165162,-7.915799480460553,62.90416711948218,57.550826314917956,85.42801317530498,91.57043844001095,148.3755473233299,107.73243027766938,61.300982942759674,40.18854538958985,29.719335962351437,38.26634607438578
565,57.47700964550901,90.16337739167867,61.937252241985476,129.7972707656422,131.04696038762822,144.36924650266764,85.68501064238043,85.04458699294747,88.42985000255983,91.40624547245616,95.42718353754373,112.73846674946613,56.94012482202139,28.659737600731926,29.101926785760288,66.94895634513563,91.02380453525961,109.70315473242714,91.85355850177979,67.78835518909287,10.438528790665025,71.5305759189898,71.67428897739737,27.114823550466312
566,130.65095332559497,136.06870169151873,122.63437042574569,183.01756876587328,151.32806532926443,118.72726780663928,144.08798002695755,144.99600635041713,92.20093871499276,88.22465651512881,64.10383584286868,63.15228249242254,37.03062199962086,44.27115370480385,56.375092429896654,111.30309887333951,121.73596821746041,152.71728489445388,149.31237821222228,93.26714546283068,44.707267484385255,38.35810509323345,53.25036275396171,80.50493308793854
567,135.05810465781587,73.11697214983114,52.05234635545274,111.18504401200765,142.0636981930042,128.27995725355782,136.1844967721141,145.80659501620931,100.13910954042261,53.38149796373901,73.58814475230366,66.86361086632729,31.32915585964029,2.7393081965320487,66.00011608201363,94.88913028797536,45.510424817711936,92.56626353550256,77.80231347615324,112.3824627509679,72.1646954849634,86.01294301195412,96.88005523553299,51.68304538598262
568,100.15805774780868,64.32636655483415,109.81046376841799,149.37725922607734,144.256522356932,158.06337795755067,132.65069573236593,112.8755956327755,58.70538741823374,46.23196622538271,36.44472511893429,39.87250071829789,-12.120755581357034,-56.0243592310016,4.310495690712699,64.19377478257488,60.65949822126361,97.20652979529788,92.39950060416103,50.41430625929049,13.899270359098772,47.8659787301928,11.897667467483494,-34.838382312562956
569,94.06135121569257,41.21241653330893,66.65883112326242,100.69880836410556,132.09699284799908,136.35541409283974,150.84515630253145,131.1012686342111,88.56566039947748,23.72387114456069,8.19859187223414,-19.759476156640183,26.812516905001157,-33.42286562784321,-23.848525124220036,23.578306684108554,43.98269702706398,121.32101717190184,123.4119043183364,90.22303676995381,6.801325221606909,19.550430512890898,43.36466544537582,21.656637525391893
570,90.5208353943577,39.65317449560265,69.48953447275609,120.01415936725984,135.27871277432334,166.77646117649098,115.98418032845072,177.46858687763518,135.27067228067995,107.94700150890533,60.54246705391966,32.04210197914588,9.381579705666665,5.863044543648009,28.939324646086924,37.569333049937704,21.245909280468695,130.7816281894111,129.91971344151483,107.24569914014839,17.558447019715445,75.14280274971371,71.4907472586778,41.37706293298315
571,86.11735168663009,74.60146911274768,111.78282208408604,151.8978673086004,153.5221751042696,169.89572744676948,177.69086407501337,181.6019024871611,92.08664332119253,52.28564202206151,13.313626683054935,-11.280011475064143,-2.107526140445213,-54.02059852115521,21.8286130592824,14.065472684561371,9.435440638376825,56.168070407074126,39.820960297218676,25.528952632981586,34.44649730078719,65.46926237357175,114.76580644560954,121.23036290168531
572,86.12959599565474,54.09139069859652,66.7489673275079,87.95009652082331,86.9019125107674,77.5226732015539,106.71172308336766,80.41563893459748,30.289724439484573,-9.36537664707891,-30.195861498686426,-0.1902817498856777,60.27519076698141,20.16116196759452,54.985573753964374,75.0321278177441,66.8474568290467,116.90285128801528,99.22968161705117,117.23957051832272,22.865319816370082,35.17307656540578,77.6282923184591,40.75547872994905
573,122.15967240523837,85.88492504431292,68.56877380654781,83.25529647918155,140.15148803250858,156.2381689324951,152.1285859947599,129.69092533489692,110.78979799786643,95.54211694119681,74.61034482567713,51.133461263651796,33.76279056291714,12.369574480741242,96.42711414995878,93.1953177094058,87.37015730015204,94.38999371306716,90.27298817946378,88.51513035189157,27.13803819175301,33.66207786907506,33.11966792223538,-17.31909334566116
574,109.94446951282787,92.67738588510312,99.08177209959324,141.00783769811125,155.1107383351975,70.82668673224484,50.90893568195136,63.722049013018676,66.42800632011372,8.007460431463315,22.804390432851246,70.86855246203237,12.183595769643848,-11.766328600479977,33.00616958345034,63.29704724934133,50.14821799815023,53.88006562958522,25.131538106261615,34.78907648600994,1.9375323287100912,40.39520109886656,56.354645912019336,31.306092567894495
575,88.5186261537183,41.02344058955173,53.98612657820209,81.2183809532832,77.05481999033586,135.66419147862493,129.25964719043853,141.7040798113027,70.29286570935622,68.76109290910318,54.955393541470755,58.05442654492892,-4.276198803556351,-14.038246589977522,9.702886827333856,78.56343804158846,57.28918230253953,89.59744586369557,121.08092848497628,82.00705854570656,17.84694727884223,22.969035361157616,39.17077220259452,4.51884855150216
576,60.57554632156685,29.593573146067598,56.37211073051051,21.625453446254184,71.52882088358186,108.13707585462784,126.94259608342541,120.11264158958764,61.129880808639214,28.47564563886,-2.7334523076691326,-1.4467275069799541,194.16130988887264,105.39807192244656,114.3052691433571,128.84285832526592,114.77133238922121,129.50992845818044,88.72711542831061,46.43214335348789,26.53714217927911,34.61825933339686,14.220251047919326,32.08216243149318
577,115.84384658439555,75.6493535811488,72.88029121791587,120.52586659660473,137.80567953156006,155.35031595604855,142.4907812440599,168.00030203349658,145.16411194045048,47.0272749453645,11.400514006171598,39.231990737374204,31.929119124900947,-46.71114021367816,34.69488557009058,73.74074048680487,61.099955811875766,71.42359825648174,42.93552970552989,36.3180822641598,7.278984744724795,65.60280902163515,62.087244251874544,30.562333159723188
578,90.6645175257122,83.77541864062545,74.9576019093534,63.74987154873473,94.09754490490423,97.03464585693308,95.51673758497688,99.04955990238169,41.88371817502112,22.1146401834514,8.088656863589499,17.259441274329227,3.6894052743437236,-8.520280945286173,34.580304434665265,70.79203447470044,56.663708777439005,77.26598375383622,63.23358028970229,107.0574889355123,75.20176428800964,49.97065001941168,75.46030512019459,71.02555047508179
579,108.42229985302046,128.52787111576822,126.56999389085215,150.90656820660502,178.87840179745524,143.10154535532038,141.5825331644425,174.534790508832,136.33973741263657,59.19962704406996,23.424123396464356,50.39747570770821,-6.296472782081057,20.867642350204804,49.42474435436897,46.03738591800685,80.36948021145888,90.09894065750318,79.19909961496315,66.13394089068069,-88.89598216949568,-59.36174009513478,-55.716327849858615,-38.866755455516156
580,102.09588687111982,90.62466201051399,136.1040936114656,137.79544922396136,155.5577407162951,144.71016875185532,134.9837327186103,102.69243282131102,66.82702189675743,28.339787242161506,-1.2025371912585818,13.869947885859297,11.80207841874481,2.4990953211715237,50.811254200417864,122.9663589864837,140.94657824571914,133.8161079156506,127.8775363125383,61.014540651829265,-9.854175897475024,-2.020763483877161,-17.934346272191775,19.530446970821764
581,112.52536627322863,118.01061188095301,107.92885478464386,148.36255885147602,206.10837326150406,156.0602109107526,184.3465231223764,162.6911850173182,94.90770006679683,21.49012795052356,32.51486250403342,38.366659345931794,7.909507105816765,-21.297858154681794,15.339608590473075,74.77147978154403,98.92931011232128,93.4687693733596,81.24743865151609,117.8308611570473,42.40093473738853,27.469526989411364,27.042644988806643,6.050083771777665
582,65.77454393656132,57.96512066466093,133.80499961717862,134.8749632416478,194.12671016620595,175.3009394961914,167.74257164326428,168.32054619055927,99.60591792782452,41.492763196257464,21.45132850552522,62.01775470120519,60.94711401159377,23.40280435417227,42.50396158037107,68.07639331911878,39.97726201364185,61.581137179119835,60.73125200219786,121.07563507464353,69.07806096526971,81.45308915433304,80.84805051313053,51.209742591068064
583,127.15962530568265,111.58348821760322,125.68106409796353,131.7499188152875,175.3600334283977,188.72821335384336,165.91647007092826,182.3557982414532,120.96638614720665,64.39707824126836,-2.3468670111013807,-83.65388493541664,-54.21426682870067,-88.66253804569531,-23.58933832630841,25.621558731633954,86.32527065390573,113.92962390106976,127.6589815211053,65.9231685794951,-6.077387957267419,8.775135387606113,24.01316622024467,27.474781811958486
584,76.20419423832541,49.07310243241363,58.92882551862583,113.10293559476683,134.46569077812126,128.34881591835,124.87086694698078,152.97762469250875,124.24085887617468,56.97229848534886,4.955312466773385,9.64604373968017,29.490228644857282,7.930214125383898,-1.4622799494595675,59.9012627231675,74.0254137619217,93.800123964295,85.1112999943688,45.48860759918975,40.258117484181156,61.83342871081349,59.853037190602635,23.776732541201
585,109.74683074447397,95.34079793920672,102.68724943737718,118.94190495192127,159.564491740039,141.72953503422616,117.9525842295576,178.32534538957665,117.3564583196659,70.76852033129727,47.90662376296956,77.69219680814567,12.250670064126016,-41.11093741667608,-11.050369484472629,26.256123466109997,60.62358659239278,91.35823824288477,94.70405235211639,67.22400487710446,6.264919160061488,21.88321687085938,47.08377080904614,11.739724599149596
586,55.9809580108507,74.24026570081637,47.58474831798397,46.868980879512634,114.65442816803872,111.80976433268074,130.55572090970276,144.05924110878738,147.82752125383874,49.93023397215206,53.07453804798305,75.2500801236948,23.494475434364425,5.5104774758280115,14.470062357244071,64.1005923764234,63.45631433377878,114.61951914476299,98.21378494066911,99.44762737928032,60.07240375969852,77.19768852678918,25.455238268321565,-2.3939188108946325
587,89.93863860538612,54.829336253722445,77.12286287088331,122.84226484942141,112.76036180381718,111.85948247319547,150.1233525777903,159.5362981049601,133.8481160105688,63.838435991100866,50.0727207676309,22.576284098928593,20.27774527946425,37.91663377954923,75.68233906957535,116.03337389798382,126.25923095914918,161.18669597858297,117.6954855323196,58.664467112336055,52.85115849689209,39.363526328454526,45.86896327464305,52.88366377699789
588,127.81247072158132,73.32517291415006,67.90163276448943,110.40948921061049,131.64417829978262,135.6375146900879,108.73149116214947,90.88806974064373,72.31671793377754,-3.5814097153777524,-59.91554759445694,6.272336196845778,6.07797357967798,6.435416864061567,-0.270442141580407,9.858139035764026,41.50024911728353,96.57265751883426,100.64764768650733,73.3543859460338,60.17539415310384,103.14896756515711,79.56245317239225,73.89219506657916
589,103.95962320430927,120.61952520745591,86.16108999259416,106.71700229858511,130.21501711327178,174.8774391006143,140.06394217553378,163.46636101787962,169.28762962092821,85.90050991198659,58.483214973242156,97.11582090659068,101.41452435137258,21.177727491709945,62.59626476966805,82.71077946255231,92.74384088385565,127.01625359547938,133.86707802019706,146.98897858303414,66.27510004446377,75.12224715298933,78.93170159780912,64.38004194431704
590,83.32145427934921,90.39757676860405,69.49565224381813,133.77386865164905,152.89326725244604,138.79087669112184,160.70330365994144,186.8805083285525,85.14816046636072,35.72436382467782,6.237465574755284,8.73873514809328,10.9103450336315,5.206236165416724,32.67071377802256,26.33386085764476,22.25135126022289,60.06916918604767,79.59788166197305,35.59242961124657,-6.233602661311174,42.07750755708891,77.30533096968665,-5.54918460190585
591,104.0742130742277,50.357849507477226,58.71264354808651,85.7720157312093,92.35163318533733,89.40080891027463,86.42586076389257,71.81069408804261,51.10726166078739,6.54145734656386,-6.704578339091107,16.002890268239415,-0.8475098274085937,-18.347824504751344,18.381127593622363,29.33452452976325,61.94190969856005,94.27499301249807,50.16984393721709,62.49411467525149,41.71803640900762,62.23355661886165,58.89868877079708,-21.027424533116815
592,70.26688854706256,111.02378958850989,148.74626369653376,185.63058754650035,167.26560389137734,188.6148947248249,192.1567848315762,172.7894665762162,156.66200732158157,89.76299772623543,50.644574371346096,21.659060644156092,-13.016746346273674,-67.60154206493736,-5.199066526811055,64.51826789474705,30.474447462763912,102.41890344057819,136.79463645639643,152.0903132142784,106.3202251161913,110.54271566943213,116.93827874502296,66.0670143427726
593,118.24574120063212,75.18505174125352,105.25822638800247,147.28622213564014,141.21895550185295,110.09278982192811,130.35438380504527,126.89877191830155,84.40587151366542,71.01431259693283,39.184965044310005,30.284381402644,54.161490033433594,11.872469827668837,12.321028373403545,75.02423443222264,73.22477092002599,76.2488007795556,105.27834069039778,101.13032282706976,65.37402721367336,80.65276293771723,61.404336776303275,10.117860008628888
594,114.3017405841554,102.18894102963475,113.69254011379962,145.53099496039312,161.64727909247344,229.83446947222467,218.7659945068304,191.65664702555196,133.44937254232457,52.113146723069754,44.40956095053074,43.47666270756177,58.97020264329089,29.63810282603583,57.26756928856797,85.82193201779558,48.08513300885381,89.8704244818052,70.57166415278051,63.93788536734618,72.82514967264349,57.28340000068714,89.27027588157142,32.3857364865613
595,93.60617343924814,111.06741685269175,141.62210530769255,116.71989870624468,129.34743876808366,116.707196860226,167.19095662791977,123.86868986871659,85.84924722355237,-8.015349401471667,-5.230550085804339,2.350497664216249,-8.150348413976158,-13.846989055196126,28.060145406690346,31.69917934396823,21.148533238334586,34.22156469703913,48.36486138024063,66.41794460375813,45.270142800682265,45.113108668629145,58.382562225986234,20.78927057881645
596,167.58854826541972,142.5356736336713,153.0896941526459,120.3243125724597,172.1825782969238,210.36391928431001,227.6356151791119,194.27870936341583,163.52007238951973,132.8762535262931,83.95132365842441,45.18532211043677,38.074410959064856,5.212454811630851,42.047978506328974,98.01327071894168,64.71662882260537,78.29145560074707,95.05057658468972,110.1307206985818,49.518898847595,64.55260926929544,35.664816087881945,-23.911094979114324
597,130.14296166376747,81.76183516352799,10.023182384616206,48.65345661997236,134.0121181428077,122.13407587439644,125.97843656323771,127.87953051381037,76.92379710956214,52.86710841205469,47.48817514960818,73.93822243003794,56.60596017045472,55.44460353118909,55.154543245446845,71.22248337218612,45.969965077218404,112.19837028036758,106.16066731845662,39.83010403896451,16.959136677223476,49.40034157718075,71.21386655340034,82.38639326079598
598,133.66538063053747,106.58918282641716,70.70856391873535,146.36095529934528,177.69769668752417,168.3148625259319,161.84477357624212,155.72576570329147,80.25547771824897,24.144718680735423,-9.480121385224649,24.686497717004798,2.962044723527793,-14.237543899667234,30.37656028474361,86.16168531239202,76.3775370310322,92.68280363000872,74.43089592718665,87.63822698714567,38.72108657930289,39.981818854964246,99.02348644641329,80.0348023519269
599,84.1877675750384,41.49754723978447,46.98859660273705,103.2487552987221,71.5261182423192,147.95781533781263,87.84702410141918,87.82845226010548,58.17588161702421,35.262665833496776,41.04558554367641,39.34308640890822,50.66910717553212,-19.18716155215154,20.770179010175973,23.864904444505513,42.673420258098474,109.09766644161664,93.74275380631157,89.41028684070956,26.950804056609133,108.02301401393765,53.38570865994722,-3.618690541226684
600,110.03559618223282,118.21588232274942,134.37206880387794,152.16898633596008,166.44697162219342,163.8302050258918,186.45049326060402,204.98177167394317,177.05506190138755,90.80455800452661,65.81312668212419,207.7469521378885,195.66441366005242,106.30294073191871,71.77143842016875,85.28764938260875,81.43514460749087,139.68032778364744,145.22704145059734,130.9553055898654,71.76256194273124,61.37720313555282,69.98655459310356,43.09059155116814
601,75.70481444503856,86.37452327205526,67.86232268266403,135.88823688278097,144.88677852707045,99.82098596124007,109.45711019117968,114.79263813674856,106.71384100382828,37.21572628736692,47.72816624931684,47.586951262268414,65.09887665230376,111.36723248876882,70.40629510944187,79.70516439743784,64.92219540110567,97.62543155696314,109.73004530153234,75.84041635759023,71.70978737184508,138.61721446300805,83.04791425956601,69.02372037024556
602,96.95142282205039,16.128660817519844,20.10124164413763,98.89078988781156,131.21173019290796,166.71774982908065,181.92704715011345,202.22453347117568,105.07590306938877,54.11476115065531,17.28160099236743,-8.068895935372588,-13.492350213788082,-3.2479050930740883,-27.63665164966898,41.7926114772448,-7.832215204307104,25.651750279881625,36.87824289490304,33.17344013194467,38.04370531626486,80.71245627053422,82.86302692125476,70.72362769748085
603,111.34810346819825,75.02136304720702,108.60473768832216,68.46105294308697,145.45411209685324,144.05698602224663,102.01864071728863,113.3438605631765,85.04662843480816,56.913918639322254,67.45048025414945,93.21688198204612,113.99072507024691,84.94717458710487,67.03940064558284,115.34170904364598,104.52652770741453,126.12775557012236,122.97767694218109,145.48245530501418,83.27933162388416,44.8829061912338,84.37808439472894,62.06750172324906
604,107.15941563006344,40.949710636751206,5.525993476310035,83.56977355557837,134.36999808572062,126.79263937802557,139.83446120206128,128.50134898357038,99.97255309875385,27.933251556200716,-35.80017880012139,30.29594028969882,1.7879438662025962,-12.055048989064124,5.746797370420342,40.04141906518149,38.30659915959934,106.69597593554987,130.03611813970227,127.98029869513778,73.2665792792981,79.31487955647609,99.17304805144789,69.42926569765075
605,151.40369274704858,100.41081679429938,60.35098253497053,134.37878145366778,139.1081288844122,155.74078154560146,168.68954019895867,162.50264659255083,124.34880790182109,5.784745434809054,-15.168827457420207,-23.232312852541767,-17.08150532348156,-31.184469394254766,25.921853578370104,78.64846609900047,86.68868587771632,113.5561068104791,156.1286802052304,162.0161168911307,150.95911289314537,177.27884484618556,151.6812159620426,64.08409856614486
606,102.26132519163716,56.2601023642503,95.0497409944308,130.3753869691964,136.07930820027735,170.47852567105323,203.4155495737512,190.5894160994664,162.39044690398543,90.88511570189345,90.06262532356904,65.32829640035727,32.890236053243044,46.53395245318531,90.76191109649093,112.40357564357976,78.12944457118098,84.12506553162179,58.02656724221171,-5.520782311412063,-2.3369448155002956,73.22421264796223,76.12694230228401,40.1187988939965
607,88.24019813559391,91.15572358134995,93.92644286171101,99.87688269086391,141.29236066414165,151.68789941615447,85.21490792739684,81.39334614827816,63.327965894595025,41.71804971297542,-18.531489721326608,1.179870602511393,3.793144962430288,-18.043941393138166,-4.712441327716544,98.72211427266518,102.31580243227798,137.56418367942914,120.36326016309789,98.50669824112589,71.68338109002252,96.66839952351673,138.95380011074218,110.62676924593123
608,133.11575332831757,118.37793402338912,83.28450217753338,150.2508795820846,169.66089238234724,122.1015170270326,151.74237213392388,136.63315484472014,87.41289766979105,61.888282827978216,52.369218559550056,48.62298618949487,28.600739082963116,-4.355752964771008,28.530521206322774,42.00301493193244,47.07661773828207,61.307112751282204,55.51358501559569,30.600269295059434,6.346628645651634,2.69902473117925,7.247235230220156,43.313743272714106
609,115.27478325074993,77.24754702335163,50.99390541691696,49.19845750747484,75.18782596009743,136.1211468717939,91.683420239664,91.22422621300855,70.78054155008249,21.017136622254068,32.2520483859154,-13.951159458890764,46.297490930481956,0.7354707939361909,40.870057051935774,34.88904621503683,3.282688400850944,65.08420773829299,101.2612009042465,72.72057822905961,26.4342939725804,26.849351844907886,42.58785861748122,18.342527111586442
610,83.42062433376397,54.47546790415082,95.8940102200848,155.18684161269948,151.13892857530075,135.41131152462233,104.797113784046,101.29945235166304,32.982826645256594,-7.1617584326757395,-18.812211574987572,1.418825114238544,-9.528474967390213,-8.039377387759654,57.28674912069286,50.49126420646804,70.76156278310269,120.13029843696731,198.7064629945487,141.1792987422324,111.19682052343987,109.02011822930763,94.86507805510345,32.252282447872616
611,105.36230256034274,52.06256322121045,73.89707866198727,62.44184798504352,123.57881632973363,95.60805846251318,56.32525647246564,99.24031533225883,91.35701350274311,88.09547049807153,20.777876313920267,73.27057832912206,36.94934947299494,-19.81062137734507,17.3007890849219,58.44259703305624,92.93600648658324,138.50672994016355,103.10384550574811,66.5682149220813,46.51283084712085,101.5231383567944,76.89760654008664,47.81762308224583
612,106.81404160799596,81.85481492117334,78.84726186915742,133.7272364653454,193.41170735672168,188.90834651010326,171.38219857660073,115.148819864883,28.545651433816126,43.0873365711212,30.067639165784435,4.101519557266968,15.836279735019911,-19.950148823750006,29.27517672015086,50.65157174002547,79.9990608043757,123.42982263543769,70.30317014571015,79.52699307576778,50.271260543238256,149.29295596085723,114.91242610044377,48.029903973362636
613,95.83813525582451,92.5877283810084,52.58201628245638,64.67948971323008,99.55659992742784,86.4940626915806,108.93343049221156,98.3305232019042,51.18383174779662,33.42119047122689,37.048682892877444,-9.362380126500597,-38.56589868739556,-85.02359489153777,-8.109568183387655,52.26537046072068,60.899421357633464,58.00507102627346,116.6791799078679,127.93387464138216,92.22321803391142,68.07180598059509,103.16797560689932,42.699268742837816
614,128.08309283505537,75.6568444299015,60.14945724542717,117.58599068066204,143.6069266192414,176.55908664857782,129.184742945114,116.82276827409008,76.24442560715538,8.444274607097057,26.476739084096316,33.30411677553579,44.69746695560427,46.07462551135116,60.10492905134201,35.39195484895239,33.47149945604281,20.930210533197396,61.718125221681596,60.29188829745574,17.48622332783883,1.4453117703347544,19.41285896448121,-0.5391793419267827
615,135.9967740126734,41.64215896007256,39.425663436855004,78.14405919382399,99.36464799121072,81.68531007398416,99.66666118929703,98.16594624896001,63.783834992106925,13.034352471527338,23.63576982458582,34.4382393692662,40.8685539068283,20.331113113764925,39.24364514298698,81.61093452027946,111.21447831128313,132.71662587325233,120.34880186850579,91.51317585122506,48.17971922824389,77.35987916865619,76.49676394715524,58.02938392036823
616,110.68316751555817,113.76251064197669,92.00122135208449,125.94086046763758,140.06055527159006,162.29880011310163,151.29756300000068,159.05806798305005,102.08372018259793,44.61662781729402,24.929341750767794,18.594994055537995,28.55922856670623,-12.601146373349792,9.97483584804218,29.28231244577666,65.83835445631053,214.56984055781953,172.3419367007613,134.00059003319637,54.78427409540579,57.05222779427486,66.62097936881659,62.72961047363599
617,57.31694312531455,90.54340070048954,56.70768441783824,60.05995401706398,104.1633521040128,122.22920309774595,86.29179446630667,95.10819807991038,75.10080191326863,11.995737684617701,40.83095262017574,54.957417335472925,22.002323785517156,-12.738351296585588,49.3012917665604,115.17325001398876,98.32628647222202,137.68097756315717,139.2195313882503,102.4339080850938,50.97271996699198,64.88725602079197,115.44670376105482,76.17035744675502
618,148.1930362564867,142.7925092532626,113.75746762189658,132.12917917839837,162.6228156148923,223.90148852023444,173.57127358234067,138.99643902174603,39.66973408139816,-14.258605575363077,-1.3997615533951873,28.402818626286802,-18.040788218134995,-26.38370111130554,-3.8651498872154413,39.861284797601925,36.684945701304855,108.52430359896599,92.91157397008764,77.10665206657482,69.71030550391103,75.07210571598372,82.04878912916135,29.9428625415269
619,80.9642395721713,71.9018869761967,79.79962740105857,53.232897701324845,73.90859931800298,99.65537290405283,133.88053998655877,115.81840674381128,106.16211049742745,93.03783630970534,66.58095922488185,53.65542408823582,22.494041425918184,-23.5255201496201,-6.887057021833481,53.0355320438541,84.05072284300715,99.75603482796588,97.79947907682126,53.47287324661826,29.200966192191633,39.184499187115044,30.33554249490161,15.026210327933669
620,80.81942588733696,23.185225274674977,8.052353621333225,68.280703248915,109.35245803579834,98.09083257774778,140.23275072534483,119.14396411906127,48.16328319427339,-32.72349893958406,-61.52822852098423,-41.77182859807215,-40.431474673316444,-45.92265698836587,11.623295168978512,88.45748985840103,95.73159842520539,110.4102870007253,140.24910267859514,101.21325749790728,41.27400321927264,54.934340684992236,61.286528578488834,50.80132803861005
621,132.0721307212851,114.16819330923832,73.33332929518397,80.00737311812432,118.7956620699412,116.21716769827356,108.5050954691905,114.88979715236134,42.6758176854528,16.399115054367925,34.037736574347676,45.963577206498016,7.189176631934366,-15.25764108020859,30.730530355090565,55.199366586350685,32.96731967314983,122.28082790990996,89.10279066493027,86.02075889590996,38.330631649596,64.42988555073589,53.96001085540703,51.482403343401565
622,70.02601371175504,48.2225116456224,-23.47604497339941,46.104196714206026,74.15314896627228,78.77920319694562,103.1529978088555,124.88275700584674,104.24590214680445,43.88063981020418,44.97709107606257,12.1360603979319,43.24069938187793,-4.634785746494133,37.66655143166826,91.93386344834013,91.85759742926048,131.79783874851412,158.9778755265609,166.6051467874197,93.66799794955746,105.57355933484868,74.49070553378837,77.60211513203662
623,121.88672726875306,102.02454839570672,97.00333492688523,123.09082007449064,196.99088904759583,203.13641120184533,183.2265126596052,167.98663031604485,153.56463465758227,83.82832589429523,93.3458168470545,104.67862895442957,58.21288077051554,43.526691414311586,92.52478329232265,100.20574405448332,87.03946648575771,98.91937058377488,97.59410375434477,36.4036087898515,24.31785020217481,49.01179757597619,35.445912070336206,28.81775987692885
624,36.66384236504338,11.43661537316116,37.48515494562303,125.8636789553862,132.22866927204876,153.28359810910234,184.45975057843054,190.21927282895894,149.24180417462654,96.31038450717251,78.30627285942779,27.209474379897536,14.239847915663141,-18.59474175820962,48.97939173165386,86.97521950760617,87.22708543334292,108.79377696673669,103.34291994283703,131.24402371251904,128.1197005148939,111.56402004688017,53.45090871178668,57.653672330909785
625,124.39927116202632,147.4266668872857,127.1702465436868,191.53515219778893,160.7273263079238,109.50002889867397,75.56340870038602,90.65746207699385,57.31106554495201,43.02854442859126,38.78499373115088,9.08211418123496,10.241353230463028,11.554306669759395,44.0466335420636,96.57455955885604,41.78815046967244,22.054007662554255,73.58872556456387,79.88460725323333,42.76138535865265,50.05956758295868,65.56604075043423,51.04400800351151
626,42.78086247214392,38.32213403330299,49.20785228630219,77.37508829004636,81.16613519511813,78.84953250564584,101.47363793718345,123.48412256183228,118.51779312698672,62.878911948702175,64.47809371056702,96.11640263952435,31.255476255950217,-48.43858113492858,1.797161589754623,70.72627628116562,79.95107626229844,143.82278353972663,209.5146034796756,201.67115209615136,141.40929328326237,113.28572771205032,109.24913297427071,85.83786309423718
627,40.820634265419784,44.767104784240914,77.10460647515308,100.75018325791149,92.88740965542786,138.14130461407134,174.72925521345712,128.27537795655394,78.14900839804233,30.492867099904373,45.76012425263886,24.907416314180214,18.85670905625246,-20.922025831863422,40.25654922436469,52.97057624119863,66.77502546120733,94.86538950857872,80.50692287313336,113.52554410734612,129.91015680827212,110.23930719541634,128.7109497026101,98.23013639780193
628,119.28405540274217,72.79337042737532,48.060225289961664,131.08520611871126,145.98225598703013,158.97698942493716,146.80289171290391,156.83800376961884,163.33463493907715,76.98959058358477,66.08726879613073,63.71870004515265,39.20161657853511,-12.701184687566707,-15.127502110311216,-15.354397591598541,30.343889704699677,112.2798139161987,97.8484797611501,113.94280040096967,14.001186045766467,22.545734335011105,12.247468420029719,-62.61515528812846
629,144.89155254686273,123.12637264078163,97.90476915600206,147.22433657400933,139.9115444561612,106.5089313292865,116.06455741579575,119.30737401412065,67.09747521580698,59.19402185261102,63.151154117083834,9.561361141025344,26.57205726582557,-19.311709150234094,-12.540687726256383,48.29967137036868,52.301120686780834,106.16916686323654,109.63334906744136,121.679034232121,70.33978035704422,112.84154003158751,131.79593084691533,50.8419668369813
630,139.2164268717695,98.97850202139608,50.405777403567804,46.5564811027167,29.831876840579042,114.92042920028896,109.55213630408538,105.81883547687548,79.24078202876163,42.01533941190368,30.663799699259773,-4.302372402607347,13.608650988069762,-23.10765809618872,1.306957830078023,40.70217634466687,46.53435330800507,104.81027766196723,107.036164065358,90.47295191372761,48.08519620099921,68.64872890176967,108.29624247773191,70.23659370527987
631,125.9871648401082,107.1069402741329,58.01942205637203,123.75283720839616,166.555479163975,138.64207536280307,143.83193417236853,152.4254457978089,110.99379095842596,66.40485047644944,40.508784584312394,51.82647017600503,46.442159840717366,47.54559029006222,53.27750068822931,73.16240506791712,109.19922086720543,119.15391759610884,101.05804270966809,20.733441769698203,24.594329517691783,38.61886641733993,62.325491035909344,39.36359469859592
632,78.78874216768043,57.59125944493742,67.43972648693368,128.69776831006135,139.977896540555,166.04748423621632,186.4902895949056,147.17828151275853,100.90059092238876,56.615075455261724,66.96773239712388,31.52888209663928,26.601480231695547,-5.870456736493808,68.04070377368855,78.733498247191,93.72193125373826,113.09877103190237,87.87207839258825,83.8904325555959,33.95315783708605,17.86043424847302,47.85477591041278,34.09542515841171
633,102.60114029419091,96.75839457150308,98.97505505496878,126.76137953135361,173.36988398656868,133.6433297182387,138.58838603956823,137.54163790322974,96.70436642013053,41.84896111283827,30.13720826159403,37.67043241158369,19.486361400149875,-25.913612098654397,17.439420359344297,48.581339776961585,50.561392846314114,104.98611759092591,177.2341927028674,210.1774470444417,110.84314493486781,72.22241796836505,95.22968136318414,80.3163596758437
634,110.72717905219196,56.440619017052626,52.588487093742465,124.47509181707093,121.6475619670013,116.97054173399258,151.19333241915984,164.04939886237918,124.60033188108144,49.35207792466906,36.265925812204294,1.3495579218247542,16.6246715427157,30.992330983563864,147.41901269675353,151.72443633296288,82.57292149968032,98.40048983791561,62.15741064473828,86.86415146917456,44.19024526493399,95.33717833296558,71.01608833801451,30.581954640661138
635,101.94019315852272,110.47749527911643,149.28522080216032,146.6643838119938,178.56412001836327,186.15025398502382,191.29318217204082,201.4102370493708,169.39925718511205,89.15844878668437,61.947640993669026,109.73793334180058,54.066414200105285,26.5930255554025,84.19992975659834,77.36649269339381,84.8736799541601,120.97262655698239,107.96012553965338,94.63894633613577,52.65433849541884,43.86997115863733,98.3953368880708,92.1365644671107
636,84.38794156786375,63.179528196997495,17.206159591758478,79.96189334899613,170.01233088408782,155.18960089367897,163.64704775599319,178.50133547556544,118.55695745356499,66.86227172974199,60.31503514991401,75.20987006553231,40.27322101079314,-18.501633207238072,-9.135129624148693,0.288411581965228,23.748950287642913,103.93425602179755,58.40999435173164,110.53041045524081,82.34137113068277,83.39850799970853,91.03162422483669,90.49829925446161
637,67.18244834987175,73.84126995814904,77.07705862398835,74.84585519773236,121.36911273720388,156.1210174069893,136.5282991811726,112.60624780304262,31.951045150485513,-3.141712071996281,-0.3568922084356174,-11.952353044707237,-26.040512300059564,-35.98031372174334,42.130233123269534,95.92906952696026,88.05883653912792,151.6414913691201,144.5439234232193,116.08000508987558,70.28176869336193,74.07470061960858,55.142292083648854,71.68394913548357
638,108.53726164193166,59.778827859563386,47.84915391615793,65.53180318594391,60.15769349338643,64.29658245883978,38.79820346857147,84.90852841261524,107.50878734503306,122.33321842540566,69.40497306434328,95.6128272253179,30.56351399882511,10.599218024746648,12.731628065245474,12.275491157447313,78.03706191383405,99.03524653116673,129.82704862624234,135.0246519993213,74.16970987426723,106.00714084109282,124.15372473103326,110.74793833699665
639,152.5152152657901,109.92247922600583,106.74827214132875,169.0885462388527,133.68909171886193,171.251515200962,170.82562048669502,192.30730299490537,130.83369021404943,34.321626477943546,5.881179283767416,36.731536809022806,42.81031482368637,15.976571401219662,77.22864728939359,102.27224340151506,108.17551904286015,137.96175686643494,149.23325183205446,127.17168844232879,83.899542172597,85.97868616812221,86.2943408028546,66.15061158349121
640,-28.45525575016414,5.313944413576223,26.201103627783446,44.66834073552005,126.21154052031679,125.33271746116212,140.93759858925674,132.0721019043462,71.81867355967614,4.424748828088767,9.398669903903297,58.38566757475064,34.56047263510091,22.97862563050266,47.838670265748945,88.2750344078207,72.61396757813618,124.92982132128571,319.8147955702809,247.17716284852875,147.86090904744208,138.7931734720895,136.8737383105846,107.68929651305578
641,78.70051246707145,90.13670452776208,106.24371456839395,122.2120495957131,163.95871131991322,159.65432255638734,158.38996707252062,167.16447389628712,124.32277193201536,28.82179025089996,14.022860744082067,64.36166031458649,2.498017034640238,-20.815158938475058,26.912562086691857,80.74559807569206,118.32356119424028,146.6039134191603,116.06605129842569,74.49517812282068,94.33321290699985,115.02411748447796,114.43656283689273,66.14472778183223
642,111.51990001129134,38.13039705643472,70.61216186768937,94.09982195531651,106.38718537131852,97.88745091604713,122.74641240479319,148.87162596343674,100.0715372239054,48.66622787998291,25.02192178615109,62.82256318904831,22.73257193658543,-0.5277471318788445,60.5565829478621,121.56441023485547,84.31820105955211,190.61399103380666,166.30974678268493,127.96969394387222,14.730847055451164,44.528003659976534,47.29645534205444,-41.35465057782359
643,87.28155063356056,99.76306140667103,103.14979711154001,151.50341409069233,157.52226125243743,152.8221080641989,141.56211548285245,119.58769150934023,86.4947535383463,8.65227873079089,-0.764167794417574,167.81974080330968,146.12085867372207,65.1385355073136,66.25384346585277,94.7805497030985,104.42165647236236,158.8933278071544,130.73889578841636,146.61639850586033,105.9626257695505,123.97590095434516,91.25192574844563,26.179150681274123
644,69.36897888248022,56.44292981361054,79.85740289621688,134.7983145222583,150.8578007368274,167.57029464369705,185.39784615400237,187.3556969198154,163.71110570915374,144.6232432151827,111.00307759109509,95.992324244874,98.95628907776891,8.391785940275863,43.03946547111528,103.16336985746824,69.63895116519794,85.44599395827834,84.24177846161808,131.48816769054176,50.54614248996804,99.63998672966565,53.329180486495616,71.0132745031143
645,47.65935244264955,47.65713400425897,46.558686720648325,76.31424408381596,139.31344421271638,146.5800612677012,160.02936819247805,191.947502813166,89.1790654139933,-15.721226944132304,0.4531215130008768,10.383966492431465,21.989881790355764,13.226777346858189,58.720072938304725,100.07997272973613,130.61543742477244,175.81691340883577,189.2742495016599,161.87116808357194,139.726058256524,164.04630623488703,169.0094518713746,111.00061225258627
646,91.39984280369998,57.52532841221296,36.12240070159276,104.58746544570938,121.59401720633446,128.12974925421167,159.79474587797324,174.16059987901798,143.1482523563424,71.95058161703611,20.587115262045216,13.596137710978418,20.294995719993196,-11.59866745496848,43.42114921556629,76.11534225829179,74.79181859332776,132.6162454362098,138.24883290014517,120.2077979096909,51.0043117285736,90.57837013433145,87.08634066948372,45.00717010571071
647,53.492396583202165,75.66586931130558,93.38269406019677,139.92616155236033,132.66401317824054,131.49708013309981,111.75949399107438,124.95284481105386,68.16133986324783,39.26565675689898,-9.759828653931429,-21.884407261991548,-48.83265724481956,-76.47292084947148,-25.936076123902804,5.035512083516537,25.353393903926026,105.849020102071,80.92883610722423,45.06423332569821,19.62579041694174,26.799720004980358,25.796478345278516,-4.307749315347962
648,92.21299019087434,77.98652878053655,113.1019781845608,165.42757966061367,160.22603466776226,175.05136838751758,152.0484777048505,132.39227207512693,64.30281164971349,50.763175042204864,16.23250917876875,43.116088683133526,51.23367617489804,51.00599356570331,96.89412510637892,76.85927318727755,49.91877414390716,67.86850913165875,82.60966566949449,48.44185132630805,47.566743880454325,78.72861094055276,50.64175756689179,12.590255123668612
649,96.22289650275083,90.7104097541388,91.45184655085693,126.98392612925298,140.83554480753898,131.031559219413,93.31597942879941,97.81159614601553,50.928609140655624,0.5025496242128895,-27.680434753777718,5.620486468996397,-0.3300755053764739,-28.074170566320667,13.02435952388929,42.97257123016413,50.428424949563805,107.74476832332988,179.491565663109,102.66561540654482,75.38942896639858,74.93996659014542,18.962328365537246,49.77079372466243
650,91.70143904426266,91.56801030181052,133.44054256017583,147.66728859452832,150.74689978430607,132.16460711403533,134.2349974643189,140.49148013083615,96.59063527661678,52.63492413614509,58.48583677195898,58.94076882692585,9.86276177128764,-43.77543025779494,11.28245549621448,51.45789306562659,73.69529522514952,159.3706181096084,113.81948592528164,91.46064530539077,49.07000938331587,69.7814470903276,16.593925086159096,6.872408005421313
651,108.82763929084092,101.86647676927248,112.38113347523296,102.00635896849487,141.25171742311161,76.81736732615167,66.37085253786623,60.7444650204889,71.03305363007371,65.85803066439446,11.090298999281032,8.973771505224363,19.720640337253403,2.928934666366235,-13.513650500770463,-4.198097363937023,-15.849241139412342,72.96405787733866,113.29075871075881,69.4118996644761,24.506583423468,23.435559139788722,52.96061158129343,76.38898164477905
652,85.34466394420454,61.854820648360764,107.60724134450359,102.39189602459821,145.13519059852055,140.57104371717344,173.17467974782818,178.18393863787574,152.7231130793675,74.61860496389626,90.07628351044303,59.39347742312954,13.16022566602862,9.322590579524352,56.98365018051073,73.98569049942175,53.4056943366615,113.96211881324311,89.82547762412764,123.22710227252448,98.5359747651209,135.47520152551746,109.64056245531242,47.047836330146424
653,38.205186292331646,31.05532692619522,76.81360843074192,59.70881688896671,108.70258719017437,73.76662942959695,76.46245626628868,113.935448243981,67.80064444213426,15.695546936912095,23.03167209000811,44.50810024126992,-5.270817246942439,-93.49649623946115,-7.55886480441745,131.97148965706734,113.61897347064962,138.79039538525424,113.2615672693844,80.03287314237073,39.1625003700309,69.68234912946912,71.14518878933184,23.527172330876105
654,112.21844534411774,95.98382458265873,127.00853233458423,110.17448471681438,148.57046731401167,155.883186675712,150.99715960698546,135.13545301254905,98.40805316638429,19.443939421880938,0.5102757493790442,25.465932284334535,16.145548542081595,-26.19141341510045,38.53183589908885,105.74226099045215,51.81607989749875,61.59860204685103,88.08745026367117,62.98724736857204,-14.851060249934953,58.278269105162785,97.83145524175094,28.638923124783346
655,160.15953622198737,114.11442119719646,83.1172425780256,159.6904020424197,166.2645809035679,142.15594446790539,191.2678110796577,173.7789343447265,118.60885542896192,60.64126986274543,62.748951855636605,45.786898189269046,12.268458381517831,68.7171947292387,92.26909862186778,124.16209487418652,63.43309709830325,108.25481819152938,154.01557169784564,116.30285017764857,33.695074645279995,63.42848383587373,44.04953149705314,19.229220509329775
656,76.49324967021289,60.573403543755184,81.87920006425783,62.1369765345295,146.32391648927202,178.87283060742132,190.92075334497892,166.72618834866984,134.49956907395787,113.75983461018781,72.89343048302412,39.61491368279595,27.37957505956435,-5.10949295766073,9.137047069427691,41.55851656028976,63.01395392923147,80.81321248201175,163.06609106176998,139.46728231864972,128.02382757563961,108.7023089790321,328.03322497023987,243.45404286026192
657,60.718242041655536,97.77538774590039,118.40292859205107,124.17975647888673,155.7409147607544,159.83794454329984,125.18443367141998,95.97470436452637,84.02745205017872,87.16625281300742,39.49389732548212,51.937984446691004,48.95696954914237,46.420876633651346,81.77043324147665,83.77082932222044,68.46161867290738,108.18348605622809,123.16443894849851,176.203976296335,95.56149559650382,155.03686614176308,136.84877990165012,62.00943026118517
658,97.33976948411889,106.20776272671651,108.28349164248287,75.17954144664536,118.54360880472045,120.6648658587307,126.55367705399718,102.15168838377589,67.13675921251284,53.79876622187783,36.35545932108158,17.53199213526476,-11.748356600775903,-24.944356180996312,-11.357140722596295,14.665180096255732,22.0622546418265,33.87601462216374,47.23135986206948,54.04662227734376,14.573489648032812,35.54295966517036,41.70726986827668,18.20254153868518
659,118.4136847177276,87.91065616765582,87.82633100843898,101.97043415255551,133.45410852767628,139.36725122028798,106.32899018503866,100.87783413733442,82.68090907973415,28.051364018717383,-3.1983464727069375,52.099758290018194,25.877988009372103,7.153704851031996,15.862589493260483,82.01292740230389,117.37160934577135,125.54507273845385,111.4359061291711,133.38063743571627,89.43713484748672,123.33625838859207,91.580891119138,56.48552662319909
660,62.314398969298466,40.511955744849004,78.4237705350584,80.05536916521169,96.34076276384656,80.3291832330151,103.26734339029915,85.14324334612591,77.21373113036935,58.70347907027633,58.43798389970428,69.91513545635611,49.492947443737826,7.489570184426627,36.77214876823824,93.23714343480594,88.74495480653177,141.38642102882312,122.24383101355264,84.63815258416462,41.73835560294571,38.69512974417619,1.0173289015445874,3.827763138571399
661,110.50378801673199,84.03410683485649,88.5666768690231,117.88676637204424,92.37827812471288,129.4132981749072,131.34458004074054,83.62522759052605,40.08367760273552,-38.594279193772906,-35.84322302892586,-29.852956759556264,-28.43716003730069,-25.94533935102661,46.45422796549979,59.72275199241915,46.9675483968566,85.5901592644554,94.27493552913849,129.47162381931938,84.57137029553387,108.79479495287072,121.69242258862536,102.66158771814762
662,99.14141676324336,97.60339767968215,129.38562231481706,182.7731267567945,207.37703422424352,189.2149554651841,228.89178639492886,207.479382765184,144.70798682759244,66.03284788517479,62.43189711898886,103.94766507082088,60.67004800772324,18.487618876564834,5.798565960100756,49.12848155515965,68.9484096229206,73.01057080858192,83.17111941929167,57.47891780998959,39.74768002263085,46.91882536738903,47.165189611110364,58.695063734198
663,176.37664982057407,128.01888400613063,135.750240683267,152.4836242955402,171.420835719566,179.087298749786,179.66108190992284,144.19734199536123,125.06814990788968,70.29158159258043,53.843321457419954,65.99892110530155,35.989968551606545,16.24668832304651,-15.053682961077673,20.385022661286172,7.950225246857769,71.17635410449925,86.22912837006021,104.34894876503438,48.02683076560517,77.46023213915784,40.59086223543781,56.12044874178619
664,105.38527138336667,117.46346489505655,122.92209832671705,163.83831106516803,147.6061576428747,168.591189502856,153.8800598316468,181.62520837519068,127.33693425264303,72.4871854944236,51.877920291246795,55.03994279331631,27.635115941228108,20.86175918659787,82.45971658912444,131.99003107847597,134.39349958351494,126.81449364581485,137.6212770072297,121.69601696809073,67.18094985542547,78.65671176097221,66.62382825587311,55.24694623318285
665,126.00868753699572,92.8773311522744,75.45073339990134,86.13798722366846,87.45553691132075,119.0900316822325,128.87125320466663,109.2910722741348,49.451239935782844,65.40572143060297,27.479743006750347,44.829775596907375,40.36491518997025,-2.9999579037849085,30.41126797397198,50.16107311610527,45.48566476439958,68.29912798326299,128.24738837852757,112.89738719133693,84.73332409982612,106.15518682118619,88.28388719674987,50.79347898590723
666,83.04772204438402,96.6375337478318,61.16136189024532,135.57222865731825,127.85874945956238,155.3806817765954,187.32165223135436,143.387248069467,95.4987169706917,42.807507459385654,48.28567564211888,56.46514969584711,-4.780223343297976,47.7844184077091,69.56745462331543,81.57308880423571,122.7586348656697,127.51044066334947,99.38423064284014,92.94142036004476,82.18895167751191,92.21960816708302,66.146021508279,57.83679826472111
667,81.892338023606,29.077560452394046,49.51897428301004,99.02873879745488,99.32470795880658,155.66930338569264,119.96223416016369,88.70764223029744,46.02344724913672,-22.197884853659474,-7.437780455713629,36.19779278911244,11.969559821828277,13.78410968173701,67.10942839944619,119.27730657385051,76.88829622452408,120.1685254401036,98.01253084785745,96.14936536334116,33.90150917397441,76.23820552559266,109.70660894901687,60.504660661286366
668,54.33762385207736,68.13528065938628,56.00238390534352,144.15405464756248,178.3716979761777,175.1299530061967,205.8472347701707,190.3650853556232,155.26686361969854,81.4785876815326,113.76959896381845,138.3097235202169,196.45209581332884,116.24035813522676,138.24288045718075,115.27352123617426,70.81647362539334,126.45563069100247,108.09196398083988,134.15096653071043,96.72582286866256,98.31276423209613,88.69920966877733,22.335347848916683
669,128.8454087964984,58.64736974179026,64.74293350843688,68.43925597463738,120.78798188443864,120.35954680900352,97.38095889282162,99.92113360549672,42.058701389170196,28.57708982091523,-8.778842495922738,-15.169584062776607,3.502825668744805,-9.447782103874228,-22.933937134129554,34.99025400018232,39.76714207589908,63.60203273353949,79.0135152295434,92.01860648721676,60.575488063092564,93.85938824321484,113.43607988346382,103.80942767184929
670,149.6820020150634,94.82161261252557,81.54141740724161,185.55017088877747,186.99894452634555,198.03014758684438,124.94193446616374,96.30228345208556,24.66725182001933,-18.246287780749064,-11.488013041271266,-17.01055929846747,1.3982806043326512,-32.836132297787145,3.783468926911322,96.43361118879194,130.1940308895575,170.35557541141694,115.98088455672008,87.15971707821127,65.435017999203,80.84036098730942,104.53549668340943,84.93581966163924
671,57.604966954796005,30.492531392681556,38.0058833366969,39.429931881747805,56.54345832024839,54.331739519304165,110.77638543729776,128.43338700599782,55.50213983607265,12.647675207204273,46.85043701559792,50.991076952185395,14.022961160472969,-22.343642713325355,9.302107152558218,65.73092580411236,91.14692261612757,124.63341037200827,81.63357048401261,76.95418625702162,45.97443955192969,10.244967002038692,32.504382375422,47.44056830952235
672,117.57150460807968,81.66067556179013,111.93130174786164,134.47474940778315,158.0944094690057,138.8940899965424,124.72524662636684,95.08758496732284,76.51094494130301,14.332192394427757,-20.157815597693435,-23.982381123035623,1.7950796833312417,-56.3122260490363,-9.94132346733937,106.59983138544214,101.1968694751205,162.8006302073603,150.77476999307484,153.31389994908366,95.9669445406281,124.86595248875646,109.96900549450797,99.96549991225656
673,69.08422999141855,53.82617062917954,120.08638691781144,137.27831061137235,172.15704280409514,163.9621329211918,150.46501749675684,156.0098041610545,116.48618839981512,39.78230843826566,28.15250799369688,26.411325399670325,25.791475707498964,8.536393581864466,35.888465341242565,40.047688371385014,48.88666003569655,94.59299371030811,91.82255144449319,75.10456541242239,50.010768511323036,65.70936228189476,81.29592465029098,45.448957526175725
674,87.87027216707746,80.17754364151003,13.160198314100711,76.75966337430617,98.2996082494692,89.68901874276365,148.32542130619285,92.26520198829476,82.15231062653754,64.22835715146486,57.77764193642857,79.51600515194771,57.50679963382059,30.432238000182867,48.5685188996962,136.48704757885636,107.94467070452583,143.33133224279595,136.07069142646645,84.67962831632936,37.159252280707335,64.15696039794598,88.88456012209373,91.57276962592508
675,140.7805739596961,116.57690216872562,161.8676857862096,156.8610962293325,120.95955768155588,153.21029361513484,163.5000066787232,85.31593273229964,38.83142325442496,-9.714508738426133,19.067527960801108,63.685410431538784,39.34568422561803,-13.896123904442007,40.937958112638036,71.60707249070614,85.60856844108962,146.72969158700596,127.80470313168807,115.49307662532948,79.94561813991818,59.67220313380471,43.4692985783189,32.68039605697865
676,140.79569026426105,44.29607702146794,92.50461396213807,105.42099422299975,134.86507294654777,166.4457413545924,174.0269387915386,168.53333578293075,114.47055230423217,58.68031247536795,62.853215248629525,36.675527591379605,37.8549959130672,-25.22760201933274,22.16687363074003,53.00641999081686,74.18258009232645,94.52979632959398,57.84157479244412,100.77856102790888,35.049598120825465,27.05314767603825,53.362066690063926,49.80142461377528
677,72.27828269581278,71.14510960312099,107.54488279070449,122.58764920004096,150.3128240009918,85.67264747855914,107.50415408044228,88.95067511790234,39.53481771006693,-8.792080035610567,-27.793476417364147,-15.248943036408647,-35.13389598874869,-58.6135457565444,-32.228653989867226,168.83782455737943,163.02985224851574,195.0937500855361,175.44362432950612,166.25269784504866,100.1758967465797,100.75526744507894,93.85221983682754,10.600072905129593
678,130.69021454802666,102.39914129548521,79.14269561915879,87.02540428882737,154.43694078444537,180.9567365218381,120.31792014757278,87.217165549528,39.006057299220814,7.735208922666459,28.16758480172048,17.81508238549426,52.60693856565784,27.164079230211915,17.241096416034587,63.47274220359725,63.20836086935184,99.78778581064078,94.51297154320079,83.91349922884889,31.75430791303724,57.81320252719287,74.28195051002464,50.921793124486655
679,136.8862201434271,72.35881157043164,96.3653792078104,72.98585766630569,126.50412916990359,109.42826744795855,131.16201682216902,119.57200936861483,70.29643757149248,9.349606708045492,1.9504257292895026,-14.286801251993893,-47.71072083550051,-24.03309976289406,12.223862046757269,83.56611269265657,87.39907914667134,106.70338194057051,135.50748229346152,112.52143727393089,72.47872295082503,76.76339115009407,96.15595694874503,54.047823235963136
680,99.5245122497188,71.7624380678233,79.0495188958517,119.58598168974524,119.86937086909789,121.08153063670909,139.86030880744283,104.45135074607614,42.999377830472355,19.90209527063297,-2.4084183782775455,35.82866715451854,14.525973587011817,-6.116709397773473,40.55807339050707,84.9661357406946,110.28837176755914,121.89426575485942,132.3432536875846,124.38780865918275,50.80157142800134,77.96297299225064,68.49731626676345,34.736557332619455
681,73.13299311556054,90.35128978837594,103.08419417755681,159.70888568908373,225.1686548511164,159.45551024478632,152.8077761668009,130.50160849647222,125.71117867803882,63.06515757929324,73.98892803973158,28.456915168679743,11.126830495382674,-30.561515859719883,33.074636089505454,104.70575428493053,76.5225466958785,119.05020720177937,121.26937834215988,124.89738764838148,112.670539558538,56.26077651707299,51.77718280775154,56.85378213044236
682,117.02710690705095,57.83042095146547,106.65880151150023,146.66795396426113,226.65031128621166,151.99795658357613,173.506372346111,151.52010579799284,92.85904970432466,37.878442554215084,18.692736186066178,45.32383787960306,12.233013036184449,-34.14271172554466,-15.080326001063558,61.14410251225337,96.16631081908649,113.31478177429891,88.52238145044589,92.56825523492287,30.626718940629353,54.324233777125,41.77265311957998,52.09901475881324
683,54.52627247238152,31.271273178157706,25.30781609278111,52.56351784163226,78.76263450645655,96.40085600148451,127.11755151272237,116.25198595145156,70.28215640004063,24.39039959445126,-25.195589708220815,35.38392628628177,0.6328825423983737,-11.248375600269917,27.681833837232297,46.68943429909746,22.349452391969827,58.810028647974505,85.20386784241306,99.55497567527212,111.04494374200425,92.57868093270335,59.212508845470296,13.856608096256501
684,82.2087235636167,69.13971170578462,71.76858015205954,115.45968031259589,163.30132676439138,190.30123495441632,159.86980067102962,159.64044494631966,104.1275230742307,38.62537001714144,27.44840232469342,46.02029413541913,10.765284319774736,20.40196410684692,55.263376467637116,39.77976295161684,27.07362286524028,55.71911769570488,84.7048334933552,84.60384052678307,39.456144069829804,32.43798591144818,69.56179487833478,75.54716871391234
685,142.95878078338447,122.65618559667163,102.4106902282754,104.90513887022148,136.61179370472846,135.40797443956697,126.57874987034052,151.8712295233351,152.10271031396053,40.77206313234969,13.656467415597287,66.61956756385445,46.25200729432089,-6.237974528658555,64.38965900070889,77.87448513472978,19.040233388850275,48.37345807814689,77.80969371384415,71.56995299186144,49.83327026110487,124.11299584879598,112.62882020009641,83.53032823991609
686,157.09142802737227,138.32088453739996,123.79186317722468,125.12620949240375,130.84825559742706,139.3796015495504,153.78606189190597,120.87616902894025,85.39043199550412,64.44029616788052,21.82131488754429,12.94366263401178,-20.774247060048072,-23.75723166335235,50.13016106671043,44.90605031070899,50.52330586552203,64.42412865686217,37.91217834167337,25.1777324165259,-11.446912057211001,-7.303781805267164,8.720047501381387,12.09400993621638
687,130.6298841000215,66.66003069113853,60.17839597693755,108.1506303594884,95.227943032524,113.24221493249735,113.53919083377,133.821174326547,72.03336467569268,11.28746109413903,31.422780748008304,6.399581343523355,-6.726197282882843,-51.22918684014478,8.87433212087084,57.828080758608884,43.67917124172297,83.23533143360706,123.23565882352267,136.48951043327082,104.29525088184019,134.54306353971646,122.8175631107122,50.29904070744891
688,102.94551116550414,115.07278815786651,107.67707125735353,174.111138833856,205.95800776690967,199.55525391976855,183.16323910754818,205.51489386418447,166.65947647252312,115.5883095254623,53.472862912975856,60.21710172877467,23.31255640781054,23.128447681479386,-7.237661491345708,89.61370172154177,110.84038744818048,194.5641848696617,210.93294020157623,130.9206459251068,52.248869490920576,78.67428773404218,81.6210536359381,26.161404240506407
689,66.51101537103894,58.06534840946843,92.62051441584958,156.27483243995567,76.4092267779009,141.46134593232037,168.83187042479085,151.22407124708442,66.44084926942688,6.934282196344569,80.41023003704817,58.63560422331179,59.25624222942821,21.718721785515463,96.56450281356089,142.64051173038928,170.39618392110208,168.83391914086405,192.0703493587303,116.21435995229123,94.36434670237368,100.8228405884636,100.65976962432728,38.24629202880546
690,139.76750825590176,49.60531857759745,77.74561842318134,81.65309414844026,123.00465945052579,134.55314217332355,102.95557611225169,124.48769843489981,61.7537946215616,29.79281296657951,24.80830405633849,52.57385240361134,39.454404751454014,9.490445863240708,27.091639339862745,22.310196406993633,-5.055151774644358,56.44376196941838,103.92378624551782,81.95662268397385,25.067597535415693,49.64938141589195,39.80019300099446,29.024606365434543
691,109.62174937917871,81.21009946684589,98.94050045059333,81.67508862862023,131.61054565897416,156.23086664665146,135.78961007667888,184.31252944522345,157.69513009136642,77.74462463922575,61.585168812656214,84.1519509139299,71.00935814210416,8.248567294024426,17.059779645053055,112.73998396307735,96.12794630261673,135.422553972051,161.78012273481295,123.42219319025828,29.18647476680502,40.8178060319174,41.23438958404067,17.01286160742537
692,64.2060198531824,60.56762735766984,96.60843385155495,102.36844505095912,145.15330480049917,162.29894231672955,150.99684097217465,135.02855365089923,86.65170399243979,25.845520100368503,20.094209524491397,46.6679252705515,22.295585127800397,26.707292731271135,69.20118027334878,58.50975731440505,16.178876085261187,65.98101058729998,73.0121528117189,71.57699532558163,13.778030263124187,43.07938938768969,197.87082131587022,110.50736632126612
693,95.59911669744113,60.081697204924964,84.15592627195186,130.1659815199717,164.5903114108983,140.62722524123768,189.13728221989737,209.40718280343415,159.40062499976648,62.056797944405204,59.41619805987557,78.11719974540843,28.31665265356336,13.1007294634251,26.02449633301217,34.09553626858758,31.995584595774048,77.02011009172992,113.27055101979286,70.65362151182651,75.66642595437207,98.14473337063893,62.803652071406276,45.96929002175238
694,114.45218575889206,108.42880025703013,104.27402634460306,147.26475666552983,191.84518378620334,168.44774198726293,153.44216072563748,239.99936281341462,163.96965821379843,87.90407890237172,36.91646006058943,51.601453026981005,62.01880494135321,34.475308735829174,39.69509804120949,73.54179075763396,91.78466256525851,126.0865458358915,118.69720118652081,76.93606893782955,-15.758169871544645,33.96550728686478,40.98330767322884,37.14640748410605
695,119.17000893780623,65.3898406707084,14.259874519840821,69.33245588020598,77.15386687982273,94.1742239377232,38.62414264673184,36.828121789292396,28.310574076428104,-36.957203749339385,-18.402341624760467,-22.186853120472136,-78.07742289098444,-80.13112309170957,-28.29670325989147,47.41027215485037,60.811034208385195,106.94854633557665,143.53003843591995,149.64338634676494,87.3272913470375,95.66134028397187,93.2504897416502,47.00877535154255
696,44.22361502704558,25.858644914715384,29.97312555227004,71.57157144709046,134.57434738267153,170.92731051202463,122.57141012995032,100.7567437422863,60.479452042353316,41.4278259024461,16.260031735531243,38.69626929999003,-1.4202492417223844,-21.898029290847703,21.645903357456316,71.34742842067368,73.06240377618046,118.35815445277272,112.5588687633367,120.70532156658089,92.73294889280936,131.1903312053712,109.41236507564534,80.5087245042144
697,97.52554767903528,30.862878604865934,21.508819509898814,54.744291744549415,139.57396402887747,129.05748843547357,147.54464066761665,98.65057447407993,51.762059742302824,54.65578624463181,4.159700770592355,25.408158757595967,-8.763761398178502,-83.46386878354456,-54.910815327942444,48.92008404637842,83.72170285019448,75.18613490408502,80.72151612986845,36.75891560399654,54.92910296019782,86.83374666012729,86.86756924137379,89.39393085370806
698,108.95116885445908,100.04269575520192,85.99185703049763,86.1774556669474,110.98857671287492,135.2122093967302,135.8647126422659,96.86080204656665,65.15378187925279,4.372768977083467,5.256970200089043,44.658489543470154,-11.355832948630237,1.0556763272076104,59.21853903317499,72.30011507080904,66.62312298731787,143.47050511959327,96.04846290035036,63.01684240053546,-11.620852253901127,19.129878382745943,37.21068398306271,49.514942848373195
699,161.04858565317812,100.49746289411769,42.98460572540699,70.42586326750902,98.92051032292196,112.67309150684461,146.82257925825758,127.25707252269102,81.02971891166504,76.68858270170522,75.10296851562822,55.72859017493788,71.98836013748799,14.653204513258355,31.147125956158106,111.89801290922205,84.80116084805908,104.1247468313486,96.80647304995834,105.76409387795474,87.06591977593251,57.47019075892126,79.95064412599626,42.72969849954805
700,101.46939157395278,104.81481578815355,121.89494285637784,161.35258141762284,156.6740220051282,158.91044702945322,157.2634883702464,137.37257950662985,73.82331972229673,61.85959259501011,16.37571836216193,41.21073849078568,18.023169434263295,-38.21185096668141,23.425609160858084,20.247126304683277,55.83013738713464,57.28173278407213,40.80515799644617,70.48328578337969,51.149721617310234,80.78590289215234,71.39680282000693,39.59587562928573
701,137.31843557356453,77.30141415484512,90.08734355853831,133.09331533727558,128.32695799402933,93.15992134981559,110.74749669974084,124.31575559657206,70.36749807992774,53.75200836105225,0.4939425892028311,-16.1289268217068,-28.986876041918638,-36.64864204430992,0.04966009916605074,33.141219252786186,14.353552939708905,65.39470591792026,82.62124202731457,108.92273868732654,68.59494554566409,101.23096535649512,113.39595935689883,81.07510567267096
702,80.51195887002598,60.31086819219495,111.85446701555227,117.93368462039265,139.41949424124047,172.20838363921047,151.54047038690697,141.4099278418411,129.0142843467028,94.47184149883888,57.200583854806844,44.8970476939254,78.91232520770293,-1.7471980141319214,24.128814599979236,73.87767015700496,77.88223869504982,59.949530922570126,105.64392355440029,66.0229420477167,54.57214839065725,53.5594338229584,66.28927866227433,77.42977372358169
703,97.21305851621946,50.00655293915227,45.64415686981012,78.06650754053014,137.53254186319776,143.75706494477302,170.3376778244515,151.15149873879759,108.33989932357616,32.79724375780017,52.809943844237,72.96596109845076,14.484713248549152,18.46474894661346,32.4637179699974,105.41965808892772,148.49879239551694,136.4218776301492,131.1772811661662,96.2287439847406,47.81801978826776,97.45536275391783,134.3138580411479,184.82480274565992
704,92.9214903447126,62.10450035560916,98.94173834914294,145.13261288506115,175.65490119972273,186.78208964619242,157.85995308297544,127.32924870751587,117.43825669980637,28.464536688521292,22.227455718565757,36.97712107675247,42.86926798099714,24.760625635156092,61.99021742136972,111.16731364503798,145.31267226904743,144.02905783527407,115.58471734753059,119.8830376601148,96.09175650573638,74.67056391795994,51.616626316577246,34.32039066408305
705,87.43316879608075,47.32416710873461,68.06621718327274,113.59582274417437,123.55654050552208,133.4918696434039,112.96840788123554,133.74156956467434,118.37435067305039,52.8529094186475,29.90453488139137,40.84929897913142,-0.2839752855002615,-54.27883162279312,3.0381942996209013,19.379249096700434,52.49428761631647,122.06437727226262,146.28124938279598,131.3541608494757,64.35356604392551,83.21220225602329,23.573945539044757,42.680996279500945
706,87.35750997810123,88.58136283239655,61.05120737981201,33.845732301897144,58.95652405602097,111.59112614199655,71.91349989932245,79.15624558312103,70.45666026121194,51.753124162897635,49.08237284518634,21.70335130232626,30.043215454568415,10.0631917647109,35.93790462067,45.4824258181205,73.09084299400486,98.68959409196178,103.48050189348726,92.17798192777336,25.74111950078193,24.03964780021196,67.42042708412886,56.79462087255733
707,82.47773197733233,66.30765198258356,80.63123414963428,128.55602611469098,136.73460825128967,158.83312888269123,146.57803192458636,187.37576889629676,103.43805151146216,60.37257805583924,-1.7533585023903129,22.36478178421862,-23.990518702880376,-12.428339549935437,21.808084340923035,58.848914658277124,74.48683552620736,127.3971372438071,186.73079523234532,172.54591611954388,101.82731269225044,100.89222211964012,118.81228282907527,77.77425054757703
708,114.76628062841104,98.90220576281247,79.61471059027528,138.48963330487754,103.00667269388089,106.50675344650594,145.74717362977108,181.07998135738637,112.32354460548586,46.161349319919246,18.59375508845649,-7.405439893054293,-39.155835122630506,-3.708667260723214,52.1665384163583,126.1508634473318,79.72094715601618,88.13009734645479,107.33805238608372,57.939687982317814,-3.994810326186986,14.426266546069463,63.884818622887444,44.795308968458514
709,130.7433886988379,121.27872510705286,110.59568628781338,101.21150847166015,141.2577670849088,128.19858777803518,140.36753772071427,130.19202450798397,50.25732056312086,-24.275442800824834,31.631611521815593,47.77798809014576,-14.009276592177503,-23.295535610334635,6.302137486093759,28.905586075090625,78.57528896340565,104.34230376373468,65.24354417655248,89.99208805501121,36.20843457438791,10.086460958003386,20.138121482555057,-8.46874279234651
710,38.64288014019448,40.388823418337445,236.91751207965078,231.71107427905213,221.89564283863888,195.59341292702882,155.1092394738583,156.76770566589676,133.7028727178988,47.91349695291226,48.50763136207532,33.78312163469474,19.45870342371401,-15.905604752671236,5.618881484227611,53.01118448793328,28.072863485624616,48.583273924857096,44.33266662309998,3.801063917515606,-35.29738219770949,-26.60315654100289,12.376422715595155,35.909845502654534
711,96.0588023359098,121.48890576292396,92.89055036884469,92.79050180999513,72.73453874473319,121.86751512870099,128.8255242545769,146.47268786179308,78.16624021746622,27.816282698138455,-16.509096187571352,8.983484782529398,-0.498335748150847,-16.38914509084885,50.810668314957944,61.29469266253974,45.299269335846446,76.00378107747792,50.284286092155796,22.462760973787255,34.68751895798515,90.27795993248904,55.92175460071343,43.65193163810401
712,104.8757187132965,34.76320408100041,61.12487743567007,90.43460711439943,118.76015503094723,119.48791670191653,127.30397445374359,145.80978582757982,105.73042737987444,22.57018536986186,7.245857855965141,53.84605459197502,-11.789277250602346,-29.52148593866443,-5.348497099460879,28.959342646029228,7.775190681759625,77.80201439827282,131.98332593623542,92.15176566806782,57.667582890547,87.85055510183322,142.17077443705034,101.6022782205797
713,55.07704280706178,19.077195624341456,18.506205429725796,80.56175511638153,96.98292845515223,116.35627781926921,88.40209839343214,80.41615905355411,54.114828330226004,-13.898668428774116,-82.58653874583072,-46.43739300088528,-3.4747403142285513,-16.043283848345304,46.03713531437138,61.07784527947928,25.38866872708872,76.01344942077591,131.55354453605946,131.4743750511887,109.12132462959394,83.00936457629498,168.1978650052153,148.81168272850505
714,122.82963576703298,114.0765612033138,97.8196798492487,104.67999568073489,125.42574081717814,101.95477422248727,98.39533153726715,194.2221441275152,144.6953284907077,97.22722941636577,87.04351304311274,67.54533026572273,80.01433163664025,29.109278843875575,24.93609271035557,73.70239600862423,72.6929093349799,138.07292209411324,138.38607671855186,146.14805294999064,126.99489772510182,121.81931677977755,105.56343142873354,58.88930064449831
715,141.1748989489705,91.64753593621711,108.94228895551612,81.43817230704246,97.03992288229605,147.821119393488,123.23752114375299,112.04230470075622,80.20679807928558,52.417355674234486,70.24030551309721,73.79379506705811,35.367840507044576,15.77230671575505,47.979645705835225,45.54693212276377,76.813077843871,76.55819480251495,92.74238668619246,56.94490860398311,47.11439032510391,78.7607262555496,80.26447071069903,49.15592174011172
716,134.48029281667462,117.48153164044153,109.17766482380875,128.22916496713947,116.5354439859232,163.34589282845516,174.50118108966407,178.08766219055556,160.6875501988639,163.36172997164206,153.58265139426885,73.81380293807662,28.066521419985882,30.983575197284654,45.76838587153564,77.35032282699797,40.17718026542573,132.48869030114304,137.80115751469378,144.62726603323435,106.11873478258138,101.96412147682047,111.22303083574477,90.59943240415416
717,17.35815583808848,29.71635446117027,39.258428229776584,91.87981443366513,112.91603457461952,146.45231578484797,167.6901096727957,159.0596789649586,133.84090338362148,80.60640419004304,14.33312971009504,21.89990521774334,53.377055952609766,-2.0886761590233505,49.43106561922622,92.46428129085373,83.92810826641418,80.80295923345017,95.65869758238642,146.01911160081025,116.91915447379816,273.6605614374513,193.44749220147293,158.13837281236943
718,180.2529348171824,132.5159121282228,119.54107376873036,141.56771052075308,164.4798036178823,178.50417834605696,143.9411772520333,99.73727223341936,69.60542449616628,16.671659433781134,-16.11601556033085,15.45289252923078,23.1529978222661,-63.74283121237637,1.2541262754162652,66.40364813777282,46.159057204636575,85.56695207006184,88.52749669175729,65.70519322512976,15.041436248362935,31.41121779610893,27.192129283866393,41.299684529179686
719,139.72345854708678,79.88971008025287,59.26545580803881,76.39226680006485,111.5305288658343,120.6283904249718,126.54662098577359,94.01601226969522,44.98153664207662,-11.57274260757422,-0.6298135304310506,26.375262915175803,5.246267120157908,-47.039896930427545,36.75740996244065,76.16811163320307,63.54399270075874,117.21098609426437,117.64168147714953,115.2164273965113,67.10523757630129,99.37175205413013,80.33919412282214,46.75038974232268
720,135.1789749259952,76.90967756454707,90.06968753248889,108.65151710533199,92.0529794195769,99.72398363726197,118.95390651244989,168.7740564691452,139.02835507914477,25.96766972586652,11.731055776230313,46.00220885642148,29.28171100945569,21.723318253309802,54.44758966689126,94.93039088846618,105.36440833261668,153.31205807776192,124.80852158046682,93.85841655406482,78.105916907576,77.33681149311275,48.193781526013574,42.04815189762272
721,110.55996190918692,111.20782141907245,70.85543652674832,122.77699326522453,128.56393808108277,129.81298725473175,148.74367602655823,157.56621824711561,145.8253859830545,73.37624923510333,28.266507166542944,45.14499328566549,39.07158388517935,1.6396300149101286,36.26567817666191,77.29950437218827,73.73961551985533,96.0531067863619,129.3372160040618,90.93389585067811,17.325792048844676,22.894723369985826,62.65776293130054,48.17448348619597
722,74.65669791451575,61.36502248340802,51.3490753246224,94.40426766960347,138.06107875687616,159.36872957682024,138.3574520311648,115.70251634176043,68.91833109127461,29.262341889902046,79.75598447765081,96.99941211182738,28.43482750724289,14.008176034929871,10.243067824285387,72.87507977304583,53.63592633130905,58.751814834495946,33.80717825572907,79.5775183907637,27.038689603123128,60.98994352003942,59.9895548982084,66.80098481313598
723,96.37026881639369,107.10916167532588,90.56598778769164,97.62721419397252,163.2764031944719,144.5061481080881,157.42278085072363,153.68774985018152,132.59978003154347,83.50628702983028,89.66219361745063,84.43049805943514,35.752932262008414,-9.17188902685317,27.745803258080716,79.55935205212421,83.10597175370522,104.9683942871306,81.51252462127329,122.410404971156,99.1460039893295,86.77435301783865,135.42855915983864,57.62166019857271
724,80.44886625311567,85.89099703412747,103.94488485908221,123.82140717753859,164.20333098528295,142.54476163888265,108.01376851308719,104.68443745514647,104.77060751444034,88.72262292845923,114.6901413620252,64.40703459428138,-4.178068154745251,-15.796303495349825,-26.0182484932629,-3.3130336237871063,13.21581375190776,61.65251489694243,89.1234079114015,70.0739534956827,22.33129579116124,9.768051089243123,33.459798709189535,1.2276635971611114
725,94.4419831777513,63.189443463626674,95.8481386322414,125.97753886080295,145.17945865177037,136.52459111722797,150.54305263293068,137.57953588352086,70.32957182283778,18.694668401578074,12.423521243628855,48.697446640396706,-34.211688562313725,-28.301248321938363,0.6377563788720657,12.028684268728519,6.841357701530555,71.21311670383744,64.84958532822475,24.041010532938728,17.51683427109724,65.05788517686992,33.85463931378082,38.08163266213216
726,141.76088482979839,83.54751778756048,111.405422362791,63.081120480277704,112.51412144636373,98.80708854960764,107.24474298435862,110.46773014786507,88.14568781838977,-5.179927702814297,-2.404688765010846,22.017971277532478,21.78361992162022,3.5137125157228457,49.12053705732599,77.66402453478906,147.69058076002216,175.25251290306514,152.56430806531353,153.10867732309896,84.7067081020952,107.31360225558419,100.27948434864194,89.00912985661024
727,100.07318972844982,65.93525835425635,63.10451495450174,29.929149793742027,94.03977775847251,104.74116133844723,94.2618817678227,112.09014202604769,64.10715606509184,2.37456649376216,-2.6879100389192843,6.591415545306539,-22.06283392643996,-44.70632685208908,-27.772726873415163,56.645945188441765,29.322258724282904,98.01801024575911,102.81830869880699,70.03720531727382,58.67725966131536,99.98640560075778,85.98566939284126,59.62657460297386
728,64.01741643989655,16.99790829403591,35.95763739886599,118.6090132122062,137.50061090648157,144.37850420043543,146.73991594973438,128.92099295888397,116.20736097217451,120.74237645376151,55.77135178819972,64.39236425153788,9.70680134605156,-4.25843564877569,23.345452190582805,57.03590164789826,57.85092828461027,135.64123816538677,121.4507118804588,136.51939969049462,49.42303551832309,117.28810439339536,143.04701052281183,65.0687759994483
729,126.45686706269186,87.64297322238511,51.9189752781556,124.33510958944714,118.14503997613232,97.8489399015918,84.88378669329032,100.71924984418338,61.440119156510924,70.85822312387978,74.66852534444357,84.38686413713306,40.91239571461089,-17.14413326044841,39.34419621719002,55.64896652586772,46.4972382115547,59.466811721454704,115.45435502997188,88.93720182748928,22.649629770835396,52.05479101660638,28.1795127152173,-4.825946628671616
730,122.67824277554652,86.43311023989925,114.20548843683049,130.2412529753122,187.32987852989982,164.7683232089407,143.6387452237136,131.51943902300738,119.23978409404754,90.12513135477985,27.8527380294382,44.419198559150146,25.225597380252175,17.81086913927216,14.535585978703558,24.670945347847997,56.15842990283047,101.06691540316547,87.44442377938881,98.05753416862218,87.6067126130407,74.70946956957934,75.14847763961328,18.546658758311978
731,74.91492894031917,53.13368867161392,90.60122427814875,94.34937950178497,112.28143088952476,139.7924342745732,127.95517703690362,108.10089498247723,118.51734998964064,76.09667053967684,35.108919993058436,47.15701304169148,63.139114370583115,42.54860053451826,52.065176549260045,83.48056086309899,85.45024107637491,115.05182969394643,150.70863004952432,105.14484996093805,27.268366503092068,83.21315467765939,62.11228233700803,48.45356721604005
732,78.10658673085106,41.25241010987702,37.175395928481564,90.2353983983277,94.64870227398063,100.42804237968694,84.48859664358412,100.4467907529248,58.06471458308058,-10.675361968293728,-36.901384712688795,-12.66224068599346,45.39077019486339,5.606933953213501,57.07074031917051,101.38319151874227,59.37766215650677,74.39768429427062,86.81391299754364,69.55391022875173,44.04167306132916,80.40178836870783,80.81300385454901,35.43509366581768
733,110.1353263527155,97.7613208361763,92.35480283457963,148.6607600577338,187.6843705587372,186.54195075855336,183.21528486293795,179.06331528620564,128.0842066420654,47.78317683256192,20.26379581546152,65.1358187817388,39.3476618545415,17.65550423136884,38.88590932649677,65.24692495487571,48.29107229713888,128.88696727031612,140.13941646901426,138.90719307636368,87.90816514102218,109.63853442658561,53.83570332118366,44.83099261022411
734,127.18278776639198,103.2946822458509,112.71226560701504,83.20458957969062,268.34234105150483,268.7979046134044,216.77290498231326,186.19345198521992,85.88489163166011,47.18832883048708,59.685427087231076,74.1564674759408,36.66189795877378,-3.610329540555149,20.32874322654829,92.97675032158836,87.99622333254075,165.91252799774156,136.30840895412263,77.48044369608124,53.40113507581185,108.79021365338915,96.4941347685176,76.26433026418768
735,120.79310709447874,90.17306700451047,97.3811941608738,130.51904802916468,123.44140241590398,137.0856458509007,102.91541760116857,122.69382951515274,84.96476891222413,30.513849649943552,-7.698514378667035,-10.359439568002507,-17.08897150110187,-44.868291720862345,34.316066220069615,104.60600502019255,82.12937814028804,121.96948508738284,103.84653853242328,95.84197224563164,37.59134585450265,87.2477262747938,81.33621896890695,60.356121228564135
736,154.45356834372498,50.360152604905764,64.14936005029554,71.58266441174648,122.81561056283961,123.89062369201406,108.13593192022537,95.25038618195721,62.91335223279882,59.723932982881,47.66143568026321,46.289083137034474,7.441438042013305,28.333747993198987,35.255610170965355,38.08704794926148,36.95967732938015,43.08926941413634,49.14734279583006,48.40010850460854,10.034327742558638,38.97361330968528,35.540763065535714,45.645537639082775
737,86.03299377565452,60.51759210297614,77.11780656896403,139.66329916676207,158.74769381381273,140.29871029864137,114.01702940891914,74.12664986969395,92.74143058279975,44.93889948758574,57.456133500086494,31.199842561801717,48.913166120991896,-17.230683788452367,8.454119804741268,77.06903929598354,95.37422161549269,128.59138206745035,97.66635585818496,128.55198759711084,16.845259526378605,41.00834145920031,25.482283832707026,25.05342554133226
738,83.99156773131192,39.62282159004846,79.48338697639251,120.06768499530278,101.78677446549446,104.51760143887809,135.5271851643848,113.69605172276437,48.14966000963484,46.86317929852044,26.62862635021152,-17.75427701861247,5.691955881011367,27.636259640202855,84.03997961743136,110.77820199505712,125.54596987013267,129.96034799899704,83.13790259178401,38.84750264419472,16.295449601662597,5.500859400901106,21.608084679731576,22.691373289149247
739,64.88386385459461,79.15243738622708,125.50783041926218,134.68440927200388,115.79237192199749,177.54865629714027,154.1387520543745,156.59533874809011,65.48656570503974,-25.44595182357321,18.668533124479083,22.28472782653184,24.769430676428712,-21.138364453167583,48.19556150185778,71.76980029251177,60.105979243419455,110.15441831240027,99.33957809695004,104.03671854605858,77.57523034825182,85.82331044558805,101.60084399986263,87.1484070923272
740,63.601166057162075,9.836605448976883,42.82631189179291,83.33543274266972,97.3561019717438,126.43777713375562,153.7317028615748,189.4713206290331,136.1602918420482,144.78923498472773,126.6866654210528,92.74694694655665,53.65029672412604,-21.853693981384605,10.592594476677114,90.01289645688857,93.82490432256051,106.28899374880312,109.33812026660011,103.30521363254564,48.70669975354926,3.4655764632877606,9.661366968793573,-25.75611484175225
741,115.27688625544978,115.41245299854228,142.21670813418842,112.3456847731339,145.50076809063725,139.85355955018278,85.04566025835736,113.0440808043491,86.98977417551615,28.532486071939463,42.13685333731895,28.929439519789256,9.49481405671553,-24.91351505748493,5.280506094773568,5.536331886187597,15.511098581212131,100.41890601724265,103.61724596798923,68.46043767058276,-3.0584656672072796,10.985142675190602,28.309805287497,-33.02531038526959
742,76.78324182261267,113.23439508321185,123.10752099522318,112.01196688274781,130.3962353291425,157.33091958260314,134.69973743368482,108.21265295096381,77.1790928773501,0.5073132443330053,-25.311547435233557,37.640272748690286,31.29442472966345,-5.6917244490891585,27.330827189772553,34.53058741156623,36.98439739474564,83.20020325989172,32.18664478725033,-146.40289151599578,-50.729465673368146,38.8539807481368,73.12098816242889,48.772209667366404
743,128.4397499794136,96.77717550341517,83.71082879681576,135.61796179926216,141.2713064583494,127.86978498206705,118.66230743158759,105.16731644948462,47.758047446266616,16.626898554522086,32.865876191230086,50.31466060962592,23.031306597844328,3.186665002406519,56.262276241047154,83.42433640942079,80.57565648974962,151.97508901225856,116.43296642317007,108.55758483022942,76.31431902861175,60.284005786648414,71.28402420132619,-8.412273620135508
744,121.88817437733708,103.28613809466586,116.81496222847898,141.66354906983213,133.8898857078501,111.90182385744666,140.99370555589556,115.09711508528535,78.0212405464415,-8.480485069260467,-1.2291343358395537,51.854421412184564,7.60294185687491,5.8638546628568236,7.36059326123895,28.2062346199516,41.26673695209187,67.33873156200066,77.95497985036654,118.30493004412298,35.47857697620907,78.60440874026406,90.10187434405653,33.65396938379343
745,77.07735941117701,59.87968929464465,104.27173755823472,100.2019291103497,132.08656419727203,135.8339620284252,114.90672388218888,76.74888871600348,82.06156863830186,14.158571014850537,-5.623053840335103,24.3425664139437,4.7750694227852755,-6.78184914993464,11.006873843933265,22.597088627154214,58.83661080313952,95.63848693765951,80.99872085488528,81.58439612253414,41.20095075559074,69.77460898198899,127.27403043397953,51.140478777323125
746,102.71836363941969,58.544507229052286,69.96317714404142,114.1892174264509,141.88493073795712,154.94114066474552,127.9476235126848,148.90953651411888,118.89002086748354,46.85009312246059,57.37878296744482,60.275260557024964,9.476409954229407,15.677738345033308,6.104329971043779,85.92495456583633,64.5048516758286,91.77195434516042,58.61430622759208,106.29849770388685,47.00265495119133,82.61738273098129,57.606011863420406,24.63502509284183
747,98.69529836765838,101.60851529550919,114.9447666135539,159.1487784142089,114.37254339266426,112.37740601362617,126.25186767647673,140.53768776235688,78.81013790847723,24.926317118489287,30.58571823081474,90.00775973768758,47.57055807809702,-12.79166590611447,29.312786942800006,54.1585944614837,74.30014792928748,82.59781559752035,75.774580752739,69.19168741765013,55.14602012565433,75.52055672159304,92.23994452038798,26.954451698759467
748,39.633397189700204,67.45536847841518,43.02906431466971,71.6739201857329,147.3029062626178,146.94577623574963,120.20571268958055,90.93576235822958,43.654098817578216,47.55992534700832,45.95516517233449,38.21129080723976,66.33239716996088,49.73083081617996,12.061100355909975,49.47146503022684,58.742352596146546,78.09439666801678,90.35895966303832,78.51848664827229,61.635151030962334,85.81072996375057,88.50356265264325,74.33251382683588
749,42.22912516500245,-1.3604377868796291,23.222736912945166,83.9121990972114,104.79958676098846,90.23394150246642,121.48938629500086,122.56507486536083,36.39268921533667,17.518412148881715,1.135156547268167,35.10244057652719,-31.581508678557572,-87.630659158664,-25.481317755572537,47.237846552178546,46.320798650932566,40.232668438004964,68.51520543773154,84.59790560675029,16.06898287363056,65.86405237043137,52.36348856604614,36.36330769297974
750,121.32583156117494,66.98305737146904,99.7889683292372,97.77954174684054,172.4308964546908,173.83735699715257,174.08220883815278,144.93041303418983,93.76090937241075,66.914189842746,54.725197435603704,34.84107299103583,23.84702863596485,-11.982491069285153,35.71313652615622,83.71255539400164,92.17044280997753,137.61208810694635,106.64704508918818,135.79765553927868,57.04752958904727,94.56033735820495,100.74718832866989,92.57936916448165
751,85.60112862370593,93.0697953859348,80.76697014483555,130.18423905596973,163.03932318847367,153.87414900198053,102.39894701894994,165.9828511411701,115.91554319899555,83.39958084651226,87.32638271900885,99.12792344122684,40.93218644987448,23.978865420841675,103.01066395264499,117.68803990997341,96.53559202222762,50.4826849580538,77.31929157352543,18.160622061166663,20.755055227734964,46.91305835790827,42.73415314321446,48.88051534993831
752,86.57448268878562,20.389322857787263,44.13235316353946,63.36499711093583,48.81276937977887,95.77980848427245,121.54087811097281,114.61995904458654,36.35149410616444,1.3003865301580149,-38.44747771605684,-37.055247182054046,-82.3460554980539,-61.35908692911161,-2.93573322261987,21.130022030136026,8.325306579043314,41.35032770657834,49.63025826196818,72.19290546279339,60.732311478583036,68.12918661512437,28.66679922274089,2.201262087961105
753,95.06821826656233,115.88756959260526,88.35726401792131,136.87118180707884,131.19286877303443,152.20886370525358,175.73842107816927,173.636673974473,84.94740725419683,29.727178998251546,22.314848833112936,46.98637764618994,35.47147692990397,4.824178605256154,27.860608851162123,76.12212116685326,44.29252104732809,100.05115320354554,68.07662659729502,68.90379044596025,13.78205545662724,101.10178969120443,81.75753029323569,-6.873430717701531
754,126.61384024815064,119.50632428565612,144.07688226452206,139.4699368610756,159.41533758717304,157.96522370767397,190.14469874048478,185.31952785170319,116.4857588012245,87.60250936857373,59.81438753863874,39.5761950291988,26.558467690977558,-19.29610253031036,21.828556399526075,102.69791953859692,97.30701457757817,159.4040035149767,149.75351263134198,118.36340193561686,103.33230381507835,101.10320199739488,94.83535932802472,59.53089483860267
755,159.01293591384916,158.83657292443408,131.25511658761695,120.38546603856076,125.1246306473077,164.46040814057022,135.15191390763485,98.7711431089056,35.9099031382317,-17.94550498666463,-7.024326359708624,22.10798042432341,0.11432494798036075,-39.35154875617563,-8.997509218907378,50.95442386537399,79.20971755316344,93.46682229797396,57.77896056240662,80.43383634282435,33.601255724432455,61.312424992614254,66.09627374362438,40.24317226537032
756,46.69763108392655,20.040893457676226,46.227915077449616,46.29226788184552,30.703770889714946,79.45923067864382,64.45154253988498,95.47921640100247,79.18859180386222,51.82766751354334,37.85229301105137,70.9680877956394,54.5598350113077,29.607120354178154,38.08804928339062,74.90462656129154,52.3762211833373,150.79394194357445,157.47775333282158,112.3149188471976,89.86681810847938,118.39813746615945,85.19467600484377,41.69320933330795
757,73.22931422381663,78.62836944800267,53.491295912675724,121.81947868110778,195.65304898698656,191.4107919314343,189.678063484193,173.82401206442782,140.8445554236388,71.99165863718623,60.751640326219615,25.648968701888222,36.788548454846236,11.293647657834839,49.53165092582673,87.35661845701156,53.41537003186376,55.169253898560584,9.029364700299269,21.594371180947803,5.597546824146448,9.62161648990839,48.7083791179914,-2.0049038007055344
758,58.482295400546036,54.37461480816653,38.22464003201634,120.07159160560784,192.64268048474014,191.62554007700453,160.64975487231862,153.0287260914174,104.66785362719983,78.48804122741205,16.05689265266292,22.6620870712378,43.85694947535316,11.921526246410714,37.00445440287049,82.84140757959238,104.43887308259414,136.4415062873295,141.599555025456,124.34034643995196,26.39138878743906,75.82412659498085,118.85950325203409,37.35779824224159
759,147.92073503100337,93.34929756254193,95.42733596507432,93.54913374825982,119.6678449371023,84.35719174238116,72.44495795741831,79.73544789478649,70.95409879711536,29.547441296906023,33.682798606452664,7.601335176242593,31.741947589216245,-37.3751148888836,-43.69579027054172,23.334268331588717,58.32894873861582,101.21418875020343,117.26250485940183,80.97799877334043,80.04973857598685,125.44337001002911,127.95565888033005,72.84346103318214
760,68.54941938739384,59.48058073157947,90.5575633684411,107.91317023721544,158.64877247875353,116.70056224922841,110.20243703971407,148.0195707106189,48.92797913456525,116.72283434372734,77.086020280264,49.09537361595901,46.935222210170544,27.267843066379317,55.87324218196826,66.14736212952972,48.189006943001935,104.16822598453534,95.26809176759448,74.69533980584447,61.84749319613491,59.434201461368616,57.60701147538216,36.99123278346102
761,107.41391526424313,102.24549362255732,51.996661478028514,71.82929487629566,80.13925919496897,110.35257667358852,139.41808589942772,164.58480115243313,114.66665496885693,54.536527063469656,54.88012632586039,72.5539449514714,68.02231987125667,64.97010975510572,65.72948426552857,129.06214082696633,166.53366643284187,159.42997970447075,151.65258151226982,101.02568929069317,52.97101060730005,65.45299915600226,69.64279770526973,71.12736223310776
762,69.82319415169934,46.9685297546155,66.20006437269578,122.57313269742605,171.3610981819779,163.7836725667458,202.70805187412202,270.478032893145,197.36996144776566,151.54266711018784,120.29828636648749,132.7907781133082,99.52066084880487,43.976382765331564,48.03950703253567,113.82767169332648,111.58965488582743,103.0788505728203,100.51005056159619,126.42508577430623,85.35687426778085,98.435824303724,110.5613051234742,66.99689284898628
763,127.91466005510962,72.85799500804026,92.5991837668487,124.2896284320408,131.19084035411396,134.74800460375633,215.23877200944878,172.74359717075333,152.8937485810945,66.96581684013357,43.21197913839165,65.41287788138057,34.21276323112169,22.301786567456585,50.135451181554444,119.43981239057837,86.36842013693445,127.1473438168951,97.58652715913011,128.73678851430185,95.61934145898124,123.31673949213015,66.88363160347717,62.60813323080884
764,51.998002973592456,85.94167008007396,104.50711917005376,69.62209099931766,118.63455232017753,134.04727397186988,138.5509214915469,97.17150761372969,102.21871762236074,18.8827539400215,-17.385633820031494,38.03276483058939,35.39345574663488,-1.012053075740245,32.34999907790894,84.26648784880513,77.80405965580226,105.20536195361555,103.27208540685439,114.69840606458845,54.89294341771122,37.962562514559956,77.91351410846397,86.50417992781959
765,53.506242437192206,37.721913946695146,32.41780799621361,72.48871164580933,89.66321276834942,109.13288288634425,98.57398290819239,76.47109733631085,50.31159700730694,2.2255141621216907,34.564514428640564,76.31399670644427,65.00095001703254,-20.479585766100858,19.257446806050694,61.2446417225753,46.00915813426843,43.97355085975302,44.812112740579956,82.01447878751017,50.54232884998338,99.94143658518551,48.88961673854883,43.97428944255479
766,147.4028188433191,114.31074131572609,118.98056249884308,169.25991480036515,139.00403289969725,119.15145243580942,125.89696577291511,97.31496694334217,41.1657608623428,-31.517458451741874,-16.977601931759565,3.6015805441803117,2.3186066110924024,-28.13033087792412,-18.31322627523002,-1.7763334504979866,10.288325824919298,101.7538678253215,95.3599234483899,65.21226439841779,86.8933965227455,63.20467364752592,109.73996474320167,82.75922022446203
767,100.72754031282793,71.69482423440992,46.01615587828981,65.3679760010033,44.54332234694209,65.29252092511767,61.29858553864477,80.83320294348115,45.93226541602188,25.849353290148535,50.07649533975279,82.91426192926647,30.83056390367162,-0.5928318179210912,44.92406604224952,105.75841575046707,105.50175174739786,115.22825382434324,97.33182777695556,66.97157903884539,51.366457067308346,58.566410735495296,55.42604799745165,70.75704043344754
768,109.02478328818263,50.676170188462635,84.94558371650085,181.7172819238587,157.34267504717587,155.64115185634952,137.10736493180224,112.45581254262586,41.37842762659754,19.36607447261218,12.977217543166397,36.25377756731526,31.942531470311366,-18.772221888228014,40.082673101622504,49.34451059934415,85.99849593722317,115.8237222011947,90.76425142075934,91.5758735109994,-8.163482495615035,32.181193748067216,33.049513375293884,-11.093548239023661
769,103.53278629912646,67.35010793063832,106.03417245546791,135.9007847377655,132.24151793486834,155.9580768131556,127.773497063625,113.43264324984467,127.89439634009162,80.55877629511384,45.15749897796705,-12.567227122374874,-20.74178755594988,-6.711543988922745,43.68126180474869,78.07738031521433,75.18034730654306,123.1196257305831,112.63829219700497,88.92237005941936,102.62622710020034,66.46380599164272,78.74346004633567,60.01328261158827
770,152.51092669581206,114.3052992063227,120.3275026066856,88.68773012052978,109.86004090753949,117.67150816408073,133.28888960471846,147.01453470096118,128.5539028159059,53.60037039922977,53.22286819253006,36.84295608107915,43.23007173373925,-15.911222380581059,-2.508642994265582,72.10626854623587,64.15336853670757,75.72722765245567,58.55195257497213,53.38344319472478,20.751220256759893,28.973073136760746,51.8795789509617,-29.954920029692758
771,105.34103139554188,108.19688376189315,67.1683033332499,85.35524525301847,164.88539047789362,179.32676381581973,191.29124410722207,169.44642709792882,152.72030528685136,120.19233020896482,75.24288150306205,73.97143619911,2.865568533568908,-12.9108808188094,18.135209196963775,32.49730798214287,70.73473237526508,80.03448205535773,81.39707704129647,83.25082604509934,75.65607598571407,74.05169191450969,43.37064769321049,34.009274978153954
772,111.58343640866416,85.20562952929865,66.22078400774146,110.50108012644142,121.26658350853097,122.06782050720399,111.85724906001195,106.92284829663794,89.27718124051597,27.36121953446267,-4.891375492091996,45.06886711683853,39.85736678287178,0.010792976649200092,44.61906366824461,101.92772814547777,94.55903070890142,111.45463453182411,102.83315209015558,105.76772674467364,57.868175149491975,83.05435062496491,68.41088992811814,37.634984842688766
773,127.71692915822419,80.05820071029848,87.1375760559349,113.59262034977542,140.8110990897853,122.1613275947052,90.73547227046807,76.631712680205,24.50584981788785,7.893080767833034,3.892191419869441,29.596841721629374,7.722739824256813,-35.59858002281085,-11.841555648000675,46.40370206349821,73.32592728026455,109.35641670823448,107.6059538926747,79.44408783902264,32.71950215052404,52.376063226565094,78.66646991686835,73.18424650406135
774,96.04085068162529,59.71261543612519,46.30288738784777,114.05716464626873,150.83735715119917,66.75208781148504,103.84352504667729,90.18489220497517,100.80367666033565,27.497811973880086,31.338122225714482,18.465919791064607,38.389213369750834,-54.589950824977336,-21.992256762942528,31.230425605194714,64.96393320940541,143.98109497093702,77.3973726029277,104.84943265848736,44.44120715307763,74.01235532982172,25.098825494127134,1.2136521954766906
775,98.33531841055077,104.89783198038944,83.80676705735681,159.98190577895758,222.9756602499956,180.0098787320391,166.86710821763506,137.926785961771,115.99463157109562,48.856726065466695,73.69347250646824,40.265685440735844,48.11706934563432,-9.14058624204434,-30.791155340211983,3.320115028454083,22.960421113212057,66.55163395076465,78.77880409701307,121.60309435125491,73.6663860322845,93.71862962091423,93.3003580565696,41.30093443297658
776,79.98952241342649,109.95234827335167,92.94766054977795,118.36367809177054,122.58711510427484,158.41224551981338,132.15097429467244,167.51418518466306,94.92851333625484,105.57459767870017,116.45003960574293,83.50150704339387,76.75085502322472,102.50630448560295,134.33512293714585,149.12578064258872,98.83240907110029,130.90352570696564,105.82359480524138,86.8888751203412,63.5927781583215,81.92976513261407,94.00379904217355,81.4297561656033
777,98.40096701927436,100.22583377384291,95.95233662247406,113.91350689989044,171.71474999188638,163.11903641485569,155.02555553086054,125.57628770970554,77.43513020124772,6.564274287395705,19.47297056292872,32.84812554960352,-13.733816376260155,0.9498649599116327,56.42185086430841,96.63407102933454,115.52382719584377,128.70574987201223,110.54401361529925,112.43902151028598,93.17277781789069,71.11380930295007,75.87156986610994,22.50098896643636
778,232.07537964502114,152.24905650871864,122.69500342636566,106.27013772730825,114.32202624868029,169.8170596612824,175.01090506716332,148.2489087331169,102.97575806749434,4.454952311885279,6.6440148602035976,-11.291397467548876,-29.150922556110384,-52.00931600521916,18.514292978325162,68.52792854967475,72.84626113161387,90.6645677148428,90.43408811296202,58.473837241961434,69.86518379568382,69.33080888891519,78.58207984789179,104.39077874440416
779,111.4369978971284,74.86403906349207,13.231502431701799,77.95424862343117,75.50066133332545,113.94336183781864,149.9501888279579,183.37957641844173,107.02432111692065,45.39606375797728,79.94035339943497,91.2775045977643,19.668937823520917,-27.464850263971645,0.7018708030617873,66.6124419501833,55.34733700864773,68.32504567305442,63.33890981780319,77.92102595418032,19.707651245569657,30.87148755894276,67.71593033194003,24.392753599190044
780,65.3557352240704,96.12797442875858,146.4387605423858,108.12124774429361,127.15623258855652,206.970135619213,183.5423993209034,207.45537014175693,156.97510102158554,99.34490724863464,87.7063576552456,51.833666033180734,16.93387827274193,-75.45130089987484,-40.65009117100716,-4.280863753126738,17.681741592512495,110.59939334219212,104.44411534392216,74.74739428268981,78.62598975584592,68.78400507530114,72.27396096850994,23.22218449518543
781,171.44272585857118,119.86003786260751,92.69357014049709,115.01764831249132,103.09626904008252,137.38623789399173,120.54144865790794,114.12143344910453,86.8588076232631,72.21933735643357,56.188764605937024,66.36283644175424,7.7731412499604,-12.485105267526833,3.9274030541102576,56.771064540693345,39.63037639800798,123.4868118740728,140.59062176458974,118.3760674983126,24.528214702824187,59.3496306120546,40.2353415263538,-13.160972374110472
782,130.92503470589241,65.23140929863072,86.7825292360878,118.47399979875604,88.6967252849802,110.03753833318527,168.83954034623795,189.42529316652065,132.4538473916782,81.06526981952551,0.18855952999212278,138.33764770771324,92.77458476020982,60.92275273361949,48.64363947820674,113.75981771714085,96.71455373944545,105.62476773758462,152.37879015811023,135.28075113546026,93.29498877608694,137.9213966974329,159.1973208472511,128.7272451450449
783,140.5280779880363,73.56740145768498,84.1832246363949,147.6896858118758,168.0184582023804,203.49477822344278,212.2808486909742,195.60649848894442,137.03060926140745,66.22337646055446,16.967978749441883,2.872521886044897,18.60863972175667,36.480714560632066,39.33511845148132,60.88676981960372,103.49640480954525,154.72884206156473,76.99845547496955,86.24703515496805,35.24881413558767,24.089462675911413,49.95174466534726,47.80737144198724
784,72.3530051828042,88.44886314049522,62.1850783562589,146.2357230025085,144.7208143573492,129.1560456889486,130.26878021622485,161.89150503761937,134.84768218755977,124.92433562079698,86.75517386356216,65.04394318729923,49.47378826995835,43.83438445530969,66.15262930266047,75.01385286246082,50.421869613140366,110.51754888190835,100.65145248395292,86.4400716263725,51.992521902544,109.26504327151835,116.40992127906091,84.82563639121646
785,89.08283529792162,73.90197619914453,76.24208800288324,89.24143399066777,121.36690226125714,202.25382694346894,172.01853045292748,131.940202718624,89.7537343425501,40.435012980923396,34.98593723882594,7.209216692987827,-28.84758833423358,-32.87718612685971,45.89737121346627,52.177573183249294,69.9329509771989,150.95561248899173,149.31753442629503,94.28695357587775,97.41330287863687,94.9907007034542,78.1625427497668,74.95844396766701
786,56.80681798899353,56.61570475622409,74.14353004382487,112.97763205015788,170.89797352556823,159.972662820666,156.73524136590538,115.72442464004703,84.00055634344044,22.672852007773447,44.67262404920339,52.208815829423784,79.55133489685623,98.34952325445349,95.39224232621392,143.4174115862749,113.72782724574584,138.47964814937555,121.1697052375095,22.85992815434716,-37.942806424673314,6.198722799726212,25.20470004891518,-18.20965067231313
787,111.09979741167355,69.3570242589333,52.26515371775347,38.88599250791012,78.26627571815811,95.87078111246433,138.44012897508975,105.46120945077732,40.675357446992265,6.0000797829797605,14.63998169801939,-6.172105817643526,4.461110462380473,-1.225607938821268,19.94735021452434,34.11244086185377,1.5510606933666935,89.27995316633475,109.45303609396166,38.302110009877914,-0.9032019721670608,6.4474195509848045,-19.8777666375276,-13.062021088722695
788,74.84643986754692,83.84420805151808,108.08684716380449,119.99901161504762,142.70725395595935,112.28401371113317,144.53604797439408,168.13244554413265,110.69810199372023,68.20580125298767,56.4793570742134,53.10262214987375,29.96748891973956,-5.386903583071989,107.83549505077595,124.46437629858681,128.32987819780413,152.37723754027496,101.34743533645675,85.79668341708283,16.81997682362843,18.145726945968285,-5.090764860933589,0.12730788695862572
789,109.2675149440799,93.77096324758554,109.66706833840938,138.5063478641126,155.54570802204998,143.03681409079792,139.92215180779303,159.44524120388922,83.08764255898316,17.415765455479587,13.447306709785877,32.349799881937,21.552192258181304,-27.162210014885915,10.756576731151474,65.02442630516269,95.96066104613249,127.88006120398555,150.32824276672292,111.18286256669721,-57.11798185661599,7.635082125669015,28.72599713929577,15.040276453366655
790,106.04025595306295,57.71288139119051,47.376973604347505,74.82808502551089,119.29711077261229,132.19240357605733,239.6451278987726,166.52130636277832,129.95107138056423,44.96551397277454,24.58957882527303,27.05320981386584,36.60524407439655,-0.2630227870310389,11.976597028008513,96.45706421435673,78.89984938585364,123.85552441220415,93.11908251270046,79.01993985626925,41.77030307330278,10.382942504438248,29.72994983170262,8.578902780783686
791,65.98723498166791,25.892286585284417,13.16085073969441,114.7043472564859,121.62336831483505,97.54010047173787,145.59782547171426,148.33780491288908,118.5704475699856,72.97839022454608,44.32772076159622,60.9807115767048,70.5086444009787,21.357454831690635,68.40409428510242,72.06319728376562,48.34009257261089,79.80277373389134,66.57324047442715,63.90152587706897,58.22008689645043,37.107995381420736,28.790681626725814,34.95377959136971
792,61.46296574155169,36.18157470458559,26.18792766803739,59.13151300291682,101.2714711659117,115.14138406768825,124.83441119272642,169.63226680921304,126.90487338079325,96.53445464900352,36.965251471380235,55.79219723533433,20.82821615002906,-42.47816489011578,24.718816226476424,35.563352843139455,54.85481100207973,91.18781762424193,104.3503022212863,46.43732488608902,10.41591678590536,46.627551079039264,56.729848115214665,-9.219167395753331
793,89.19287458148949,90.71374256546557,93.76050606640773,136.11307206979617,185.32346730674485,171.97302703103688,167.87142679230269,165.3339665987239,95.2035099424219,2.937301635493199,19.89846505749668,40.28125578695041,-6.508834196317185,-32.68282374399194,-11.861093569832715,29.884137410715816,-3.882202489918413,54.6431169128543,82.85159577750002,119.28148562393255,16.833168502108066,67.36876339960286,77.22718382177997,51.465593868283904
794,71.25769749755094,43.429768463913454,69.67963822948113,105.08634216243269,128.09159200069163,154.07286464221306,140.13889494951576,128.69649699311836,83.87137320064085,18.837671526733892,12.484821968243494,21.71310196280708,6.406663899859833,2.461084168220058,54.104987423936706,96.65983087698025,148.01714137115215,137.90514441257304,128.28270212671924,106.8215374006464,75.13383975303634,97.27332224455913,96.16989999800148,63.50493132007351
795,120.98526036567074,66.02618405443928,68.71340810156022,93.71129376079669,128.8812173374019,149.1698224827453,156.4432792310367,190.03045626318396,119.05708988655628,62.07329023983662,54.13254763108846,26.617715903046314,10.972002613894482,-0.2256883276580055,58.226239256744684,115.2505261297999,110.0940787631752,126.60484568797284,76.09756893338496,73.85527333730509,25.73035365065749,60.299766019840966,93.76946471162086,72.85163968961243
796,46.63040979226297,0.8723581750367373,-4.038956965965937,59.66476848901726,97.99034896819595,85.61285907025433,97.018567664741,119.01944007528442,84.80607542953763,49.66901287775357,34.21337568118875,28.362871999630894,-22.814271151154347,-20.93251216266956,-19.170050440067325,35.73961396480487,61.799196620674294,118.82079806836829,142.08454043625173,122.18532660466956,58.29000669507252,99.54514884654424,62.89911877555582,-5.165352150754046
797,157.7821263909875,96.48513791149037,163.84310320747545,178.85762642662138,156.88953260981444,167.21492495230103,170.89652569808936,192.6188715131071,158.87916856040962,69.78124984599283,2.96350667260473,11.307776806260275,-18.55048825285878,-49.78054439081194,7.7266659162913705,65.16193286475709,91.67095244747989,79.03964237484644,83.24097231564306,95.14433486379738,57.59167898838023,73.1737706797722,88.21420002964163,71.5247842912148
798,96.5090076686737,64.85867910868026,103.75186758715145,83.32606218815008,100.0429451501306,143.0826619466813,158.83296956440896,144.88350867802203,68.46538934797701,23.56921948546562,45.34849303527959,-15.701722174772044,3.8835893788086864,6.749872725145053,35.1974613589128,112.45524255676443,103.1813014721402,132.8209186261742,100.73671537671612,111.4265989881983,89.88211325464835,103.83057432673543,45.54502783049202,37.57882374192853
799,77.50798726039449,73.62441871156942,109.33000975528597,114.91488253417076,148.0208176243593,147.94976129369672,138.91156268789095,93.92826484957655,40.081082809534294,58.96974994456193,47.74362913620857,-5.251900323023726,-23.57332205852973,-27.615844750284875,5.24067017766448,66.82987990731408,75.344759354089,139.91374838532846,122.4004247756681,107.1730069498998,54.40929807696546,67.59067480143166,75.40619760271049,15.988559665945331
800,56.884327609707114,53.25492009255164,72.75645823709255,98.7015247306787,96.47333904662054,149.40268173045612,151.10526065970186,215.30965370675574,173.6850824228657,120.20499511509591,49.765150081831486,50.72332805500375,41.89969323184539,5.898095301525281,-4.106569233716321,72.91604529946008,35.932895578256264,135.88019489731522,124.7806521337459,108.28661642539195,62.76125151707101,114.5432494053089,89.55542224646862,46.3040806024688
801,137.30792322912663,112.71245991310921,97.0376268683613,124.87811759040409,152.67318733378656,178.32806365124998,136.93486790104535,156.0527023355755,121.12211894246609,110.37624488115466,108.80899917353051,73.79404523045588,31.964015888511476,41.67563862890758,64.5814631799417,78.31417836835887,71.89486339375729,113.74277831484018,134.74916581313616,116.06179067042456,65.79853306561184,68.17391887538437,44.659775039705465,-3.72533081999012
802,96.68735267941477,84.61262950916073,74.45093407564062,83.74384014019597,81.36001217994846,99.37278176973851,73.31876417293788,74.01288093641746,117.59402932091828,57.67756677000793,59.2948367985586,62.00683953591249,34.656580350451904,45.036068134022315,99.18604161675901,103.54930974282682,53.99270148451987,93.68981751649216,111.93641083883627,70.02108686519905,87.47236694750694,76.05577843825084,126.35068953448805,84.26559690673082
803,127.59116921386956,138.96318730216285,151.58849272749944,126.39532916649443,147.7129709313838,120.45635811099402,104.97381098383241,90.30763142813316,70.49607879553952,17.00669658651043,19.853187573401517,64.08553876959502,58.04848520691894,21.60479848596185,63.492043768838016,112.52471728647693,101.09327953442556,184.4064202040712,160.61986221473975,166.2825343851251,97.6213445018065,107.46714699202622,89.87375411831803,79.16680274186695
804,111.44776285660811,67.12082529376823,66.18428380678085,99.67737989563801,109.98392998327512,99.87003699065365,108.3532972943126,84.81372402931991,69.48111167314586,0.9728398213066214,14.853653423298239,37.69260611766188,-3.5236639574151276,-21.54393917464003,75.20677053410782,121.41881908838023,107.46687490677701,141.62652468345686,111.28529585917853,110.4846026001367,93.17132503895581,106.50423075589546,74.62907731383164,41.789852453006986
805,152.74842956116288,132.82393492452664,105.24737345306502,103.2696912096005,154.72029915203183,126.04422104032996,116.79115348695046,113.44411758944162,83.46928673283794,36.62436828242306,-30.04327937737544,29.645568170452677,9.150693577917135,-17.60719365255373,37.016728855118856,52.844864163785275,85.9617001517567,151.93846645995336,145.26781009817614,119.15146777833317,69.06360426276109,69.29494958396387,101.13604360560339,-0.0012972887968203395
806,97.97659345628043,91.04582315855029,90.59515620545704,77.57042786087467,110.96239272053013,127.38142340657731,125.16613842677955,156.04314926072624,112.75675795596524,43.720153525246474,26.44796802104792,34.99156354399846,11.448772751276035,-21.337234399531905,11.946295542141787,75.49913721221567,109.02742151099193,150.00094862091618,132.86920187064896,102.65039536566164,55.56031114346175,103.48600886498724,59.01961100677708,20.919962590561646
807,114.19791335589296,136.22272293642146,180.10495083659694,183.9621356745006,201.93786767906644,169.32333482467163,156.04477193456506,165.03519755893598,109.79966114759094,37.250522796709504,-4.518919288372771,52.63498047268338,36.99215406455691,-4.623082208053239,17.151805399876373,95.1125519488602,87.3851777384449,161.05692275011484,199.37987451436038,182.5654984517211,94.0137429403621,75.1520480892584,85.4852764347574,83.32917619740243
808,73.1885799518247,80.9484560430642,104.39653778336472,93.09308813345177,128.37330980764975,145.7351708599011,107.1277754919407,87.07912453981255,54.313229496396225,-31.623210656625332,28.875648470871084,27.350733069968385,17.43122026952947,-17.91894085926173,26.468385587145427,48.197415679380505,83.4696673898832,101.45327002497544,50.1988629427581,42.61631758616089,13.270087375973226,54.935647299063795,54.37844094005337,48.91852707035069
809,72.80027970213702,76.70006256007395,63.616634440234435,95.99396451893477,88.71153648545307,66.55148777669824,94.09939214425805,105.18038283473811,55.79289615229841,2.6966292768854316,-0.2658145896506703,-4.739410548227525,16.967041473285725,-11.131934777615266,13.499792672181824,36.29428720692992,46.47611148318854,105.25609079930759,112.25005443685824,66.20224469036356,71.85843797791487,67.79249241089182,62.56455856594289,67.67442847655076
810,105.06597601918769,89.30250454860142,87.9173561466113,112.27157669325565,71.54576354395577,72.4307838000266,96.7036185901728,103.77072714264277,74.37060790174357,76.46088604499693,52.169383741337114,62.06388246720724,18.65710807811938,-19.346282594472406,0.8581476761047035,27.69864943589063,55.056271237231314,55.278602389824144,47.16011407949665,53.47210731765949,14.30459829972127,29.98261926443999,1.0478871259276588,4.801193241318934
811,143.40763575213956,108.9036280192044,138.32643559450852,128.1857044864936,155.20468666493386,145.32599386849898,146.36372604921127,108.62209541280006,89.88150569461968,77.49830164784262,-0.21003001689688716,-8.038976889923234,-22.86470774842213,-78.46312157140008,21.31052507131786,17.68794579518562,46.95550158526706,85.54611988731315,98.43115984007235,117.13358485556557,71.50956748623507,31.921419072386804,41.61931887721097,80.52526015653197
812,107.42265480651471,45.394682271485834,72.48711853672988,95.48761297602769,77.78135596309977,85.88345147014314,123.50997177491685,136.12738750075613,161.39097866952,57.860049768122124,94.29689696763423,90.15402486678853,65.98538973268928,-11.445111041980287,23.038898305959833,93.51140821969122,133.1844747123431,198.53663993820481,158.90668368680562,120.36424262826324,107.92174594909184,92.59650737692556,93.29352625198108,100.70745653623277
813,86.47285592829942,89.47893339239306,80.47190576972228,137.65349141988852,129.39593919394684,151.078895353272,166.12627277667752,140.2087055059491,131.1876627565095,48.4375432186018,31.72749584594178,13.356830217641395,3.9129777278208397,-24.460348539242066,10.915414207044183,86.1898394316203,71.39733701596501,125.78788311381321,104.63870486522507,104.01971058684734,41.14933352328954,83.1433427947288,116.54719090461258,98.03788867546987
814,131.78040406618956,97.49913401107948,128.79007836970484,156.94017411242237,168.13784034989754,142.0152894379663,127.05360542449262,132.98553615657306,79.1048285929159,55.340346280220494,38.705958909763396,0.2936021672245772,-30.163287447506026,-38.64474891200108,8.094755540590054,6.981719269802056,29.74373421314781,68.20489473496806,95.83679851143671,104.9758426275917,85.98543088237784,53.76569664099657,103.05321941635535,29.102931397599768
815,97.05557143060447,92.08201568721728,97.46574520480934,128.71646358016812,129.25299639753175,130.41338691933132,128.7750260279217,99.49507768545591,54.167604093259605,22.73651886767453,40.823065750440804,-6.772698515218032,-2.0671911386524435,-70.39940320989398,-15.605283101593688,46.49595269049374,36.12918919029151,67.29036736478906,84.44044143915518,80.71060618122216,32.07370613312735,68.29002869016757,66.01133360659409,34.28712874872657
816,155.12509322703875,140.3228082389527,168.14854462018243,214.3427627949257,225.27426058487595,227.4198520426549,227.72628027735607,258.019526464734,206.62815524821787,161.06860106118356,98.08640844470156,28.785138285274826,9.386302144761249,-15.682040947567806,47.24356130453465,62.40420480946201,26.5625289170149,54.36798212936008,102.17391596572672,65.6053153088521,44.997135240446,51.83415934579569,40.254523072280286,42.988125413886834
817,139.8279672478408,142.8547327309794,153.4888260902678,123.55326283810061,128.18177060765134,119.01752214697407,101.25198824451266,114.1390810998563,86.06659413678747,57.48927539398433,67.93790547112411,56.81390819338705,41.710308171722446,16.37206725823329,15.96467682259249,74.13662143553631,97.34247759113802,109.40803251107035,81.23526940781295,71.85411730779072,9.785561509937686,57.791017565551144,68.5818395503264,-0.049711618927027246
818,129.51579918237235,122.31186222233984,103.62274078040163,149.64011012351654,170.2236799624436,194.52589497154747,191.54634852193277,186.90754266595144,130.52165493104405,21.792095729018072,-2.7711328029775473,-16.75464964449681,-48.08590726874496,-25.795829477517977,-2.8624235100980364,35.60883018902619,71.10052435194142,115.81343321565205,156.33985379418797,125.8766571671631,76.0150927353094,69.18298995451438,45.51414423259888,37.51487251650408
819,42.435688901917906,54.10966570234804,118.39222309187019,135.04884070643092,175.27925358991112,154.12503646944674,153.59433801990187,163.15145612629624,135.6992158397043,93.07391040370318,46.73220294517519,34.76323444184743,31.216926854724832,27.447950737203765,56.55635778219025,91.9578375419593,48.59000727211343,95.62446002835634,67.64857350533038,47.78103435099561,50.09809377327413,78.97243712545387,93.81274732247795,47.538032608180366
820,102.34781398656774,70.80722492445845,81.80353570389737,109.99236615393299,162.95135138267622,152.32374413341645,135.64469021925032,141.57193326664637,107.18530665813962,33.33276962284368,30.91135168531896,11.212210289242286,11.606277871744187,-29.99350088027821,25.732673014537806,20.8194792290342,31.06051143176905,48.70159199376699,74.67826814583346,61.408518691632224,17.800320948189913,24.35058540216879,49.2321510082139,62.442481502999485
821,118.60408112877371,72.36315860317744,112.62261178386107,115.97716714228166,170.17224570391951,136.11321746092892,143.64027973401326,125.99615868267577,69.34714371815383,32.8951915103332,3.6421831686948067,44.80435058896474,70.49993546957208,-2.961360269078561,31.70398624923746,35.26960295480674,5.872283001182289,104.37406421589844,101.15832627815455,73.93367809871421,46.61854854671464,77.44071055843023,109.15334676792092,77.33679803434153
822,149.5618037094614,124.49858401682908,114.15013533592524,155.23604905073353,198.32909634138844,163.28596723393412,211.27045016279152,177.83046277649592,159.2525871681184,112.97696756435617,91.6819829681619,65.55974166212917,19.997575681730495,5.965135392554664,39.695083549733994,60.91866627000978,68.93217337190195,93.8277317500592,73.06819373363896,40.19648509291854,32.26973098890822,73.33920599292094,68.70659189696153,40.71336647237868
823,131.8307818056599,89.36474469995039,116.10647163395082,144.19385736836833,125.8764633847126,155.45548108892518,190.3682036076794,175.1409272050802,114.13234696814132,59.703003895025816,1.1309628961634814,-10.514477987175582,-4.916441702228894,-33.46618839250013,-8.332919709183667,54.685620969638904,78.43985392958669,212.07671817097744,142.30647455999622,92.75854798761353,53.49667859471604,85.31736547578475,44.556207281938995,25.266550007084255
824,99.05570899922448,90.49176019939908,82.14927259285561,146.72463146272707,119.93049617422972,168.25340361986954,227.7780250929897,177.8362003172148,127.9767031742048,48.65824842064781,41.287966476247675,26.222236073796836,-37.69500959924791,-6.870874870403757,47.46706520085376,62.113164519175946,45.65720587322817,110.76063483966853,99.81362541362482,76.4193717152867,71.4650112928856,83.92059753229864,67.27481377603414,77.52680666506775
825,60.17625120989645,79.58654774612116,78.30799426013735,88.5437085071965,101.08174886459112,273.26004677494865,240.19605830832313,206.6818717512169,175.24678964124024,70.17022000214885,32.73076573039003,41.48281872441707,14.184626817093767,-24.826129228220868,18.318857919441385,44.45117287414171,93.32490172920565,135.86229279076738,117.69082239283304,136.4429524832891,57.44407494593909,83.05754443672845,99.95066087295723,39.67278321838127
826,117.4002574962766,91.34118087302413,100.55469648976865,137.16883653516987,168.17464050059374,138.87130238355363,158.92827629632237,163.04234689729492,114.55900892743423,55.103711622355995,49.13334365848402,64.68955559640675,45.857286081142306,21.955546594962232,91.91555828235904,106.1664100025015,80.05492832925034,118.21917109379466,88.54037877274943,54.40478682488785,7.034672533668527,33.15942950427492,39.266317746155835,30.149562279296866
827,111.24954278058762,110.67289334921868,77.33408178564716,91.02201291973859,144.4030504161892,181.12689563429947,198.3945722316724,167.7788891387405,80.75212782950166,34.601964517822616,104.24626814875968,64.35048366024571,14.300916668990187,-14.36440971302784,-0.08309890528100183,39.44232561596493,32.30722032964597,59.93071709704896,109.77779788109463,107.87661231523937,53.435797556747985,90.80682607368566,67.96331653401009,66.52180730528863
828,66.79655156182758,76.63664569721723,47.73896524022439,76.06689904509787,138.13974440281254,132.57607295236613,155.97967226298442,154.01595589961283,98.94945811294878,14.909780266444727,34.334583075672406,18.263567242940578,-18.69804968339952,-26.017177929583838,26.329612510330552,17.046400566862523,81.00530638429846,104.13470499396406,139.4693536834315,91.87893655980862,35.31901382385778,64.9935059298451,94.02844469273032,44.19652041974619
829,61.916820869018046,62.953417944299545,65.23796881003851,108.41492430154838,73.98881261228232,94.26578725127251,158.41825959392972,127.45708348459425,78.7742065601501,47.279039237238734,93.67309551054554,55.537317434824146,10.985913209716582,-18.91672706418614,14.122822167729879,74.54875087369535,76.87248622033765,126.77475478516165,160.09638612497605,172.97397475040935,140.41489572058313,162.35454800205423,138.00112455733014,75.87907637048517
830,126.81133602095348,90.19078215547427,80.54184640104768,143.66668111573708,142.38513949933332,154.4128604213988,173.7693819114889,164.4542254594827,93.55194472478053,76.40346679207269,62.35361654762379,110.21627445306724,67.72388260789143,66.80729045489348,80.28137356084646,104.44611495740955,69.17123838559618,106.63155391760021,95.15704280643772,56.493270050831846,30.501756801008703,57.80154720277347,64.38202675942865,72.19558981736716
831,78.16760821408214,59.37673742148992,76.4821745372191,91.25035477043825,157.33716107989432,175.0162575973415,200.44051246957957,184.001153188074,87.39264959271574,38.50339397003121,16.953013020877222,-25.096780979618927,-29.32495315145123,-11.125661010933285,18.153659088880584,75.72180869037253,56.35334173153447,117.72568585133712,123.33212675814542,109.84011515721889,27.886152717828615,104.97460184061148,135.35054943877907,77.94972278240724
832,112.18930215736646,72.08317788760252,43.61512369320222,49.60574503324234,90.39965767977938,106.06055585470699,115.0773771146925,143.47059143359334,96.77609763250707,59.70505860200372,53.49951860239891,89.49922987608967,79.31454643599683,27.18964578702762,44.54315483410227,64.53791206121208,159.17005136685725,163.83717009283268,158.71087505535965,113.80000049300197,75.55167975079932,64.78845899254756,112.50662451697575,109.48632367151414
833,145.00867544892293,79.78882378345358,63.81604586043999,54.90745885284235,106.44181876884618,93.39532454444677,113.0117743086691,109.14161564009197,56.85855026828828,0.9616985708518371,-29.68688077501092,-45.2937459242698,-15.867182064445235,-74.85815784208309,-18.464401114657615,29.392642293427052,60.963215742204945,114.37653196534713,103.15123438243891,85.27512458638535,94.12715440219216,89.60509457548827,100.86013268543411,56.8215262760029
834,83.96908538220269,87.13403425709075,77.71133423580856,133.63872358941342,155.5336666383962,139.8930703174792,137.29496222195127,131.92069152796913,70.8675317655094,22.089932913642176,45.3775846721596,35.670744428837885,22.83340475765215,-13.11730788988085,30.101678075352122,31.24248007204116,93.60808380140793,96.67436439907486,104.98555719186271,110.72440137443705,81.25664693198402,44.855475497649564,74.80184559633342,61.18171298228354
835,80.49354772071062,71.96072826839591,83.14629552551989,129.42682897779792,112.39139128907875,114.78534685880527,113.22079149560612,107.99643069686573,75.07343620183173,26.52626419790663,31.20711890407543,79.78522170550883,-0.020293576606594144,-8.027038418366585,27.99316642708712,13.866783953556862,43.85170297663429,78.51391831040698,64.11525006287026,38.767154031558846,38.45971763709562,55.640033533123976,61.76837130823853,59.758105883995476
836,132.88201469563228,117.52438755510796,100.33756554664117,137.83206971983478,159.5270706033793,145.1178432044373,114.83011491123995,105.88914116585606,88.57284423273141,15.664065625971112,3.087913191996609,13.637658646131221,-6.346962097232673,-32.90871696348324,-18.44172092485562,23.820372938512037,35.65382240218336,87.38852081050354,124.85539649986941,82.93725882369131,76.37287076311404,23.918435226762753,54.71238370513825,62.63278378243908
837,84.88635781806931,32.487608549679365,43.34956939741078,51.44486727670452,99.51557111068496,93.70656540129642,140.67092401061052,133.63996434934703,124.62486075251901,62.7980045912321,42.96027453033163,47.086532096701205,35.589312874625136,-1.2844805248158426,34.66791332816285,29.029117063992494,22.394026297733603,37.02002963553376,71.3950057566263,91.97556934429274,43.86289693127982,31.733697159875696,46.161553106431654,-48.62995007867298
838,90.69728200793207,64.4758854812737,77.33243538043169,39.5392157415088,72.05420123672818,79.70672472790751,116.65883893507186,109.32645070263597,73.90334298996561,26.79448429613441,14.869859171508558,11.386167798440063,43.58783754944456,-60.669456487662345,-5.471261035460529,41.32775577022501,71.19961014979825,115.71857293513507,73.55405845485649,89.22788296038574,85.76801614482899,45.653990598170644,21.782606838083183,-19.017042515039805
839,137.47096580433276,117.01258836046543,130.3542493937871,100.56568192731942,57.67435174316229,70.53587179045907,65.47691645825378,85.91660189468944,51.973220418969454,-39.507994169067075,15.666242893030116,25.356063581431343,-13.452559921794464,-29.11608135181196,-30.302974488993367,36.27506757636532,53.79126824616367,67.28584600094402,65.64254839951406,79.26248115609602,44.87099035883778,54.878913296517,8.15227289036045,-3.030052226124795
840,143.4089248946969,77.53129168768072,93.53165503519529,100.66423204754325,98.72811502817491,101.03908942524473,119.73431932744609,163.95004509155547,156.42584594524976,94.73399323506271,24.164600756002237,20.033420706492997,-15.045827406221822,-40.32781284089468,5.386195216188604,53.207151639443325,28.313665428620865,65.76611721351986,101.70166927598237,69.00409806689643,10.765212301907276,88.6367302368789,72.44329347472906,37.16441581908553
841,168.46326233518806,81.97200750220796,85.63517005524454,117.06346091561579,103.40455543144346,114.77012189777165,128.2529720168366,108.60032384596006,70.30259168614324,47.76650829902695,56.967081436885806,85.62214912524095,10.96918429672208,-13.900357463432272,32.962430563427496,81.9486425074573,52.75755737482724,89.4512636041646,89.06065269667899,121.99846127542247,59.96924965585843,50.94244893569818,63.12840052919023,45.20439271735758
842,94.27244567036075,49.11077721467716,66.86904562173673,98.26932899426484,127.01950964749601,144.90467899604377,270.3572265090027,227.2581202684682,164.0725108216818,64.78816115393839,16.30652868438974,24.977135604952885,-8.005858488075514,-20.62973781619572,20.59389266115413,46.268078685177336,44.101084989694,85.72572251913427,88.40920540267177,75.12067021216339,41.58084331419246,78.01611256377491,57.99512169103122,44.70525439356234
843,118.69484061428,91.00631395342079,101.88868069627891,148.34381020182227,151.06382557027732,136.82039152904298,148.459670723722,208.56807721956372,92.24324589713066,50.64680404224115,8.2920473770454,10.034770503461882,24.52675988549183,-29.69112380986412,47.45940425293736,62.000699927839,77.71697585999648,110.30407426888266,112.16603361084441,92.53097129296889,56.978787363902796,61.35720853986301,71.92331285955946,48.40051299893926
844,183.23421000377016,119.48939004210274,85.74293763033315,130.00992884525817,124.42126687741384,90.98042622697876,136.758088736372,128.96854489655877,57.42107442612945,51.9652316088916,27.669260808469133,46.82814206776327,9.514432083342035,-26.47195162488612,-23.50006877508113,-22.11814934817309,-6.1107205000140965,53.0022183606082,73.43557192609543,92.18739254558277,41.18765605492109,37.980084720944895,66.58663105686551,52.88090479742606
845,158.25101704614187,127.34828804510475,127.96770910047556,136.64146222993534,187.88781450894353,168.6443141083528,165.76522115978798,123.21927509924964,89.82700226576449,32.44934847276234,-40.14979301365726,47.48336221951297,41.2342261150343,-2.3361363335388354,36.15894601470705,119.69515630915919,119.73344404292232,158.69417404139207,155.49578117303562,105.53745270077644,59.471419676996604,105.6003646424846,97.23769987245238,28.2668050676154
846,110.69245995340711,88.31652311353201,95.69034740567372,114.86855206056023,128.4501614002378,134.10022022759648,170.5731888651892,130.1543418306138,83.82138349440898,31.82147443262445,-16.264094549662538,18.627978157622202,-1.5316563047058764,14.635272545878738,-1.632427153543457,17.833110837211493,72.16792101530737,121.60812366708949,157.41125370463166,108.07892858016132,49.69407616533694,56.582012133213055,-11.87783826258017,-60.50330694673872
847,46.88778112409822,50.19698442502724,44.0367545464246,101.35214568088759,129.88278566194703,115.3300789681588,117.18697433640371,142.56407301564022,81.94306747649995,62.16014693987287,20.78080472117917,39.759525198490174,51.76912603055612,16.481390776350036,-17.766289803614836,2.504631711983393,-4.680864356181161,31.258583062925183,44.6733392664876,40.225803917365816,28.197357563074625,50.8724713651151,50.88949826829535,11.68894428487286
848,103.34203143317207,98.08060204018474,124.15372562511793,161.8004652946571,185.3059988523264,171.3244022298815,164.6108511832396,159.77207326806135,111.3595615202902,19.03131572065996,34.81561565367099,78.59751486673943,18.644141660394407,-51.99929312539729,-5.401212058245989,23.729135465768124,47.02499048262293,46.18024174224766,55.69443290653252,57.23189759135404,30.579716284352223,68.06388040004744,82.88791978315788,68.22460726451425
849,106.3529876471212,122.8207852087192,116.44468018911834,107.7946399621568,102.83975213401078,96.60121488622569,124.22010394831308,136.23165988364946,100.51707735785013,58.06687212910809,-61.63072290013099,-40.56267762545214,-15.796714764392068,-81.87144945769218,-10.860919302918258,44.415446682386154,63.877192488271604,107.72074629396269,100.39146814619326,120.5092940106605,80.28606174371232,96.17379656270495,37.626660929173276,48.34880211888342
850,164.46847292748092,153.20170215950864,104.94650868936299,127.72612805344022,151.5631073861505,166.36207271995346,146.8320612705091,156.9293768585449,130.0568553184221,69.90026168277453,42.869086873228724,18.977657688645984,-9.846525143038253,-62.90442637392634,-25.99002681359705,-8.500996564739637,34.13486145421406,26.864629041813913,55.12359603571367,91.98132909186097,57.57172067329527,103.74098976710192,133.42673511981812,100.43410108282279
851,99.80660425762272,99.09799538693206,98.90553550480512,97.8260397268062,181.11750287452696,193.3211344417689,190.98941184034982,129.9643433197533,81.81561765325982,5.1781640065468935,-0.5702781178083427,24.077238057682244,39.412774154448456,26.44914313885057,30.191344989699665,53.8249725447552,32.63468533857228,60.76591076796382,35.85923102911737,52.65363299626594,38.15316453857666,45.97768745279944,15.925637637923636,10.604476121667496
852,87.2241289361434,95.09262177891603,71.75270735723288,71.93613843684736,109.78842328599556,134.7455979771906,161.11669711773303,185.9571294348879,120.97111966664573,45.599800037806546,61.41079385065993,75.0476816386023,15.020900796826886,-14.000684366678346,1.343007691875524,11.69999199343281,5.990189323512631,57.761199473225396,15.300616047161682,-4.697347525469922,-6.826980433181518,41.997205993347215,52.247411803248546,23.42514270335101
853,91.4911044910456,81.14589220801952,103.76973000988389,96.40123972893322,153.55104256689557,103.67169846468455,129.48051322487393,103.43513453719822,107.27062244847677,61.82710783126167,89.82516016615664,27.711371478963542,13.338305633574837,1.3080740740702392,65.96255396501579,79.36332759005312,66.5059214805514,79.48275507350218,111.43276368493319,74.42011194454247,31.267255304689456,68.95389941688967,62.57255279511712,44.69834707031348
854,86.86839277948212,84.58161890039696,62.126377976496464,70.90692351129957,131.52322598890015,163.32710177686315,169.63716296571914,145.6577178491905,153.0265360589363,90.95781035211455,70.51609267648725,63.32353340872205,10.049959007309944,-9.219445814482246,18.535719221543275,67.09825016466898,58.17214860667262,146.9105673180221,123.82645629505365,113.96649381325207,36.78941626232017,63.77453352123011,112.5063227062887,75.01002963156787
855,69.91687637442044,32.303685108048256,53.20163585506785,82.69538798495132,154.92867502637534,140.72016349949314,138.4675236999053,106.88862297370021,107.86351545482756,15.902731631485644,16.65103771113574,60.63285373961555,49.42414331207023,17.528715701803844,36.62823984248162,84.04677760683515,116.86973374452174,164.57140775492113,142.5797267213155,127.99528491098027,88.8136637576618,125.06316460098205,106.34718285669877,71.5690361203741
856,125.53032194391868,91.28912981677666,119.78386828807842,102.99263897163533,134.4914386050773,125.84855686953624,84.15445793601259,114.70325020942867,80.73440534556741,-12.010156143025412,-18.193758226457057,18.875396768520083,10.963735602262517,7.299375798211587,87.83432067117005,54.86096537135488,70.86720211050297,83.79868881565818,130.95118309003573,142.59358903637576,81.94521732719303,79.02480828559987,101.96562180691896,43.64096358274894
857,193.6411076781779,156.4733729518857,138.74036343087226,152.0519539361618,152.38077777124175,142.65006846452033,142.26583921516345,146.37735618358155,130.39691403396,91.62319458560604,34.87881764037374,36.1370608120568,16.597278953505604,11.752145810571342,4.865720018967519,61.350251427439375,81.60017476563745,113.10011716805244,161.17544534541548,129.21903077424196,97.682013728285,120.75089547947674,113.39476011305116,83.87041370616743
858,130.27444008410083,123.47466444272607,90.68190147634658,95.7582362488322,66.71696243341783,101.48380130752588,91.3222760922653,130.66933433416156,56.494790116177796,6.255552039257083,21.947360296618115,48.82814806480931,-8.573698328270723,-17.59729424981969,49.16708026246155,50.85289483322718,57.840127318149925,95.11804090752311,97.61340047869766,116.0089841980965,84.28799367319036,76.49156102757901,90.84007604083348,94.14714328222453
859,110.8014152698641,105.84550266335367,101.3684341903314,99.17132186578775,131.0078590157246,147.3352863524508,173.5974397773478,135.438543924366,72.74396096667405,22.00095560741338,8.276565815017243,-26.953659311580495,-34.54491888117997,-41.81437053423842,-17.317225150304655,18.491217018736563,118.05285026778517,177.97736477664165,144.1463686756771,143.9332813203174,104.5601060391195,111.0776173223484,107.78414977853556,18.978760393063276
860,143.14219399624585,128.6007920700933,151.19144153133936,186.62425297645888,181.07467144015004,156.7985285391504,170.16534473858405,96.19679883954595,55.79323507569067,7.210406521715001,-33.434148452380086,-51.673286649782725,-30.55095419976711,-1.3586262142294352,27.183784469691894,34.930114533045895,69.89150982258988,151.9642980995711,141.6642484510265,102.31736661426773,55.12819763670347,68.92617968757159,53.77041259580528,23.201561185380378
861,111.18812205769025,58.016468923804,68.11664596882468,105.15633633625171,122.66343650798018,126.16578534830238,144.0377110183362,191.53990332046638,137.4665713933938,82.0022494902111,39.54145461401659,28.24934878524294,0.1724416416462411,-38.12261370143109,-5.1685538306812795,14.260030208232358,45.96688345961033,104.4091625763288,111.22582334975702,53.58099027943121,12.491106713264571,29.65387888715489,46.73040991689825,24.077307500030628
862,124.98632889101017,79.53418900029563,42.88451239749084,57.49703682640329,95.56071650122045,130.53943844172468,127.83199239092247,148.3176365287648,114.69615830849357,47.49902244976199,-3.6109797400640673,-17.103729139014078,-20.819348477970895,-23.116752529715313,22.826573136596565,74.29815444703193,98.44928803709884,106.6810497561314,132.49339634934765,167.69779947249728,100.4312823864778,88.49812238590076,90.84354892597851,70.61761990353656
863,40.85095066282803,54.59259085303968,84.42365419041205,132.74818128825677,184.63515675758083,185.09575752490386,160.3443956617279,144.01527430019118,107.8588461152506,68.74666731428418,52.30790402114452,64.26854010868263,25.282006411056383,3.3908229963973557,41.227994638071145,92.6031004792398,114.04340946311518,145.08023901561776,132.88057060671215,177.05849848570938,127.59223468424184,81.9208658278325,86.93827014835325,38.155645451245235
864,41.51979344605791,-5.026419561422188,21.634905831258116,52.7956874698124,136.0400376218161,138.86321435488318,128.07562382240462,144.18687367898343,101.0579458902795,62.742213403874246,52.62814704192744,34.30054430740712,8.319412118286353,-35.162047471282776,-39.22234580505075,25.551436743376392,71.48247547170939,115.51354869234397,104.502047238449,111.53346470108515,95.56892291895687,94.59145914350131,98.04148709069469,42.22467881580482
865,113.6116543105194,74.91807801395905,58.55360066097503,78.54785755930736,129.01389296725682,127.91944353389924,116.65616907085027,102.24725392199686,-3.753435759089868,-37.65351129856569,-11.60281179556334,6.425470499619703,12.759264416092899,0.457880076916827,21.577733362930758,41.39961646833228,77.60608103071215,132.50396610529583,134.70285157105877,115.34497363697908,78.59318525710107,52.357434074082505,52.36388547277304,33.18131685102293
866,162.88147743588576,129.37783017168204,131.8494866021145,163.27437905629705,155.85731539048166,213.97138984228616,197.28876023646674,177.07471486254312,117.18113825111973,67.38747613442581,32.656275964192126,8.386934805396162,-41.1782655610416,-29.232885211476347,18.317809436711517,56.66134419248556,-29.295731897181895,18.418488086094854,20.934748151208353,26.950122040021554,34.232486304352264,78.80187277583896,101.43320268698653,75.26855385538663
867,80.67973281920256,115.89161893204535,113.90634863504566,129.11820425173264,171.68257545515476,167.00918376810355,153.08897752880551,157.11127658119057,90.29409977860678,59.89081148798812,61.40305112965708,11.817492072158117,21.386476772574195,-31.899724094320835,61.45501834782294,90.84921261094522,102.77042708629367,153.68407631822376,188.65051639830963,171.73702833508443,106.54720397330533,92.29975749700395,87.9976420821502,73.16722134344978
868,62.08667063424096,44.452351477011184,86.00526429014161,132.38373937607648,121.18420881178145,115.88180595030896,172.73328160803362,149.67564383605085,160.3873622379365,48.375448410956025,38.87246755902905,86.75113578295196,32.405097377384976,-30.52523942180017,-10.891764830735308,89.25240992592632,72.97133550008576,62.160811879329074,43.33334789727665,24.847885169620554,-16.33787028537352,32.89329009252514,7.957059282140811,-23.76273346453469
869,68.37507558173331,46.741420213895935,76.64536251165654,120.38153262405092,100.01781933611332,172.7157311039387,218.84428232424338,197.3519749721907,171.47508486840348,118.78559123446905,80.4309409393456,83.1860276431917,55.26356826312934,11.675116974675724,7.62301277539483,41.22756768932374,58.40415701526096,60.51448149134844,61.31822180899617,101.17356847789193,67.82272445501197,115.11355841365872,107.31299190368026,124.52287197852455
870,130.5059579664361,92.67249120100978,60.177570682073565,91.55674377369486,167.25259386814525,149.56034148962382,147.14408145778626,151.6318553585695,131.91248819674837,53.51572195258103,21.223831011882993,44.901847700432086,18.48585326826538,-22.13786109096357,-2.964734710589628,19.25462544618614,92.98263388091323,164.4999711122466,181.157898895308,183.5539665552259,149.20996503702338,98.73471890751735,98.31709219231499,113.16052279282911
871,35.47573803990855,30.564853034170838,43.6941124969961,86.28818842938351,92.5724035524174,139.34923673136134,124.74866575998487,110.17643175752463,69.77613618636774,28.502212295828368,34.42085455254215,70.90434352042871,44.01557420279613,-22.51916185550363,-16.460319012854082,27.888777517034896,-1.9221640850753516,67.5640460079979,42.08864757348708,64.4800074806199,76.09196928897585,58.23742689230208,21.137277798351093,43.65819073818818
872,102.14593200481308,55.51208237181157,57.18451984999169,89.02248945797561,142.9981546394011,145.93246106659015,104.65329682373095,108.07309632939209,66.20771052238541,50.45664426907355,83.54137668195315,108.86890246763117,94.38367491813604,66.07550512034562,105.1182792077116,121.21299138142192,94.1590337385826,129.3992508483594,127.56705030078183,95.21877148493616,93.9868910005579,107.49819742659787,101.59769117567991,75.4596727969334
873,153.45088821950054,132.43144805895184,110.82939032503994,150.98918226671952,144.7914157260316,173.4677560859342,191.94245630298366,108.1397261147662,56.10044640626815,-6.452027620157068,-26.78429170595006,-33.56573493575905,-14.297463329822637,-53.048348909334536,-22.430794903382402,7.231644614960139,34.60958515228401,77.01645959520853,95.06944766343513,95.69402661803304,79.93334071918541,108.02591373798883,75.75126966282355,47.28578961383146
874,103.6088686592985,86.60014940561504,83.90474727441477,110.20723477741772,128.18908229527176,122.71628861156648,135.80656677716294,140.93405104103599,57.83221204186674,-16.067469107098134,-62.24234829491955,-42.3093427043935,-8.055061750821462,-74.502132389349,-33.347937233234944,49.931261978911756,1.9062922929466737,10.41152165494016,9.38212294386183,31.913837338950373,-5.1681057385927645,33.648981805196875,56.012703362498215,30.336103583575728
875,127.66255212478298,69.32588403715393,42.117448899929755,72.96712614544214,88.95693254693788,107.70045006352291,72.59618619166781,120.17290101270495,39.50111523512422,26.14096730886809,-15.444180267607244,-4.328089367478221,-15.04316742221027,-43.92848547633068,35.13636983123206,72.88657045474987,84.48764353524098,123.90346523471938,107.15384828379467,110.67513972002948,35.20316824566682,78.68628331378518,69.24324949592928,35.34973434031476
876,119.09218476144777,76.5915277233145,90.86949004945959,147.8011908452042,149.60125224399897,137.19160492216415,143.06319511001223,76.56349599847573,56.76244738268722,45.40281000151431,35.15047314748935,-2.3922808326302913,-4.912832301076076,2.2777534924355347,23.03305506629012,88.52699790615428,9.241144062847468,79.68687371784122,66.88617929081606,56.36006088606294,19.14515586862987,50.93329289184068,41.66412311888659,25.68977122754368
877,88.86387710451632,113.17933031308252,121.77248888279293,134.1539953928817,142.76275044256096,153.26423179467358,141.01555036431603,77.75070614133773,54.834287448718364,11.284743761380046,-0.4386858127642448,14.943259271252106,50.08921576348159,52.56001879617013,22.91920747698371,66.9734697624921,-6.385106274985844,77.2589686866211,33.41660848410797,30.3713770966188,55.852896109653436,93.69858397034115,101.81555834032818,55.45432304319344
878,85.54533456711209,26.754287658864833,27.195941523277682,78.75644155411786,65.91553139047308,42.01324338533209,47.3164592094157,59.790662544794856,13.626980177886324,12.547998817829686,13.420552179883611,-26.132644151438228,58.20689443475361,70.6204890634283,67.23537044315754,41.3937486013109,83.13793491551137,115.0570284252825,131.81053069322186,84.89214641803409,27.66474733942042,8.469539934922615,2.424848130525092,11.614940458536523
879,98.55627651116927,95.83418631068274,93.46312224450674,89.12602957989635,95.5751131235304,142.62334219263576,130.79023422428162,129.7930351393721,75.9452705190704,24.341743516075248,64.11866767167027,56.785535662669645,49.54660762331203,27.82640534967432,66.36818069842947,77.57837655836516,25.99192497518557,71.35118859366817,115.61953476851929,131.2134622881417,89.51983373068435,115.1544445242644,110.90991640800699,86.64057622688678
880,71.29302217398235,88.81128595703092,88.4547940798636,107.97135878459808,141.55114218507364,144.79420951170954,144.54972067122097,157.60154035858204,125.76622812475846,18.831611757944863,-19.08298167388611,-22.571216272064518,-28.384060854720193,-33.10289657360043,1.6689771651434206,55.81737902974106,94.46264485824992,155.77351372637077,112.3079329238918,77.46012068539665,62.86962607344536,46.285416040162474,37.42764841213104,-2.5143476208889055
881,93.17807520372102,57.58100012884833,48.697403475633685,66.2488108272581,88.31114572089173,90.41561304791324,93.41552286342207,100.49378930548448,100.33351124615865,10.187277673337753,-43.074449785873554,-33.378769748315804,-9.891195260399996,-11.843550639518668,4.910289324172233,25.898361573716066,49.553617904839356,94.76224595181485,84.26851159238022,83.98418681757362,117.78954035738414,107.91420368700545,32.771104029379245,46.74060126293269
882,79.67347792761899,53.49791260411739,40.249825725757596,78.44933763539123,132.82798408144643,126.21609262179724,190.48477899613283,162.01182020207773,79.8414300407603,36.13969090989913,30.131179639380914,54.35494984850418,32.73043058251112,16.101061119155666,50.21387339231896,91.16906877006235,99.46207839809502,114.37856804791895,92.27880413424285,81.09102667628693,60.70215152732613,68.95783061975571,46.953750648685535,3.6134955356456544
883,63.00061624294314,29.21159324611618,37.031515033446695,108.54108879405244,109.20069236873778,156.36088806279906,143.6161856422074,121.32330399761192,63.318401396523015,14.750981643909252,36.29952939858102,26.59317624489427,0.8846761488279284,-43.06554539694352,-23.54039136271248,44.654881125234155,-2.8624543065358807,15.257886823843592,49.759225205644064,23.396825954225307,54.34888566721636,101.3468373363788,61.866154365602426,30.776899177133515
884,72.64639916452357,46.406451565740824,106.87162115093011,143.66171268406478,138.08976824539621,128.27591840444362,113.38574430402025,123.63123723472127,77.88384959741873,33.61989007106059,20.027094571511473,12.281389381838022,4.699068940440105,-21.487056371970745,32.457238597514774,37.05893470977212,51.26930777401816,77.26958258549269,64.70520458150632,55.75372096707526,25.870502771596403,37.970963166131504,70.5921061935754,71.74154244434764
885,159.66193577043418,125.52510275528725,98.71047542365972,132.9280630266677,130.51017704434173,127.55541003141353,104.84007316269437,121.56592453703158,87.0952834373669,33.330759540217855,34.56400627026375,70.26111732898974,58.394601362722184,23.495897167470666,25.50468354424813,35.67257738725411,23.03875591481315,81.89582439682097,102.19440500594136,91.1875010590791,14.926917899520113,45.83660190864708,129.35860634832278,78.47007945300058
886,119.48199737924381,86.4232797417971,113.42983049126215,162.73746762426333,169.33911069899028,143.8250444412184,158.48455056317232,133.1477537858888,79.83772789536971,45.368024058583885,50.32882903940602,51.50315157954019,55.54154704258289,31.88432533808108,89.55917796211261,120.05712850183052,92.5263842673958,92.64790154545987,126.28133033150428,91.19547670425524,76.6171344525544,82.44837834944919,95.61060938418338,51.37646936707086
887,107.45658364497685,77.63935468785735,62.625607407432625,115.76653808697216,104.13990967426895,108.84223538383128,113.59372932486923,142.9902164583985,101.05444152886547,51.41642172303905,13.943691919245552,47.37520246694358,15.234682437686715,-1.9602653741386744,17.177519905856254,58.65306680516099,20.981022143375746,-2.960608625695329,9.794910708376648,37.126919175848776,2.7848330836394695,-1.1283206099585499,34.632680248478664,66.36567956320434
888,91.73944357076215,75.87336687982543,48.477150615830766,66.06568562810742,120.97478343959999,104.3079165454883,111.40495973264893,119.78809976693,81.43931949775575,103.5108301872061,36.87028818461889,9.67835376152636,14.619348252953824,7.852984906952258,-34.97494887982283,9.986267958224403,44.07327510532771,63.02647222164914,81.05056800019477,67.30136433820992,106.57328588276525,88.76038478039756,116.44998627996172,106.5510871220129
889,110.21322127001494,62.81126062472372,76.6978878006379,137.0155743407069,125.9889443444312,133.4755579327518,145.38541877607588,145.76564857956885,105.2341746723531,12.998021358475501,42.21918569906633,69.1222093589787,97.89618181209566,39.13027286425579,60.658368360330854,49.70392600408249,27.286682563115697,97.88431085993153,62.056718483040456,84.66774107691249,41.4677940687443,0.09374838292225718,33.76392371614892,15.854654993892524
890,86.13685370619179,88.89437540790007,93.01141526289199,104.33822993666104,132.32852913605672,163.423223807817,191.3175140138555,171.68086882196246,80.89408388249646,105.97933940240966,77.133956976807,74.5717211085602,67.82763537354346,6.091377756752422,16.19811270856194,36.09536578347864,66.25152189219045,121.91038466176146,150.86454721206144,130.8692031183613,67.62341594902507,66.1005394396599,64.03302125309258,180.1765577296434
891,110.47057205623258,94.99326037069854,62.03623741152698,80.53902452099354,124.93718249819791,182.55267337057958,204.36072710243752,149.54383335691693,84.71842935357361,38.537548093878996,56.59521991722508,20.679263119818025,5.728714928082702,-52.90626820414661,-20.829490168368945,18.376855847433866,51.12046534698074,99.34089600172499,74.09303943170899,58.406946563910445,98.19932939056548,68.59899029717724,59.89437846899486,21.13045954640608
892,133.30522792423912,88.0722536665787,76.64799987005927,126.95756109266546,126.45437255767555,137.48493410680223,103.28942607220239,124.82309460026437,124.51138838390686,37.92489725893489,4.544704080179557,37.90538704404469,45.791450122896805,-5.724878986126704,10.82734864776643,26.433686382016177,30.031932676288022,102.15291892186465,120.06445569954522,79.37832203318081,28.467310573833046,76.8063812243703,58.59774901388484,43.8684318743222
893,68.28153347813873,114.43069776290456,114.65244867434231,132.81076180883642,153.88326274156253,163.00551164570817,130.74619536714414,105.7491034592139,69.91672924340824,28.98725572763052,45.05697919073188,75.08121178801657,15.266285690895064,13.442227468521217,71.59819205145571,110.21517998732263,136.58717533861494,167.49590396137881,124.28114779005033,121.37939539270978,32.53664500668748,57.743002995842666,58.44802291046421,11.416427596224963
894,40.898465588683635,86.82082803392586,90.2939968158007,143.78184382099792,143.3761483029144,131.47259194957138,112.11262762681565,93.65324524537729,68.83669819095238,-4.91137845684095,-7.382110371408267,-8.834637303944923,3.7292431614765267,-23.918142879429087,-39.09379683782929,-6.80477459034698,36.68798493479231,87.86885366935056,133.27895494875503,94.74529697929471,43.27719980270381,38.1162039591332,59.82999209878864,56.2787780720865
895,164.71563537300034,128.81924469624403,114.03064838846227,167.05287552987608,185.07253418541418,150.1726297350967,119.35416490563148,123.50708128494858,116.97627166738336,75.66666204539484,46.92861032669528,46.90631972272899,-4.585913727194868,-14.89022881750246,33.37643454617846,73.29990887276924,83.35259448012096,100.6926321924441,70.43204374031015,102.59845141423256,62.13445088949889,52.98034693419051,22.88516776096965,-24.67637180984245
896,54.66050631494626,58.74355867967165,60.733198993619396,86.92020189559611,129.96766272701726,102.5508389448115,137.36565357883387,150.70904808012648,146.65099788929876,73.0812418695108,61.209183332682485,119.73370015158865,79.13748913009744,28.496836905397668,48.18530660885088,75.33477416308845,89.56053966641264,134.2532017072092,92.43265848455405,74.0197534447164,29.065099619187432,101.02726090025466,95.52078503432139,104.98851403000668
897,160.78924956747665,124.22785744081705,123.67791517854513,129.43718758404967,178.83066327793244,158.70158026051746,159.02630278275362,119.05682905485517,83.3691716172833,37.3803749691338,40.70359392476987,57.75915274143098,76.25664255299364,68.55181397285456,66.16571741893564,88.1965648653832,47.502355205824244,109.36032692587995,131.45596645198026,156.70951529610267,99.79781066072992,106.77573258544608,62.66720226369878,29.567057964676284
898,111.21393111719524,96.50089925165199,111.96611392296025,151.94194357762407,169.50119314233288,132.5427640238019,121.52476294656384,152.36859349203513,127.9365638778615,65.23514521592794,69.15089530564687,40.16945269078644,64.80213679500852,32.416900108721435,38.06791362565905,81.1467225669029,71.3726398479449,97.0880747787495,75.56046733660602,32.105828413967366,12.135626446870553,62.37312100585029,61.41540817365619,19.25228964581982
899,74.43129711562604,33.248395914507626,46.093917931582155,84.96422026133874,140.4439624939263,126.47710711697468,128.0644244504961,77.44301311440977,46.033005256027025,37.98882026644834,9.731359864935328,-31.82084831885659,2.3939682954344583,-34.474931585349594,76.01049628899771,202.92119354284807,141.61325160988306,181.8470163653639,150.34433593099118,120.96941254301998,66.25299543402718,55.35974494718729,70.67468681115697,70.69871558106531
900,179.21232082135492,174.62404674414145,146.0885783744026,185.64244545057437,180.63664547392906,163.95885274490385,146.57653485729637,93.96015168756455,98.56050848650625,64.32631331388174,14.437768198500748,39.37656011807412,26.32522476498509,-48.49993582349208,20.527673608555386,23.53470087275833,48.220513312237074,118.73375086528603,120.57523041791546,116.14163180560105,76.24912221106551,66.5370272090472,67.77266348519967,33.97244912759761
901,135.89114818985576,131.60210380358697,133.4749489161087,114.5097461485547,150.51740776186674,193.2848026683904,170.139840955817,133.1546657905171,83.62840723260875,33.600246478857414,14.814727198248066,30.65666052781213,7.288096606172266,-30.749838900121258,-22.952403584400383,12.063839112945374,57.74406263979192,125.6703925929853,102.96242186970596,110.58212393190662,77.34083937978278,111.40641807408986,52.70706219208321,62.58797958884405
902,87.93594019653656,52.33330767979553,46.86439755443976,58.66862472172876,104.02630776288579,96.16049404909491,115.30483101716723,139.72157712881585,68.51289279523479,27.827720860135912,25.91195332747159,50.42877602108971,12.440321571905379,-36.25884228746236,19.5551190227457,67.36625385214,80.65298777239839,99.67366777498412,112.93371148297524,64.88148609257017,1.3462340105116368,32.07191347204359,3.924793256125568,14.877546634089036
903,240.04025111346778,171.74225241097238,152.28741890581057,125.37294445995823,182.1327800685729,169.93431924000154,180.25502150207936,160.68066736417586,105.73061482692805,64.79942670392774,78.81533611093656,27.588541853360475,-9.83352390941253,-67.0855481341597,-4.342856714184979,33.831960937613445,59.3366077266254,123.31111254268967,50.615850664533085,21.571041051232896,5.33250153971634,56.56336153073086,37.331345641526426,29.48262137344542
904,77.42667519694217,32.29742879164719,58.787321432860324,99.10353292151893,153.39810747547074,186.32499141072748,161.27082901745217,170.17857009804936,104.37467101652969,64.37664993533618,15.65888209571083,-5.142562083744281,-38.78164328645347,-65.26579448117687,-31.886534958707006,13.73418645087564,212.22845475075735,162.54339887796687,156.00956138822997,158.22044439433995,121.23254180886624,107.69580291319976,111.92583418598213,67.61667126930142
905,96.65368722213739,94.29251932205827,80.0587876346951,131.49798271183386,111.23424326687065,136.9950087589135,113.53680951449124,128.92241671797217,97.37432847080794,29.935963708847343,30.080367892152978,33.69798350513937,58.007581499679304,43.27837162645659,55.033706234025104,121.13661263270278,133.21231361317638,176.04342650701517,162.25292735226583,124.30621607740053,41.17848816770276,94.29292758140683,125.98368854778442,62.35873676174836
906,112.28231436954191,76.48478993977838,81.43812741701039,80.25006472173027,151.85278231217194,123.82911927621082,94.96182999253213,150.41842914378773,134.3027684504282,38.72136248431332,37.50984729033776,-2.9392599326420523,4.735387571520921,-46.892721677312935,38.45396002236039,32.18721414074721,36.88045634084843,82.26599266029334,47.70710011194878,68.77020521231002,14.84876621156419,78.68342736004418,76.501249117928,38.60899972975058
907,74.34265457342786,70.49822097905113,25.100550372951233,68.66474286845603,99.36539644300899,97.24095758813506,141.76845420957244,138.4159720738934,100.71036737000443,59.476004222790706,65.62902511789245,68.51625063052012,24.6021321841744,-18.923238878164085,20.627371884945667,65.0311844298748,9.228021365321027,82.81676872102781,72.56476915626658,50.91685049190198,-9.820906336172818,33.665103889072704,51.105395153370395,35.44102066945979
908,135.32070859835326,89.9369285193448,66.77583700996652,69.53705091139629,87.30138190122821,122.95247620599356,108.63992975989902,67.6315225086432,108.16507657725535,45.75299238397977,47.45448653726785,55.29296461632434,33.984047256881865,27.296819774337624,55.967154546181206,109.25735585898357,86.9800446859089,113.1809935888496,102.42677380723893,119.34370348370398,103.23265819437762,109.20567029341346,126.00178306510867,121.37381815045504
909,140.49684433829563,133.2567279190106,132.2059867019765,170.26740679685955,204.54086458015178,188.64803867908302,174.51331046563837,176.9435920901651,105.91428437248595,21.563797215761912,39.74177700805044,66.84666418049906,35.643022995837796,15.173779437187402,64.58366907256598,142.88009292808403,179.1310623308079,179.16479665494393,146.27559325015295,82.69596574993861,23.439361470703723,-7.563884897187606,36.95004434872041,-10.134409921564092
910,163.6640387116857,131.2102399574618,144.35502214351928,177.56314915673767,195.02310421106333,162.41272233783633,139.5826300320691,192.26847550593612,107.7831391738285,55.38446779745147,-0.28457567779329906,34.456656338463794,45.25632706524796,12.911182818156785,29.212861472354906,81.94294643317508,67.96653338538637,108.43277877526877,137.36889270112144,80.89938747869655,30.44103707508849,22.800470640780446,80.42702756236997,8.210704248294888
911,73.04930839465828,103.34109216671641,136.75191107745553,105.13480452920889,99.215989079982,139.83660281107205,144.610838322951,125.77147226361559,99.7268320369759,64.42613000012918,48.39566297148764,104.99754410662764,43.94154849791502,-26.03663155799403,18.397306465331894,90.97574143836391,68.21792480901473,119.46514726569703,139.479008555512,120.18441168748889,131.77937946898433,137.0263006045546,86.48742059817832,69.67662427972671
912,98.03886603910257,73.19494619424245,86.04172702436543,117.28925802853327,86.01399944198363,50.65532731056132,113.74289973281233,118.51278908672056,61.706458964240284,-0.03975878894699747,25.638858270210104,43.70233167381299,2.8533861874242685,10.34287077795165,42.34797714216447,46.80473777717157,53.01987713049994,96.90023635224664,88.61214887476726,92.65780452849955,14.046735246068096,81.99403288985607,116.15459093915165,52.10103661674818
913,71.63744359513606,65.89290633988988,74.7274642133639,117.70657846314543,100.13694693572742,108.04958859519243,125.96579476220046,77.88485316963443,39.98529033689394,9.777506253085491,-8.497035291674365,-1.6945025113723204,-53.47281208167925,-87.00393413497589,-35.62782164176562,77.95799670267661,85.29795279659854,129.22955739296796,100.94660264142712,102.2838971409073,74.69878518716683,79.21868509754889,59.79388328499142,13.040509304898265
914,118.0710610959342,93.48588371005467,135.25577461532663,176.13091744832775,191.03531333006538,189.49130740072076,152.65950388590338,140.09295918570103,97.69966460090289,43.97721121689697,71.24704063829515,46.71992774093512,65.05079862849145,35.74471437827748,24.22618332232163,92.71443199633933,64.97150906597454,82.82505761157825,64.13798270092497,75.64310394067572,39.29567186239436,47.32961194195183,31.750618750732386,-9.794817781187184
915,99.19118580898876,93.0049323116829,91.63951809173433,52.04762643386404,68.5038795654106,89.57916732762908,95.16739820580807,140.6460215045227,74.84850494192781,11.451551841415089,-0.9596499406239403,-1.6052209582698538,-11.53333218645643,-18.80319914520704,61.773609558499885,77.70619894190601,107.7263785170106,150.18410046315236,128.2346692888613,110.03765093271383,91.94295016894108,79.24329703916027,79.93047545960314,62.640896050613065
916,101.80919547926506,50.17647110646711,19.942287963890735,91.23782899642347,119.5555632399673,159.09546722346028,166.5031881782777,135.3579604320878,104.57223844650542,13.33836979695456,-12.807443225387715,5.2379813339636385,-9.690608329043638,21.7817606350395,79.98697174036836,115.11495462185867,105.13513819621203,143.93691874701534,119.89698485572993,125.28875031280222,66.15636032606282,121.85213545897535,133.39335937382603,83.18851168801334
917,140.2565460836467,122.13436430543122,55.88644902578664,91.75356325678152,97.92564249350087,107.57852475011336,180.5064805597874,169.09654464886157,125.28501348766142,77.22991297158228,73.52711315623935,84.1858176012937,62.74590568619362,1.5607875755403064,28.252811103938942,61.531808456324065,61.25038662021963,90.26288612201213,115.01370892490371,97.84987705219693,53.68376798893711,65.89881742171448,15.014117484585974,-31.735457269612326
918,87.51960614454602,79.27736286359179,130.29032857038487,191.73425160064107,159.5988520596238,133.43972926783465,151.76137089817078,95.53391828256082,54.215927168601574,-3.43107374732287,-5.361912504119836,20.412568673578768,-0.6767270506651712,-17.31491256640075,-13.113655271925662,51.28808097969133,103.26395923061608,150.07675838377227,170.0476262219343,130.60533487609914,82.06748002210837,130.35561565314777,136.74168056192508,98.51120137988303
919,102.99610731822452,76.75031113843096,62.71655360260199,86.64846751516265,122.71343623142837,99.49776439255425,127.80684535227502,129.29485426783862,69.56985041751942,20.449947415355034,23.216325557240253,31.52223032942895,40.36492186144467,34.59596851922899,75.94772294670602,94.19085060168649,80.22257986698085,129.28111682410716,95.83610578937318,112.36231206831057,123.42676604709632,279.01415535266335,260.92364798276833,174.91147114367496
920,130.91464195910908,115.62550290342394,76.99218370374741,64.4060169841327,132.80200177386791,136.38058334974153,161.2516709381426,210.04979992627753,169.03899007379175,83.61561409918761,38.49390907796021,37.81254384434333,4.124108787942401,17.46541838380233,75.9068779980652,69.81592102145845,81.55292021000082,127.76535878043761,118.41456269365997,154.39729658653908,110.83426737130608,116.23842994620861,139.14470084777776,137.21719510193438
921,140.44650605324898,141.83065917255908,106.48713009209055,145.0841901912314,190.58021735606383,190.98961044588603,205.43256767254996,139.81474949287153,121.53707683233252,84.97974319027313,58.781669571477025,96.1413073133549,56.29270425136232,-3.9050668852096457,52.30049023806754,80.82082953603707,49.02113475468601,107.8715656086342,124.70840499754743,105.46564570802737,55.65188866318911,90.34801277182288,69.65449736701143,36.77824094304032
922,92.08855632539604,93.50896466345037,98.74977254591771,138.95568458990635,128.92412235536494,118.9891033869255,168.31513767188304,126.3341606710045,29.546434441156556,-10.485478825424849,7.338918906128324,-29.025925558460095,-66.91774569329115,-94.66071230264195,-28.34215718816343,-1.1869209438759682,29.94549383247641,127.76864479254502,116.41698366916962,108.69861563846268,82.5122750730934,74.5061958446827,53.73044428574775,21.711267760143844
923,105.09566134965178,96.1025574307084,107.12070970463152,188.88448079915918,236.1544827550571,206.95146217347897,185.581752880414,179.59681826382143,104.42529257218214,56.36647738805556,89.02734139104811,55.62684165525933,34.10769278603452,9.49825363911641,35.94197357126786,81.46151025239232,52.256620840111104,117.07595396701865,77.11733373393093,52.92718133156957,-9.370019564750756,9.953452091325104,63.248474982918374,45.02269615385646
924,77.92608587406389,72.3937691557881,123.16286352004296,140.70847957314396,94.38741828526753,138.93482878143877,122.31450206443489,115.16542244795426,92.24902910147604,50.04410534472346,-11.463736328855333,-12.923869306280722,-4.7186431633598644,-14.131278495941784,-8.846023270291479,48.03051247721029,20.537811483006145,55.56721560173408,32.461360811133346,16.248153146214122,-32.19467472084947,48.45336480272554,46.3088209334646,15.931024178226771
925,126.84330081239958,72.5328603669973,83.03102555522,103.54555556303377,104.20006953548865,120.4775747291765,82.18665442176052,95.52133095006263,74.62746764145511,-1.7715581008898837,1.0908511377363155,9.556952448235666,-7.073601521784884,-30.20863109789263,20.565396937361854,66.33350869373737,70.61561593505604,101.08804150310681,114.90581424493533,118.31650731059487,50.17705425564946,75.98992695920874,63.1277420556229,80.57551664628775
926,118.16059309573738,40.30455015110126,60.24140479643775,97.61379763886333,144.44214520397833,166.05296558931937,170.8657810542436,133.0844808481464,118.1905941780334,60.73091817572299,74.85873388307763,31.538884274885678,-18.235666438858328,3.5098519462198183,-6.531972557825053,55.50066817489588,71.64984277894122,112.93484758355098,123.02681664435806,166.97609740217982,68.84612851221374,31.28863932329574,29.91964942388664,82.39839408478247
927,132.04219852211736,139.77059512034344,78.97646012680013,135.26772872454197,191.30621364143013,188.84802051038758,162.5645279230016,138.27939073353113,107.233325308116,50.083201122362134,21.15990187454578,54.075740409896284,52.86241422716219,11.062421670623873,32.94012724097292,25.615010420717923,47.7491457331448,103.1914900604836,110.76028837443683,102.41735929871359,53.20635325182842,84.09042677477487,110.75540153391886,67.71740280537321
928,109.7075460981211,118.04904565605818,89.49820220657529,115.32458610791453,113.76384396997918,154.39872709642194,127.39576341420894,116.18965069240261,123.88428826394595,117.58577582720383,80.09513657902004,72.35031646580384,70.90459300245224,16.430335076577492,7.4671316900110405,45.603283036543054,39.761387608278554,112.12466508224404,93.71845975210432,101.5282627376171,70.56743826049609,126.26078192005475,93.37405434409648,106.72679152391761
929,134.71357540975333,37.74924035295849,63.091636814837116,83.25786445452206,124.82250418506504,96.92803435450094,74.09805678497001,92.54885149525819,82.99742286983548,25.03223051658661,-8.351196611908946,-25.268579675927064,-28.129942585528045,-51.80402015365205,-35.25150118680354,8.691553359811955,70.09245414893026,57.761438166517046,53.9610260258875,32.61945261083826,10.467017118720015,32.84246890224623,-11.96139215260095,-16.48420086812282
930,68.40307686959466,91.16269956266197,57.55458399440258,124.81654532374091,119.4786172428949,78.17185511357039,133.0076185292,133.74128081723907,107.00698787915496,73.18549477490072,55.301634367114204,43.96451820742979,16.60707183425012,-11.797021543801849,2.9475890043533504,59.234067741695654,57.16482931773806,126.95442119452493,158.03267241566687,97.77672683168038,53.032410865548975,42.52730641993098,67.66630472152899,88.59727166459342
931,134.76719014984067,87.21047222854328,128.19399564638863,130.17065354752393,195.24906781582328,162.12165233703212,164.2214778571483,184.26684724744968,115.04964693581809,55.84312021177386,33.039371355591186,-14.508847541750477,-22.498258704642463,-18.60643266679462,28.068704212273516,54.986582757214435,31.750957012371913,73.46673204248708,85.43507300769639,89.93796151697146,62.56091544501952,118.63572784603737,94.62645986712383,27.520220001831078
932,144.82119287000083,150.418443700636,104.2283494635333,126.11673858703156,115.69120812080357,137.89500376051313,118.63088556529001,87.15930676595104,68.45467080981635,-22.46423503822406,-38.95784986163605,-10.120903569647183,-66.33300840482832,-50.839300743279736,32.675625975167705,51.60676850147469,45.07854458056154,84.11004428194468,45.557551932159505,19.641128229160486,41.85206441431641,66.97461717699404,80.8969853680761,50.853493026795704
933,153.69474147079575,161.05712729308118,130.11128489550913,164.2439421318531,174.72325072545038,165.70526459218584,88.18461289294052,61.69159899121918,8.803492361761172,14.710605148569506,-15.042074540497815,16.086434239947945,52.51502174916652,-3.3470264465882416,31.382128797593833,24.267498660413473,74.98229433035726,87.08734306061888,84.7360634240634,90.24071755651178,83.2558557391392,70.43427670296947,40.137722966697524,23.689946248154037
934,44.78445047136549,32.774926439944124,78.91878896548943,89.8345267055397,121.0806842636672,114.19442412024304,138.1627011700109,143.0589678775592,101.10583552686289,76.8973615579055,36.41812130605088,42.72622159999723,18.614845323988025,21.92597829868841,24.804650103324338,85.17286265957635,112.62328417685751,164.77073494260895,130.8713972802752,119.38606333519616,97.51630303933948,76.1919386092969,42.980831753194494,20.174029558428643
935,87.8842009294995,78.17959165993925,45.784407830653926,93.3546538797755,130.96506481568196,124.39919781441414,170.69711809978173,140.58275937222226,102.39587626888094,24.162733525846257,-29.441463501018582,5.7375936920536645,-18.280701790098394,-46.47957435411432,60.587181391266355,18.86135210740487,41.991010076831444,92.56868207221105,62.58091659751213,69.01247293607115,41.84500006601465,69.25454011543653,49.01023531294331,36.825417716446594
936,86.45362287989727,66.42606283344587,83.88049799621014,95.31031767812223,151.3754182501358,122.77641358946835,138.16977247662254,118.60587652156389,69.35638207935803,42.34563851553192,30.17419659284124,43.57660837664691,-11.160321611841308,-42.91682719916825,56.78929742295495,54.223711201692794,76.50470964228133,96.29672051303757,80.12259280456125,72.60331493085019,10.127380209683096,50.255356698871374,61.91429638938608,56.754577376460944
937,34.44397487292579,30.55199011026403,62.37169574446023,53.763414352441046,127.55186775409356,107.18156130607817,150.10267351700148,121.49179048874566,98.22373307480099,31.578827717118422,54.623784755986385,92.29022342160906,43.797274296497065,60.80586248030147,38.83699860992233,5.5715803313658085,28.3936169654028,62.23240396016714,60.23246899845762,82.42114652640358,78.77391745893597,133.4414577905702,109.441661208061,63.43885632644555
938,85.85880769459214,56.00011809124605,88.71083634936119,85.5066396065126,114.04519303319756,100.57726607783968,172.1040089763741,146.008589146828,114.10811589212088,20.302201210870088,21.220101187680818,57.811237171820075,18.555357117320263,2.5935223521961994,27.135207996513387,7.886864039503834,8.950127344036702,103.18758678770283,107.12940041196606,96.20795078558389,76.25486967818057,75.32191710173818,104.35015797186904,91.67637777052715
939,43.55451994975861,56.857864085516695,44.57072318311232,64.392586246556,131.75006609653283,141.75790814768166,164.5409073529645,171.2346295639834,151.95375522660873,113.67256664594747,70.14375454660043,73.25211669153217,6.500567814951676,13.354219474073965,59.2308080197528,78.20386460266023,106.8342778268723,188.926334089766,154.57626302222528,86.72269219824513,78.24606819524261,44.8514919478013,66.64986932382635,18.327136701199358
940,50.162514907504665,24.633523082747246,83.69922810925843,109.54595970006577,121.66997990244242,125.52292165845304,137.4601134802931,153.68189833298945,110.11123213521601,53.27350138720243,59.05637845966953,30.896818984562085,8.798147602691717,-23.070048609780365,53.650421057477985,89.16387473589049,75.84198604679291,120.25445281504139,121.19517751834088,96.41195872206052,68.53945351221006,97.26102843999361,69.0234675172182,75.03839109785557
941,67.81579847864083,70.18311325486698,76.34344394774564,110.88467230984016,127.16325956114227,84.57021017103685,74.18582059557741,119.06002349337862,99.50149831068373,58.49827249031986,36.716780832464266,73.38657297055731,33.95521418532578,38.53941730150059,45.893614434535536,79.83981493790301,61.67061203892378,93.48219774131539,88.81222774369805,103.45472337722175,119.67835783037208,87.13501182540719,95.0841371621795,86.53319063960234
942,147.64604339604858,104.55802927436363,107.80490053298249,147.7455164537222,169.14825196263442,176.86992752923442,167.78419540181054,119.75497682808417,81.10597532302066,12.536986616012907,19.625537892263573,-18.986672992908744,-37.8219134836863,-14.462320268986897,-8.531358437040655,43.219700728522604,17.166826005145737,73.85626742163589,95.33565112427218,104.84531981565274,30.196896419229283,79.06588673713301,64.67520797858367,74.51946931618028
943,86.9733693354597,96.16486741197755,53.62760364959565,79.14613640379119,124.22663374540579,96.05867454617574,108.53067822768627,125.43660512105174,81.66931202507189,78.62578473164254,44.26152485859087,35.67248416320757,11.739546881626065,-19.70050254355694,7.885994881879046,50.463763381203506,50.7521184402657,123.51764750736695,87.68006886583831,90.41837900056044,53.46350735514697,86.82510441997975,104.12626217587999,95.02730549069237
944,141.80690368982246,114.7981832530991,105.33412680367455,115.41407093709361,121.41944349579,129.41923517954808,130.69101161302663,142.03298878175042,96.09602032398921,37.076229886150244,22.134799392898902,16.624403426174474,12.951535907320569,-24.87281861461721,16.49142690649233,65.33548892040785,55.57382977320654,79.13758317455692,83.05115217700131,64.5232253606417,9.00433592751913,23.77051343221425,69.437383885419,13.896597845488145
945,100.03393573861607,73.11652967270966,47.77030232927164,66.79824527040954,110.5343543828694,113.4298551475294,140.9631572045384,131.90824783192718,78.16732433201273,17.967928373378015,-47.242493448807494,-13.447620066999946,-29.33686155407447,-71.54237378431458,-16.395102406955605,-10.347261518840156,45.60413014506068,53.24417465896099,56.82417706718516,39.430115068491816,43.10990396717327,82.5518390896756,92.01697622932186,73.61007564309398
946,29.81868457466652,5.260567825151554,54.64316085035934,87.5331459112086,95.73298548271661,128.86131086208894,134.0941203228351,127.221295994593,81.59982223234165,30.901918228343053,71.88393345707,93.16794105442902,33.652517122998105,2.309589765947443,29.805733126489777,120.58614849543693,79.06320488577732,121.28473707334403,85.71288950062933,81.40009451315478,67.21853782871025,36.07082290909013,19.081312315687597,8.42575091611905
947,79.32768048236437,62.05117753245245,73.68463958848538,116.96857556906312,204.46004045394866,181.59787684765848,163.29190655011405,175.44490109340651,135.45008975535208,94.8566691603037,52.20075358420899,15.526918785722302,29.9726023182606,12.739049235991995,36.26913879418551,61.159799303727496,106.07333704616329,164.89113117935648,177.58869749115763,109.69074586246799,71.1229598744442,42.61567001639787,87.49086003050573,42.18577689334109
948,93.06165626443054,45.970285016800915,84.52253961365537,93.24596600950767,88.67252135310252,141.62614108151098,144.93354701414842,119.70173237763002,50.43522093400287,138.10592810953312,56.05870089640122,62.545489089789974,31.61591975610307,12.799453948696407,36.2681372681261,47.95624319027236,81.36756631016151,154.35527772138857,114.33963273002443,85.36266674748485,44.14166468390235,18.888356028598537,-21.240838271251377,-20.00993148240289
949,132.876761999287,111.9485451591248,51.34842626125217,97.59803172025903,128.0397476911892,158.93803933761774,132.38011450511493,95.35330591291532,122.84934245493892,36.79261159439292,-28.40939888584964,-5.700779034505963,26.759330009963993,-9.581983149947504,55.73118607230971,85.08249162148168,64.05657795730191,110.80954084731046,109.58872912841697,69.7859289791975,46.67363750975025,107.56096268606483,47.6471567077632,18.934795722200064
950,137.38172643049236,138.56328499851384,110.51778037617703,90.42023444389471,112.8512795694482,113.09181313476381,136.7441969488827,105.51169287608116,60.70457517044606,35.931601486253356,13.717073600807556,56.37459671606868,16.89781496126903,7.650999885713253,35.16134532821622,36.74132265601496,63.05378701740099,141.28646320881379,148.2272553190689,205.10764111787984,101.33061588099801,66.23430962312938,36.19509804405678,36.168449550249264
951,111.98875415075561,133.06474407038024,155.59718318749378,182.4194510135215,229.08370458954334,204.3157503299427,155.55466874005285,147.35563517332022,102.94016343101697,113.2756543232492,62.108519946033454,71.75663631292304,33.641680617411,6.325707635232094,29.988278761376044,112.11321097804743,128.5487715864268,127.04002143181651,97.37471273238911,112.00553726074989,69.65845278645737,56.136096239646555,56.084164466309545,58.656370733911814
952,82.99949587594307,48.53961209348691,41.62043315812947,114.82489835506608,149.3200761975985,171.44264317062107,135.02233455981647,97.44069260679811,68.25236909390682,-4.272787686423314,12.035653942251429,60.583462534746666,33.70555347733063,47.882205106487575,72.31395522340694,103.62945772765542,96.13489565548142,110.85028348829489,90.89032278700003,73.8475772227483,4.733027341729077,32.37149586846101,76.68063520004767,80.04746602713874
953,25.708423846206358,38.45773630165496,58.12269046164521,67.45492341867025,124.89115123706738,178.38033912478738,123.27857032061851,156.3890646960998,122.3465397716002,-5.195072722182758,-29.48682966859149,-25.5688779373312,-48.762941463068856,-61.5396023768827,-19.56055430278924,45.768368449238324,57.93533845767974,34.04709714814494,11.077256048738889,49.230952018700265,12.023708513726703,66.49997865000967,90.71017316064733,38.97096611626425
954,133.2886919924773,96.40115820884125,85.59734386473569,122.65257512619995,189.54300741497056,169.88596477536845,153.2475148183363,161.5820193571002,85.14143179083267,26.056481299280197,52.459915587503176,33.07585023672973,18.780275417252312,66.77630917349892,66.72114094831144,98.08494865841631,108.74271567953375,138.04988237806413,133.8521612422982,125.81254467031562,81.6185613680715,106.97971347978907,104.09897399513936,32.808314141525344
955,146.5593179868166,90.29109013728404,90.27493955704942,113.95883655707573,112.69379304604249,133.53233840358558,122.85327043536999,156.54742616313646,93.95277265008669,73.75865058972326,19.587490846046595,8.474032233779766,-32.49323278647313,-79.66411638037884,-70.1253172743074,24.113398615915457,50.698149563976216,81.51225207532809,118.26563356146677,90.23784893187619,56.97702881799018,107.38105132853553,65.05152032469026,48.58748035121922
956,117.81223286660784,79.21481538614418,119.44858073114847,144.98158604324138,93.80602574640342,84.65151640420281,53.510040732329514,97.23256373606638,66.56417555942149,55.879489105826735,60.76761815312449,41.55890104792788,30.89046262367847,-3.66033136944729,-3.067388015718489,56.49200944233909,73.75904940150993,89.22782956307692,100.95695799330421,62.32317817395608,31.936093645472553,58.140324006112216,68.42915896497283,47.52879360009771
957,84.40467334409931,125.454992731309,88.95166035289057,128.48927298294754,104.47209415153205,120.92058331980617,145.97163358542628,126.43680281957275,47.4755392713575,38.568523724446635,-16.53206249347904,40.06527242344584,24.430848727895633,36.690194910690565,101.75927780944338,109.72817860283284,134.92877111677154,142.47873846631143,110.37326505562874,114.54308878686192,54.67317602660092,42.62442282995817,26.4688499462831,17.88239154915061
958,55.16903339488976,53.076085585180074,60.34377958906725,81.34343958122594,127.78477906880319,161.2469187708947,206.63901968869624,177.91415776437037,104.4956770994567,31.747572028853796,37.3251765175919,46.47105458018683,22.576592327997638,-12.350890325099082,-7.4445545668931565,20.96886156825559,36.90375794110062,124.3276278460653,101.85833650898746,109.48631040657165,41.58081003930139,23.253245064758367,75.94909985518123,24.568071126193168
959,85.56393106708416,78.57277118790779,49.848305780672625,95.05475574723818,76.12622284494024,39.36223423774166,37.328078911274815,40.33283113887066,79.44304548602909,39.03963005570429,9.174089552902927,46.53164663726034,8.114684957329942,-28.147967533676432,58.14098529161454,129.74671750340607,94.55687454398623,104.18157215022305,100.6639720937785,67.09975726143661,69.42784000120191,81.77907613728833,95.75452047632693,48.91003126334806
960,51.250420694216416,45.81159273508778,81.75378406176382,98.69855189199123,104.85826058947981,103.07515516548995,107.45490636269427,99.95562420086611,76.46980028079136,14.31176487702347,-3.8053414589153647,64.51282932638262,37.340781346407276,48.55096090293658,57.37278822765052,113.16380034242475,102.03818022120015,147.52178480395884,120.51704363881379,127.41397297213439,86.28017600820421,82.33265110373931,76.20411700613572,66.76455016666984
961,72.68040971532926,61.07012262638966,61.90183166293082,62.64664223153858,80.94179938811453,70.74590001253009,86.2792990036158,70.3905970395983,-19.148899518720484,-26.134163636419913,-56.95847568086985,-30.69950315434717,-27.802239095699182,-3.086537250064378,-29.149670227875927,41.0437201881452,91.4871735231499,267.3820017558043,231.6748004112491,160.2919993039714,80.37096700358913,93.29814540792175,56.83476209210356,22.70393102795721
962,75.95548092775545,55.63390358485721,57.68920057741059,58.59959214275519,108.64623042170795,144.60881533759692,157.48303662910632,182.3465128418486,125.3959524088508,29.919958532783724,30.50570094332986,58.122268817727935,28.56211154481914,-15.106618452759653,24.58194928893135,111.31199760740378,121.79060235064263,171.4366670390218,160.32800207376533,138.76325839187237,82.50705651538246,68.09807042924515,93.16027126979587,96.99249289379487
963,115.16319077457757,80.04874823455948,40.04818108885093,110.62738353630826,142.9379520139964,170.6089957324334,185.64538941191952,169.93618503487684,102.72396893346537,64.88251500492994,60.978211670385264,29.47821322244465,34.59349870333588,-9.379920252257765,21.83347295010259,104.46693693052816,102.74696274384499,128.29199931302898,118.32627988830126,73.39386688218757,40.30423925774953,81.79100590654423,64.79208156561639,19.963104265959196
964,160.1490761714863,101.45705381057684,114.22704731485551,136.28075678051584,146.7144298970434,136.65136569932577,141.21288082510335,167.362062146461,121.44098320503721,55.8436931370082,10.220113131453132,46.63867359807347,-6.890412714642235,-76.29486995847373,-15.11198618469697,42.17217023349342,32.39372323006569,105.35411496406503,130.56596004240353,142.38548738888363,116.4501165749736,94.44732376232666,91.02902148431416,86.4095547689376
965,133.3378304967896,83.45322094964465,124.18607255577808,100.90482176066243,111.61961327565852,144.04451558834393,175.9099951559238,149.62363867689794,83.90813778285077,40.12446394444423,27.8708233656598,14.508125294352507,-12.284168574075466,7.793783570900548,47.80614039429801,88.17365931689552,51.71793089039802,105.01708089740526,75.69545307842846,38.207739871367366,5.371756768775477,49.138985387656184,25.886340637452108,11.213611441254642
966,84.93349009972061,80.65923820662651,79.67754263103215,54.930214472916944,14.195912894541806,59.41801526978888,134.80760213458979,108.72572792908919,63.84113316916522,1.1285826490334898,-18.683028148583006,8.694041750772644,-17.065759970930987,-48.152841985975655,-1.0154085691174402,19.7048638248272,-15.799376929735459,86.50581208772992,84.84933462999845,126.32324107741175,100.72933812670843,158.9156710498093,152.04208582069236,125.95014841258947
967,135.58341229046158,118.93140248447665,109.5626632524822,126.76014131159042,176.9510158260439,183.43640086012425,166.79154656982186,184.4244717876933,131.34909120576083,101.83874705817342,86.2851044641462,58.88802908498205,73.74350219583604,21.752388865045535,63.81136180375037,77.08754045449713,62.12596938332385,141.36485220534917,126.365532113331,78.91388578223331,58.84354793825636,95.1199580918536,60.754945595320414,58.950797745649275
968,92.19491642182716,39.34126949717857,35.630884525779564,47.20741701317013,134.49025378420833,138.49949925969645,164.47614493801598,99.91013979612407,38.00660062846654,16.746098030572593,3.1098393090898355,4.2793290252168035,-25.35086209430111,80.37344696844751,75.95999936524247,55.43525373805304,59.02198266769261,154.46625271919572,155.66087258164805,137.2016550036596,80.20457220232244,100.42999534941885,65.75796640631894,30.739677112040834
969,156.41930038903982,114.93341603535075,76.86093824530562,76.28449651770056,94.09830015661835,152.14121692205393,123.39799884403004,126.61500064596571,122.83747577173256,33.62713278235425,5.523615331333087,-2.3878554904352285,27.170310194168923,-11.732931045787643,15.069463968101697,48.15903427898251,19.105564934762512,62.88687865508283,28.506230386327445,62.14013524860161,8.170896332287818,39.6049569238516,95.79438624258908,58.73345070710951
970,64.10012001612913,87.27426612470552,95.36038509879805,128.18333472797048,165.38478107915148,192.67609226387376,146.45314352338406,167.68774645627934,130.5056293605675,67.4613060236144,56.644377862876404,50.521785134361295,57.13957870037612,2.3484051228970806,26.534059822481698,89.52983857458094,86.39498953065323,133.83969005305656,95.49170467960123,57.15708062223664,50.61068215774458,76.16668174079498,92.23188577165479,45.58264740900452
971,88.77259581517966,56.96658549664677,89.19624610091223,111.88032566341775,158.74193768282473,147.88491172160823,163.3017464291936,144.1780274775774,86.00079588386075,39.45919853533471,123.52667202088394,71.49918424400902,6.200054932453153,-72.36747113055203,-32.235576299148136,21.183875990103445,48.90871871747397,111.91406597344782,102.45292042545132,75.04253933054895,50.45045430634875,58.382292613937096,96.88125012336332,58.3254066730877
972,154.9247652488305,126.60280873359523,113.09157895885096,126.44014561159383,141.15615290755818,135.85472238943225,146.2175519299445,172.6171138296741,100.71134857366069,53.281381307807656,-9.16185186505075,14.177738309352641,20.34176649029212,29.533061632169055,55.84778063623379,67.13710145053551,76.85785998854418,121.74088486071471,166.35208368604253,110.25218648759207,75.7157317115391,113.40376912996041,131.9857683807881,121.77342079588453
973,113.02341911350763,53.44667034241084,99.15142480342985,130.30172708842713,145.15250921864092,161.45540849574576,153.85470535563678,167.91828754779743,105.89377679512988,48.825513292196874,46.51095863792477,31.7665221128751,-4.795881763517745,-45.59217447049089,4.59452286849994,16.7554619666938,39.520761354564264,93.27450676954314,60.78368294407988,59.488965458120234,67.1641215596872,31.711165500203045,28.391556835979678,-5.3031404212134134
974,174.58497343448744,138.60529120645455,100.78536647413566,113.618164116249,148.18957607363586,185.88003343540427,189.37469026450214,196.11811926042472,140.53349841778044,85.36107031401376,15.865893686286057,74.5144191755502,29.079323045095258,-7.164099085751736,3.628312042335491,34.51987980594656,18.750220270388482,51.1296497782981,60.16852757526346,81.13370184728684,76.24305849579329,49.31279994526396,44.55520229742282,40.69965399083731
975,137.4498915905894,103.52027862078855,132.19988187160698,204.58528228217654,207.9432978770626,140.92534676097142,127.493261508241,133.43712320025915,106.17073739423802,78.93990251563224,44.97281947078976,46.32449628290918,18.622912830698002,-20.346808406280374,23.822007261964888,84.58541341738822,88.91167460898376,135.906443888965,115.43104881077943,124.78748373642635,96.39944461258293,65.62467504580317,32.738663302176235,9.901372162905766
976,103.52189438356552,107.26572333015758,95.60197973757022,121.82388980178838,129.05838745205602,183.72621071720522,193.96037285729489,175.47701844652988,143.25675131184363,78.42143685756625,74.10324081425767,37.75870866270256,11.98218143914821,-9.758758857979362,13.738706650333125,67.92087752743252,62.74078870703872,105.0487806405231,76.26242067298735,53.03860672585316,140.38559824610374,115.85038029249864,111.24841759297416,79.10736419888605
977,107.25257762778271,65.78950490451756,109.52277752872264,137.52210566608437,131.61852333312322,129.62153507276574,100.3336869724341,141.22019327798964,95.73307901532552,27.394882206053556,17.336812634210613,-0.6461719284294816,-5.371204805977122,-21.511404290305457,-37.893433288776194,21.485431681950672,54.466163839549836,100.47582996254609,108.95908138543733,85.1492710377954,56.75228251949491,103.79638601398676,118.4459661292144,96.70759944078438
978,151.84807681664017,123.57493235635945,122.9875318702681,139.08517330287134,175.39501288686938,141.4590427783092,89.10326616036562,167.9987859799599,142.83584978389234,43.162081071844675,12.60706874878042,28.72702604812183,-19.123866611156668,-25.871505854740697,11.704946630811218,59.14784853815355,95.02614949281958,87.87221844836552,101.67520876749798,80.01440128002527,60.19476146356777,48.94493925214739,102.3533711432749,75.31594123014816
979,130.6273912718886,139.06840864021171,110.49113206381772,139.76031431652672,186.6871541811124,201.42558543221662,139.52771184723093,128.40869352799697,61.134482725124386,13.343569637060199,-24.39060046167151,-3.816081165468944,-20.498433382659865,-54.24828188773782,5.405473641833762,1.3012082371555493,1.636148086792332,76.3319130536494,63.08077840331022,86.54103648430136,20.346084223070143,46.65927477840711,24.687374400308734,1.5520882160345408
980,101.93603063292255,81.98273163767847,56.225633022938226,96.44992433097319,163.11320690778183,168.71732974463345,121.21487178574078,99.10266369097644,26.449342679181413,-14.441551806661813,7.500514102117155,33.27360257271177,-8.160559207712083,-32.586667412433385,19.737107088661713,56.78708110371599,32.81699750375328,99.06014621876989,97.31143459771181,84.21297490018782,35.42401634359619,87.88153634828575,77.68138281393028,60.15591922310358
981,128.76533184008403,96.37967477049116,124.95295053565603,154.37924105371428,147.18303594447192,180.2636526337935,164.19007986609748,157.56050317343605,103.03651795147786,62.43813496614851,47.36486055863042,67.61191788845713,-1.6966767099489175,-23.522941342726504,20.125202185638503,63.327384633100394,89.91521256787557,61.89659242511878,71.54042014087712,82.84856261069896,42.906949711362785,42.7436904966917,60.20339922124863,40.887927830350336
982,108.29602536197892,61.72671931040631,71.55897750616852,126.61475281304364,144.63635859348707,191.61678561610162,190.21475406052758,204.10939695951964,123.06131175069311,66.62341659531211,31.176122586116314,21.813496007736674,20.387082621910665,-16.10875359811254,25.170302710598307,76.3287648282349,87.60088693630462,170.8871903458559,122.44182268147195,111.57087797800385,91.88776655381241,82.8927680714116,62.795969779369074,50.83669486563528
983,118.62538263406324,95.25375473094775,73.34067080495251,107.63917555110923,159.92851003465097,119.50245463854958,133.43593861469742,125.36086918575654,63.71044793156668,42.62296713923959,-18.80156592154708,52.90901195665248,6.764953855797195,-64.23207608597336,10.688475890129158,95.11178139632639,141.0678009070865,124.07458994158894,85.00390460104424,60.5477009093731,9.146941283037144,51.37817536611692,104.31012482194726,65.23813553201506
984,151.3565723463012,109.72484697388694,86.60660881122925,122.35314064141585,157.4570076211226,149.01475627394998,130.45039406698078,124.54009837393197,142.98117216471488,90.65367462967872,80.59059613487688,92.01170933507277,43.06148821383591,-8.33073509369228,63.795268268982625,95.15093311232455,117.75916458688937,107.5148515334597,75.30169385397802,87.31090587550635,61.449262061587945,110.60176626495594,130.6119371615279,68.60870047856952
985,47.95348515677314,45.25142426967947,98.36112055392255,163.67466769899787,170.23336782728376,145.72070599682039,179.85659301759313,93.93461859351677,62.4158404994038,27.5392581799368,-24.285735688407343,-42.6347538607714,-34.72267107715088,-78.6731567840065,-10.196402386482614,26.691208703558644,86.69708394821177,95.3956537773945,83.55830451934082,152.48209545143092,117.77499153161145,80.33998600839331,134.07483883878442,113.1126985410472
986,91.44137669509912,79.95522967176976,108.564544505338,125.8673949473739,157.51836827941895,129.93237168287644,139.4357074467657,333.59943134603543,213.38194438520028,93.16338479110885,85.49669076716484,22.312787633230542,14.54384777590541,-11.439667080820819,28.0312741924796,57.225280796300304,86.88366214194913,116.68588785618574,101.7843929700444,118.05341152078505,76.74751213339952,102.70337085679009,113.97382607652143,77.2643719794084
987,107.84870707288096,96.9128040863439,113.67048638678777,130.2629697136071,82.43394567766039,128.44716023061562,107.67823506222703,115.89514382289227,86.20880262719032,42.82912306381305,59.46249470173761,85.86811535904809,50.73261451800772,25.737396412731837,33.00568787517718,91.21431120448165,72.52387564860966,77.78979657449285,45.613664341754166,98.22979866065009,102.04773178512707,86.16598639317607,69.79670149083272,29.83263006492743
988,154.40870047486382,105.25868856443867,100.02499790466307,120.04005957354651,152.09774830200888,131.65553601195518,178.86562184045818,135.82269799407013,94.3271779805102,19.605475157522378,9.167017654302054,4.677335599146112,-75.70829542269263,-69.04561230973154,-25.50018443105237,29.39669619222387,33.53136199465797,73.64615366327317,78.65179696044716,88.3507571995874,61.15606521071774,61.33008417278649,85.42381658526384,32.335646837362994
989,72.46727178515773,44.412130767116764,84.10873386318863,63.19584179425407,139.02886563917733,116.85550976310381,101.65017082037748,134.99552925621913,103.99934053244505,99.1241606035382,47.84963752584961,-9.91506761397779,8.924688330597487,-62.06826696852899,50.04882356882828,68.57940879300402,101.52211399421506,119.31751543629683,95.79762209054206,144.91701713865157,86.8152120967675,60.486211860873965,111.1531878888222,142.1848800325723
990,139.44650291918572,143.2239286944698,127.5969946303139,173.38827339820608,194.6763406364126,160.72278330973828,138.90023223508976,143.90996800729005,64.42408418119429,31.44738740045867,-13.69559443470908,1.4332370033399258,6.649220849314474,-50.58955369598441,-10.599474211285592,52.53995289735349,139.5091176228709,122.64937127063124,140.52116695505973,164.93927791739338,129.28947505245557,79.08063562016437,73.50352449220568,88.8480706640808
991,152.46365246648364,102.25941492190458,111.76806051388346,152.02553922310236,152.48545125676293,145.58165520494848,109.69502807844131,127.77746224343664,88.50974180759896,44.570600825595534,30.683853544768837,44.731558105120946,48.51479188711224,-3.8380215384996035,45.624711177525995,99.44941045137018,73.1739693800136,63.37586316739632,37.24992226141306,39.74241780616234,-18.3546260443076,32.36482835835515,32.830658763246696,19.42940023193714
992,75.30158540277588,82.93439373256717,82.07590060080196,133.251870869019,145.70051760642832,112.61000253432215,103.11824163799237,113.9796161061732,113.99661010389043,61.499008248032396,17.49192628325817,83.08137212226576,33.8855825501244,-9.926965214335993,4.976874984303436,53.51663631031977,86.44938860917432,125.86764902311499,158.72173375617768,154.6576868410558,88.10420544828894,83.70242965829613,32.630027771761924,19.895579599512704
993,127.63528049426192,136.32980154059726,101.14711328690339,96.62637009779581,121.04091205089304,144.76013318148875,126.00722631372896,119.88600363096842,84.43787319119194,13.731990763425337,0.8923872063863669,-33.087044540441,2.1674132288750414,9.858112464593894,161.8749965572073,172.37508263584624,121.95761686529015,109.9924010778882,99.1190704807536,130.28751872366269,99.10719444792139,102.91068978754578,68.36206691306187,42.7598742760722
994,122.64869890818139,60.23989485260735,107.04758101271182,128.78190525271594,168.27078632521867,174.48358503190275,182.54670568605042,204.76410181497386,112.47016823019254,43.38444295027215,61.60652212600178,41.243143027669724,56.05107028694535,35.987687818487785,41.204186318786086,81.17443918068852,71.97072684733632,87.97981908871368,68.19732262106555,75.85823818476237,91.30851304001413,143.6475489229901,104.24085520923707,99.95059784417171
995,104.34753284121453,57.91601479166208,64.8329039337925,99.23410380340403,159.0553075764256,146.8105734605543,176.5348066885213,155.83526905095587,110.13279548992215,69.21057598748942,43.84651136424618,83.48169313419656,58.774841689309014,59.10350453138034,34.08692259692236,38.30827391065061,33.58745810437825,66.7649647913843,84.8456549419908,100.77325242657966,12.146699432376593,29.262920442017666,74.19970134085206,52.2024783439666
996,69.4060903147823,54.24236947403045,50.93638559825674,74.807454138067,100.41546393834597,126.21919857943683,116.44261770206113,86.2364822474026,47.15935147306029,9.354816024567441,15.381428077119619,27.735365294511183,3.1916402785050675,8.258002630543693,71.06940596439495,88.95175162029341,121.7641228790629,150.67027487789713,129.0858486454697,110.3891934395571,59.31921883838337,92.37624811182322,112.68691628719367,80.66940637708014
997,110.13185352231652,111.99024474312824,100.61628649748779,119.91445588143681,95.02611800996456,102.94649920545197,108.72480002214051,109.49407006201045,65.82131552440035,14.175316574299167,-12.426718293238494,52.8196011191244,22.841475035052206,-26.056733308288624,29.298643513013708,52.90778252700747,33.52874604886723,89.59165458430707,101.99171965491752,82.17179322590725,44.10406067647311,27.64673195138392,18.825180652206242,10.651809915015548
998,95.25769103207834,17.21351749885261,37.652278302509856,54.11912228653971,83.68461425799595,102.7283734594959,119.47030731662227,121.99880583257509,93.73999937743788,80.88696775827118,52.508493341635216,51.588893768822025,19.281023078372385,32.43415520493019,84.56438677225022,99.35272222380621,64.21571337885177,72.76018984601072,42.80570963446851,54.42149071068253,-13.502727386554746,57.3455523081,57.07194642352575,38.61116741321689
999,113.62686677260169,114.25982099440665,120.17135829161634,129.54238337648962,147.40202773046587,132.78861912481267,131.37511136393599,143.21158429433595,85.62343601703878,29.544506124429724,-23.77949576213694,-16.628459925111926,-18.550949851054657,-18.88264118230512,3.765175381985369,39.81746278322344,82.59034366282386,161.7686733435044,183.14991757392397,122.18854896807233,71.0994178730084,101.57411651090919,82.3541348558545,47.86547703040504
