,Hour_1,Hour_2,Hour_3,Hour_4,Hour_5,Hour_6,Hour_7,Hour_8,Hour_9,Hour_10,Hour_11,Hour_12,Hour_13,Hour_14,Hour_15,Hour_16,Hour_17,Hour_18,Hour_19,Hour_20,Hour_21,Hour_22,Hour_23,Hour_24
0,101.10775361152363,130.67444326976118,107.08459347068901,116.63319617849672,128.37034377268378,149.70048370560244,125.09233146641115,111.60248942997765,120.63907232088579,115.70979011958954,122.42637595551912,114.5184726871637,88.44650824604906,74.25345487722566,103.36034036141967,119.79947356963488,136.1947034548581,152.56288808592,131.66044712576573,121.21266598642981,134.27894316386238,85.74135142683477,60.82988218121005,84.36508321797315
1,114.20686034660994,95.7279713736734,64.15765644920938,70.99525681793888,93.33220754933073,148.22594922774653,143.14667651118378,115.71871239817386,94.74811225600097,106.24652555498875,101.6405353222149,115.75223783084532,110.16261599913791,120.71830521758,161.93474935508624,172.19207560019692,105.96703097159927,136.3429299228521,153.5754015700934,129.87584149006798,124.95099905784421,135.19986677071637,102.79302056160935,123.05487730489808
2,124.0852403349572,115.02048757622362,124.6468538917454,127.88160346116479,135.79903640059246,122.48110398371304,147.12713738854578,91.63992900846341,106.94865282949202,107.92214231216701,94.6130838434464,106.20579130158198,69.82519853061083,59.980677293287556,95.66418060992956,133.10370279361751,129.49523068181375,128.66644669757022,120.80000244371065,50.99099134432434,59.646707647314415,46.82593346813633,8.462701019608375,-30.28748193292978
3,66.67408652409283,70.07877815377032,58.83576302594806,52.59052570890177,111.94168134049269,133.07639711118813,77.32581580243291,51.779567655554104,28.57211252320353,26.96895366674947,17.022108759518346,8.508759443437661,23.439071977455313,12.267771113025162,55.00620963735232,62.93686039156271,64.25909736685841,49.77919688668587,46.88202510188479,62.130491012128246,78.70196699912584,144.17894687281307,98.88339116799133,92.90400420212042
4,23.928075882243533,23.370111572812604,14.566043224018998,56.402648526038476,49.04391873678789,96.99238572412276,122.27214683721596,108.40429373301154,82.8283339180209,107.5609868551788,86.60505773165536,86.1026870835755,60.93861936457483,91.05676780052066,108.99373729998425,126.09220527273683,153.4763764588104,120.9396005981921,127.69475184096824,95.84712937226001,96.3753544519671,107.44844058305802,105.64415605423986,115.08276342172661
5,71.93544919816341,72.83102350316517,54.41936108649626,76.70525549850262,91.76572990657004,152.91986458653287,125.73684956564013,82.13825542466405,50.17967439923912,62.82136006080931,60.9184392791725,73.7816931472905,107.04322276104756,99.41783402363498,114.39445506971656,146.85466383998215,130.87732541636586,142.54127644284333,112.71014637607533,101.07510574541084,76.40785911637272,101.37509778693715,75.49131183666042,67.15737270508924
6,25.648616131679262,55.474664303439305,20.595300512735605,60.925106377275085,122.24443119035305,162.58345395255128,187.46101371918985,153.24037400940009,145.99931758089917,148.9811890020957,155.62692791944698,128.70858447484932,101.40921661943582,90.75862011587529,109.19924956665092,131.8777194772871,157.6155223961824,143.83133064704757,96.35137611941937,68.80296192268771,62.9634626440578,77.13373992962578,47.493387830811116,45.26909206998435
7,143.82819209893057,109.71166584999597,47.73315130354423,56.78488081057232,78.69904002243398,122.1010637672382,119.1104825493929,102.15536161951586,121.75270462795515,130.21943217622294,105.92578974201984,96.65656686488998,64.01027269780931,46.11279508799316,81.02921796819078,106.17354401889871,99.07857520092884,111.63287401340477,91.90769611059112,58.89902132726188,66.64417615871652,39.531252289003774,62.036279904977775,58.32658537751622
8,193.92983205397587,191.10524593729116,185.0031588142253,179.1769787245508,184.0487715965102,200.6648399813186,152.28512023612382,131.50525448173005,92.61806661851716,75.58523830517883,42.92626913973545,38.91179217596843,36.61244724640868,64.73782170817864,120.58604547415507,160.16018570388312,153.7385680387275,161.16174418784777,176.709256204514,105.23364327656222,123.48593345719192,114.95254705337994,65.91715978824917,41.637994547676925
9,96.64633994018439,86.2316480181405,85.4671886703793,81.98514098060105,89.93828226588163,140.9343363620769,118.15918231193471,124.86427364367864,125.70014748328539,138.34531751833947,149.87183083538866,118.0667454043587,97.96156355773206,94.2408363173797,152.64080582666247,188.93217037408672,196.6421469631714,205.83505694640587,184.19752073901586,139.32742126653935,130.70395259576503,116.19342515549758,118.43589438521019,112.88461981206555
10,72.54408837512095,64.18992527626942,25.94418394416391,45.34964612539931,72.0227212023348,140.6706066380133,129.22804176842564,109.40410235224721,81.5547940382347,77.57021937512874,101.06062831248946,93.03080685121982,64.05477813034588,53.49284743087611,79.40105761965563,82.8817159281464,83.47161733315481,160.01552120448218,136.73644779010567,102.36442911127153,122.46370120585459,134.57102278721527,121.6773594378833,141.70225573277577
11,66.30594502450352,57.62061335061758,38.45977240237253,63.40085261047532,69.951932687826,140.11158171871182,116.44905665132852,122.81194195585448,109.65388849840498,73.88311596286582,112.82064435329548,82.44529918560086,67.36545082886997,65.94278808265253,64.1256285389392,104.76953189931072,131.31622149270504,184.18038428553805,139.74146104046832,105.21094627930619,93.50280907839777,60.044325384411664,78.91739105673595,111.87027505948129
12,91.19417903796943,103.42243066512262,127.8067034826162,122.77473453545656,126.9351022285476,147.72607473195785,179.7252921916242,147.23907150713302,159.79742896052213,160.20530275344368,163.9440344229178,121.19027320356528,69.35045312537976,75.9054619101932,100.71074273969217,89.38992569641152,128.9333729532759,155.650351313682,131.5056365232988,162.59155200231118,149.66774917856276,137.31873745514258,145.28805490906464,90.95605962175298
13,60.188001583000116,47.9519780747705,59.97198229879148,69.37603576777063,92.39119226294412,143.02623177528363,163.6265405127334,156.9030279154084,147.00261902975268,135.11037943790302,145.43957334551106,67.24942040541308,33.44016971375771,48.05105042397827,62.13215813896362,102.15294478848114,166.61974114286934,140.53396644458633,139.3066594151518,125.01401695496664,104.3591794746054,113.2333046201798,97.99841360526196,106.97372801196687
14,46.1571162341515,17.09622172789537,18.157509891834003,43.71565201090776,18.374014068808123,48.386147656766624,67.4072339606289,72.92761398674084,121.50687097119203,82.5191992200337,90.88429958993865,107.63845738413526,80.22433226362305,58.000740386672355,40.08996083887111,105.98504571700437,132.24644803116217,138.57719934179025,182.2308580263134,110.42238007644438,131.92794899136928,93.08635472979972,99.64005378513455,131.74608212039692
15,89.1601797529223,91.98653635732254,58.93464512793893,79.32939122656079,98.89767317053841,153.578789440819,157.3527169682069,113.24237911155431,83.30738505239285,96.02320165537267,80.35344620218925,41.36532185253415,53.67355838463537,59.832622260023186,62.4427090235267,47.83002777117905,115.25986391756787,145.14051168190474,98.00104658005074,86.59854662916884,95.25616497875576,86.3225271566143,96.27082934690672,65.35823298827242
16,104.52632217071958,96.00376042332792,78.70078082768535,105.45420348390101,115.86086178203607,173.94120576011213,184.05847624010454,130.91163345060147,125.87943226410627,111.72843731501935,127.00513485300868,150.05181601944793,155.20551091380264,142.70258509073165,157.62638537181425,181.7141986684136,227.68816797454022,217.58296440448197,191.57205775569727,147.72160748797103,135.6065178932662,161.04528385694005,155.75681022592428,161.64899505283552
17,35.46044100369462,17.607107066789602,41.32703504344383,28.910216712723653,44.26648447356911,107.6138195361136,108.72027906685763,75.97965537230397,54.029344242076476,53.72316547462911,65.64192950315231,67.40453447991713,72.72685003931545,74.95424527373744,94.39698306579501,133.14552350851093,162.85206234161842,148.62697191228193,128.2073861141501,103.46352469516111,95.46506601006367,90.04799721074758,67.05010474546776,67.40430043332408
18,85.58826768515769,52.66464689656105,45.70204637122113,49.0290407347445,70.64195584103581,123.37496977326387,93.59545245557793,93.15934487812204,96.85496727612613,80.17752896722637,101.85534805587452,13.610179545693711,11.841618654323923,-13.376771160908305,1.1061489627535934,54.12830954494182,92.11858695924433,95.38523401493761,127.06712959870174,108.4354058749774,115.45174549480035,137.16163694018397,118.70230632543769,109.05664446345874
19,58.22083558822466,42.27507017818613,101.48031674347811,108.7482588671503,160.18604268564084,192.44256496316228,206.80224278094963,217.2343991321328,181.47131054131407,171.1718863318601,145.59001260880757,110.95599976873208,86.68005707641171,70.15269752010087,66.87017353735096,99.91980387570034,115.34713188971313,94.81648067546472,96.75901223908085,53.28227674716645,67.77568310342235,59.54044572129261,76.61902115280537,57.58354603567592
20,37.31620485159748,2.6956645421801966,26.077429699728405,-3.0998544448950156,32.96505110494269,80.33813109464893,34.23158017745557,34.910456995081766,78.8086719679317,97.35633651852645,111.60662219354343,75.62532441793186,73.85294094066481,65.5629081049943,79.194225428128,93.34157518927518,123.75423090228126,142.24271905031844,82.26226292942712,72.4729331351889,99.37430486759989,116.56034229440877,66.89717485559018,52.913214762461536
21,126.23942688028924,117.03008789279613,107.68818324367535,110.05275683554476,146.2542816546678,168.44081117698187,114.10750784660858,72.76036279883765,22.932672598384414,55.62433038058532,111.35112992415783,127.71709331743062,96.11057040705239,77.19794635280216,50.40187194517746,107.58293795244523,136.7927680600468,125.03797567759469,108.5228777129733,87.80220896603427,87.33545353758998,111.85150389721201,167.54347511249077,142.40569119790038
22,63.45576505449626,62.94372165493341,38.020379881705146,25.313882298595487,33.94118125360804,58.112686652871886,36.19067525075971,41.194663642680666,43.84402381963461,22.78417713562434,26.576150423581538,15.247137437000418,34.86573003754674,70.57440438130556,87.86522861317631,165.62980221584453,207.66052832972653,223.96082376491404,178.60635939428226,112.1011697810209,100.68859865449203,81.89250848084332,72.76397599573757,76.54073172459294
23,98.49888442480551,50.79577483580211,-2.738846377759927,-4.987433022291512,-5.922241772185004,12.926711932773856,34.32715091786059,39.04827389131639,43.03110827220629,53.68290919980978,8.457538646951448,20.06399813638302,2.860404515067472,31.757780565236246,12.006119809426139,49.13744660841519,70.63110401795399,105.05290742191471,101.35033011732673,80.68614397533085,31.517485643620617,35.409038595584555,-17.684040753933118,-15.679275444312054
24,71.62522068819194,67.31935288341491,117.22019036775345,124.0679128103672,136.95436773846808,151.2070180226314,135.78578559436764,105.71194612804842,108.59134859803876,90.05628503323612,60.7384849585935,81.81942293691128,71.29334480276222,130.22649112887228,130.51449875693777,137.36249005074336,171.5735554704956,161.6965419717323,183.7958421635612,157.8781946983217,136.66156342889,89.6177543416336,85.68217587733538,73.1411292920705
25,14.841906406032578,35.77084709556115,91.26401156524405,91.74768620109583,140.84405693601732,163.45594909159917,165.6860399516695,134.12704375751795,107.34702180121317,105.21345810256042,106.49964846398346,110.39486228600434,48.4965566630445,99.27538484550723,97.159882348859,85.17191826116203,99.83701241815474,134.2547575791076,149.3082837779363,126.79008973760494,114.10568083094354,75.59823203688791,81.2058852745194,95.68139396507515
26,48.48532036297405,107.8591566512883,92.04284469072249,90.25315391317656,110.88769015535516,141.29144870448906,132.53144605736188,124.23587788433306,110.73613413860188,119.69601536245892,103.24401045392021,100.6620254810468,62.11890221758719,96.0783775839109,117.60426479471953,173.6550963586067,179.37831786475155,169.03045362486935,165.39946628261345,151.03860624915148,165.59136373805785,146.93938137401116,113.26189026410685,129.9810348786205
27,113.9665554833793,119.35131277389291,103.2753533857443,75.3220783228069,93.14983809027737,121.64625077961715,77.67044136293731,19.17810666363313,23.46489582143876,20.308561663301973,3.210636163501732,29.815746506485823,54.15919555304501,58.29823420519579,94.6498864050977,142.22853170678295,175.47752113026053,175.81758478211648,158.5385640699298,133.94146801601363,101.67176314110414,80.5937173876923,135.06615914978988,101.78591594120047
28,84.91254231454042,92.1645488080645,73.19106322365293,90.39266493998778,100.76015821776552,102.2203369583026,118.50972096286135,86.65937671782011,66.13392288411286,79.67835619850325,78.9609489022679,76.53341124926193,70.64351683883524,91.5609534913757,117.3168857579037,96.09498050223587,150.33609997749994,144.05732055118858,139.82262418925745,95.31412048207913,100.51461643211323,79.26275676526116,116.61768153819924,121.6956658993598
29,114.57073710851554,98.97223328944521,67.69533057667039,31.486396404861217,59.09524505768398,81.88727203810748,85.03694702266125,38.204436892438196,36.66468617640339,57.3343257504185,89.28882271508456,81.1056964495264,62.68569478320487,58.23755721656452,127.92437283074909,125.62673894361389,150.78277711748444,152.27624465851127,122.47726405853017,114.17555828643404,123.23524590520584,93.03868548491855,68.61855994170872,29.047036793674188
30,85.67048975742915,68.00246354380494,72.12657795909881,96.60541857247247,124.9586257593698,165.39111256705775,146.68302159414648,114.52128299439897,79.0809795009857,93.2690371926603,43.36035801032561,38.60137391920077,34.00128926280411,3.826426716706621,10.645661004491359,47.913570170443066,88.20035623408359,109.82211727120298,103.58805425790845,80.18606002225971,55.77917705573982,77.07734797131735,41.96698410413113,20.6001624241388
31,124.37017954376768,106.13876742531633,93.28883142474743,94.21447277090708,94.93509984823663,135.07718960048018,98.23756581492717,71.15776342502802,50.62513879296182,46.66566764003151,49.73917931679796,56.24022121547006,47.58708340589074,35.40508411852754,69.41004764480249,84.00120133401151,100.60790310699437,134.2403253909415,62.46973366284345,36.142589815929085,32.27359373454789,54.4367150773431,79.54702372702786,78.13142422575395
32,53.74335626739135,51.3457708583037,36.17866637897248,40.30960964434783,136.95360021402635,193.80625037394606,137.9246433672213,127.69818417757024,105.14994456950602,123.10280107194679,147.34294247664585,138.4696015580458,115.01375859688383,88.47252386930253,98.00530832000265,100.40876372862425,131.3131494873658,134.8856810606367,141.8691091150145,152.23818378907876,147.1639074856267,123.92608143659444,72.594538708113,83.29091079133268
33,15.842822456565408,-37.20697822924848,-0.07828084965795767,18.90260051109228,49.820092730594766,110.4902249311827,110.47414116401525,83.1113783475872,61.343460997960136,71.53252329813542,75.71253221446004,86.92262091467983,59.87319114459089,76.8718991763252,89.19516864366803,106.28368064961852,111.14021301534507,112.0019991378209,73.86006113774496,47.42833497015863,79.97841074795043,124.53657027094756,107.86470797357792,112.63044345206511
34,73.99039915569189,100.7285871390429,50.27836082329337,65.92424580981152,76.20253850766134,119.61167992757655,82.52123836259958,58.94773863909546,38.51752497828461,54.57022661045325,70.220187246109,83.1428802099424,85.28414659599761,73.23189705409389,131.45383104467967,140.65145683916936,176.61116602576368,186.6915540475301,153.7972126069614,116.18566202867056,109.30503102760909,131.4418839774736,142.43798461425,163.03873904872725
35,125.07368330981805,101.4900254576755,84.80616573957468,86.49725967581149,102.92334022261069,130.64966083323873,119.39167241882973,110.84427506767213,89.91409797307476,76.534542787521,59.35675015481162,57.090485546197186,38.59384310594514,54.06354407846603,85.10716496953461,98.45771427263088,87.98579070051633,125.26836733837013,164.17520914714342,105.75578043549207,108.47555874700544,72.50840281837903,28.35193828672771,20.688022164237424
36,40.54898575232273,62.38909537539446,54.62040803426487,71.21865437850799,92.79438703719536,96.87306063719677,123.43871716038727,102.15259544356148,116.93317775155099,116.79900688504726,105.61596408371946,122.11776717728645,105.00324013919104,91.85319879865435,100.72673556455857,129.88789474332424,147.22517764488222,140.8265403960844,119.02161484000871,112.76940272606677,116.10742008920924,113.22227659357893,130.75464424865072,170.62383686761197
37,100.86942605224493,106.84770878998393,70.65289431029325,84.06413267591407,111.99916135264027,146.9550959225278,163.49806135889548,130.942757762824,107.5655701182153,70.85310746411416,48.34613416716761,58.030448287859606,56.23712456928876,62.13354510865055,66.78591662345224,78.86352258423251,134.44681736342002,155.40162025655712,160.37967180418838,108.18671603023587,118.96431555095691,119.0296853029302,137.2392813185611,99.2721588862379
38,35.34354295189819,18.756213159040122,-14.914820226877296,51.13233124760488,72.38938892994086,103.3795608936296,108.46706435728295,87.01685967028304,76.29898158777316,61.34813755275251,48.21110347661029,35.228000044440215,72.58299815098101,80.86697337770931,70.26692908580668,86.7227021731617,164.70859868991744,177.19793050776272,142.57365534970242,154.40858924911817,134.98998045314846,137.21681046433594,128.16412136211403,93.70147891388939
39,30.56539595929666,32.54810870321055,29.977517539300955,26.68298931708192,39.02409776082826,99.85150972624672,104.44806738729257,46.3070567028601,66.03060490981724,80.76157497171624,66.21119401366197,64.755280286518,68.30678514554062,47.71493359127206,89.2302741203146,128.8455990255954,148.84080788814248,134.20227018663826,73.95666289769477,75.10646232104762,98.1302851117005,72.73618995913269,66.50965865635074,45.28361609777076
40,114.77857061202279,106.29809916751125,117.3424916048583,66.86105498122669,137.38231344600698,166.98533537571754,181.63586575583167,147.0087660407751,115.26105748178637,138.43552545925357,106.16083612000718,108.0952172603842,79.46081389222769,66.52467530966754,87.98672708407612,91.82434700399588,141.04530096725426,172.15111766335218,148.30302434392866,145.34569659884346,135.19865864265515,110.28089429975606,138.53550805243574,138.8021278495336
41,47.57231259159964,32.65808434575078,25.511741310622973,37.53824862617524,57.29827129617841,114.66079778262913,106.68750783521175,52.873288531389676,34.48506942963341,39.48149048547898,28.246301200512406,-17.25289589917179,-40.73493182403145,-31.4002063956882,0.921470289901734,30.95227057815339,89.2919660247125,102.65236497307066,120.35379455045201,88.74609790888181,88.302007723815,121.5752000159074,111.338170419165,117.06770066490202
42,131.8893240197197,111.75962687899545,85.24317432968398,111.35914343454073,150.9778140862107,177.0029781469292,164.17188958655572,112.48571789467528,130.07634836218267,108.43330455522698,69.61089308136798,60.36990891949672,65.6885582407224,38.28660647364262,38.206237086008194,60.64991406022242,91.81418979034777,110.06739489415362,97.82543253651883,63.09220309700393,93.68714686768352,157.2889997081138,100.35497299716165,105.14396154948624
43,48.61944845822116,51.12765034009111,45.26230039380183,13.347681653240741,78.35628361537766,131.82208971771405,129.2741828468352,114.59450456277284,73.23471405717855,91.0968636850128,94.64976602146325,79.13675894791935,61.791570668133,75.97062717449113,105.34397751890972,110.59512919228376,151.63600837114953,172.38867401523484,170.98336427227073,138.25504149311882,119.34813230059649,113.38232210549808,124.78275958170806,130.93070514204766
44,66.02017512652904,65.46201461587785,94.22828645435965,98.43571016996341,131.42760586659472,179.18562412357676,163.07323643877533,116.53569413209625,98.43306565774242,95.52056341639694,123.19768286055114,97.797427071898,78.73501628794006,81.07545571057166,108.20467145601057,127.28133645619441,161.98163768297442,163.23133088015874,136.27322750977862,89.62997487064284,77.92477855722126,74.78325026329615,62.35905883800643,58.76482546615597
45,12.596805197660593,-13.849190487395717,-4.894170041538217,4.869917769237091,45.15519945387515,77.44851562426362,60.33880588430553,42.70217851612505,47.66320205732852,27.181645186926275,50.311878492904924,65.44628352164911,73.0341960420597,63.77994156906429,85.26100952066685,149.7107959939326,171.0792810534254,157.79404347769943,154.59589035414965,128.63481149441932,136.5388401205542,155.54222013357435,144.56867471886846,137.20026404785236
46,31.246214548648744,54.62855300958592,64.19033571922728,67.28821131120628,90.98262632231425,87.31946285042031,79.00981116201595,56.26959795980633,89.8389904201216,106.35052899025564,101.83986858742584,112.93522210065845,67.43628394238483,99.46530899669902,108.35909657322128,119.46842049010961,125.72809337644014,133.67192830726773,84.72684207614594,61.61246613176874,85.84575270290343,80.42950391006615,105.80666975651386,87.87332935346524
47,98.78452602135646,91.74674372245255,101.2038784393946,81.89816056627902,80.20581793442327,148.8955583734556,151.3069570396491,166.08569495442958,145.94141066541746,124.33929023425482,51.8003549917994,29.979986634096264,33.849841646358186,62.0646741166342,81.6136516722783,112.59689079534442,100.05196816571146,105.10594677123548,94.72999345106564,43.3615882130961,44.64587752648418,47.652713545915645,57.9447314281433,34.193813112985616
48,91.65414882432901,81.44599877642553,79.3279910055314,105.48898939480628,128.62648138207788,183.62313502246576,152.6273047486147,147.1992001194017,113.82069601042068,91.62212262010452,98.94275398544286,97.8734296432149,82.75630322056793,71.55343452556943,92.57646869253509,79.4125342865018,87.42003896792951,124.5003417814573,95.04223704750328,81.58083514623992,50.524989824265354,16.91763696273013,35.78717077694698,77.90183499278871
49,36.65440273803141,51.888360663841084,16.65769192911661,42.59851910324761,94.11047263931434,125.65245881806425,121.11999692531109,72.39929646433454,43.37289298441225,58.88127241719018,54.229776656731886,30.35311033483712,34.18461817208721,57.76150255241986,96.02191036173471,111.49705189776382,120.58723832354627,133.53242402933344,112.79907058064913,75.20205136190177,44.619161067078466,51.55735181685876,38.93383662619368,59.01461623822587
50,140.86340098475355,150.6604010250166,133.31415042398947,109.99277391647253,137.05504205607792,182.5590694267347,139.4672623992543,118.64421658304856,97.8039151615528,75.10545649719627,54.444576254809064,51.029374250727244,25.830792319311442,51.14713130617682,87.73316945151947,67.24560113232216,130.5547512914289,133.59095389151048,122.46237537349765,86.86888131012645,115.21376693116092,144.28887119119392,118.02335837013496,119.6227903141324
51,99.97369551052502,109.1720990171078,99.05621145462885,108.09595236545294,95.77158993034452,150.33999698016783,130.13210359829947,103.79691805903337,77.33824424295067,92.57263829999987,108.49624148921917,82.33369931972182,57.256283155956524,76.43939078046608,81.81368519900477,163.59874046501267,201.42828835268386,196.58524057786408,196.0816339044439,145.8936735813424,166.6756730779303,155.47594962449907,119.46451707769043,123.49516408051927
52,105.31438802790817,139.63370113489688,142.8335874627831,148.1976758135106,148.9533246019199,190.5563835393602,153.97339197385867,93.09861370725575,95.59347358047407,76.96131364201312,107.87052861752157,88.63122635282627,70.19990392605236,54.322241037667325,84.83735379688675,110.38276872751429,132.13044671285218,113.70449068372582,137.28665087562425,112.50880832833641,45.928954910084215,32.42605120994432,22.95715860121564,-5.041230435626403
53,71.77421139654928,64.65564675212717,44.42919189722345,46.14055270126687,73.45431372499363,126.50708601314027,132.87771342469182,82.49390147798334,33.94428206566729,68.36944461142372,11.09357035527725,-2.4734100530389043,-14.284670517289683,30.775346971150007,68.58944073349949,91.09138134623655,143.733920886565,135.90443214883967,120.19710464943283,76.90624493166409,101.65112362275606,76.464478310183,116.07024798882605,122.50717212478648
54,125.5730498770655,112.56453922233074,83.49329267133112,65.71431680555537,90.00202017862848,122.21683176100888,142.5559679425063,113.6416598444556,95.87009700161187,97.50191547984103,49.453253104643565,74.11341486505111,53.260908116223106,69.13951010658765,67.22996911446813,82.08375191342319,134.62019579985696,105.63760116556202,91.02258909557469,79.61035127428164,94.91589151988666,52.35487645638923,9.428865422441703,24.953071359739596
55,56.14840657069748,48.247485088364385,20.180650899976285,-7.7020493988700025,-11.137615805535376,54.37054625240583,41.228484447147295,18.994248895330813,43.61726454736946,49.85380558337381,41.056810550961714,60.38806477438302,44.94865049190092,70.04464129469235,69.32127340160766,74.32846892327888,108.55655304554298,94.54041490265674,75.00167272777273,5.308362507697552,11.351109094057236,23.029457354321963,34.33697489865353,51.0160697343819
56,42.44630907773865,59.22782699096101,108.87711208276025,67.23444402735528,102.05213970133435,150.46112447201529,143.1550724879193,97.89173814636149,66.31526228313112,75.01010647526454,52.88130815831662,78.7530821759848,71.76520428992299,56.503255866940805,46.2631118379899,77.05060059801792,110.09185063500684,103.21499510536779,106.30264310841531,115.8294692802191,102.92333772652313,83.14513952133875,58.8269160433203,84.66232325863027
57,38.374742107864236,21.47402971701746,38.05315152941457,41.06866740763866,58.03496759799228,81.33680601360503,61.2506499059766,81.43802685446647,74.54753909901612,111.76278734064594,106.37599521427231,87.84740085960013,69.58293461284867,61.48523112701214,82.045453851344,84.63411395653469,113.53040276304158,123.64646792178425,98.11387323346447,85.25278650470746,64.72933410358884,72.48283288713347,74.00435853075813,48.74557666169927
58,62.988004493848926,60.690053788519,54.79475969218629,82.59095104153396,80.32779486237855,144.60063691751333,159.65364308399023,118.64060052803745,103.29895072420982,65.98254330312476,46.73442802149058,60.185970692439746,53.21479121456338,51.23013004937134,37.36161673826298,76.00401576943906,101.7809605145348,106.01427432974201,87.7249115325009,78.10142302117524,111.34423282227641,102.0892513408854,83.33278050170883,66.16057938406686
59,26.343391558997652,3.9192255654231047,31.782142077288412,18.344691277546808,40.13515932139446,63.17336873681157,39.1169864139011,18.392023787683925,42.58467082534442,25.639054365860062,31.604015708188378,45.07663589370215,26.323551225832816,34.78738038188061,75.59528942272914,54.65112189971697,128.05475766581424,147.9395526620091,116.87266033321637,92.72022239567909,112.76041793894444,140.64568941552497,148.43454499029633,106.47407985653346
60,78.0349577030542,77.129077066906,90.42181745440733,91.36552595066446,77.61099871507395,97.93470166656003,112.56036391377363,85.32659201902015,80.94268097233038,116.83818908914799,117.76657946954793,137.46245699735545,94.0489922639228,102.29758959535407,115.45282351824613,152.22008775362536,168.3826473711367,158.2278413195603,154.0916858752951,139.09343446613371,104.54664915702988,80.1693707569307,103.89784238672371,85.37854726082347
61,138.93043106509884,124.08098796862757,121.31820280551761,134.10164584173742,190.8308958791153,189.97861547232503,143.1800183351568,118.27996358279606,106.77449987353341,95.41137959680114,116.00758910087085,97.26869592126641,74.69063619087498,61.40983878275355,63.01143757414425,140.88898306263778,149.36665525247307,161.51836293115736,106.16179906055994,65.9868791184124,95.11909451798138,108.42219726841927,111.0101387349172,82.38137474374217
62,89.75338086448122,72.38595134620242,46.75364274693789,44.217416288134295,33.9158597407319,71.9918605325206,83.10675770452352,41.579929751656735,21.031117928023676,9.564364253215913,5.40781970438745,15.41433354787656,-0.4055922300948822,39.993130148675306,52.767140395649946,111.55833610975284,125.77785420551706,133.20232919525495,108.74207165350492,63.04630385171667,42.494106407639705,9.509555530514348,66.84223139432277,39.42481309245355
63,50.92124000782096,60.45255101096825,26.136290542296443,19.927450792454763,49.011249824926665,79.30085087681852,74.09301736656838,33.02542650471302,41.07484274185363,29.883731140087903,40.983514605105846,81.52573114793111,97.53359233226327,89.25727339703657,78.5282551070765,111.8904771791799,121.01015133609546,157.03389402442505,91.261341662348,53.83384999158298,106.87116133187399,146.80183953951922,126.85992778087004,117.94756005823595
64,49.60303542769691,68.10811763275474,108.07876085908111,70.9431799436316,80.29247454710242,112.83658951479259,100.81430917619204,62.74996067736945,96.96589382655404,85.81614455845919,91.81369516531964,83.39199434974508,106.50281187735243,76.51067047777235,78.42578245934645,75.98078510351513,77.80803333776299,96.54398029387613,73.77571954054949,49.70636080827941,74.34279448825254,53.738357258235595,60.653481537296045,51.07251423818408
65,50.23329851426996,57.80207498492996,49.5940893210117,43.806737169862814,57.23882976868096,83.94496878477142,121.69563878553612,62.85365805210003,22.248733351981812,21.497056459672976,47.520741596822646,64.79095331998032,32.8736885487191,24.410547774732827,48.88723701458519,90.83061798835115,129.162133251725,115.35805599194005,109.79260665832865,76.43609082492226,49.787988055733216,101.1184414055119,138.9114002597724,132.93955866166334
66,22.907972771167792,12.357329909916103,21.979269814958222,17.089636075458337,34.89582998073926,62.9843927317513,105.43024074670531,75.42706384778683,56.41420475170804,26.729413871086145,29.433843172883364,15.584339334856892,2.480377701014305,32.76882061310447,110.52308646912644,156.49149286700504,191.51700067628346,194.8959981968392,174.69221541785168,166.14656717599536,175.76515888281952,179.37423773236418,147.32758991721803,140.68107253832667
67,35.236888528464256,47.9362763672531,49.368463024803376,104.46622447313703,101.29294670429606,123.45321185750896,105.71684143708674,104.11609459927027,109.27051941203429,114.88677940358471,113.57157873779096,119.59596059558142,88.63406791181866,84.19163440922904,121.86236542420596,130.69353134734934,155.1451117642894,128.10924716809544,108.5354417979429,51.87786116267856,64.79566022384196,47.325706090217196,51.526466407903115,63.82795141569473
68,8.181360120147346,39.89803504672295,19.804040002921113,76.16811848194274,104.09175200905118,143.45564214085618,141.40240657951617,105.71742547409382,86.66880958346279,45.197654011560694,46.8721442127024,67.66987489552994,88.49254456219381,88.12350125101541,129.5418107447029,112.94874603472593,155.68701541381589,182.6278669912406,189.99636783247195,164.17715867125506,139.09590413215594,99.7617461900307,91.34899718580807,-6.578830283917625
69,150.2530111719225,145.88651555048847,99.84165172890815,134.99858670442342,136.69593284859175,165.6673411324842,164.89486113276638,145.90225838735375,103.45649450729353,123.5429290172264,149.98994008339957,112.2203543898721,96.81697643122101,113.22852659940807,89.44853574146528,119.3544372249494,174.88921473887495,146.20625473433444,91.55495426223627,67.58827557278724,82.49292013907768,102.11419576631704,143.75826806105226,150.38470436567783
70,-20.332777485172016,-24.914712511935818,-36.22485830512703,-44.45506475789644,20.906686890371034,29.69512808226122,46.11011811820262,39.81970558025907,60.18307100468955,39.40072949493839,81.7761646646405,49.012378466571086,36.916608808353146,70.84141005334072,125.00024232594325,152.33528065169617,171.59249049843987,146.0622022356322,105.9576186829855,82.25834613085921,92.25784453510533,105.59918856660491,121.26467212032414,153.6858195383283
71,4.895404503588708,19.044526868514566,55.36232991523124,42.6472682127679,92.73687019139555,126.18417201853781,126.44518106600597,105.48727704415056,108.50408814314372,99.89411641708391,94.09753294019873,75.86061617416311,76.37471183540596,111.60085507784095,141.7812016327749,165.9403201154599,180.83800750789476,175.4257530329892,190.22991971823188,144.54140789296565,143.78386044640868,110.8979195753328,108.16397567087252,104.65406079944931
72,96.81825463497583,90.19146290505996,47.44345113597036,75.96393104270729,99.7605390413087,157.28275128850495,127.75059783431249,113.24154947750591,105.13333427239459,106.4664900204365,83.75726757530389,94.39458598500711,75.66603415836684,57.45872747932511,34.366289276059476,105.45733709333615,147.59290744206805,151.5463180704944,106.24150373138112,127.982729704208,113.76080279195591,119.20709129859587,107.4814552175365,92.50709957172259
73,88.09352037107267,78.97820108447794,62.15898918079617,96.80775304719376,149.141755052669,208.6447663866109,150.9300788196956,139.8176905683072,123.7452985913221,140.87358928031617,140.3891172584553,81.45821514643612,57.543464185404936,49.8738159830901,69.97180365448665,113.5079684683031,135.1385240201661,114.12121914180801,122.10248152010593,116.68086112184893,146.4664070560254,100.34082821546568,67.9881310666795,95.55785089459631
74,26.023734471728595,32.351474724187185,34.86099816435323,48.81500949049247,83.805515978722,132.15723581508422,129.20004895577682,101.95840461633406,77.21321673003035,81.66557301507436,49.194439885765476,42.80434659616319,16.964890159422218,20.595346074807956,58.68881457210145,106.56625655535431,103.66653025083329,107.02593328204888,136.2414510643389,99.81818776173387,64.54138053384563,58.62275117409073,79.86846066683627,48.04665066744104
75,88.06041341034083,60.62230000769253,74.31564254604443,113.04733029493244,116.26794490890165,152.6002781331179,142.98465912484602,92.05871751467923,69.82648376427247,92.13861495927823,76.3744718608101,63.84398959937024,80.090683679048,86.18255353710843,124.2956007429761,108.77314660710151,166.78353520955977,162.46019430316562,121.0582606014667,117.72204358181598,124.91269134617225,118.56174691214389,102.94574374291469,71.17163214345524
76,49.03398531389138,36.874715235136776,75.56077533395057,100.62696808808099,100.150185246397,148.7116607234932,106.50311643609706,73.31533788729523,97.15274238755134,114.71262671972515,85.78624071770173,69.59604226618201,7.31315359397081,23.199998817055906,92.59201540171637,128.24229825475447,179.55730700456292,212.13316090987058,154.4449722267027,160.78684828423684,138.68417889094866,81.2650756647379,97.00387542893098,74.39449885458512
77,68.34636143470956,47.765091291827865,44.70663749676113,50.39134487612966,82.3136100842869,137.93932533355758,97.35269793481335,88.57733410898858,90.98005951668696,108.85925477117077,109.17103550136648,80.27664150036145,77.11015146161124,59.108379934587845,67.40719299437893,92.26633320359649,95.6998770114618,103.76202878118826,71.05978429473313,92.18009920088343,104.60096982560113,90.64927335739915,84.54343144799135,65.39237989792048
78,73.76211134269042,77.27964815409081,94.05472570354674,79.844852445192,98.86269558640765,143.83832392139743,129.30283888985002,77.18910444230967,79.64729565036183,104.16646580289097,92.6008528474522,70.30162713033133,29.57401601601041,95.08789519010836,83.09386467816196,119.01174712473788,146.05008209414206,133.17758419187285,225.63612142989024,193.86879680475636,178.78504969770452,172.2095403180868,163.3319093140239,191.15797568030158
79,153.52956750701986,120.93147928471839,99.78282729213305,97.70805438715308,108.69306271413606,165.2182641633677,155.3154308188492,76.56900299989591,48.556945545728965,26.625976817235184,23.541655531596803,-13.445970276544088,-14.296380270724725,13.998066369332555,37.724423747259465,43.592902023341196,91.5337997699273,128.6225761195852,118.23817237555157,86.2552974228191,80.78849432849347,80.24006581387712,64.957747991621,74.16200780036516
80,68.49975113567815,46.554384054448846,59.51058546472679,51.43667967428801,66.7958076064309,95.88002313056063,118.80377349657799,46.93211982779283,28.573237997266432,23.053117501205676,23.538003187752373,-18.771933355428985,24.974944871054916,31.190665415488255,75.2097330565516,122.53620456466633,178.11179389855175,205.96636600043658,172.78834036738613,138.82728159600623,127.42850709486763,122.0222473189977,124.81342096696466,92.49518129543527
81,51.655134140457,55.89621992971762,61.70636159817669,90.17582232463936,52.3719498330065,107.28142864498182,97.36133160513256,83.08264924276487,59.59603412462995,34.01940991748264,47.03686587547044,46.64409998280888,26.313117633101214,53.05110855672724,68.65300050185982,92.39811539423093,155.810154028054,153.96851984198494,106.29348007925762,61.29822111748793,83.92463818474002,76.88252156886001,82.38584608661571,59.2903440076647
82,126.04427842794883,100.3054334409878,81.66013837056227,144.59648405149497,145.03935167964286,170.18712975619604,126.38089382012484,127.06516590785267,78.77474437883632,58.04188655353437,69.65232755720105,24.767583977712718,15.979144651897727,68.56475806846316,98.06203166752415,102.94291564271481,129.08113617154322,158.20703925959862,138.67631083668118,94.64118345517257,101.9836402628126,55.34464712194883,73.4179648576452,92.18732130582747
83,83.06991351909771,50.15848674132358,50.610744682095444,86.95749667785623,119.28019725748774,140.5641050828083,126.44710079958702,91.71853739735965,79.31283066499783,91.785811593039,98.62885768992075,101.47143191886306,124.29414213750391,113.61940368663375,113.56529323406835,142.70666919875381,168.22128345241867,152.98945429008194,131.87610405759213,113.72267663932246,113.07846043664681,114.70836281456232,102.48433088695256,159.2303525814198
84,99.7933743819164,85.06493482719746,78.59968685917839,91.75963784271457,84.3171455590883,135.67883592117335,129.4250311592995,95.54650816845398,90.47163458054243,63.85200161892696,49.78795624605801,62.851912236520434,41.771103260512135,55.41349220688118,50.26713095632611,124.7013611978873,142.12368063549854,184.85953115766247,168.88731423169187,127.3389073178967,140.51097482915645,103.65533737929823,92.90442254883416,100.02518655509598
85,26.572471648337313,14.44689404818891,18.942739114326372,24.52547497245113,45.885234520604925,97.56029769099271,79.35464639757811,66.35675157107102,69.96485250387803,42.57465922287433,36.48860799653598,41.00447139481313,89.7500866339487,65.52617120609277,60.34702687046303,78.4084019191381,158.4923262280403,154.05145313404253,127.46375108049423,93.55025962450972,49.30223416370161,12.75436949150513,29.810846853214905,48.9299571225667
86,61.05709838711249,60.732692681730946,93.86202942220724,79.46019690333954,150.23943830172692,172.40244202955788,183.71590528772884,149.31491546794945,112.98059914110432,106.66952152614728,90.0723813245691,98.22115533177708,92.78352034023989,102.24787519016016,121.46569980669526,133.50483823942065,144.43919832208596,167.53414556249538,165.35278662475304,188.3451009643706,185.12715377242836,182.80030252414545,176.74726193458008,148.98621659726928
87,67.27193954585698,61.73175233739388,42.92198747814747,64.5798417075014,84.23155293216549,132.97735529462105,128.4205556604523,86.73149268703263,45.01942971514415,64.23378412870082,50.49445552712915,25.880424345277866,-21.04919235902777,12.50119091177195,-8.29445172207221,14.87939136048118,56.224722001527,71.03156328874266,30.509687233403668,17.93574719952366,29.61076539866677,55.49856184662853,64.30019286067134,26.453667325812404
88,-54.72991305407983,-4.904359923743527,19.69201165198526,28.90570151633213,53.609595903311515,98.64017583150635,104.2435097154444,81.76675711624102,86.04271988081071,92.31200356113246,87.11418408618468,83.09882037253895,78.63647526151435,106.0698994474548,141.95387044393277,179.28754112174354,189.30412341500542,172.2760323017488,151.9595265399656,126.04138836574265,136.80945139830825,80.78532043988923,55.92033184448866,68.28804475981492
89,102.91605436655924,72.83026734991421,105.65205658541348,73.71216813795023,97.28119960606108,-27.889960477517747,-35.44246033317046,-34.821795812232395,7.4564510962273545,3.8316292948917123,2.9270344212814763,-42.70390880028937,-9.729260501288152,-36.104476014323865,13.898372026608456,73.78286050013918,80.08683333800859,123.80869683494399,114.45324525834896,90.88904632735175,109.14924085766678,56.340536694124204,56.71337073080518,89.34938334861387
90,61.88567054178567,102.39057265025545,99.48275977028784,86.87532623272674,81.34223715779574,126.40388303802084,108.24098642559095,63.8393418201171,77.13692847610554,82.34980745577552,89.2154646798117,73.6149427595946,47.83353571421734,84.49632453389991,106.53461563055171,152.15488036721948,153.24827734495577,175.26776499030052,153.1063761010461,155.0094330699597,110.07986930523248,128.36369328138926,133.72647336300668,132.10615550801666
91,77.83693801052024,75.11792811729568,72.52087495849858,86.44968154489895,73.67850496627463,125.22581025458302,92.64175862647997,48.18496051510884,46.287564764617095,18.772700380975905,33.489929442202516,32.97198860161445,71.8172077130056,87.27272573881402,122.725641495514,155.14291310407032,170.4879233669103,184.60387424510242,206.86385572922381,151.50399045701278,134.32780824111774,169.17629207291571,138.34698600518317,113.82540414499314
92,94.33750024279183,71.76598934258804,36.11314048208054,16.938238534906432,57.67308894873352,106.3773087724744,135.86115048480818,108.37787217503215,86.95735259386669,63.71578167601511,70.6828160535232,85.22262103531317,19.017958462146055,88.41954757887571,84.57431553138917,103.76204695392238,153.45679549031595,143.6090171032877,134.1205385264536,99.78602111495132,139.73493844197145,112.7990340368481,113.48193592475968,89.5118636135993
93,90.25226912099107,64.08324202376625,59.40229238181702,68.81417151814385,107.30214649478566,130.7764335628093,125.17208172792746,56.34010189816543,48.30818240581788,92.90427615562308,124.17883987420117,123.48728607594194,100.02536823164537,147.76916538625002,143.9160457554968,137.09153441494743,184.15706780698753,173.004271360722,191.0716166149794,140.6041580349015,140.22498853077337,120.24108140387803,101.0546795502656,91.40870980654907
94,116.14100958484167,88.04789076992745,69.54537612819976,91.68933034573882,67.97626368979249,84.35966981070051,106.4365434008839,67.35193291560053,44.74586988324651,47.114517581575704,5.45735679874241,51.379824369352626,53.41986111284571,58.41605292850028,81.20532524110094,107.3812767275704,103.14681985218212,135.68884978493307,116.8313201585089,101.56073855752345,99.81789566333103,126.6610156054346,109.32809045821557,130.99929597061345
95,28.45353785831307,34.152615332576396,12.181092449236473,71.68821818352649,153.1142521102063,160.6245856199971,149.8587290684893,114.20189214088163,113.42516355485337,76.5250398737755,69.42698731413962,63.55331419462974,61.09696654661713,92.7545851202135,50.82837622464018,92.63267371770854,120.32300675068907,129.18070186008657,136.5245137477396,128.96809412529552,99.19304784914503,109.83932908219793,74.81361806926739,83.18154348348064
96,104.79064584283756,72.04997127117413,47.03339704952566,94.83559580550319,109.802149128602,114.88089912560224,92.25011033957966,66.98372456384303,56.71428240726288,89.62619176352086,66.48345784267788,77.4779189554021,35.44491055128614,110.40047117470245,107.7751521416038,84.73616108716791,143.96907806100438,114.22245324457793,110.11843216816912,110.68360286208284,93.92341070685416,87.14481210644487,97.91536790663392,73.45831270836158
97,51.242675309978836,45.39456425778579,5.827584034664753,16.977994969894525,71.92777875169287,129.89120116954675,137.74500806188223,122.82483960338075,92.6829442924768,62.35052293338863,64.27693813735073,15.542617313001912,17.634956933127732,71.62128445952578,81.03225744814696,63.72235082239496,95.42704255625334,128.4354510606787,92.44397878687721,30.236475472265624,14.435701633336919,4.226993457286625,18.056451870522025,35.0625223967248
98,74.54007768295445,64.318815572439,57.0469615198445,55.22460499612731,84.23193525251635,200.03222847563825,188.4367050331428,170.56512117059404,171.50403818688832,140.50816034857553,114.5423221393542,95.82317103830935,111.90382059959754,162.11816201696817,204.44690390703113,229.25470272415308,267.4987713191441,269.5954808554487,257.3772581746542,197.69501868163127,183.5673674253842,164.90240504904745,132.54216093480068,124.99363783383282
99,45.456924362512964,16.967313222844012,-2.168070608614343,-18.658149530105476,7.87666099395139,58.35845009591115,38.36350909058535,36.469524411461364,7.921495567376169,2.0288890885305477,27.05428913320287,61.683886901378536,42.74112793591226,87.12216076533753,86.91876861377095,125.03340890824559,169.10961571253355,131.28311323400126,129.08857178286436,111.33460240471186,106.3792018440256,89.47997512755073,92.0492468354696,81.53485096374307
100,55.74873520179851,40.15689985461029,61.29633298620473,65.6619431080969,94.86217161649651,152.910195415585,143.81783520639155,97.94303937242303,99.80506125927053,141.21052562831716,96.52733630932241,107.55420693191047,74.60183025993464,96.841237012799,137.12930659529377,131.4461958150142,137.87792837584425,166.0055066448901,154.06307227380884,104.57861772866087,97.61995865291162,71.4420573201271,27.18479530141218,34.72518254579067
101,70.61881519434817,59.53669557623442,17.11366725581702,15.29897699768432,39.81104085983511,75.40986985128981,93.13051558455167,96.47142569405044,111.47337312177729,99.42010337807375,20.40118943160325,48.41151524102117,46.49442504712964,41.10144170378341,64.73231446104644,78.48798670976865,94.39281217081184,128.49063451724345,84.45889952863081,32.98565832784851,59.1310348328287,40.58102076784976,32.45741386432828,25.427061019234884
102,68.69080472468127,79.98433776040352,104.75197241496431,81.28690053710024,112.32086651541142,114.2260846496316,78.76054815401207,49.52054255214085,33.681530378789375,30.17459663180736,48.225148263055246,80.82956875717585,65.93160267447672,67.25859190568117,72.03346730290887,107.23591079126433,150.58107195273064,161.70703941439248,153.05219507625972,105.29573831940743,129.7180646473803,104.92812937424162,90.81930294971579,74.68238306850452
103,114.74670682512344,64.9066511005608,64.429575026135,76.57444597015478,105.09451393737999,166.40696347206566,127.60138423445389,73.74675924620959,98.18869573758975,69.13464474113724,62.138786464820086,57.01006054136542,65.08147254948301,72.07079731414251,85.93162587113304,152.70480915260023,177.86549932108332,144.4654652233827,159.0421556753958,125.97236654607738,124.10811444339652,127.80514542408758,142.78576350737393,128.38611675174064
104,10.584936526698542,35.44551772081023,63.20677834534516,82.18613381517876,118.50892979510472,149.3022758912107,145.94200345310836,81.39004711956562,83.96663304807538,36.66847786554593,36.19215495649434,21.047684030349217,9.014473947329748,38.119225936618086,48.101305022013136,149.24054203963985,196.70467643934515,188.13719886182628,174.64073790920497,148.6756523946624,105.78765885318319,91.97696910210668,70.17182127428872,55.94893465309781
105,44.72511663614752,46.71893311651226,58.472536983688215,102.22482404130437,155.2866325952864,153.5744968583196,158.5416780415336,131.55299938105208,100.39278822245977,128.23287463716684,114.6427322998758,65.80238107421813,60.776709381004686,65.820283808451,91.73745874594634,135.31458740801867,124.95592985496083,106.81983288357077,104.46508795558296,62.32378906439243,52.498689776300694,39.86762766846516,68.14018218653939,51.33107984385758
106,118.15921961808166,121.12571327350335,88.25764727029724,84.01490633044496,112.81157526907248,152.84172847076988,146.6273623664847,101.49400215539738,109.90499477222312,103.15571063228933,104.9193455938412,97.88586521598111,66.17686359374918,46.00362997840598,43.62516566043735,82.13247786637791,84.23373817729652,105.27216501441066,133.77861291528185,82.25007940485922,108.81412006712102,114.34833523933567,115.75059164569737,82.84004568247458
107,128.67268772304206,100.414057310068,74.37865093276532,134.79814508653334,107.15923494261548,150.7954075411426,125.36750202220101,87.49928201272091,61.628831252062014,29.96635681066057,36.893133871335955,38.125871735110536,37.68874216971029,56.966705291299334,59.951414153265645,100.94147593090275,118.8710536960228,121.36602713400573,156.88597991095236,127.88203558619605,120.22118502191701,122.33829785280093,123.37955054861959,101.67115989632377
108,50.77803041700105,41.87028841441397,48.12415537998087,79.28538140539702,122.44538134173258,149.73502687728876,125.77473885495938,117.89661551575267,88.38058506214779,92.56885214489519,129.64922600907877,110.14812284401954,106.80797090752179,86.87584566721137,80.71056352711446,112.52092219851512,155.00510749598288,180.60238379445727,196.0246945852491,143.91001234717967,143.78704679471718,117.17113014417055,104.08714479582105,112.16859826103426
109,81.80975946228364,64.28607480725131,54.56144934399591,47.42955071770811,68.71758666528468,84.76280392488059,100.49770491410865,88.92454644119613,104.93797302250339,107.20406790674272,110.86085302653285,97.40574120933658,81.90164462081599,134.07376780472913,106.8426277722553,118.96519825824271,129.2454331333061,148.58868393481197,116.29935073886,65.21464766382883,73.17631603409359,55.49611008840213,33.500414284876456,45.837490649369094
110,114.5834831781783,74.08940098465473,72.97460343868218,78.20244345488307,90.82355150775231,87.67226856615838,90.5434163096913,85.40605383626357,44.129837843295114,66.99688280241948,85.48671188398143,77.13861139227545,38.04834707497981,100.1563815497906,116.71533666727163,142.70753851113682,168.93928951115467,157.0594569573189,154.08148244123768,127.86085749788799,145.74025338411144,141.06953705293813,106.0319987263716,75.7855633828781
111,81.22420578856529,66.63407602160026,45.88715972355132,52.46018535704499,95.96546693316681,118.98687135622085,131.14702007894837,125.51388252966865,123.26718986306247,84.80989183396393,99.63816693181272,94.76067733626725,80.26441462312339,83.11133935173632,124.11375165478026,147.2752938472694,159.31790400033734,148.76498034254215,131.47068275003414,148.6612252808436,151.53676141577165,146.57369411986002,186.74013974129863,148.42304785638552
112,-4.825602694035695,-17.096827899277898,19.74055022472438,71.59558470607402,82.95846575561796,96.42776505659154,106.88161098136206,101.19805911603147,70.31861366267796,51.88394163208978,57.378910545167514,44.52556882175022,77.33687908076293,78.9189603333737,101.4956897622538,99.35892105414133,110.02724100151677,157.23744782085603,170.3815022145719,148.37658336347965,135.87633397858954,100.96626734467198,89.72168015318809,108.74351124528226
113,51.61868871371672,54.47850232948717,37.99859052160835,18.5996736960007,57.934468779861554,105.09456378347949,92.97944539335889,31.465094831597398,7.624120710065199,1.167168948309154,-17.135236574744923,-46.97424990774364,-46.337563348553445,-27.77524054597339,-7.688417988243302,41.78541856294727,69.90998037547915,78.37123446654891,73.60442289601663,78.45157171152584,104.64042459709778,92.4256915517043,97.31479404989463,77.5166694120458
114,98.81412472755964,87.12877623475012,72.69065126221466,79.34806268327607,104.44900764504824,123.09819228327873,131.36669556795462,77.91615565860668,88.38607431603432,75.4610291259005,60.376654448479016,69.84626881876775,82.70726307843746,84.54877962512016,106.3556392089509,133.04302939724462,170.67737148777047,170.45203827195354,130.04316546924952,117.58231785939361,91.4506898481919,110.12355871123789,102.18783062630727,140.82247577756834
115,58.39716309142627,48.717519345642145,33.38009858697771,29.200277946090907,48.09467419157304,67.49051730325395,85.567307877385,85.41934851414524,66.11963317252687,71.36014968982266,92.10762084593901,93.94360479738252,83.30731413891309,116.21627931373403,135.53065478688805,154.1694362306724,168.25822726594657,183.07900392557843,165.2362704889249,93.07182780031859,82.29632463623497,105.53575531836341,61.06590386370341,80.26411387757958
116,126.95577718262689,90.05754189734446,97.43465605675439,119.03816989948852,125.01480901239015,156.79350793499233,150.33177545794948,147.1671347576196,111.9398100698592,128.81862203230637,99.4793987593684,114.41084865679534,111.24445847601696,117.17847531564635,117.85713113403803,149.01523629177683,175.17790128889658,181.31100168144582,157.50244871184802,89.56675726514314,86.21692545798957,100.19506813649434,107.4199045063736,118.8196029830073
117,127.41466143681444,79.18563993222051,62.05768045465458,55.07065206617601,38.6863247596849,93.20479708451124,107.7095326397548,118.76164424413412,81.3381914320443,46.077582005557176,51.021164628469364,85.5890840445489,75.92936311633052,68.51572066274065,45.77346733610199,74.33258253900595,95.01590742406319,127.47767083405736,111.17442937416496,83.04716051548988,60.622131858765925,64.72849531403813,58.832180067234304,39.22045665850629
118,94.45431086801997,114.20108613995511,125.55317889748676,81.49544699571015,109.87218720805637,140.63421928595355,108.23421709968622,103.35874791682781,99.89154544647239,134.68159227887975,124.79427374871406,111.34996866407943,99.4569417859918,90.50599198604064,84.07289302222716,93.59408731579038,118.86609137913474,117.198265618381,107.94002594659975,84.15407559807588,116.49086275997763,115.27271975782975,117.59723418988982,90.97695158763541
119,-7.45984979727325,47.825017314395986,27.144673735924485,74.6592720772839,99.39354443516987,111.03437129537735,61.49560905324487,34.62731205915182,36.61425817184355,28.651426953060877,15.584200388299713,58.46111596212313,94.67382021957195,82.30556912188204,76.29635424711931,107.99573254331249,150.51154868836076,172.39684487348205,132.2882889458252,99.6941772035711,85.52662998491726,106.60841936518806,130.6959807885387,166.85122819465806
120,77.88328367892306,57.180701194483916,53.906100641000975,75.08015635993456,97.28883708317284,107.2660090902941,110.76325544215572,90.25468622964515,108.36262976328887,127.40466197917542,140.80144475547223,95.68093144069245,60.231071314658635,69.20147166524326,112.72144615038138,138.93406090513554,176.62242551882082,164.08400180427878,128.96545505600642,153.43559423752902,124.79445816264038,119.51984919248542,104.88698177139955,72.8214438128739
121,126.28811415038255,114.67584382691379,47.065493067071095,37.37697456589737,43.69703608207409,82.14477005452412,59.43068984336914,44.783382804498544,19.703149882454895,-15.640853895810409,1.076136525451048,-11.69051283794174,-43.05005061245711,20.390850470955655,51.1536563570116,93.54630855176963,102.31920941965784,126.3546369040527,130.61456148115556,76.6398516382741,71.89852963286663,41.62063997032787,94.43587015947769,96.76401752496702
122,70.38678512673917,59.878831231082664,73.12101894383586,93.33915367555075,95.87509738654789,118.63910224229934,113.65675667832932,80.70931023560877,61.92108032810928,82.23378099088204,78.34137564883389,58.65486709583564,68.88930928249118,73.86543835014811,86.81235666052743,117.94681285549659,150.68818779611274,169.2637921110683,143.79267673931935,124.63975839406825,119.72001335005864,77.58827720950465,63.31618481503645,38.19200302959567
123,46.0983406827834,83.51474611596569,111.70644152541661,105.63979177683944,71.85617144429075,118.45692905525661,132.85281933403274,110.1591395212889,130.58807271459543,83.34427642373976,66.21817669418638,65.50584719181842,60.132997415379826,86.31176684574847,85.48782641565361,100.14071672033396,114.43423331721297,93.94692586568709,123.28798252101276,103.01510397036819,110.42920106503155,75.02973853161542,59.63785292879807,69.91535491037638
124,70.90567413259468,52.080522467962936,18.620458178011162,27.277628230470498,45.65076266969868,76.14433673466058,88.69270828037263,63.46631841832744,90.45467175372659,39.90755760039279,72.92041542239613,54.14308833856967,58.610436524866884,58.748956397540894,41.51163030413863,51.65756920709308,95.5974139144691,122.75427385572317,116.90123403036421,102.37756873668195,107.7816315699732,101.56332895450916,77.70642300476862,81.18149799148907
125,-17.559026710974237,-7.20948084080581,12.149159645617445,27.490562860826685,94.38873091847623,123.8703273181093,150.68663273771904,99.55742896139435,119.90416608866998,90.53331470292717,101.20723108017077,68.20153127326788,59.33850093495648,36.708613763573844,64.57007041543004,101.95741089330573,149.2074859779018,154.854568526583,152.38870163517106,90.40718858980725,48.58283215800664,35.25480911546407,43.88207013912621,96.7296641785127
126,70.3878527475655,71.66588755226655,44.93480034595955,44.29968437187678,116.48977703444686,170.46644478322133,207.1787706888741,172.8722889130143,116.10484180806225,121.70255431893892,111.63005543126783,103.75457544564868,86.03716628422873,70.25512532803045,94.88330443065594,104.64249860173311,144.19948103399923,149.31489866381764,116.17141364788017,95.11250433082807,103.38980032927616,114.72978466869395,120.32258670962862,110.06808977548754
127,70.9918696954651,61.62508737193693,40.751463216367775,21.133259550019403,49.46464041725563,116.86595725555901,102.41691784601603,59.72399690038014,50.640725594318695,65.6580978259646,74.12867660114377,66.72078397676566,40.4266632221491,73.10026703853916,95.06696035870831,114.34821013052863,112.85943341413136,167.13987333294304,171.84103519701014,115.658681951612,99.01931035774491,98.45418662971595,71.42672513343459,79.02366942842416
128,-1.555087598471232,-5.355935974736866,18.268525790468836,53.72890530046445,49.15507066738327,114.63446458141568,105.71794681578189,84.01726542473713,71.99321351427025,61.32626231438202,76.30928040552703,79.76715004450836,84.5715400211675,74.45288853460148,69.10452527377964,106.84732641668231,137.7170344664608,168.48104132155973,119.76330191076312,125.79994389734863,110.01700267131008,114.73479212542672,105.09323111946225,96.47546529010218
129,107.41938185110054,80.75729999223523,113.89428659117155,115.25715895862311,97.49757603530978,137.44924533832938,141.76988841392568,88.71690467546841,66.831744445934,98.50380160842121,88.93883723136962,68.34064205784105,49.97982694826764,55.784109102251826,88.05432411528983,106.45955056466629,82.2709647438,107.61596362195236,87.43567878390155,35.291901903229075,77.75455459547223,97.98134080624153,86.21689638821753,80.63463237828823
130,50.064683260500246,108.07815097152755,102.4785049555309,73.71624772612616,68.60829928728162,141.68783442446153,121.783473989811,77.39547556033605,100.47660562785475,132.16269337467787,111.03436098325022,72.81788010164122,38.37842821229479,24.617918972868424,33.04479715919781,92.010020637714,156.85446905272553,126.63083700730843,117.54264821568526,95.82734990516084,89.58938343478214,90.1262697324054,77.15110220678915,79.69817133383447
131,86.07488373580517,133.32139569850546,92.14626954125544,65.62854518230839,62.13427127007621,86.96879147120038,136.6917989284562,138.61785241785407,115.42970265272042,116.90923543744209,83.8262094319999,76.75969036329076,27.554908205893213,20.32270734984526,43.887980214564706,66.22902901847175,123.65733002843544,146.89458402400186,138.13162293562468,128.76716955110004,161.51609904614128,153.05648253736825,148.63783971551783,102.93941816142097
132,55.631823876659794,23.37559970085338,7.1038831969100755,-16.70334080191816,52.07335387314595,70.9658310316843,58.12148795874924,42.79209098658865,47.611592734702484,57.8275666523122,65.94573658095631,98.0435410409445,83.56757522588461,82.4792795864778,105.85516796427214,105.16969004963488,164.90441019383294,169.36991427639504,152.9250386061356,111.40856994705902,98.91517140203759,74.17250784875071,80.78642393992587,59.34044929018451
133,78.25375168256652,70.9378781987966,102.30423956516285,101.99525935772046,139.44570192381235,173.78440953577348,179.1819573533083,132.21690292738506,118.07046388100454,97.17550948138305,100.54358031470075,92.46011258644616,70.83580116867813,96.8747335413803,126.33144514128429,146.93627500453442,183.438023258447,177.7363074202353,197.35140038396932,168.05354660067712,144.55980521347558,111.61774634205817,103.1292311107633,79.75046310681876
134,60.55179194641241,55.209809558675474,70.97099943338594,31.884656580784487,74.57506131740186,115.5348111970769,69.33093196185072,40.10946348774751,38.67523311431318,45.61101251975276,47.367814318865626,42.19018047840291,56.22743724126525,74.83648029776084,72.41288948019073,123.16363751990092,139.78303241270902,177.04568155321144,139.58974587432334,134.0018728130751,140.63885514209616,140.97666284710257,149.69388066561754,149.31840715121695
135,59.82124700579198,52.02929051441934,12.130266221942222,52.84989023710649,88.24248467273608,144.19423526388817,161.5471971428795,130.07156886091124,115.1623455864326,108.58674524607495,90.93095893511648,79.56381623271558,65.94527599142636,85.7930424904824,96.86474054247131,170.00319234720303,144.1023331538081,148.66470405276254,160.0062159513564,112.56756023503735,109.95682771929972,139.34242590570682,126.48925574221352,105.79226686400125
136,83.86406377972328,58.527641686431856,2.9684930148412576,2.612468619541289,-5.957171917321219,76.85745604890423,84.57662871276992,90.42180067247756,66.33521027753997,50.371520971847765,61.61053094887922,58.28813184459963,63.17411933269092,69.48218726204227,89.52826327173761,123.80427197710647,199.56168525883953,194.83228423301313,178.89025365312875,125.4579227041131,144.21363284761395,106.27842937783245,109.32667939066596,76.68080180006346
137,70.21222157093926,84.2455738040565,44.077819893547435,26.238676557931868,24.268792390347656,53.43059410626401,90.68945923317565,60.567490039433665,76.2447510942279,100.74976551611846,78.98335835537287,93.40514643369198,81.52418887279178,68.53040421322982,56.72842891179745,92.71400925288108,108.04927490339318,153.98329294226343,138.31118233137147,108.56533839534194,73.86970997883064,31.46494587456671,14.108505990264277,27.350563137011328
138,96.33251149219448,131.11682937417532,86.75834327511774,94.61023538627845,86.37166369745705,99.19476009697091,90.3989860360756,92.1724356388044,118.22335517078633,94.76103288512672,65.34841534782501,57.14569435707556,54.28091700723192,77.59711794786935,90.48895089565927,127.26010717984343,124.93045915116271,166.36914652643858,182.2674106689176,91.12030506748584,91.81697312637093,68.71330813365127,63.19088875767724,97.04961129600785
139,53.1546803159251,33.794056083428586,41.06157393255553,30.625388385301747,98.74147540250081,88.10396074742869,91.43120878225218,50.62768986537772,46.677971988499266,49.8368161116282,41.704819165139654,62.248511636968544,21.5712501579401,58.27132217765612,45.96719881982311,27.94012656245603,59.67705036455379,59.0854003823427,54.82902224384431,1.2747188902181392,-15.67300748665484,-31.02474975240206,-24.10569410964972,-6.605792267765125
140,137.6870413257974,109.58592948543553,92.62364133414874,118.76902627207362,112.14350234671858,153.97081595961842,153.84250043588446,165.98376637276,154.282616011164,91.44955563052191,81.84256029403883,78.6999286615618,113.31928581842126,126.51972993534022,175.99542337434565,171.2254478765414,248.5061634426912,230.1295776829172,222.48715075344484,195.99455909144496,204.61633172598215,191.52886670049085,158.99324170193762,141.91454143726318
141,-10.279948029485709,31.059261508550627,30.196968866559466,39.84925849868553,17.347244341326274,82.31448079359552,63.742085973244244,35.01930601872641,37.416413074413924,46.508692737150625,5.114426468718136,29.86392413449134,13.975052718165713,24.40298044270064,44.19513824762516,126.28570540169153,176.31972021418406,187.72376574748637,177.9123078608422,128.17194755261417,113.12284705428392,85.6410781417402,84.42446560026377,62.800804257086284
142,104.04564464693235,90.57842206457241,97.89899242421244,111.39383917510143,99.78398344868366,157.14293625672718,119.76625644096194,87.17510904319568,80.4378336281131,64.04842346013655,57.71189025110945,54.31609552399824,63.06465039611584,76.00093666220499,80.95557227974494,87.77882715882791,113.11429372870447,110.72005899182821,53.431773381964945,54.60504700301042,59.03227846665137,48.30271659984197,66.68621801074151,52.30925066213379
143,93.57891551720078,83.59274664202846,74.78230785131198,75.4749927578914,88.90365733809497,138.9622197298992,92.99414337653641,64.21420937696502,63.513252043089054,74.0772308314683,57.490706962558306,72.4107640133414,72.7773457141909,71.43008075589741,76.32080903276767,110.120206809649,132.1998454760405,149.38967914317885,135.77908530520665,79.7862622385303,43.238912742039695,60.8230265938933,56.4795623574424,75.99221587741091
144,74.70319581774801,61.27170975789741,38.86891250742032,8.272102255104684,37.440981624301834,116.75060335413237,129.54576969126143,114.15013184811396,113.92452257804204,107.23877557831608,85.6808783946012,78.49792725615764,66.15642949262563,86.1197131049267,107.54047354802515,107.23897605258846,135.2855924537232,139.65731680153763,88.11943696952851,71.26731958984188,94.7725212100999,46.97003289850721,57.45750187319283,125.53374522189483
145,75.51359078340074,94.64642643640389,87.92140381169297,65.61567624569443,79.64251272690268,124.3763110019303,127.1160413572675,86.02751951052413,69.14123963235716,39.55101628080722,35.70689343103029,9.153276557739659,11.981947763764822,82.86677566274926,94.14706528753347,56.9125609802258,123.37499653981644,148.4796574359185,128.92409224859696,127.27867783036672,118.65635399003727,108.51942240964948,93.66305854002837,62.54764088427743
146,2.4110215108030673,4.485614681617008,-15.356122645007389,-17.83617654560689,23.479153925103105,68.97069526244246,84.89407816774809,62.09787508145808,53.87015226134129,69.56868678141576,50.728234188968536,43.7503442677878,51.18420623214951,78.67125714165685,68.35942193000226,88.6691866965192,114.5043356972383,136.8941154035107,99.51625412591908,61.00075289334167,76.89113787237166,99.80782067385519,137.15263939464936,110.67081344765776
147,57.16738543215179,65.40376336998015,45.732409341456474,49.32353310032634,70.23784784531722,102.09942753354878,93.73025565423114,69.63164778560926,43.99082443693182,76.45225897581426,89.17620269319772,97.86063927199986,92.91857019678773,101.1433023046274,143.6035401766167,165.63306883427694,149.41568598337534,173.2110766537012,39.61910944211266,40.81476026391104,42.78958976611399,45.244571006377114,40.7989299229697,45.58501006932866
148,163.8465568225746,129.36567839959213,125.10693978260147,146.08425006940368,155.57873155626424,171.65683296456075,135.6866639774678,60.49267968914906,38.701149596837816,68.73184718250204,72.7944669853283,58.405660407320546,89.46928420158505,71.46910553972356,114.67939248179765,163.1472207715445,184.91730204646154,130.35950912671245,134.5163764758245,90.61375076025263,87.4561844750116,136.53218947506483,128.73413310106488,190.7581348994537
149,64.15172634496648,52.464835975037325,44.63497386769379,43.934818755152456,70.41924279861145,96.3746221817604,99.40854377561926,102.93359137259355,105.8514678086097,98.25734842495757,101.41320816165745,124.77952359566143,130.52580868772486,125.58459099818288,127.99833469745671,162.294676144653,193.1048753645688,198.80721670095244,184.2981191943725,172.8595408826456,140.32437991395727,139.17258523419562,161.38776707766203,142.61042547464922
150,123.73003202722724,116.77103685744149,157.47016738076533,175.2008798620681,170.03393021010788,147.329159355988,161.85632073413663,172.11960661208775,133.94138344416677,129.0329789558684,107.50095479359055,71.88344252414919,66.8562572311305,67.09228861598868,64.09892540534872,82.9767666484502,119.53677611387259,117.67602006571481,131.50391469024015,68.35701378899186,100.67028314559548,100.83343171252163,57.07249241525598,38.658258988502496
151,72.55640170065799,68.53334874917398,80.64507436723768,98.70620352615389,142.1379748486208,165.60996060362376,139.33198355395288,92.16092988907371,88.67929918909947,96.22657095758746,74.7626749991893,84.46717656275396,85.94240849049599,82.1571826715552,133.32733068593444,157.16489912399715,159.4426361377029,162.83627122612998,148.2674193487994,123.46237490270583,142.67702327626117,136.27540317480174,112.88830237320296,117.53041425539247
152,61.112827230616375,69.0324428293421,90.96200274448813,81.49997338629724,101.08119563323854,117.48484998250613,95.93654719917352,113.98270928304127,96.56236195820054,102.03978810441129,94.81227993071838,111.8636162547274,130.88164495361127,135.1107739478955,144.0786500919176,156.03091794458732,178.68542355843104,223.11111710891714,230.19393215958556,156.7250240872965,129.03360053585203,169.3204250839039,132.53076623909294,125.95797728411938
153,115.159814371637,105.73052129999265,79.83385149398677,72.50384005802917,87.63548572210156,106.61919445158973,115.05023420804943,96.29194244942975,91.57016849173489,85.16767381072914,102.1121330720355,71.67935904854983,58.09636401985966,59.714010989002425,88.87604655826148,101.3869993169466,193.30498529490208,187.87021077812517,164.52231043479338,160.3980143523355,140.18622878455778,124.31104811771942,145.74862684762562,115.86313223803413
154,50.05514612995049,68.846347132539,59.6915243759901,28.626105473396542,61.959162804450706,105.92253072789129,116.76832423521114,94.22384942543984,78.08260114004366,30.593877982681718,13.575354474303666,10.718245230269446,38.6037422165503,25.26897392755521,95.9459788427819,111.10620143216309,84.72274530353361,113.90476624928763,66.84070021975644,63.16984136390141,26.264687566641925,58.37480690562561,71.87240210715322,104.22832709344883
155,-14.214395130390997,-4.358343419249067,1.6925843692332592,37.837330950453605,78.96450031769724,99.5803179822108,114.4417915348273,98.54938291576367,84.40576867133412,66.29505770541276,70.21011999899291,69.46556897551199,52.46186488456916,102.5200896518479,110.06684050304376,136.87968696759816,166.8463906808774,173.61987978827437,129.18088593534955,79.10363655752599,96.30425171719558,78.9530063582582,79.17796629183627,72.77625083871044
156,61.38447954527531,53.53194696366842,32.340689754172814,33.121698412110376,49.637074350232176,87.56355241894332,65.09187275206014,94.93247989327594,89.21984669142893,87.37822341786323,57.65662991257639,63.22840297917038,86.3884023022537,101.32863083346234,112.09536681380034,166.54865781391567,188.4522042935692,175.25291977841496,126.61203770072044,108.47539492728228,160.61463511852762,135.50170639355824,144.5751551111724,128.901995001957
157,36.6859000725752,41.455783147866825,45.636692201389465,42.32371657206622,121.30299165664724,153.16298038758742,117.94702790652511,76.42178192759874,59.27239839013555,66.22664681080948,51.420630436020076,48.57145227913182,19.535549336765776,18.18842809522706,49.6251920168681,88.94021193108657,103.5409263052754,151.45357799227503,137.9740016675954,92.6466322215264,55.660296285451324,64.83682817156168,50.19594047462806,34.23296454368084
158,10.077137760657443,47.607067652874605,21.15882921894601,24.813899112184373,57.222501696046876,155.91779972558282,138.28673300925138,125.95861230517195,119.83227817318479,125.38692089925316,130.41247133059653,125.5600455244895,130.37611644848744,179.99359628724196,202.05805542651046,220.5625857428982,270.0897821743696,233.6404769622635,182.7423403166297,175.42699542147844,151.8681986330359,130.4507791323727,154.87449528481608,135.28041718629453
159,97.1441188695664,97.23060761612403,67.12247202441117,76.78975832068613,86.9971344003892,95.23229869924045,77.31780817230786,60.18606491990901,50.20087255240779,48.662673862622555,22.473844053217604,20.94468875458142,8.564836743305783,29.26691469059184,38.19309194477114,121.5794605303762,133.80072223252463,125.54350429903698,156.33775127918167,123.65609348935918,96.88253883755716,77.38637577976488,70.4432303323582,34.37370719573508
160,96.36828865860676,89.86534229915992,88.49119215238085,81.81520398944204,130.17844638777976,162.99729404233562,132.8222384334379,99.9535573643628,102.25935314540925,97.41128047032083,84.77144464488961,42.27362759738677,78.04690876427603,60.1432787808602,105.36144249795883,153.6604913770887,138.42324628555002,148.6746551302053,156.07993286176938,154.0790790895888,165.71025199779422,122.21312563504759,110.28529513771669,75.73331032406453
161,126.82702301001247,139.27904191594195,109.8646949653286,116.85372971564674,159.38647089852606,166.84049021097636,139.25917983000957,127.30573661013204,103.2066519255209,77.03765587867892,46.67012456900072,54.19984815376966,62.71045356688205,106.0096084542846,106.22612997439028,129.56581090663855,149.55191010884838,144.0143517112935,119.17335854888324,79.1171158277817,105.94815800415986,141.89067255322843,116.7128179755139,153.19549671702381
162,44.20440179196591,57.95762082078992,47.82180466486482,24.61557593233728,92.60027359646267,145.7223411246137,108.04578058526917,81.53928908044534,108.93212877425002,62.25127879926016,61.6694444545951,65.28323087319288,31.454323075358992,63.02319821452717,93.86139480316204,113.54492375818388,149.30950526770857,191.48816337768767,174.41643816650463,145.9657721969425,105.7375846611904,105.35033331112449,84.45830937745123,96.07066233027794
163,100.97607115777001,61.331262111772304,67.95556223553514,59.28162093006286,66.06137299260666,92.55422547881328,97.96869529263243,124.49012348698942,50.06985402634025,13.89128153468279,48.95470693903282,65.13203643528115,84.75839349131817,103.36553730240655,114.78637966777714,93.95308344256611,117.41813507178139,112.4597050439236,98.00315009062689,57.04893601136095,41.7303537515132,41.26495132451334,33.287458963911185,49.6300610634459
164,23.771495990405015,17.970513250734456,36.27042127094363,55.689221332860754,108.47933257427559,105.55541053776058,124.23614998314883,80.13394534899362,101.63627283989662,66.18889992277258,90.8597183776899,86.20144127099917,45.90735418536457,47.33762483450568,65.72585920063693,92.43227085690825,124.46041923762715,132.9046479457943,120.00188958153957,77.25728172104026,81.30690152464746,70.96742997282746,89.48753913537578,75.79247312560825
165,96.30697549947133,73.63399811791687,83.62354764385749,69.92561234202131,124.00220217473235,150.11753781528918,90.45548656174778,60.947527414653926,72.42875522344744,99.1196687360802,100.20109020122237,69.20279118798047,55.07313126552255,19.424349914192902,53.33954393054694,120.35203357571923,147.35450151045305,172.44941544088576,173.84630542877076,117.0876040834051,120.06465325158393,96.47525611164363,116.07831840531449,114.34161624840034
166,57.93893733778665,49.22596962715278,57.85732120529203,76.90337429976631,141.26419216412972,193.57244143294724,176.3359033441344,159.72090865304864,154.32091338773245,152.92918151722984,120.99093638576733,100.0406591144968,63.81785806458319,44.469427903824396,64.91327826094488,95.9596277817332,130.8963778151322,120.09198311586883,113.54595031891321,105.71551086495336,78.33885059611904,69.87316066950717,71.07703229589022,70.18881411277385
167,131.73696040317088,125.10993263813383,132.35015304067934,159.66044882843403,153.67116372226707,148.54030252868108,166.51629801201216,151.12692107114253,122.3947627642364,92.27074064018693,92.95810307804072,91.44768774694049,49.48627364711204,60.71506305317766,90.58762932465287,102.5888419322068,113.06384196840291,126.32887035299049,133.4009586057015,104.67442216319633,111.69358483512985,83.10446806244508,92.90822316791109,104.49058985124707
168,158.01527093786063,127.33807510365378,114.57280010907147,103.41838807637055,112.83821065062426,130.22967870255715,127.75968014471637,156.74222694197044,114.2070249031791,98.00611218430933,93.4729031115824,92.57705614163382,53.04827725277733,49.97425038624902,93.9522835142042,74.89539916080932,146.64119527677263,141.6915615357335,88.586297747184,72.41641222596168,50.78103394488805,79.1170430726689,109.2827941342023,94.3736889897621
169,39.185327518272345,43.33102002512381,43.38435263109612,58.494300736822765,72.89520608703691,116.66369395062826,148.68044763829843,134.20221822343257,120.65749453684938,112.33412643618452,104.32456827667681,112.4423932763424,113.08259348373562,78.90712490411887,88.91773495978491,98.17890225818249,153.6474499441674,161.19445619581657,161.75916139928975,114.09011947968706,80.63455306181234,76.12239169995068,101.17914350532256,83.08378513188144
170,11.259954908274054,-1.9290501185332545,16.099498466488072,24.255909513809243,59.471238900042366,94.9136970770587,95.96277589116296,75.32080994127008,91.8662020555419,83.14680277328586,106.57594962031763,85.6566674082697,77.96332761807065,125.6736976221402,123.03711041074662,144.6053914161495,153.45924482024705,151.07968082265776,130.55708752057765,151.43918779196795,145.52797990199412,163.55339126651506,118.54956621433689,142.13300019884275
171,93.13852026680878,85.23333874404969,82.19249961562345,92.15323885338769,108.32747134882877,100.2153378027316,76.56264733171068,39.4392604748204,40.373397071606554,35.746394217885964,60.36517566893011,72.26458457403282,61.358240421826835,71.9118922054023,100.79585394930635,127.10245422497017,137.63965403222286,110.19308043897738,101.00436984150613,119.76120935710019,143.8455353924805,156.19330134689613,119.41547677746804,114.55824334202809
172,-11.439375537857032,-45.84374937986787,-31.05354921484185,-26.069780283872575,3.8322826968061747,30.134939827479116,44.97375770775729,34.303475205761146,101.0255614111187,87.71937500908022,99.8032488346794,90.67134991966334,50.50015236647292,41.92588424689953,74.24201328251712,110.81292957175717,127.05380326691522,132.67047482228602,149.17754778577802,110.27155006147888,132.78661749467244,122.38617650020012,91.17929655438303,113.00745930351303
173,-18.062484592358757,10.322027697109874,37.29337118348096,35.06457039330447,90.77573215644216,133.93159595063085,132.09349193958934,156.42474186560776,165.05089573774404,127.18196240176255,122.81074579233555,118.54103497732115,134.6197486226377,119.16944129521619,146.68406522206215,173.8626046999675,186.14074502767545,203.19986385664043,156.7599461320532,135.30806269384632,136.70586704134666,105.81045397299671,110.28370480882,118.75291722420079
174,77.95031738165227,112.61943741617958,106.20004079863892,133.724916200469,144.9729754953147,171.36748517747253,168.36986880809602,126.09899932615411,152.46986033859812,152.81782696406543,143.98316898771992,106.75859420885644,94.8686149246941,73.09203204555013,87.67244842869735,139.0619849651346,130.94610643730294,125.56800926534913,120.08122474114526,66.2400627759391,36.0935058326849,11.740669699085757,43.34509652549514,45.812070314243975
175,66.92297186302865,79.85360877063898,93.53754253148709,84.52801087797884,98.59166264759052,131.87309714902224,88.37438904280114,87.32544922581512,87.32694791959428,32.27696990162874,20.429493093948075,36.89845070431673,33.95701726310296,89.20353372132779,84.85445431404982,139.4850020897356,149.60364643372512,154.2921417093506,137.40604904681055,120.92091284287864,116.8980505232692,138.41618666842328,106.74198805702741,59.921193392177656
176,50.585597143906305,53.31156445585644,54.03920772599824,51.65479847277662,108.80486402214113,121.12975907858336,141.38547339131682,137.45941245478218,144.99287405156372,124.77699324438069,130.8440461780409,123.39255773964888,106.51100155717722,107.8660079219059,128.55171263913863,153.05044571010856,176.37606621581926,152.46246810798368,180.72867623610995,161.46712898258482,146.25217863983556,115.16236027830656,102.26339874643132,109.10901186465362
177,-27.545374445888,-35.175814572031115,-34.39971207702513,-2.2829259507636834,30.124103034760147,86.93376353123715,79.01636745209129,24.31435221362615,21.907888009593208,51.76781374360998,53.9918873943216,37.33202095774886,9.55128575349832,20.989501460155772,34.688553592472445,57.25887523260818,96.84203129495408,150.5344855452574,153.80838021981583,142.98016616518427,157.93323058180044,130.79055011315114,158.0744356001353,154.83956539506315
178,39.645353569173494,47.59681309625943,42.958438758821295,40.45608814113808,32.86671976671355,98.20480124534521,74.86903134244113,39.09478414325109,63.437870850331535,69.33769230865282,48.187271455897246,46.88920277414644,52.48742531268354,94.27348666734306,78.75233294417778,84.34278872105132,119.30495265749825,137.92421114475394,137.06311921531932,118.51117037480381,104.13924097818085,102.02682701396985,77.63776855189695,82.09799029108649
179,39.21819076853897,32.56883317198259,35.56579840422626,70.52926236220222,98.85253937900107,118.10499001748151,106.15679640700544,75.06106314901683,49.14709939460904,56.2913816308305,53.36785324107962,51.350550670392806,32.4589087086533,24.95137758469845,42.831339154401604,87.5750752141522,72.84651121021402,53.28983083493594,23.955216723080596,2.9912253320542135,1.0255198219280857,68.52839069040841,81.85144138171651,141.54879166661226
180,25.990964408063824,21.506026728592317,26.900403846354273,55.87447909518023,87.13371543785601,124.01865656361262,82.70614300309956,60.04730273245358,61.81036708283864,48.626987245517846,41.10491726280168,65.42136484345188,54.01593282562649,54.74195515428016,100.60300841120497,117.28239948525452,177.72143471382648,209.92611109931624,203.19148288616236,117.13317751767849,117.37054845337353,121.37818926725913,104.16877757779307,132.77461338689892
181,101.10289221900828,98.28634880299187,76.06388367055872,122.53629073859344,129.69695660636432,161.91808193259132,171.89220659218782,129.6658443274482,117.42083941907933,95.64392727402253,103.16769601572527,68.5695739615196,64.65207094403868,84.01751191879058,93.09034987538071,97.57968358029052,116.8273296800293,117.81034237891626,70.27923592474204,64.33257848708547,87.29672211196345,80.3095083983496,90.55548771229907,38.398310639623396
182,96.39151862036798,103.42479934479661,112.83228547812708,171.57476905998755,183.52213169268768,209.6659948743397,197.69248588869056,120.83130806669959,100.33082210769071,98.8656335044021,102.40270215352723,88.51079724351811,83.7133297578541,122.49814716176652,150.16478056704466,126.79212430652726,110.31605212432909,107.81483306453275,115.1900260598283,106.12503258394649,129.76755381876856,110.98024741006162,83.56774547869453,100.2476415125403
183,15.37528451746386,9.073690680135954,7.758309258617636,40.1720198041356,77.66609885965111,108.00071277610951,76.44052297064977,87.9057251637773,75.96535414507468,65.87375919039121,101.35020854746162,63.97827986194304,-170.7923964336752,-112.00427589425504,-60.76426027445589,19.75054373383169,36.024553253537775,76.79050968913188,85.72748095679836,65.54486128456313,24.109146170133513,83.33271551624131,60.943943485939144,89.0850470949853
184,76.59231889625461,74.09907885598535,58.5416413398841,93.40491408256192,117.59428875549916,123.58478209502442,97.57910269689214,118.60144324214366,112.92036573083965,99.00010351623534,73.6753916889489,88.8406790238916,68.34180600347037,76.21748831648816,85.9780006903724,121.49536660385601,92.08143079344168,95.93777310202029,101.67228652828393,92.53834700808967,107.81733324721148,103.23175291246531,66.9766256965803,49.84287405143929
185,78.18736544265508,89.85156947675526,71.59724660705477,71.04547294602746,81.91465618966656,111.62535042908642,102.98274493940738,114.06750281249639,117.1727500490853,84.6278578721454,54.59102556140395,34.96437837279797,47.89334442381649,49.03357561348328,53.40796958086193,63.90132488304198,109.23479927934113,96.87756630033577,119.87554870225067,82.30028958714092,118.17946602194148,76.05898609119268,107.6997272317556,92.89858667202023
186,65.29544685923534,57.29110130498563,33.1644385221973,29.111467350288414,11.421108154070652,58.91637273291994,59.56052733549192,44.081354838370125,47.36126024455393,84.99683629721133,90.070320821813,90.78682118451198,107.68835575325124,121.53340327816052,122.6001232823613,141.71219426023254,157.12843736930188,149.38833475592605,154.2376839989384,113.22683190089298,111.56356949215633,102.93381235367505,96.4366874899033,106.00907688106189
187,101.69390874695038,81.77857462789243,95.37655996609904,74.24034788839624,123.39197795788897,154.41760853582352,132.57056916670035,128.14648589706795,80.88635568836524,76.66820943956907,76.97410677204383,54.85708323497413,54.985923597385664,89.57742558815882,125.3164855371713,121.67506291959364,139.3791927127356,117.54430925388182,137.0408047387607,88.45628668584742,119.34116016590852,98.96523776883363,97.92975534833705,75.66254159896373
188,73.29058001519988,38.21537392687709,36.14915318934837,46.72177209792149,88.23187388920867,125.13454438889805,133.38935208079053,113.14453071214444,88.79436492324048,72.34361020498984,45.51767401329576,78.41397270343947,70.45357445005256,38.15953060881769,105.14796068574802,144.32417788228665,140.75449704746174,111.88289950539851,69.25734453350434,54.19594295689381,37.78502136887842,54.134549064582075,69.43328931024939,63.46173598136892
189,39.754306459970124,29.547560786041387,55.673216839151834,107.11405092159538,127.08064113506671,155.05360001176376,116.33644543179,119.42425979036678,74.78016558493925,50.971537451862474,79.33321494885705,54.54874308831314,60.30415000326236,64.28254657077197,50.10505929504011,73.02433708532206,114.03622170672085,128.59213033949698,115.31476813167376,80.84924264949944,45.422783427660434,64.03859373398117,61.639475972206014,-1.6450889871454137
190,67.66715767386103,0.41891642058229195,3.6403958505029124,30.475053996358625,53.20086583640106,20.070462176959012,42.27989085295255,36.166548286386096,26.134863227560643,12.516199443603568,-14.139855856174478,-33.02352604333879,-21.659131190252737,-9.798925058849719,50.56984543264043,85.12767512726938,121.95200312282239,135.50400879335734,116.91155965613422,117.25098554496283,128.9371766911733,118.11887054994214,134.57269884136167,102.43113761028853
191,-32.61789627207713,-22.491540075143902,-7.655879567813514,26.191469625459348,67.59534395940413,103.69788133648538,90.41947883582272,35.629793036232584,70.35060205337834,68.49874697127356,53.68919380129822,32.79470180622246,35.5602325735791,65.08161304064338,119.16882011247257,129.55841839012314,162.52380294987668,156.63524963232857,135.1975915792614,89.3732932316982,102.79757652797268,83.42804306290807,98.77744598466393,112.56566327495935
192,91.62534171802709,52.78838831464783,49.959382202056425,20.57253999248394,37.785845600894234,95.3815681783233,84.45717269367307,47.151348867211794,70.1414213789033,78.3490415319059,111.33374344054847,121.1062636208461,128.2009886935233,138.27995223911773,130.87614480575968,139.869070572765,146.4583283709403,146.09088146873862,125.43254338411569,109.26431925350404,89.69614038972495,115.94582505383659,93.94412559383922,82.43387254545473
193,71.62086434853617,88.39002821753196,52.33062432824407,73.07847997005993,65.83561345492284,178.18943237993693,154.8445396734145,140.04929262207673,139.0171121126038,120.072461812198,120.36523727582934,90.46451507452224,123.72131988888455,121.5266767663139,142.69595851038721,137.68157836241105,152.99002526195295,154.83229470328953,121.88239713292992,86.34904421528907,117.84329293390493,106.23316845538862,91.36197206507161,73.30553432107685
194,35.78829235023826,53.081358052606774,60.50168933497231,59.50427453070333,99.28481216624068,140.23323785998454,130.3675322638204,126.25863097037566,206.72593364551784,156.5609192848492,141.15246530401328,122.24496720735432,100.55712189429654,96.85054098399858,89.28373573507557,159.62960540957158,156.11538561438826,191.28949418064505,163.18529914444053,104.75463147736647,90.83404842953546,61.958293997525516,89.94027418537678,82.90897311679205
195,74.41514085893877,105.44208655259496,106.32407503422297,75.04003968124755,133.99825344917448,162.25594159278583,140.14107653484155,111.12037377560073,81.39969147665916,96.92996546398341,94.45059315640354,86.38432761211334,73.04625157743588,94.06237634192894,123.13406331974001,107.55227545639225,97.0944358905824,106.43143732504475,110.01987540694371,46.76871562090443,23.924983238773137,39.88166905259688,38.68512873557765,22.575615356299267
196,95.31318834822768,109.98953772490665,98.3567325069863,89.44688593316214,128.0933036069287,175.0790667618729,161.97310390293853,132.541750173433,174.74085507515048,162.79811127556684,123.95480102717414,112.04665140361618,105.50994190951816,113.42701866850572,139.43146545983763,154.72913145349077,166.50069994389798,161.2271724532825,152.36192054563512,129.52144843138262,108.40175378916118,125.04032390960813,178.98735575376813,158.1299495598679
197,107.10524875610476,130.58960840182837,77.35866726774468,88.19943228957816,142.03756018732312,193.2087908164022,194.00338679508477,125.9562303551673,126.55187005046082,161.76921520396806,120.5623550412469,99.55675587288029,86.26916699543469,54.4213851975979,92.25759480802779,124.14363287489837,156.12237183520858,126.31007708410499,86.69932470716684,85.98200068731049,85.76210403962273,120.60085209370538,119.3392654936251,117.83522788129046
198,106.56525981855589,108.27150770232569,114.51339553144238,131.85918706538683,142.7819617840436,161.10913148935552,147.42112449654056,101.19275211879594,66.01168365775075,90.13625336660051,75.80360553911737,89.70676674370519,52.70626012535001,101.02001817698837,109.67283687132665,165.3037588689778,144.90696092057067,152.14895856921888,129.3763453783984,107.6876521488536,129.60681051756484,124.11705932470457,124.51133992346547,113.17373937549803
199,67.76737831533731,73.8658502254005,78.2724175953457,85.85130964817935,119.44447428791578,164.03657605208315,165.114991903452,154.52226228327302,143.78572381877868,130.1144144385039,138.58954971563844,117.81774468007745,124.5562344601372,138.57456196943258,108.41491365453248,87.08297021943326,123.69081128183211,115.87175661962358,72.00536745747517,60.07420151080065,40.15326354580138,17.25194093211907,12.050220562115427,22.475038473364577
200,110.7492409070557,89.64504716626067,72.75621237098159,67.62630042403832,89.17705386455567,117.58509020687066,133.0071944687498,90.38408214009628,72.83194359691653,68.89001866453829,76.36595836363884,28.395700895447987,24.96258041290362,68.87085406054014,65.83302269069044,76.80786404048375,109.92595567958709,117.02448352288904,98.86967154946993,83.22077389588397,49.407772822288834,50.24589072918535,77.74797285967114,98.71708324109922
201,28.29358084188246,33.959798116403306,55.62174200391857,50.788978525813334,48.35018007824998,93.15525296540733,66.08787363056015,21.60696969007195,21.445041109984388,-9.51716815588371,-7.586879676436041,33.427335085659706,19.693297373924516,48.31498822869563,40.331904487293485,85.7508103377329,126.59835163875319,90.84591237232445,126.29364014871864,119.56864777819614,102.68290750764795,109.7938498217002,119.75049028836992,149.06379342056772
202,50.822786609393425,49.95351511363465,31.00339150240537,41.988539301629885,77.9207653092636,134.34966486806658,110.92210468633797,131.7968710408325,108.73966601006427,126.7865712458441,89.20098126393185,59.693827266136836,38.23353547435629,32.678757455762764,25.68833756375858,79.5784787632119,100.69151164618278,95.72997590190597,114.00408610919845,60.611704386911036,62.53744741710473,40.331360596648125,53.21293296976072,44.44137026410969
203,99.7514096354309,48.88074920263492,55.25520960637724,63.79387563099293,97.40336997602454,121.36271276342413,164.42881575543228,138.6503648647877,104.90696752764134,79.45609478733493,43.170279061261716,41.180334192691745,18.035670346495195,27.548008798237518,84.92011356629612,109.75565682911743,111.79566117310038,134.52362239249234,139.5969467028201,122.19601243255705,131.05203381301519,119.23233928895017,101.57274295748336,72.39056467325905
204,65.35798291442164,62.334178112386134,90.8331373849484,109.0045542181238,82.92386481016703,120.59471003555244,171.11449977633833,158.1349732671988,83.27573720656363,78.91580036811173,37.471998290666214,57.83179678443942,83.49976522898257,113.40352139574568,128.41343081692565,146.90242094865627,189.0383374947013,173.11502020221366,133.73242255586558,89.76119851822025,120.1973468800887,94.33614601393882,103.76629437108063,110.12515309855137
205,88.46463912562446,92.08248611629362,96.90427115563263,136.18362118382555,140.49499453078707,158.7644782692393,173.60046572112924,152.55903805631175,166.8063916855615,141.83867350829783,153.81050993141054,137.85748579982865,146.16664171926902,162.1753464794644,182.9975994073003,146.3402887537962,187.0130509443832,172.5530232994012,156.70049946306213,127.34452043360044,127.72267165025858,136.45830099850647,155.84459442442807,107.22732790408253
206,114.54763472968028,100.43871625772144,97.87039846237613,90.38863086345893,103.85505324130143,85.64079854267341,93.73109817845697,50.96058485841856,26.263438310368457,26.125278860608418,43.12082808542131,11.03860892137731,29.325925902274008,39.36703645769762,194.29056723567325,197.05034119261305,134.49980550018927,154.09581022882108,147.21039960225167,85.78110839824019,99.0234652026197,82.51112206777151,94.25834569794199,77.20526762603673
207,59.93889327548404,89.78583692000943,71.07621356571285,72.66901828921576,117.60583989802191,132.58585856368788,109.39648488361536,128.67928446573666,146.7692395577951,135.00006339733585,113.31723348468671,95.22322132800997,120.85804247711901,105.90954820858067,112.62005069368692,159.7075585299268,204.93959942763803,230.51490574293416,190.24096567295194,123.7404128030044,108.15759862577819,100.7004436016454,78.59109421819944,111.30666789800813
208,90.77425876119872,67.97983757645075,34.25778995521711,35.010673571985436,19.872529069023045,41.06069393679202,41.632261122808146,15.853832443362833,47.92151296749746,60.930575286672905,70.39711516755425,71.73763274019377,96.13763786234091,101.11696393059786,91.46713156233241,117.20024125697472,160.51537654730345,166.86477897494362,144.41739564158846,100.0267610779512,79.03585380278665,78.35188161803538,83.93740021718577,130.46604983933156
209,80.12227355038495,41.05407459539893,41.4607644437539,57.19484306993392,57.30873584515857,86.2918578945961,91.9067171847168,72.73511038684245,65.14961550698146,71.96492244841966,50.87564314119052,64.98873434283328,47.74960088167006,74.05879501901912,95.60287372577001,156.60740217027185,218.90201276824763,221.99282926573136,200.24362745624524,161.14791821514086,143.95579238799695,161.72231217514263,162.8280789843461,123.89137096009487
210,19.009443034041183,38.882817489843504,63.57397339615957,104.14599657469984,115.40315192194993,153.26324431946855,134.26149624363845,99.25115403119072,98.49183546903356,78.23630071142456,91.92253432070471,78.4848990642797,80.27845288419547,83.38668135535043,88.27243281112081,112.09337602838133,129.40206075145872,143.52852322051635,144.89932540585673,124.65772630698768,126.40534204009629,78.99343065058017,89.2404170770338,61.17388250148288
211,88.61468772468925,125.52658871967036,118.96121929702107,105.9325644862685,140.65108743866205,161.21323191018683,163.55374847528307,121.73969725496912,94.42670855366583,112.03579773198234,131.16240016699115,130.05220473439897,120.70934493641545,128.07987524734503,131.98608903360244,165.88454763063436,156.5294521474465,169.85134080372754,153.97752815849583,150.87782596148185,112.05323015796591,99.6789486978487,41.659090136183046,62.54754990223425
212,158.73527337379252,137.67645948793944,159.4557904071798,134.95473663351152,174.14219411115747,180.5064764521092,169.8930287960791,103.55056720438662,95.2128498000635,67.50891160613882,41.01280549632526,19.315331871128883,54.076273359973435,98.31415131549478,86.62921672325359,79.02078318193693,105.71555343855361,77.79852351826804,59.61985141302297,53.38288810564387,77.32806770658881,30.4840886471779,37.811473257631086,15.101064769571792
213,33.78106433228188,77.54932834948033,50.67969715659262,31.042105802825105,43.9708464356081,108.92818429999227,87.84768830233602,47.64114026539286,87.42637071181433,74.55644572708317,31.067501228538475,22.381750474608396,-1.5148457097524215,48.707175330807196,31.018672219393146,49.36037657695853,62.93996617854576,101.80979693165153,125.55432503237712,115.71654645337429,74.64118780918467,86.4419534228633,109.79796301978509,102.9127194510896
214,25.843172033213648,69.71200855307703,89.21973705996524,124.74849248256552,86.6031775328925,134.35543072502165,102.93263440837892,91.54108484944456,64.81821412642195,-2.7735735441349476,32.0201731475206,11.691625644228736,23.962285940339,27.01242626771935,70.9178069033915,93.58354964350467,150.33387524493756,149.22979189567215,155.69715006488164,148.04549273885584,163.22133412842504,144.08055494439532,121.65628953327469,117.81154251373398
215,44.73464356279981,23.762539088146937,35.903162039868604,53.98770469533995,68.65691270447687,131.3956346001997,94.22761535002141,69.89151751585689,66.07538394318311,40.48668239329551,71.12310927701287,101.8406442877099,99.72513561547083,77.28780619242457,88.36140531245118,143.80609214957315,124.43434354801794,173.9949026335085,144.8017570942496,133.83592484632757,135.12321794847048,104.66309224817992,71.1816005825015,101.62629252021718
216,39.87635145064448,38.3464210336881,45.2906887588949,37.17207833902905,50.56612145124137,101.32087660808898,108.97336835909901,76.14292014742782,67.76342682577932,50.546642032943204,60.52001735806927,43.542435133242336,62.59412903445197,82.39123233528936,92.8295943490378,116.79752860242309,143.19820885958538,163.79266444792088,119.01431673033998,89.42617568339212,144.90853399996433,134.85500375102077,92.92422748368311,41.41090284705035
217,86.06234336645755,64.78918615368124,51.19086145874598,91.26831071645559,138.7731349755811,138.02039202735054,121.10462275280592,95.033662493267,67.2224182575244,79.92153527470411,78.40190385913739,73.9802404478,31.718840191851754,50.95639226684858,86.77472792246036,128.6199473132616,162.14851102271922,170.3976054638738,163.1801922440161,164.0676834820696,175.0444884860499,123.48172801627138,106.18800962130108,69.4255255678017
218,6.112522403488384,19.726730263700638,-16.24046686254222,-21.784930704316082,5.406162601640432,98.19593937671458,75.60923408212135,31.371308414264078,48.914566312667674,51.74112543714911,58.76668030800131,2.7068444489906227,-1.6544395602202968,58.33192797558611,80.87810720669046,93.04565331662859,149.3833736872262,162.9068658101795,104.19817349887794,88.49136056479516,104.26517113365603,96.26183731806366,129.72482564778176,157.85744869989998
219,108.47172477236596,81.53813299147163,40.05388989786752,93.13130948195548,118.54954719030864,149.34540013418587,163.14117874113137,87.01072317455731,52.591311714644284,22.209100129614797,8.464454222171113,6.410529372137631,2.869084254648861,44.324818118593036,31.499324101027945,65.35090932599833,83.06460256878506,125.26280328486838,143.9182298518903,127.97243747654639,115.40793795082381,156.2153955816985,138.91466788730796,119.1320686967523
220,103.18015060726941,100.16483871935958,87.48042982331489,76.9772519767679,127.08420025411647,144.50982477433635,115.15580835576804,11.584602477867918,3.2567223591349688,32.690786748137484,67.24758086265408,72.29136636144463,74.2633440907654,85.49333388478352,84.2081665005836,86.86757872594572,121.6012778139671,141.6546569348189,131.46160379385805,73.0442668939507,72.29034155763362,69.64230057773683,78.37856823634088,91.49253304388476
221,85.40603272730092,84.01073702316313,54.0971872815891,51.60038894163102,78.87805609658623,105.81505001229306,129.75289838820197,101.74667951803747,94.41158018711116,87.16781880157438,102.88309797495141,91.00533479792128,60.91796067558174,85.96860782685604,59.59343121010643,91.7029947319101,111.22792961036222,138.08598588811589,124.54589045485325,117.38428011428765,124.78863782888618,111.36100880199241,72.15007616873673,71.39145276867603
222,19.444004996197194,33.76092594021428,-0.7853168656908878,4.578125466023508,36.160952289097324,129.8246221698689,127.94605835854861,75.42106183436064,68.76732825390604,124.28547959405944,108.86213305939148,81.58761469621612,87.57506932919952,72.98450231703931,113.57044587059343,96.02938588494078,150.1977415377274,124.74806736373021,127.68763697975479,67.10124107646612,91.24355515982042,82.41346696137205,75.65014289882114,45.19560931279221
223,41.663535112814486,59.810095000556075,44.249329291013474,46.800906213481625,72.5145272364696,131.94438559416884,146.37270602934277,110.46610269935131,125.48295148944784,99.73632158733656,81.82717858580506,70.50334229347379,72.43720813001707,76.29683268651102,79.09448654168257,83.56345545749787,84.5990305914836,138.6636212677809,136.46776906582414,109.13633261536893,71.7766243314486,61.43800693107162,59.42832741601573,72.76814323559344
224,108.24037512916033,129.98172870368717,117.30349686050135,82.05065272469709,81.94725262274281,141.13777798018018,136.30229965100747,91.99557799896102,65.19720403062027,34.42630943329919,40.04403965427275,83.81692003751398,53.78147413726648,64.16539961712465,49.53645295287403,38.41569362813411,93.76385248427827,102.98585377336762,121.22578427931505,93.41093376935942,90.73626903725113,81.98407576372384,97.80041181026496,104.95865739528465
225,63.48307994447786,48.41879845664438,55.368140589859806,82.06277454223323,116.69743692815516,134.0634795560258,77.51868904279976,70.799183355623,95.91357327217492,88.39216108386026,56.18913170381148,71.10134657539865,69.66484990135429,70.39607022747106,75.00796573899952,92.93606651318663,122.66392862010844,142.23493360264993,110.40019098529774,78.75462084239908,80.9677947134235,80.23359417859433,45.65802448222353,38.10717345576249
226,120.64401224952051,133.4482508501826,119.2521874086338,150.52521372375082,188.60891848358983,173.5366447797843,161.6214611817823,126.21773007187473,121.40060162260582,92.79855479394169,92.65303944262325,100.97695323361677,127.55718050420082,100.74589590182998,93.0092265286443,84.50725225836149,108.87707527427185,120.25149590347331,128.83802603972399,111.75835971064586,68.36288367721389,76.4661832238274,72.09180574824296,96.29551617900997
227,50.0990702977593,109.89908300824773,75.06090356720082,28.921153258909115,38.66251192206724,70.43215296605439,80.98511790953557,56.41611439862646,48.8601027770624,47.8228242536498,68.42257056115335,70.38297088183353,55.2832441969273,82.78074250417795,46.96568076117895,71.33541265047708,133.78146072850538,143.8900388189901,97.38679102787803,89.2159140664001,99.1857728556838,106.84432101097926,81.6249977665496,80.48219943411826
228,140.6446324976174,112.55547986941416,154.04252842754676,157.2256718034792,193.94324666058037,202.12128010775103,182.16648239049826,162.8193004228195,128.14288341738649,109.17416441758166,71.49807355491492,78.15016078845541,57.673505970229115,77.3725706238181,98.32451887931538,136.54176467727666,130.58890157242317,161.1019529464728,179.06011975773166,108.89710678849042,119.40398237654088,109.5691771290692,127.32416129614322,99.27115201555479
229,79.26412355117526,45.767579576579266,66.60316833115985,63.68727773927832,-61.848623106730486,6.128527841080128,31.67141120957048,9.462969973581892,1.1519718576801807,-16.836993911731028,-9.768694760347273,-30.356451079325794,6.215003696042125,10.310706066238154,0.059519124496077325,65.13218759811201,101.5216437519994,123.16885820734849,128.30727507530887,75.8831781111392,67.807482018352,89.11716113013811,64.85293082581094,81.84169880802784
230,80.9865761963421,65.3753481220155,46.05921694690931,66.1212922327768,73.94787176645427,137.1466714932848,147.5132176920132,132.52920731865308,105.24641044973123,81.61428257786439,85.78629980504437,35.05757467983343,-15.344437881797944,54.007789437833196,92.88859151251046,164.5498717731326,180.99985713973362,183.4388130659246,194.44914030256868,141.70086071316584,139.72106394188748,112.10517277474963,155.42304875727896,109.48221247125824
231,77.60404068830441,105.42201685169769,142.10294676208594,103.04096767001147,117.92782946312312,123.69061552971414,124.0310442966235,128.8390063997072,89.99650276246835,91.44471502226561,84.71309896042689,103.13878451932729,63.24472859997741,53.42372701385368,30.100620405490467,66.3560212017698,85.61919882615851,105.83604382114525,112.57822759803263,115.37463521464858,142.10469015818722,118.52326259994618,119.16159964727075,50.60871746904365
232,137.3215428872308,104.17858523677829,121.20122236201735,124.58830365530608,138.30639782692654,178.36170118961496,172.86281033011073,123.84313831484283,103.44158945537202,74.38624738838956,35.98715447030959,73.90513966940777,59.70697503226825,49.90921340182386,93.95618555822831,96.26264401156436,105.91179887178781,135.95279417603703,122.44606532207706,85.90935259506149,89.42699759038642,103.37420566452197,87.7299990636814,78.79862501459597
233,42.971256992881706,67.26669429208755,94.54904340011026,85.31292564062073,99.19165254343055,138.5773133975512,129.10468769602593,107.37725871084669,81.24489595803915,73.32337392594343,59.80660028853892,45.466510874885714,60.491449036870875,103.06023655886382,112.32354357952435,162.24553154174595,185.66601139507753,169.83947733357078,182.02943198624325,132.9087268892135,112.70786511418815,118.30168207685826,115.03231943205276,117.89831285794364
234,103.71830444980243,61.4728094270117,31.52648265736716,22.745683627456984,36.23833053762316,69.88084192325255,107.91100130501485,106.6218436821847,38.16516230949071,44.19064910104292,30.11688114000396,38.85874079537453,63.80284952099218,74.38480827597365,119.01615386407103,108.15200660540744,116.50686953913488,111.30678727596025,115.38287317601501,51.157743125993264,82.10383110352826,52.8352306833084,25.00050743454861,63.15863157256115
235,62.057696881702114,71.86169464703266,82.78414353919626,76.50339072190678,72.0921212679757,122.70649557966529,126.38083244342874,100.57251785131632,95.3040298998841,92.04829422714411,74.63133257487372,71.7047516035573,84.55761430414402,91.66088624724595,121.75786326183882,151.15745864149,144.18366936619796,132.1907852798396,132.63581597627444,132.05838737861757,128.65711581255096,123.58206228582777,132.33212531028624,132.07614140381716
236,114.73619476552578,69.96145354317098,78.99612773330402,62.22884135241054,106.42384526977774,129.74084379708816,116.88087206015871,67.32959145421569,110.0361416009347,100.12039204728006,73.19263171099698,61.192708447998406,132.64255564141126,115.65808603535604,139.4510240858067,152.08227883782922,151.58042548407897,169.90602145016723,122.79578130261841,56.51749687626442,65.13312994019998,118.70325369965043,139.52220600823216,179.23328596564602
237,90.77792878144598,90.34477770659727,99.6457093813822,100.34257966995486,115.75108864232831,113.14779798005185,121.82331455586541,55.10918628454915,43.51534492088707,29.00982359017536,11.747858380641212,28.225083508080502,-4.244190356089959,-10.743648790777556,57.150089512613,69.06009092839605,70.15359263906319,76.50706482291302,79.38506281656757,58.39949868099643,63.85583220771782,52.49610304966031,81.41002781248577,81.63480856401719
238,37.97626786595768,25.455652294436767,16.364674983832046,56.717120715024876,124.34905854148498,174.0870703657912,157.1690346196755,119.58948419016662,102.1070068319994,57.50327238571462,37.44351245361162,29.983558662048857,42.04585967842814,92.19153157104192,94.06239696158177,94.07193339091087,69.13031967090106,94.42411845211991,70.75316369531359,61.52683618592566,62.95301673969363,13.891719686394467,7.0507438284031,54.436653099017406
239,98.0959822633197,97.5368280754594,128.82779491714655,116.6748196833932,142.58133202727717,155.64444419326318,137.87044012119844,71.58168241645183,83.02259296385752,68.16755284123593,64.50927959822717,75.17270783310755,73.40028215041829,48.04295148394292,66.34491691678441,59.263830769003064,34.671314951537155,61.51723735016736,111.75856706646513,135.05728811149504,131.01000097528643,114.53171788972878,84.13109270927477,75.16580060893672
240,93.07847546651628,87.38542877979572,33.42427460928648,49.52505344980037,113.17705404486244,149.38486191832638,127.22181992438234,75.01969125044756,65.93467444575143,86.02750078554226,94.15936791008863,100.17493063886921,38.88040891803019,22.092790098724336,72.44108644369624,77.67682770017959,96.50336367793015,88.60383031913608,71.47854894108426,64.51062720608334,79.03850370359893,89.43025303362724,60.018922397053146,49.67155285025423
241,55.34305706101334,53.11108370222008,66.82727916711247,90.579205624613,135.3373016866376,199.85345995932664,234.37761504093766,195.8669742227525,189.7701820662207,143.61428947704422,120.80782822877111,123.93792371616414,103.06440840944906,107.5189791901876,77.90183341151014,116.94980206196064,128.08354140826842,122.50678405406406,89.93500334638863,74.5316031820426,63.27072475950685,75.12957195271387,69.85258050318842,57.10765309832088
242,86.61555035860161,96.36029344663,94.51593501364002,82.42439353246378,76.90675356121146,143.41133123299002,130.53281414028496,114.11194616420153,120.97241051539156,95.68632260038697,135.17393273529345,122.08181794328087,86.59751800486453,101.72036407988399,89.17966850173096,104.12589814171795,121.657106260218,120.19293649581437,97.35067601100116,12.333039396077481,25.502154207029974,50.637787265088264,73.32254144466026,3.4311815394467544
243,150.45222597081556,110.27763666235747,97.41756393664032,97.97835185106756,112.41430328431332,135.59791963458707,116.836194741037,97.5700977507129,101.45194189501889,123.48877603488756,79.13653628166936,73.33579624351808,47.34389276571726,43.59147188187628,106.30652832213897,138.22057890944095,132.4197861297118,157.72059714184772,150.42831379681195,117.46548831181515,95.91283917956233,106.36509705640282,101.75340402141248,67.77036113209631
244,22.537815157682978,7.88753290951972,-21.418365794632578,-6.514154723536407,51.58716723587523,71.8180344791093,87.15762509976952,61.48359174025334,34.64825341040509,6.1063405411707095,-116.51238884492577,-78.73345861488666,-65.42568936558511,4.476149068660661,28.241055421646884,46.7872850462344,82.8027429592421,91.13690814395636,79.83891172717307,70.19977669163534,79.32819344490906,132.29271711142727,103.59855423497883,40.29207985593101
245,35.10980923551047,65.56376298906184,53.140218165305455,84.31800929133965,91.86469313842039,131.88403375556388,97.11110780452897,65.35885936423075,39.07804643476674,50.712953084912776,66.57003416920314,50.225234170497636,-23.849297088399922,-5.156826567857195,18.611820959137404,65.19707489355334,127.23216196245515,154.59525463352736,137.4498406104629,100.31189507554915,103.45252736112397,116.27567353015111,119.5493414410167,87.78738580873676
246,53.43744145904168,103.95705327022233,62.380257010356715,42.08474541736726,51.600422055059155,73.88355001033305,78.50250566844726,53.74388263800773,69.42494081906352,49.22570779125917,154.04397420046047,113.60350797231881,88.35815658398411,28.238583714806722,34.1079586198514,90.5640527813381,135.80148558847213,133.68405323523456,86.87159343592865,111.09770205770519,100.84065785498471,49.151888482949836,35.095801238086125,39.93084631847404
247,24.188613664224448,9.855158714181329,28.691810179704,46.94373695375515,88.59740037353245,111.22035907735464,99.39182881720713,66.31735285478209,73.0514249210776,79.089124732513,121.1659187442958,120.65484051933664,121.02448879480583,156.51415884541098,152.646883681671,169.02498414237422,182.4524464481092,193.33039878375342,169.60125599325147,128.29935345528253,87.36882647650074,114.13410480598175,89.63098897698056,54.7187822915124
248,75.11612404977907,70.68100597795727,56.761342545549326,63.004476630120315,97.50188050807992,142.5310358541223,114.1474120448646,83.99998027301879,91.85956739711558,84.20058980298872,72.36431948238905,82.3648774921304,84.02381096815417,66.66184271752354,68.03581866410234,96.72834223922754,113.74156759399483,101.9712685903572,73.14432089840722,50.65533440473535,84.47999780075392,58.9272223322355,32.729625774030865,37.98227861065657
249,119.66990337099415,154.16267324634302,117.79118998521676,128.10722320614437,154.92497524922138,164.29155904639015,106.02977542024709,81.89751106940506,81.61387890541738,115.10691296738864,72.48558443610725,80.77949364912689,98.01268853257707,144.1459226416854,157.06083374802796,191.42253992215245,202.48392477248944,185.44025922870108,145.98462363257696,104.5988687212807,69.53926145937396,54.43886537797616,68.79974773276444,81.23804725435947
250,75.9107188075653,71.78128619182318,65.79502052295639,41.29275698343389,82.78644522922187,145.89635523766472,112.53502311127502,91.23594921702256,88.85349010399432,88.70631495403939,104.1025141045121,110.75842041788755,87.20006947020373,52.13129712646024,90.41808010856258,123.59511168891264,161.86082168708046,159.83017793197092,194.24869144776025,150.98554481065864,138.7262681023714,167.9448916057384,149.10657255491068,107.84180218405896
251,-37.654591200398244,11.109478965112828,13.572520291562071,41.77721728388666,71.19139543894727,140.09687639619702,107.22920786709267,68.50806153675958,58.158106859228496,37.46827613040172,41.4522518928053,80.5637956558971,101.53209472115174,116.43846056652566,141.44231903721237,192.9149905121221,214.29138430730046,191.85711450906726,158.0572795818935,134.43750151936658,135.2210812755077,105.9449094151254,95.33545997836052,82.24148844854435
252,184.83563966988987,155.18002586039694,127.34263362086986,58.3960731283798,53.77803117388823,103.83167405209656,73.95250431573795,50.44708715453771,38.64526700971558,60.66156128431949,46.738772501775884,34.440394806354824,34.54671691028907,87.8044350770773,80.36869578984273,70.41475088346729,85.18175716915255,89.98741063893199,86.38942489676059,68.07574514911889,59.34148504528609,24.02579057933596,-15.445047965122242,-8.274766484072103
253,70.15326019895251,45.48560966778519,44.855229968588226,60.103063435931574,102.10358707230353,162.75498724491408,176.1839980354996,110.93264057282204,84.39684954410794,77.17328712630712,98.13254293528544,114.75336556072524,96.15564015906838,106.5200294656089,144.34850734011292,147.8869365088595,171.99170043524657,165.3826707730275,151.8681400866373,116.30858486240976,95.69525417175342,90.60208917875819,124.84031531742322,100.20793780096108
254,102.27507816278441,85.48466395932911,68.25350492797676,73.67305383444169,114.18454852426181,169.26357608651716,147.70895822751316,96.15743954735353,90.84590588554269,63.06263098136921,57.27668201623284,59.08427476335109,56.12267698931425,93.19326106901487,48.32638269307377,66.97254083288573,91.7336894164275,132.9070748380202,100.97746411654288,111.4598222227064,87.11894607546341,85.74023048407663,82.40093143041642,94.46262856863193
255,76.29138942213646,20.213723047974796,6.364773459438275,5.105233379026558,44.42988902510632,119.57309522626798,104.99950279714304,104.14741295347798,110.17087084534201,91.68533770953024,99.15394827421238,96.93918663666707,116.23101048861609,132.53510805564366,148.23014707815202,148.9131105325843,156.19455600743493,185.92705015241876,170.1007996603953,169.73388929454785,149.07497194511535,124.3075911791083,137.3478690814519,131.6514779406626
256,59.54591085183392,94.45886786902605,77.98290016657434,78.56923068594905,95.10321161748075,135.5962461173612,126.97574606657538,107.5684971251016,107.5074543637993,86.52259065515224,112.18428665792463,126.33843540457431,110.49607843327644,109.75306889151128,94.98567135334135,95.49192065818298,122.12719764531761,129.94388597596384,146.71507964625192,108.54259963059035,116.02375565512034,133.73641187286086,114.49442748143045,149.44003551559996
257,78.12359700185557,107.18675289472293,103.89569279573973,115.20006096299832,134.62045281711312,134.46108518007148,105.68383021542164,93.33290032260729,80.78141546205728,82.58150339515703,70.21009601653263,67.50059626553187,21.20263315906672,-1.660212094381592,30.993319411772667,5.56540956552692,61.32503054093644,109.91189759303117,103.43807604230145,84.6939529271827,156.99904622306056,160.90259543316205,173.64456663112642,155.43355758276545
258,6.335036349436663,-14.407449569639795,-13.804486395755418,22.834525213227693,18.92808426884328,50.96513228381599,71.57790768136633,47.44697219496214,85.62217841342601,48.726658465930925,60.68896278805041,89.13662502089042,76.30825185966677,99.3007026552629,109.89423493993098,146.1577768758473,217.05157535181297,208.1219821835038,198.066614429859,193.21335494248274,180.7537519599498,158.5119431405618,130.29404824086868,104.21955103797782
259,54.093440036796316,77.82235008983358,76.11389810092649,99.2147107267703,81.69662647058283,110.20465529567973,94.31302437300657,86.45754562757958,87.74136679010812,99.53604693695075,67.07123496968646,88.79893164155568,71.86750907862698,53.89871113701151,90.96205417694358,132.97637870888965,133.5318906997849,155.56779974854072,149.65378673424055,108.45266051699318,80.65449235434603,70.52878841805835,116.18931993427438,105.03506409912414
260,34.012606360403915,42.12597127013071,41.1425664485797,42.16500537692418,77.28391266239566,152.47673913971204,139.10511349968286,127.00272585376143,114.79151810238625,87.13407574020218,115.508576583331,85.77064460872549,46.324906987537226,86.61771008249673,72.48143346288536,96.21076362039508,129.17189966701275,144.5769845694506,130.00141455901888,127.32767003756351,123.11728748743484,104.98394176542263,88.37815682914125,67.26317047724751
261,59.01206788930639,67.37350867298252,76.49615620255595,85.18978319687692,130.30007603470915,149.15141149186886,113.89094431038745,134.91836733949327,134.8241879955179,128.99995474635296,90.58716952704096,76.20155042116727,93.1059507235327,116.60857064579822,114.75112176274209,100.57851832946614,127.5232614787178,186.64950271878905,141.72239802208352,84.71960712289419,87.80251508032971,115.17505876809221,86.01128227981347,99.50662360329478
262,59.5936600614217,55.869855310062576,41.06027535872405,57.746753620398835,85.4607702546868,116.5956203936788,76.39147716317495,89.23080193948918,133.7935130861196,113.15451305277253,106.97449652740775,124.8315949001915,94.64332536542702,107.72252024416323,82.29538308129244,88.5000475657156,132.2710079786922,134.585742327019,103.27018602886045,57.29073581604048,48.573567307828405,63.3568405682323,67.34229803790265,68.5197121800732
263,100.26067567786697,97.02240596805729,84.69671020393588,115.97411369155071,153.1639844911079,200.26851719965057,188.68228819487535,207.76557155098845,204.11874307044383,141.15646815527703,149.31089191479603,118.54642642154512,107.55817973669195,102.2771319222738,112.7178129284786,128.4201741038069,143.05784450541606,129.03456711500087,115.42351070066054,104.59699344637757,68.61655176927903,83.03680220352662,79.99513271743189,72.02154382324298
264,57.39315425961693,85.57924829568898,23.86088158587946,47.69403840028511,36.78570096847026,127.51225836716085,97.36291614859513,40.88241624682847,65.10586621911436,61.95968894412298,90.18897848210182,68.50004312866115,35.6381175020484,58.59747438957102,46.9682641889653,86.62664402266967,159.07192199471032,133.89754457807632,147.93071357201777,114.45770450192114,108.01294110531256,94.72830611664945,60.09061121043767,79.53983765540556
265,89.64869435520401,95.91051299149021,137.19388638716129,172.7724393151947,178.46573222320433,181.20758036602817,158.96949452377527,129.6806949915096,134.2582831807066,96.1274196994944,76.8036603335696,81.30637737115478,66.88089301256151,87.28960457409532,94.81968343801402,146.04073579124088,198.39671821245256,169.62466668679923,125.11659952860525,60.628494904748365,100.27074273701001,110.18035189703717,110.59658894861315,80.27171973418041
266,100.20727560747645,76.26265708536799,66.47598758972475,80.40921247767189,95.7418793754386,126.6677140627815,114.95451353306956,105.52661642027672,100.53513699875535,115.78024023011237,91.86422597735498,68.98894329058318,72.5217314403252,92.20811976685926,67.71161774353695,130.55006811252562,171.6470660805443,160.90839298956553,112.41892583167181,97.2689160001972,88.92756686687912,69.51217427049079,76.55604471295452,92.64111112023946
267,65.45004751132012,77.29438212589679,111.34723701393924,141.1890407343734,136.31809508542347,142.02156285185993,143.6522777315871,93.73727818510517,74.24427790876227,66.60691378456804,80.79982138376259,77.5414792430774,93.23322877901076,102.65458758990687,101.36575294662768,122.94710689778606,141.90360049218006,148.11054848993834,147.15825928644702,157.17380590900922,127.60713426404322,137.63172447400726,112.92159147023864,76.02995289917503
268,77.06683375970701,56.73889764138255,30.577734037516777,43.03857138714819,66.00868325832636,136.0109338929375,135.84209608558672,96.21809776152541,107.73043447264803,89.90839574936565,59.60675463968357,30.06000692989373,4.851898181539482,-0.9096502853808772,21.830165270994854,61.15583471270122,59.451529255502834,126.8602033956629,170.1196612860685,151.80051317702103,137.36085303785384,137.50366950826816,150.72591056997285,175.41146144341468
269,106.70018590467762,110.83660144441815,94.78648967831879,21.37806501430901,66.31342882310804,108.38912305153886,98.24338158332031,100.71481846856373,97.36689307543561,103.74952002984423,108.01481085343013,101.42445363279731,58.9355362009813,55.8301498315071,100.2181576009558,106.58581454229149,156.39615404287787,142.9783495184601,157.145279356898,110.8755497650798,92.99147980173133,86.56873912629835,83.36333589801113,102.56674996422896
270,2.916686079696362,26.053335019457293,47.31921238001682,72.1971434526938,86.5074447079492,151.13325059856635,135.720346283908,137.59217772426436,107.17010361304894,110.63106745622265,121.74748745032788,116.11705314845763,141.27532627735496,180.97979762849462,129.66395756818568,124.2654811634097,137.2454253148081,172.87373700989673,150.77974153785073,134.31375345639336,116.62009074616196,87.14027298993315,82.17414430515623,89.50506503139698
271,105.7150385699537,125.42580240126287,108.20347264531047,103.02210596082884,95.75997031043869,116.57986499818129,139.04037320077882,139.91672055440785,140.55960748143679,126.08764780348308,110.59071379882155,136.88853687004143,69.98790945107004,68.3687719741405,76.81017597727438,107.46982878554448,116.09674583704354,89.34011931396749,102.33552335398045,65.5844041976653,92.44907292973303,105.44480132374997,100.08287384886734,84.02671930786573
272,42.60049213031382,78.65215847070121,71.98749730353674,76.19683995141132,117.8140453548404,135.5141016058181,142.53247440853244,111.32868088332238,124.37250662368544,73.25545938375694,79.90442092551748,53.87717473063212,42.763082619335876,70.48473380681266,82.41320160721178,147.69621587881977,189.14191896710514,204.1120983592448,194.75005289399346,139.0803977492975,137.34402845588738,122.57703629935855,138.9546381273266,123.02413869323043
273,67.69410027614809,88.71722359366602,36.00266362084345,43.9501113734776,53.52342944119275,84.03097112235702,124.50415640498824,125.31131374520167,140.45948678072943,157.87628879267913,101.00239114092261,72.81935364390999,76.29935377909094,107.79926972188466,98.44583055078421,147.3585160951347,142.24117998302583,147.44043550631042,115.00058064495116,79.49013671019603,107.80873015396642,125.77866859233994,120.35171844796949,111.01598379335361
274,45.22848394481923,51.25398529127452,20.230271779292508,60.68396273256677,78.8216415464402,136.65254617091946,131.01368574965628,74.94968504375662,101.38527641908856,84.6154534976656,70.1644900053362,55.00771502907338,65.53149745629375,82.60446907769047,68.17767657448016,67.41155175591673,103.74733899078132,173.05301441287241,124.12603978695492,71.12427393344385,11.75558122294241,-1.867056491589139,-43.18926841477389,-44.21601531416914
275,74.17119526973643,96.67914820017131,112.45659096084813,124.2403919372689,142.71876738103836,150.47322062469863,104.54538518613131,69.11511922789057,48.062252669196255,39.08569125181896,60.39290155964602,85.96476481104312,85.62366137974595,98.70752182239059,97.53587324343856,107.53512159879762,127.47919417767184,109.99483953005979,42.29232224448336,5.420236561463469,-12.23850267637637,23.26514454748076,41.9644018865551,72.18511404717339
276,54.734229301901166,55.618857199501605,62.61759511715732,58.06787923518559,108.76230279796413,159.770492080807,174.70206392125624,177.14060668378104,166.13395608548558,156.446651823342,171.66980218675886,143.64246175798831,107.68742459079985,105.89393639913328,107.75786888350265,131.5452507349604,128.42281346888186,116.299930192755,95.63386717443747,80.14919879856578,65.71620726280065,72.40147162456503,119.24172841456964,92.55613943206258
277,9.89297929381641,-11.063473306658153,9.044148629715806,48.432721605404126,68.77677508530668,92.93467673272437,116.4918191139835,109.84447253017399,109.13481780814034,67.18316108632447,33.07236505685689,58.83003636977406,94.14212295447125,79.63037173372294,96.68008985331414,111.12382666027824,109.30991115356363,166.61001638597676,164.88388162938364,127.31091161223077,84.21095905890559,87.49054472493826,93.417680816777,114.77467894084903
278,57.30531385649005,43.83318448029694,75.44716355503375,68.89996626296688,90.2831395860661,141.23696346695635,110.0694075870375,96.16008201488941,83.33993893318438,72.05390968588824,79.6108914955968,57.013721153679796,39.477806391405295,50.75412853896745,71.35144291848394,84.36316609674246,119.64814801876395,113.92607198249314,59.65896527440597,47.91291159180326,61.219743287974154,54.892721540371454,54.81881056276726,83.65631716144958
279,51.45973721834521,62.8567306277033,32.3111671989887,42.62076487297093,28.383408233025193,64.70643183295223,47.07883995778509,45.68607828617078,23.929367878104898,61.32779764815598,49.00414601672523,61.48786307243163,46.9376263574019,78.18539938243933,143.73478243907874,187.66038951165805,187.61673296080565,189.78001932676227,202.6915478902933,177.06875047396585,155.60601570876378,170.49369257028007,123.71072630467708,132.49687726287945
280,91.15754425619693,87.88230690315669,55.990220001335445,32.80707323959102,53.85717332544267,99.38996715150068,121.28729164294292,96.56062438073832,65.63829662787616,87.38794618810415,79.37596042497138,43.83736236422334,27.75246508022503,19.791108251080985,64.14412025599925,100.82041167244262,133.39320438047577,132.12701727936076,110.19206283432325,79.66945725051104,69.95082371969814,59.958617027748815,64.75666626638022,81.9251635900988
281,89.6582096704323,109.67416432099074,81.74078058054505,105.75621489360543,113.16467081853601,153.78440515632678,124.75675268387789,104.8395031357687,63.09133066675619,104.97479596726976,120.62072109714799,135.6411553098772,116.4769261240758,133.80106472829277,145.5247429743024,189.4130693355055,237.71505155437637,208.59336496391577,204.59703849629318,129.526447040586,96.55933848182399,85.8838520053366,106.05350469205152,131.97131870435055
282,43.402815943514405,49.85089687958636,59.10801561662535,54.321689987656214,100.30205379503056,113.9212106459691,121.309254130011,70.93171551842944,47.5362278808052,38.958872400242214,42.73681914760242,-4.858854576567481,-12.417168281745134,14.432601539046267,5.1937529404120255,64.18557641638891,107.24323308847877,132.0433877264573,98.1878642511584,76.59553853725333,74.54390698963469,88.63292661541819,96.26364198290912,120.0150452250272
283,98.73779945318553,96.69891945537115,119.78227631262234,120.00449286890746,157.27905746983078,154.43591122593517,115.95010887023906,92.56951615183823,34.201838290945695,50.00665881607908,69.23877915177842,17.95635320764761,18.724733878037185,64.26444186399738,73.79365374152145,95.99581597079,96.92245765443649,94.67142005627622,77.10238769429395,62.053169260899594,75.97841297287472,102.03442624521782,121.86333336410354,158.39043296702238
284,51.466868220654206,31.09560582796844,44.94415744048402,4.799464143932823,49.33179613316688,120.35804812551038,109.81978788391604,68.78201698681303,13.671648950442275,6.656374281570194,38.75635075399049,47.798192495062864,38.47974126030185,59.771947647942,80.25073051635356,106.81507559848802,102.33123008642806,150.8885260618139,131.15897379927765,55.79853990369097,77.27359966669097,80.96010772564964,73.72830100697156,69.31180430667645
285,97.81119514830009,80.12726386335858,94.57695684829261,113.39436405589376,115.10801477402435,140.85430225293987,119.64885150350639,143.1582776644355,141.0933068836678,93.77107589910011,95.49151242373497,79.51401540634163,48.57826876930332,40.97927535067082,64.89112628583473,96.39557391254411,132.65967308169496,148.70738081680452,117.19125011126084,67.87624167337657,97.23969036159559,74.4531136918468,80.28844395450464,78.97473874867936
286,111.11811479075207,92.49873518906668,69.79327479022436,31.469784807449358,73.30802610161817,126.98563254287401,99.28136898370121,110.18091477409696,94.7574181097149,92.69351252750945,102.1051859494974,107.03252646237351,126.44730276318296,130.71773803051306,130.08323424552415,124.53939474162192,167.67862709293604,148.1222671629648,136.18362721423318,126.55906844358651,131.4730522241523,114.70110403672263,68.95822575658909,12.523554545458381
287,30.416810769419442,28.679959381608853,70.14879769509015,103.4736562709562,134.3687468489395,133.6318146229261,155.31967819139555,123.61401652226837,118.5869704946628,82.51164373480353,36.69589879634053,76.78423075048451,51.61654068154134,50.67137341424618,22.104689850153164,76.98368373218467,98.53059264673283,127.7841960628065,139.67504924119578,88.38724848882288,105.04986159354127,126.63953085430879,138.66223071967693,114.99084274459446
288,58.92490532856427,60.93507341628893,69.020649519505,93.15397637190331,159.11484471399126,159.49559456601781,131.11037530474172,133.46945774848902,166.02367173669444,143.97969057040547,107.70686371503888,87.22823706912529,61.36644512926073,72.10515228478657,106.81376215281304,113.91084597034562,126.93490396434112,141.640129703562,157.88828440562355,137.18644394961723,106.64953800528184,100.61409257686448,118.3427901874937,114.40155922639742
289,65.88218805471493,29.461150470549626,72.05609130611933,90.41887925905107,113.11831524627512,143.31792658603618,127.99194407895493,77.63740444789826,104.01322065933594,69.43566840637159,83.05171099857958,90.01358698703336,74.47837443136181,64.7424195916519,83.07326445802474,98.88499683278289,121.58582736682438,155.18005998202716,100.71971210003073,52.66041701442079,55.051415737666304,71.98488156333633,60.32935055911409,64.5729890476312
290,93.27868273665298,86.49795235801754,93.67944082336163,107.61256927563352,89.09180625241567,144.8440679485129,150.47911137899177,128.20998091361386,117.10964020302352,111.58736840343606,102.62535760456218,111.17635163476785,80.9919061460563,96.97945001697336,96.30783119901669,139.13186985839477,197.6996929145206,188.54824593916288,162.73693066528708,144.04238144683853,158.3253621250543,154.03984727018053,144.03964265148625,137.4052905893258
291,37.45757823151519,28.4840593878509,63.56057574855657,79.30139842138661,51.6970840973951,80.11976347565174,137.12665044910406,127.79395006200153,110.08678043285698,129.3284515112403,104.16638407958936,91.98648103937137,71.66557739031485,63.518349614034,90.80140900113958,114.51750846995348,173.0073137831178,180.93321530663692,151.2665240421981,136.0843543608085,124.12981350015359,137.33021686460427,161.573356512273,148.16139650234044
292,47.11337803075377,34.393628245164216,37.97035785655668,54.8481177384969,65.26386326543206,90.48963343055428,32.413553821648634,19.320462238414564,24.945009568842096,45.848161994432324,56.45769994507975,45.052041445205795,28.756961361768518,66.79335026359198,64.55586958784038,112.64131958049225,125.24357318171177,167.50721621137185,186.71491437199177,143.03715781579348,142.65142017732825,93.41589969634569,69.29143070362879,79.72371859888823
293,38.91030376047592,35.14564908827169,80.90362960879764,109.58593463104162,103.0351274441514,150.6301340890538,166.6899831088555,159.72931709606235,141.49752253382383,77.75035536861458,67.6084067782742,55.22039860471692,43.5000461925652,69.34490297456121,125.45905493963619,149.32095838601572,175.82545008514094,186.30265898282713,154.4696249113778,102.07964558475814,65.37588889715019,121.36872049268794,117.82609946741371,129.62473187552212
294,68.44827870882773,79.24881796829277,29.594775589000605,58.73943779242031,76.43620490224492,115.88806649405846,99.16854386620788,76.54054970721245,102.94322950801778,102.97583098435359,65.47611102712801,39.062254778659515,69.95961145727148,91.54446489016317,116.60323217288447,124.72333649494922,126.33392970310305,136.28980058397894,116.89511255026889,93.12923427668561,119.26291606279946,44.74360950615413,54.83481287862506,64.39428303838957
295,-12.332931963849859,16.24614714524023,-3.514379792308233,-3.699647705932236,43.54430691756875,52.363962811240015,57.83441387178812,27.134024320276993,49.92544914257897,76.52213145296868,86.96633414835472,103.98187887226226,98.17597604141417,146.28623657342212,174.59922481401696,187.7323172844234,197.73575016017304,196.8831348161707,176.4624128393373,168.35026199184637,183.58422224142623,128.24652334599455,136.3651484354253,117.92239356826573
296,59.14170509526485,49.269973607892894,39.54593598962708,51.895850569314,94.5901444487321,107.72728413327535,110.89790134679853,99.83611057287082,114.15807564989493,129.51630854794482,100.14332739821444,95.57964786445419,80.25230940968918,57.601998244099335,99.3152222229113,89.60831876756961,107.12771180802655,138.89031854928314,106.55567445161229,84.51285364050482,107.45698005999495,99.92002015167613,99.05999752130293,132.10044913546005
297,82.82545337322695,120.81954883398647,104.33127153117299,99.28591504098013,117.06726037973317,150.11974079750857,153.39941775149435,116.71895735286299,47.492094417839326,55.72827170773871,70.52139275290591,57.50945372033322,18.255562827657812,25.141884914671138,29.59723664762182,58.8785608164956,91.78219284695432,84.20302270741121,107.09602064267791,52.01364256607828,21.477186636215194,24.681031354820306,5.273870404110681,23.702679684861792
298,145.16823984913495,128.168905220974,68.22128397524685,68.73963805693057,116.70473900323861,132.18275788311507,129.05127890416307,82.97620630534274,60.298431399289605,45.089287912077864,37.85009068865294,31.78356304719818,35.48273427095427,83.6530393128484,91.30127583347607,118.22804017599152,155.38683743920393,148.61436794874996,123.27434785814377,103.0623280393131,98.38411538317166,91.41215065824727,82.73479473065063,107.90858313868101
299,-16.40099865361256,-4.35770069016165,3.866466181348777,20.87885633846154,37.65520758195983,97.77772195890216,136.70278795883695,119.02522657394736,123.80089992838685,97.76709659199297,69.05669684089801,49.5157276178177,65.72363544860063,22.25895640656129,47.26077714459041,106.13251627468654,138.79461247462058,122.42129776580975,130.77776478321488,99.62918752997811,109.46232892354736,104.75491330504735,96.72049088514339,74.96073871170843
300,124.79744459946403,119.70932860836936,131.40301074192118,136.58810078459888,129.78231802832343,159.77441242190034,145.28501205679117,106.6477794849841,123.99967099201953,51.790352543600704,62.567860130869185,90.82951737562475,85.44107732778319,114.61531101609779,116.75085560912957,119.18650208478581,133.31286506197438,164.36261884588907,148.23730598134804,130.84243858270213,93.38184326373153,89.70115572063673,82.37678270928151,101.546923321413
301,59.29610405222653,48.85926072940087,108.592974611745,109.91550229825458,159.31393386832227,194.5271364089777,150.73376462555518,117.07832275700741,69.086657897359,34.01736610847591,55.517199874641875,62.89883591483898,67.84525931722511,60.740884033839194,95.380489904259,122.34312856695051,116.04799026018438,127.28328504885198,121.77205367382547,110.2650996789979,141.84541987923987,115.84256493101793,122.85024072098508,130.19630611723414
302,74.03013699293965,76.93826433906598,88.90297981249607,97.9549434240283,121.36923100802295,160.31335608638386,129.65313561466053,130.97482470338915,132.30804786374125,110.20449940287936,77.79406519659344,79.46763404809873,68.37138078972515,105.69722773433365,86.16322283767205,111.93456871715264,142.4084204816938,128.8056231831438,112.33062730149155,118.9618474892882,128.61478086815782,59.624666111500474,41.46691264196473,68.73549922885488
303,77.55786779621874,47.923801614154634,76.50569626003008,97.1748141694651,95.8574869756038,128.41818060357483,113.66574798422744,60.71599163510771,90.91259744861696,96.75871118499603,123.63020569511323,115.45392895042357,93.59030316070225,110.12026316325799,100.87405494121317,158.11068104818622,172.42064280459886,154.93200784116993,121.14618692509043,96.57439571717283,105.38885128928335,83.7222687222581,58.95454306101344,40.8524518928892
304,133.1698601762088,135.39950082851388,126.5125153538745,134.71070129935066,118.21380651230808,145.5862045662975,118.8612374523161,115.41050843588744,139.2233342556049,101.49586677321605,102.42512324541414,85.70023377188912,98.79715657142837,110.72072157372081,162.59274948232678,212.03898646717528,188.24360575814052,176.24508156622525,134.842760476665,105.72730721609382,107.32193032487197,106.1781026268526,95.21220954123788,91.57370330415227
305,117.06593968613102,146.85732613402445,142.32775465410197,141.39557388381655,175.06540107108822,201.3194329520032,164.81392109455714,123.48709703678912,98.92590544747316,102.27721427046554,100.59987786175807,76.28391636038091,45.736716918953874,44.50511545294623,60.37927130467636,96.55411781214087,118.06101602871118,96.37922292115576,87.32870564049807,53.87891541931868,50.50089638135608,58.413291609300586,18.649755171723825,36.31359822557631
306,74.90359822958735,77.2212688672438,71.44875665987168,52.16219482188354,45.40837201780268,99.78762138248715,70.98854942459948,0.427145971599586,6.573949088432116,16.866172830619703,46.92839895865253,28.790859270290454,49.19710997457189,79.36315154383792,81.78235749328512,120.39389270677985,168.7001993793372,192.6092646585232,144.62166354772427,139.29890957324446,140.48411021471043,93.4212802833942,82.75364282958736,88.72513102704869
307,117.83242934289758,108.66047464249581,99.52381599571419,103.71921668688194,117.583017039839,141.22333853174814,101.27871486916345,120.80843766375061,157.1595079151062,100.90017809122045,89.39892285297753,99.02703451158041,69.66958482206826,69.31734189538366,85.39407024033648,117.38273845425248,150.83139757187953,111.74618498228537,117.96177475771444,86.42229003432602,92.80955959431692,71.24459033609605,95.89936584256756,82.77897220681719
308,102.81933298039866,102.39071150611133,92.88608777683643,106.85125128170313,145.20610811752533,199.96933999790184,238.3088652224913,235.8497177547298,227.3880407428381,206.51528945776954,224.90725055084556,205.3607678303087,165.7675408651548,190.39198192559695,162.7071698081143,144.07721074593493,169.58651873735215,193.6933621541715,166.0825864450897,94.7781913327818,108.26456230203169,103.75544561904402,73.60311763373717,51.116064723537356
309,62.86892481712856,79.68808958193154,105.26531997537217,71.87527891838181,110.34553800080666,135.127562258988,112.22711714401359,86.90509514212879,99.81908837797829,119.95151380188433,134.77252959493347,151.61674184872265,126.57223873536921,153.04056181286327,125.85194084306107,169.55997469761152,178.0190988248951,192.21466627159316,174.21168586692912,158.38455900194975,151.49738003344896,108.02753155899984,116.97066425026355,121.16055765224448
310,69.11972006474666,89.61515193219897,78.48525381262971,69.87514010183146,75.65640638639192,119.65486487120626,129.3558469398963,127.79799445579049,110.12336692722559,98.34384147699461,101.2700544246434,84.01500159906561,83.12113957446415,125.697494128476,108.68496285540365,116.50421896996349,153.52691632514185,158.05177372980253,128.07652152044272,131.3090993459201,117.50313600253448,94.13030401972492,85.24456362032434,80.96038635191641
311,-16.931348644522302,-10.120547549873294,2.9605249772782187,32.06989364177513,52.24131372091759,99.93169398331105,62.14508706340393,32.562790888297656,24.882309938954577,47.41336328114661,38.01583915721008,44.642620771293366,30.53626823333964,33.49314333311668,70.92890568247196,85.40095819077736,90.55245343432716,98.11562001777541,96.91568202011325,86.55965798311468,117.43644265449268,135.79604108307643,156.89653934884421,148.44161233545117
312,19.04031629420402,18.977477926738253,41.03991913967489,39.16248937157667,15.136647756429511,46.3303546531819,42.40572500448397,75.83149687274005,63.29120569667959,79.28966597187168,55.8357677772135,68.80996679087897,58.74943601009037,71.83815313103742,118.72393240221493,126.12763593659272,135.1208730825553,118.99447707827075,123.34858114648188,70.36756416669797,48.853460970667875,60.766480765237695,75.27361219599037,97.06500908272807
313,69.72909757070506,60.746853729913646,25.605156593574236,22.11320444733684,46.80566622464264,86.99678407775711,110.58326788396029,76.40270954998479,37.82951588898519,23.37701707021222,3.3247291617117867,25.72816487914939,22.551035531490292,69.58942538234476,71.82816562745195,118.75967881307015,124.00567266828372,103.98244327359131,112.18007607149,77.14575883446383,81.70862071506748,15.22545076925779,44.5611466524245,29.144282526204634
314,31.28671822390531,60.85773538665524,64.98202864702418,84.91341005044029,114.20781476252397,178.80098332911314,167.50780967764183,144.81006457300026,181.5521966198902,176.26393529914478,136.25361410769102,140.1381232932451,110.3565956425002,90.9558747981644,83.10714110268947,73.0912350445843,96.5378675060892,95.964240594074,41.901843627144075,12.205378549744978,27.640355386178072,7.349897021963201,41.047176983443286,33.703634385361376
315,37.84828326885112,34.53823456160126,35.39480965494863,34.345225133177095,101.6368159333139,153.08304437314743,145.70484965131052,116.42896923435731,113.80732868559855,106.68946244441572,112.08454284351203,83.38268833870156,85.87204631394313,113.14522380737377,135.33780523312126,128.0557638237701,159.62084978306612,129.2966579911343,150.62968297312264,106.77753260840197,74.7960912486641,51.4611158948019,47.934916316770824,67.49851229679703
316,73.9312289210471,89.13785779038436,82.32715764568951,59.43909222182162,77.48124602026598,120.04668496555769,126.5990667174013,91.57285725203697,88.98686799427072,57.59818639162647,74.78298932731477,82.09172934286731,72.65326890742006,62.946884860247195,62.35481338721691,62.17649324268076,128.6187050975727,127.20696009793217,72.05319783774036,32.8466542533683,59.98694301347672,34.80089395370986,22.687490815671936,28.465634767489334
317,99.80683193397452,95.07582503308026,95.04425870153337,103.22802478284211,127.80187562990957,206.6581829779286,197.89030729679627,174.16192838578098,152.1946360289159,157.96012875448733,108.11288696912517,135.1411395650341,123.72655638314505,116.4052698004053,121.51319687751015,89.16154112655916,141.00775686767972,182.76705163229653,131.1926270499737,119.07416764254997,101.82000526299345,147.17541552759621,108.1715834043777,82.83856294952612
318,122.35051158974278,130.93796247003596,116.24927064755404,88.22986926088547,97.28966724566486,165.8861026540904,154.69717227846473,101.70670125825504,95.89831763925955,73.53060948656793,69.36095052812391,107.56090439325405,82.59103224448324,114.5695385669114,113.76650780095099,157.78613944831466,162.81592990722223,170.91596389085444,163.6735627951712,146.8792857706626,176.73937442405614,161.54152311724692,145.97574328807755,150.01963363469315
319,26.81146051661021,14.698050497649731,-10.23129473684665,6.181381136300786,24.611491413638845,84.98717597237399,94.29742344961618,84.5489046854297,88.71969822989387,106.53381928162416,134.6752188468013,120.34877003578617,107.36084114669228,108.14016103567639,154.12419901926435,200.79003791485525,174.51107166244537,168.71772788319083,159.5757279418528,107.62604722069531,105.71150702469738,144.46791297121462,108.0393813585271,100.68475764902033
320,107.4928152200132,126.90164874197585,71.03884883558116,70.85055469177424,126.13906212874895,145.99457532265305,146.17965819316632,113.66303813235716,121.34193960429275,118.5224917938686,115.38939950889554,108.07297019942243,94.73802149527731,65.46086324942198,95.31515629251112,89.949654373026,137.05807405384178,201.99997003879963,178.8161021954013,145.48492023482086,114.15429067356804,116.7899468435548,104.69219195705658,109.40267715739043
321,51.92147815541973,42.36309540973549,59.85271514108689,57.17426658073131,75.41978008160478,108.05846135766633,86.9620229235469,115.48242512439487,128.14900137308138,97.04769904606461,116.2505039265032,131.944344490099,124.68138393564561,136.0074976289932,148.36824390297838,168.80539569034087,167.30863884484364,155.1212913504242,141.03636077453478,94.87263124444053,83.84167761618812,69.72292404654897,49.40995659055976,36.379311381606804
322,58.01605546570632,91.76863781316962,86.96928249736327,124.45578398343979,139.73429472807862,144.39080933780693,152.54333017116747,127.37071464290895,139.80804791014884,92.83005218577384,78.73737375189725,57.506183289536736,73.0469493295298,66.17643482805958,111.13428774712497,95.45778921661103,115.37493818007474,80.53137071438832,61.25843284524197,61.501726324777664,91.01226245590709,38.11706633211117,43.1875679329883,42.172393430272805
323,18.23483123623069,71.87719106365904,54.54649456202011,66.30148479982914,58.91464631025975,143.68050082841037,135.91385142213124,107.83494684485808,111.24777313025818,109.79970303208412,40.54147638948306,56.856527505253005,59.9218540369602,57.89208398668134,63.94702262121131,118.06209232319958,116.06968440512013,153.39503914336052,157.79314632139824,113.5021879293915,111.56732891631209,72.84185803362655,74.38313730172462,124.65883628842367
324,84.95347682154916,79.71266489614521,56.972114749238735,28.792836583495365,57.02852319301613,110.93594934562535,82.40185185440436,103.74401995703339,120.7771268502876,75.1048667194226,23.711496739497946,-0.17943969256994308,3.1573662669309357,34.41387889842661,66.70885594451669,111.53343267885907,139.7728919063584,141.81914877270958,160.45688377041319,122.14491356782247,114.77372921514448,113.77265123970523,105.82012032821295,82.9740500788072
325,27.92519341193195,10.908696001410902,3.612923421971942,23.422060761054155,76.0192235885058,121.73022906139617,71.08260165278531,114.16019576469131,101.9045536469875,62.1155211494375,61.60362905110216,62.368565935735504,46.403596075743216,67.27135667329584,73.15043959690625,142.163954376443,180.3105831687579,143.8994081225178,140.06515022451276,144.66090916206304,102.55189597120447,82.37255331678591,78.80916376607364,80.73161186390746
326,77.25097756659233,78.11350466536206,118.63305157527276,157.22466733913987,167.07959078453558,175.8719010101264,180.7442870791177,149.94024195533228,122.08406118004055,95.73764693644027,76.59269883446531,69.48973175136133,61.188474585929,86.8416214091681,85.26856989111795,136.36911262766864,167.55081207366572,182.72446600599227,186.66558096048396,110.99875460014326,129.63900908985144,110.58218413699603,97.19258945304624,73.93089584539712
327,44.49393170682778,61.1830930449204,67.60446830932916,60.67483402670602,90.12351299298923,118.99319004094079,109.84530585916922,98.77244690990554,104.06360332856946,77.28236341320738,56.49416719054672,69.07201155267688,97.13598739961475,70.49945808941793,120.6029549298388,108.96074622839885,131.943858694235,123.36864733358523,139.51834847322604,141.7109169308875,132.8488991744658,101.91066785091056,74.69478688043122,141.3461910589732
328,86.61418842971102,61.77760917280777,59.765318371382875,81.51875825745792,99.88260968046917,148.67475552104594,149.40880328384907,136.2048986255185,112.19521163434706,127.69804323028185,139.63946187467113,154.766407579346,168.15702843495225,131.77130121276932,152.5611403008723,162.2495202802151,171.7564802400197,191.9612975309387,161.2991417562154,138.8993388357742,108.2964543321648,120.87761037093193,95.94695477015289,96.06880077633633
329,42.82605540902428,43.1082249120696,13.192079199200052,20.720628971675865,66.02307767403724,101.37871373825058,120.79798053351927,67.78834468254578,46.49998107691212,65.9572067325944,89.1318607196578,103.74433698853649,88.16784050976486,89.90809852831616,101.07297049178275,115.69104230806855,135.28167972274684,151.63171837318177,149.22144815321488,119.61215271116524,120.93682822059519,172.663840082546,137.15926735614246,104.39470464053771
330,55.2042258479421,67.32102912166258,67.2763237571324,36.105738395963186,101.55517800493153,111.5928971856414,136.3365548534805,128.010546943323,140.48980819417338,139.95048308175507,103.74651818473032,95.01247438548067,94.3166694640429,119.44968914644993,125.92383367736058,131.33149021595716,99.80011566052288,93.2067833950829,60.55913711239839,2.5693811010542333,20.739772489726917,37.20773476079267,72.1411853779721,94.83293514980843
331,91.8998123859159,63.75813031981751,45.66402186033423,80.84244894895009,64.92626025923734,117.9254855111683,134.96236178331515,112.02351108919287,132.80483226660377,165.80451388334052,153.136038468512,130.93467269938762,97.00606442528293,92.37772121090094,90.98402460602892,126.21957468797943,158.382120417124,220.5691994879475,184.22137730962675,158.68072709725612,147.30689578156074,133.9130948641199,158.9686633385226,135.80675146180914
332,130.76679576388736,90.32229861962819,65.02766218191303,30.811901339801622,47.22571885220427,84.21606349288194,76.04669793806272,35.62078617095817,20.300696403911644,27.57782517929705,30.73414137961087,39.01145923670985,18.04258439931035,33.72651900717577,49.66212868851653,75.40157131065925,101.48619152395875,152.53117028654006,142.72360680499173,107.83241494235637,139.9561503921181,147.66969559905183,129.59733131105594,120.77065383335137
333,35.14710446213569,34.117362164392325,37.776577644859316,17.030713701209464,70.40347947603203,119.20398401957286,84.44535522442072,101.5169664969689,98.4199727188713,75.33185549697494,103.96008595728834,86.84034080695116,34.796908557564166,76.71316265349482,51.07567741658067,74.61993273084458,91.74041389466046,139.94574855630367,127.89327284142405,108.7255534755914,85.3549570513234,74.51163208612692,69.35115517102369,80.57385259606978
334,121.11023800557025,143.8431270190949,117.64247994860574,100.79150930598944,94.2145911722243,127.05362844346068,121.47724003228386,115.50416364339279,134.8508991887184,111.52473652879732,92.58665520370471,58.42340398758755,80.66241903236423,100.30228980307933,115.67257040062564,155.2734512986155,175.55528879497922,213.87791400778184,198.71424363671673,167.44620468887314,135.64818010704596,131.98698957327696,127.71043938816237,146.41831050414697
335,65.55093526020916,86.75921263074719,88.90693678518281,111.2823032569138,121.15727956514327,129.94936590906124,131.03356620245467,63.75679992665577,60.94286465741886,59.72179177695942,48.64984875285911,66.03157780911006,55.33219046119239,56.59895082118454,109.32157004903766,104.17989034488144,135.55246364885974,124.8163365193005,133.29750626515244,129.39289058848868,105.12728745080304,101.15453014155315,89.97866963830089,28.78114835103861
336,73.37527206759228,55.36100353935883,86.87595174901483,97.02704228898843,98.18980715970686,89.26757939196642,47.74109544748529,10.548265106305521,27.197336569289995,13.831562943953202,21.53500906147181,66.33108819596788,57.23474521907803,62.27484758000506,29.530587726166765,71.91083408989516,112.2303843898758,138.6313413930751,107.27401584597382,27.821070393801932,56.87410877044471,76.96548869260417,-129.52194468636011,-85.85466205238271
337,55.146995752704,47.35744453469917,43.3392439678271,47.98861488256895,61.27977658111461,114.54417058692567,106.42731743332962,68.51360395492131,42.54676077033898,22.5347316074987,49.72151536564908,61.98221251027524,64.59235624169786,63.53938596888176,66.01980818687353,74.827431060341,141.93670570052916,151.840161240645,109.55561110703627,65.25818041775179,84.31112725168926,83.3322507461173,80.26029973323364,110.65229405497433
338,74.30148408923034,44.79391767324226,19.793528271471857,2.052012548892563,89.60136068809337,138.11183235336148,136.3460443203573,134.85575640063888,136.1019747890075,113.06523518024913,88.00508971588252,115.12909943712037,117.67090330215628,147.55224195445228,149.75771479940903,193.19847892050228,219.87880508547818,238.72113237230383,227.54761269977035,167.12420938230053,177.6776141911434,156.6871661657139,155.888782304941,138.05404293872203
339,114.45730619377366,117.98072238069872,105.93007263051385,111.39609512496114,162.97584110636487,172.8196233908464,166.483279241516,129.2509911816564,143.72693803203083,99.55630859580563,86.6195921269872,97.03072308618965,88.19880946405141,123.69215599526117,124.77430313526293,180.44957291676153,171.49263767729445,184.70172674219543,161.99477412980704,89.31766541165096,-56.268595705206636,-24.397597575295876,-6.731911788427354,60.44897441897742
340,87.98327687971499,66.4192946427162,65.45057862862224,50.829991671621954,62.24364528572531,97.82530395950533,84.1454132557673,32.11551338949393,37.051129882716154,24.717363006269267,43.18227440827493,49.959797394464594,8.143245249428013,40.199579658118004,0.21886990421366193,41.70701169542642,69.87168260496516,75.02043201742752,41.591728492612106,-13.383049959584213,32.864617300154606,52.52331418063022,64.64266266711974,125.3383029972791
341,81.5210451446984,70.21537204938097,16.4487571777102,33.439364826060896,82.30418147844054,72.2729077832744,80.19814122698747,71.17491279006822,103.45165104552436,114.56477110008342,95.3134331037181,60.63277626321305,68.46211637067026,81.21832590677236,80.09595937704086,122.29358052548373,173.9285345888611,159.1983943520918,154.58361487547091,122.29771187791914,121.83381013023975,122.90188351062832,120.48150748833143,146.3595897260198
342,108.04041775187991,78.21083790921719,58.447807595465626,51.47349399977843,79.55892155358168,100.53565307827465,78.72271518814584,71.98338040632198,71.8106783597289,108.62426167371979,89.86291060923146,79.00825497060217,83.47147406138978,85.08364534180161,116.39742082075358,135.46760349984166,153.75910817598182,167.2939751761243,143.38841883193928,104.81487980594073,110.84359162122884,102.92872993132346,102.78666021791267,99.71314445913187
343,57.25501448907764,90.28986638590791,83.04018918068887,88.57346664927044,130.79905834775516,170.3652106981526,150.55653339497948,125.47623438028305,37.69042460846103,55.898956136051616,39.50036608320939,35.45081746249253,53.128133460905666,40.79459229168342,71.37848472191254,105.28580329412326,154.09899073303325,121.29968031988055,137.28120045116987,100.69741689898916,79.84493103239424,88.54683364852045,92.61258069312578,129.45819746162377
344,56.24588685450862,51.81018249492149,43.02245540920274,13.466329781509806,45.29085500694905,135.963792557609,120.4532770126757,138.9660029154292,103.1004899785201,112.43304547197694,109.0262937660332,114.59852619082615,79.78810836536351,87.77881277726364,102.1777561017645,136.2463504684047,158.1074538997197,188.71267392742388,152.41353342298396,106.32232888929445,129.53321470842303,94.83552468684789,99.43688619809396,100.6746403759443
345,153.28791111937198,134.64965820644747,118.46256071210598,119.31508405301756,155.67677745622083,178.53766345712688,156.0639206980812,157.21034781066686,116.13840090459576,86.87473222980226,124.67032465074726,135.48947102752743,125.56160255717928,107.10769066886613,152.18278264927278,176.09814283404094,183.99700805034803,184.28979217074394,157.1439593071052,163.7676153026001,129.44336160101702,133.7555639361762,79.3824578582387,77.65340652319387
346,112.43124879093251,98.91518535565305,110.18077403563831,111.7904515271102,130.33433269515024,173.61364145727208,154.1954118106892,157.35171268556968,154.39551446486055,119.54228122040783,142.08208476993724,151.2204657001323,145.93018646372866,137.6140901953344,153.8257772165149,198.67718294420524,208.4305969407181,209.85624954173625,192.05746279143324,158.57279989107823,130.10577529575895,104.93494692368904,60.41855320818872,67.25667850038141
347,78.42508101271568,90.22431442669736,99.20164873742735,77.35360177785273,72.91118142119518,84.38111200307614,60.35705995074984,43.50044372863233,53.658944236251635,64.67112782353809,18.617791830892273,14.928525409272076,-21.471018380472927,17.820100969437775,44.96067663346462,64.86159431371988,97.37810854555967,94.41758574585793,115.7146896061951,105.24873267934977,119.65402044596146,115.9640199453952,119.17743171106102,141.43916395586487
348,122.28112902835556,104.71835374397935,62.467636253674854,76.43314633682486,86.1028114723387,122.8790859511398,102.50345190319277,84.0270590977434,110.22453216342798,129.72696796048916,120.8606780864726,71.20602680411075,31.09860240875316,61.79236359040229,64.97840725010572,87.4047926958171,139.67713036322513,150.25176480765555,170.4384651175377,109.62676634529447,125.83968753145602,77.77048356162776,97.74400256150842,94.43012718479844
349,120.67657387094903,84.65247210190657,71.54663172115238,-2.8400029164632627,53.823629421320916,61.30173914294838,77.26974974934862,59.56063381450351,82.82023665084601,67.71852175018802,65.50749676374117,76.954837736446,64.69622743878156,114.33129502792896,131.3130741797604,144.931510217035,139.3320909997394,157.95604316568125,137.41113662066294,82.69253083348582,96.18689773721512,92.45582544161948,89.08650292587626,50.09112812594497
350,62.29599925188716,53.60768368791,84.21474956125502,67.05905676577035,81.94318779799481,120.4717921482138,105.0052983757453,59.25031435352278,59.6373697181175,51.07125919871987,63.590237123421744,41.275490581720796,21.03933011903773,20.142788929888773,93.81135241807206,121.951654296091,145.06851665010174,154.14059787814872,128.30338032578354,93.74026687663472,94.39356843854513,95.37695668839596,97.5862252703782,101.1419440897925
351,106.25752278952376,106.0455547086358,86.622043422411,91.00033791014977,110.77046112490652,161.84159428954194,130.4789604046182,107.83408897142807,92.77138704533512,51.10616064850963,57.28934154283742,58.875571408595555,101.23646976656437,126.98850889792405,138.49701837577697,158.2251631332734,174.55469574860763,193.79506971994738,143.07319067459815,110.09595693025122,100.223812281876,125.21206661966356,111.61102941744134,129.435239058757
352,86.1488064251631,87.1824379846653,37.60537515065063,38.691805302933005,56.84738799101258,84.20433773060547,83.09982339134248,80.23672768849089,48.9897330466305,55.02064393966837,95.71230736634786,97.58411293497285,66.08219572850517,89.95648217271197,94.07226848848416,107.98499347359109,158.58396894654874,200.5485416908466,157.00645366486907,161.68696098642974,127.5415204356093,123.60964447080282,122.34134426176122,118.41173799633268
353,121.83409924660504,109.68874158767635,70.02051439821788,66.00068338346983,100.80576201796175,101.36728867288218,98.54482675248553,86.90167579044004,70.22073368322849,89.19794788025384,80.84501023093607,29.94864681224736,15.692897008868322,25.354397310734534,43.04790661062981,37.4767632560479,104.6573760911178,153.30784906776918,130.45645237752962,137.9818441865338,140.2083409426047,144.27079909773465,172.1369016161372,133.73128096983652
354,99.15285693220414,102.87558108744823,79.95817894649322,97.48266407915006,107.08908520953936,136.94038917900588,119.85543952717617,97.06874980475868,84.26651458734537,91.24350217648117,91.48972249297056,91.42502413575939,92.40723875419592,108.18509727587275,124.30673652442127,123.02997567383417,137.74469202127236,149.1626253947855,127.31065166322304,131.7214442447368,99.76466052009349,97.6125791546961,50.03070262095753,4.714803143351347
355,90.13293214259082,90.06349966568378,125.89946968682916,98.92680200999041,101.76643557135789,131.9644377751717,92.27450765155584,30.8258938586917,7.4816495774762615,2.200209737997497,-1.5374727247482554,27.00238652205286,14.758362235641016,49.60435674464801,76.65352831174837,119.19300668775273,148.25558101094006,138.11465712596632,142.1975332373331,111.77237681937717,108.98898483061978,82.501051044751,72.02668819377476,95.73384995133605
356,22.28577304162326,25.73923109203693,30.02030454456613,49.592890807133735,116.14744966322834,110.12535959102718,112.30997070887003,57.110122311405895,39.36802549934228,33.27944025911191,19.02583931379767,11.031678339811478,10.61543427370394,-3.18117307219498,41.32184506307827,88.41393823752627,94.69297835015298,98.29933986242666,56.23352605672085,30.765256029310876,29.84136563775364,32.37806456097776,26.156129132541764,30.106229025230633
357,80.86908605832073,76.23805394551401,76.58591609540676,62.84776808166734,82.78720773498668,122.63670420929952,120.09462493117913,77.16799125645059,51.90721903653059,36.79156963690831,66.82485858398661,70.27086423931847,83.70453819980034,61.99055117286502,60.91045148597944,89.92254329756545,86.63594529753789,99.34166417934654,94.56298198672468,135.74869943933444,96.88016155712539,54.32213148690233,42.31341305780933,65.91607737645305
358,48.87492565231825,7.192598627680219,17.783199312287692,30.511465156841915,35.54073645640649,31.33820964652891,34.06185226033986,52.537133856350195,28.120760796265564,23.62054191538717,21.95575270994187,37.87893659266124,18.79584142538024,-7.013238528066708,1.8766422093478923,41.418200714173224,88.33604941371472,118.93297625313511,134.59502059593726,80.7265185511506,99.2561697670489,89.17489255639936,50.41882347713139,65.99150674697285
359,59.59730779242666,45.68763053898657,48.985177124237765,49.19089808820985,55.536440439215696,93.81080621972436,103.24251461865022,83.64075587934256,69.16977562082255,86.62069547568036,59.234806496895956,50.55467539382437,65.58819680520295,129.51244789861397,135.20833012345554,184.11882731395914,200.32280773355387,221.33671319863672,165.48828555931146,104.82196666238033,96.92997370755023,60.92643672149219,97.58961253955253,83.40917346149331
360,12.940484926283034,22.30087487504528,-5.8420348895351,2.5850855117929115,49.433343302408915,49.37492843590587,95.26576222678895,48.84318075942574,80.72596370069886,58.85794785528983,50.50388803922018,55.16331772286587,82.8087132758721,-16.627657129287073,56.472669706846375,55.166455485404754,116.03980991120531,110.86592065607644,105.8065743464506,96.96258003090678,90.30160952739683,51.33340273266161,14.18382451919355,20.662691451470295
361,126.70794274685473,155.44122382806705,172.3817211657278,206.33308194492133,193.1835721202525,210.24928473973355,196.45864994900995,158.70677569873828,138.77112587729752,103.3416212683534,88.58353656787108,98.77817822560121,99.64517095021651,112.44975119051057,123.47569288051083,162.0741199564053,182.01264380407227,202.70300242790202,203.01271955415177,161.53546443601783,185.7661519010249,166.53809825428146,131.59039583042502,133.14929658231966
362,16.442294171133845,45.38816800289588,77.67034810902668,123.52894075437555,148.45214640701747,164.64058037548276,137.7847699262265,123.37747420484337,102.69275042293488,53.42210145966543,40.16291769046465,78.3920792168762,40.80993175242176,64.78166053149448,79.08267635118591,131.3521609552155,168.99146236635556,179.5575307620664,199.33785186626886,168.92989042323725,165.88813143768314,152.44930092173234,145.89249718226063,170.3482856005004
363,113.52723958166311,126.0788739621736,102.73825087410276,95.65627544137479,123.61942521970317,149.156581735153,113.59713254066514,57.95048415701901,92.13276316677381,105.32371886645493,132.78057302558017,146.81270264579368,73.14462066493914,64.85022159151194,94.16041586335697,104.27147960730761,128.80298314508462,140.41007589171585,100.50400975030922,106.00283698734421,98.54505844474377,111.80424164387378,130.37975895520074,150.3690365304829
364,102.91000488591479,106.62100875339586,79.1685098864508,90.68726956926977,73.67331122333539,147.4538250669428,135.32055424609408,69.64862402606484,77.79999773323057,116.81524206254505,85.46592891875038,65.61792428076697,94.49602214299307,101.6397915387861,122.11566335147627,138.08890525519314,152.39354842798824,123.28455984246558,87.36459793129445,70.62021258944698,82.98507750049234,53.43809957372261,62.22268385390602,1.5905142614477086
365,78.0140255696812,60.63935054436723,25.08183951010504,72.21810532577942,83.64534878114252,92.6932066500827,88.46924272233338,76.71112036820858,40.873884799610195,11.5024256803503,-6.907657157496558,-3.374155758245081,-1.7362279582515754,10.901146284808362,27.366710008289516,38.29189651844544,66.03688694840048,92.45650817524717,116.39106503480193,79.82365644597881,88.48550288846884,66.96224254165631,55.23886195228037,62.5200279596057
366,62.53880535484296,36.64545045075825,53.10163579476252,52.99051789273176,49.11925156253652,68.2464163778171,50.719353248905605,55.573276223997354,40.288518140122605,55.12575768152192,78.30907424468398,64.0397475088216,71.26334766035072,103.30795354378047,99.59375416196129,147.49825049421284,165.0076996350435,151.10257878268413,176.21360871695035,153.62358460390908,156.91709003368777,134.03694537179777,128.9523723394368,108.79704937043766
367,57.55590915852535,81.52492368044676,93.25843664191912,82.87619708176354,87.85810488271127,179.10179382349583,126.06824987655403,35.509229614552424,31.461125039422427,47.01216880407759,29.919599364943437,11.042908630320447,0.3709108441952864,17.394564376849864,43.979229214343064,77.18951068456082,97.89145182644893,84.8799965717142,83.71747420532671,83.71170879782257,101.48066434204787,103.03380630858942,88.97297466719273,126.7410421292949
368,19.73633551409857,24.117231671704033,-14.469040521522402,-2.0439863132081086,66.18351749564616,133.7218454612705,135.14080372094142,111.41897684944853,105.22968828271708,90.57263749537329,74.22358976982215,82.60717655526054,76.8282293078728,80.28849117886854,80.68245615405418,133.1785591557067,192.10209473194814,212.95926351726328,169.63832137614622,143.30751364717187,150.12516486163952,133.13283617731213,134.0751961263061,135.54180549537836
369,52.42708672239511,43.43966231452116,57.59099629678852,55.11877687316003,71.91172452776927,88.2481872265626,99.41744014864199,124.0244675772529,79.86598090327854,85.51570915799711,77.26183248056958,71.02121498931118,48.52905399190731,78.95453384404361,89.34779208200787,89.85276258576603,123.50558303560578,158.66672222175353,102.70279679529551,93.22683530377311,75.5416596108955,67.57765963103316,91.81485508253218,72.64214511881383
370,93.89770931330051,74.16330808863613,82.17793996786543,69.78048489004347,118.91554228987238,147.12470281796084,146.8515617985538,115.53965199178558,106.1424943228291,101.28962182410356,90.72151678203917,78.11299303376083,73.91410351166577,28.140121833805914,11.719685233394912,55.347636724166094,99.84502651834661,124.80850394571819,101.76266921041126,94.5989690843678,98.30423972250287,60.192618088428674,83.02478642130876,112.29049435700398
371,26.767986176705975,20.0540049619687,1.6667894466439037,27.49434307023946,34.204085073544974,51.28209156529728,55.26075440597266,31.609542974723027,9.473918540207464,36.209468109554734,62.634692928117374,36.36034399345463,25.255313448008508,48.497113533504034,85.32274199670277,124.38539191167249,141.91485438748938,196.4527038731148,185.61096919080643,147.57155389746737,136.88534487315593,124.16550108996869,111.22149109088213,102.56485289148887
372,71.07563640256457,71.61762870164904,92.4847080281763,130.90989453775774,165.12349903819808,197.0205417215822,173.99036643851102,193.57276921328423,167.09243768515634,179.89786755432934,154.45176405338492,184.6364299844298,173.14755870825155,175.98913215818425,186.54200049059074,192.1917316579514,186.08141078713112,209.91385023017347,165.3534901800201,137.08803639524595,134.7380165541381,126.9021062561198,135.30412346182874,186.04823778340642
373,84.03530652302963,71.91027691503349,108.52334543588913,81.86694314704359,98.63192271207146,125.76997101358963,77.06675492840897,39.90385266679519,33.24381219373353,-0.6026626241933002,5.66053222084382,20.79873398699946,13.663054964977682,60.515468651816526,43.473115568002925,53.83727771239947,71.96142177526156,91.64758876696557,114.32081806431589,51.929893955449444,63.60298801623446,57.16854299656246,89.00493768520377,70.46154148698105
374,64.0444217429059,41.047568045230435,55.65750680402856,69.73128418562234,70.55590091727183,110.86847668041838,109.20867862321163,101.78851263967911,108.22351574178096,86.72311906345783,50.51814961433031,50.24888485764216,46.08153923768662,73.87559549886042,82.34656545024389,142.69635957393936,153.83423087939616,159.17999422586868,122.25738734587226,84.48817002238701,100.85847232764954,110.87161485448239,73.45090510376218,88.40618573420232
375,26.619658860810603,27.8376133270186,2.3786846278820093,-31.920519660800025,10.653799535054034,78.78204683882939,105.79488650472554,90.44641630533697,105.92151547029952,91.31826900381998,131.25427250530916,115.08892843038564,63.99166629284746,81.1152446227424,122.81810310700209,161.49186680363738,211.42729541182393,245.34320052519712,237.01851670316404,211.80911757068253,210.10642817051007,168.10280072337463,145.54617022494585,130.41529265683434
376,128.65025766474616,123.09019723874576,70.87445784145635,86.9523819552494,76.58227446851095,124.73938173083977,114.18036001723958,123.38167346937149,126.73065121972697,108.96046747857093,108.30751911934293,79.07917252295368,59.63060220959872,77.98598551653568,110.72817717235449,150.54278913781354,179.10554737147453,245.16352659581833,198.40824840467496,160.37432706833442,142.73872353950506,153.85017533200005,96.28537677012807,35.552009516090806
377,80.42952014945496,64.2342366185979,61.49011230551482,90.45723441617793,94.21601903713068,125.09998415062441,71.08779956582958,39.667038943927025,43.83646936445075,19.108441044152947,27.85521806886411,44.24766301291814,33.16525795476672,30.645619428478724,61.68097606974633,105.2443349311987,148.9765474253324,113.4568814214579,121.18719277687975,90.79507317358004,116.85250497029156,101.3259002308846,86.86399929116278,86.77497494569404
378,177.58162775310237,147.92575869399724,118.05065186808831,85.64054428983273,87.4874148981432,118.53872922133755,107.73710160183373,100.74825714955475,99.41932732969994,54.320331936273504,51.254266851810485,55.5560487401485,63.43734746408998,77.94055694454597,106.49698223213537,90.52039572472385,165.9994130933185,177.6885543087983,156.19214449681027,126.68642176977649,94.89189231858643,100.00141767057222,76.04152078524324,52.43988488410939
379,36.13408603239796,55.95085741502125,53.65244508542412,50.58584988003955,62.89853187645136,116.22391334001007,113.5036717710852,116.26819866228402,96.22758267847873,83.95930362543582,85.53600540471177,88.0705208471169,34.86274183304536,86.62561956488032,64.56793935078534,83.60766229364832,146.61859125414406,148.1150428156792,126.22189369388364,110.37841993175307,134.5105373557501,94.01502531449778,105.55590687936137,69.48555788719827
380,104.11754857073807,95.75167370376269,68.14348716092795,95.76390241625984,141.3199016237348,191.45249375032773,185.55176528150096,99.01076888391984,38.968235620058785,40.89728357067136,84.80005746852122,93.74247051405054,89.6064563505939,99.57546214356829,134.14072999057723,192.15408119971903,202.56797623726624,210.2543131081005,170.73184829518152,125.09063447379616,116.01384478145829,100.01098175508757,55.955026297067015,31.664159936049174
381,67.27662375071384,52.650788540840814,82.05428233403381,105.97000060896434,116.52964357745188,123.71959690240757,164.54597380651043,150.3687665419112,160.6816323388191,134.25986022674715,132.165930059342,107.00516722585635,65.80013827751564,99.6858176378618,123.01143066870642,156.74303058106383,201.80491329900016,226.57366119131234,198.776248195113,174.2148643894494,151.25722989344166,140.34191690706268,127.42062545459345,141.22321382819933
382,79.13180963630435,81.18253296227438,86.98312731146456,102.81852741202583,80.284217295645,153.39115165303295,137.08547505954277,43.99506891136314,43.75726743565325,27.701332921178633,18.347615102495915,16.33656311681399,38.8545765731824,84.39497961349574,134.41414265281833,155.866569549386,179.8401050716107,193.04324117121524,135.9611068524617,80.94144019528085,67.71626285803649,92.3666599454269,81.3369010629823,39.12273846426759
383,49.19118195400728,66.88648182101538,58.69297368037293,93.51867903394758,118.68505051723065,137.61517107156885,107.81123160967557,75.85181564750764,108.76006759757132,73.8581237969779,62.04984612345654,21.042226128211226,36.43601500007278,65.21453610319378,56.68361130950516,70.87092358895657,105.62080743433094,103.15819532926416,57.746177882468274,84.42988422918546,113.92418629501205,124.67916377213794,159.67913076299857,179.61800029244432
384,39.318582751245884,66.60366737060924,70.76047646660302,74.72328983321026,81.19391025892298,107.17699248541838,105.76293521492299,110.5770929219378,114.23509083395197,84.34348968704724,84.8730455365425,100.6022173273338,71.52558015823828,74.65554578236792,95.08524846512131,137.05077468938183,148.55375020469592,124.35357963416386,100.02317535064678,100.19856468353223,95.65417186049265,97.06772080278354,130.08222542191393,144.09489494638288
385,60.418559996691535,8.483397272348121,37.17086595326967,12.021443095134792,64.4578993947075,119.83609658976454,74.70832464083969,29.324745320488717,26.259134780870035,38.06983653385751,59.88326907180604,56.68130410821884,37.45666436759851,70.33599192617586,79.62062594639417,93.9230991351293,159.74802990483514,114.29593568780139,104.55194319272728,98.32417627245523,93.22506199920869,88.06666165708833,78.2798057213393,70.60625378140489
386,42.25634121699437,19.03158655468127,-34.91778832225647,9.980902102672843,75.54439990396327,119.02819095131045,118.34495570870467,95.12978725244265,52.10506115187264,21.53688356750638,32.129727115149436,30.83118119398413,30.69108686999111,61.54471277789274,76.26733012768699,112.38208129745111,111.55282431983636,152.22122188152855,161.5352618177716,95.85166960580369,55.033194747311214,68.5845578291524,76.31651802810083,73.94670393453573
387,44.766049134850434,57.25499501084127,43.73383606800981,59.37360274695867,91.95642554552896,129.62934098691454,132.32395435493402,98.03337238924605,119.49123575344866,88.65947070582459,81.22738100264081,69.17476893396795,47.12044094339439,69.26004805569437,81.46986365508333,104.39918148951134,135.10032803337486,128.90155217605013,135.43684822140278,74.1169495246038,65.653203252482,79.46601171732175,54.98890097656408,65.45344596741003
388,54.50907973170758,64.69691880805756,15.830848472896236,21.872211458417723,12.822458436721206,43.333155888311566,49.13388357275572,41.844157144295366,64.18129593441074,43.30867106740915,52.00764082764245,44.81555911158513,11.361333518659222,53.74395961980764,89.40484515008666,84.97456906670251,141.5588216439206,145.71322522035715,109.5303855528169,41.003940367284756,37.93556680523379,40.841114761482686,54.51318621144863,21.194389335237204
389,78.62147854512274,62.69198200998685,31.41827401344335,35.34763168006307,52.27986921609573,114.51193383843268,122.02731610561713,58.18854266176032,105.90130860089637,82.32494254857447,111.17549677554263,127.43759046533063,117.63818432053611,139.66697756819798,165.0693938982102,194.94014181015987,176.12196389995748,121.96517281736735,113.73764450099736,74.84522752602594,80.12762491667542,37.91371569645044,18.908129388998276,9.249281813160223
390,64.53603377358229,28.837889403562095,15.50201467388085,44.48552880198016,60.663915830629506,112.9937238112862,140.32597294264386,127.04258371797528,141.68280289697935,120.03499394225415,143.94580393196247,134.30539320785078,141.1088148015497,159.55477399340836,185.63832161867518,183.02996850269284,153.28151763386558,146.72039405691802,153.9705403647502,113.81320344040498,102.94704736429662,82.98985405388612,21.892633210102957,27.480467876856366
391,0.4662199318820228,-25.329280018731765,7.258133264128261,43.42819681596257,54.42751538078241,113.12832132964573,92.39300659603164,11.26337727718996,17.672056515969516,20.55464608758409,18.717760649828826,-16.495893490308404,-19.351854531799503,-19.803509859083476,-5.425664081659832,27.088416435979354,77.35630114802257,62.86444515985606,69.36738111923515,30.792654862046902,65.80866871940155,49.344083627055454,67.04517425772573,56.466346576973976
392,105.18954775587935,74.40961573389544,71.09928855471401,76.70423974680168,67.68756135644225,78.12242175648473,64.86265101261301,85.72006549847868,63.58796281773634,79.30056890825337,54.00438888873576,60.93098215171702,22.117860688230344,40.451601938732985,57.84711816658495,93.54044243446636,103.11036322149323,68.06951471181237,56.65545304243905,12.36503080429189,-16.957069411832308,-35.274832037467675,-23.433010540516563,9.263906684306932
393,16.43437237221743,7.284214432071067,10.116735141036436,53.42070837177077,64.45857909898109,89.54264655642784,104.7096592636994,66.4349712470084,61.83644518312011,53.183402591402185,80.2009859479453,97.49837875086781,91.70258578241086,64.65559676924241,100.65969229742448,107.41840155584033,151.2562721074094,122.8805758065362,78.13988299844567,91.09795744887002,93.26116631706905,100.35157187891203,88.2795179835151,90.92099226855287
394,140.31104500863293,149.48422109786253,97.07376106779995,119.38358900783878,123.71663707482062,110.5451763007602,136.34037380596632,122.18350520780537,120.85973468985665,98.6762775974477,106.86668926515156,97.47073840778867,86.36722509198911,127.31966358721125,161.4972122433458,150.57668139833692,195.0190906116184,198.5277403719576,179.3374667022158,134.44199743253333,80.1685259247605,90.2014332804003,83.30911854680848,65.64108870585832
395,38.96779624183368,75.20400962430276,45.742752374900356,81.6125546805971,75.59216447210657,94.64025949175559,80.71617681597172,23.77227022588535,-27.066573515368574,0.013722210006704927,-7.683355749210705,41.8534181816925,24.384302559431717,47.077644044701714,74.7306499994416,90.53537363990779,105.44689948188947,147.86081772925212,120.61041624851836,98.58660152758665,92.4757989347221,91.58748258077998,97.5815852199886,111.7686466299575
396,67.2954203083316,81.21991209055406,85.59706979171148,91.03525831505361,162.2835710062812,186.94465898312671,130.15670181780803,118.41175738633709,105.25677296219726,105.83684418182858,125.98369512804841,105.58713150639345,117.65873017070233,91.04056630556175,89.08917584202611,107.018289819665,107.81043125439479,126.73225341252285,138.2707982978761,106.5920623380884,48.22234481737209,77.46219252551529,104.5597486950093,94.19966765611318
397,110.23798042137076,50.21550439178019,79.05740248503727,69.15198695391544,72.40683531793836,133.44181155020107,126.473694513125,96.88540479677626,93.50901288599309,63.8231783910801,50.94265043378314,60.942318091328815,35.213080640000626,73.25764108484674,64.0343156004877,87.75953117782268,113.51832594736639,146.76853383369945,137.43750240236903,129.14992931090816,129.9781013519134,131.8048139982225,114.8923818893978,134.37581242262075
398,64.61644334979938,35.24368364863464,89.54837259363924,96.59636767797542,80.63180398976392,104.58340080238008,79.52147581158204,47.022288725400614,49.91235717784286,40.163812248198184,75.92025874138093,84.18612126097611,52.58154708510901,76.73304759207562,100.55416306695471,139.1443392061077,182.75879376194555,214.05021443930264,181.99994368296822,115.71433274499854,122.10809519151543,97.60043654708755,98.55006062402958,79.48075665487157
399,76.22931053206433,52.34580789095648,34.051421333361745,23.014107289204034,67.61646743872242,114.24631239869969,114.03646702318154,89.56017173667489,83.7174081554603,90.17775471440399,72.39633977631416,70.81735601839043,62.9208739989626,60.051242717480875,66.92030663546122,70.76228975639022,106.72953210519228,111.93808602752387,148.90013204633792,137.24079967907807,105.78327583180622,66.98821428069078,30.67216524336139,47.656881429092635
400,107.13858031680786,121.50389429734568,108.04860298479997,143.39959153554074,135.77054826874388,147.4408152128081,147.8536408018729,116.9325324314789,93.27967115660287,100.44281562196704,110.57813084096315,100.1439213053393,87.07490351197947,71.62853858714695,113.65106642956779,125.84249118910235,139.41652646642743,142.70215190595718,135.58151424287342,98.79159696605234,76.92940215430626,87.63994112126466,74.0073574990198,110.76788446849488
401,140.59339370861215,63.272323399253054,33.97057813684419,54.374902368319894,80.26096171590395,131.0460042995451,142.15106022691208,95.69875115611187,119.21283029837082,120.95654988349165,118.04383126631497,106.53951080202623,67.15248280157363,75.35744250571062,118.43564752137853,132.18114738980276,119.2407586112677,120.41636080649931,122.05898374595938,87.7439142575673,74.46939672631518,71.42966673514812,68.54808498538847,49.20547496764096
402,62.5853871337188,61.63206721214786,81.74643830670706,102.59090284163335,107.67968527741125,119.44812824318007,124.00840683390649,105.26577971257933,132.92392097586514,128.73340573447376,106.58196611605348,73.80166541934466,49.798938416592485,53.75458132755533,25.215251059845848,52.605525173448186,62.53939191464703,47.84567320593972,60.43300720443261,43.022803364097086,24.749926069029428,12.086146929790416,-5.779412863279717,24.969328894781256
403,42.790911701202546,58.37400317915367,2.732587837768193,50.27916415160182,40.09641488289827,68.93620898275319,110.85367084324199,97.56027827432756,106.3270041974443,142.8088280228798,63.01019831438645,35.884196619964094,36.20495275440747,38.696347738129965,55.9947905892306,100.52850059132815,127.77383352941489,126.17058450145962,100.41340203921159,78.99548514650873,90.50707963413197,76.29415382643916,71.54044257766199,95.19860016001698
404,113.2558686300936,76.89184545146027,74.01745927688135,77.36084665924406,115.2404194386981,113.33016666448304,118.49069825648448,101.39945864528202,99.98182231188923,88.40073351173464,91.79488530796417,70.67568205444618,66.65866344395978,80.12870017373353,59.756592539976644,105.34850014711456,102.31775244781477,130.4752542926255,107.76622494975956,51.35528409696586,43.53657371331548,11.961342073863918,-8.228165006729753,32.355248996492136
405,50.422401019753345,13.26026849035474,27.165858106540703,23.533645217678043,23.2636615449904,82.92600958601932,106.70103638834595,71.95518461976691,108.30490377080925,106.44551206366964,98.38266460950246,87.71872146626481,48.574175364873064,95.8908638881584,66.0070806322308,104.62536065332887,111.36083240493217,107.44186276341958,136.5023400634168,106.52454966750459,120.30129174987492,87.92497078035711,82.8709390084882,99.78005591633344
406,48.37328052945409,21.922774223776145,-3.2228762970815836,39.45730444409712,37.596868669602564,118.62953350871992,127.2782358534509,77.36433098056412,59.539726431744555,51.93574671238688,43.90849641231024,54.68698906652767,60.50089228012456,82.91848379447016,148.03481959025228,187.3430197509204,175.8504935144117,156.84354363694172,107.76546976635544,113.03008105615302,122.52479844342216,129.08149677242983,118.46618747882148,116.1252064254547
407,-17.527681547932985,-9.168311511483395,-12.469226539340724,-23.64472328428235,54.01002746963911,78.58964211520883,86.52323439502668,39.116315073742044,40.58463139658464,11.150635785324567,20.713685555612997,6.45345663869935,-1.6390065352002523,57.85715011861941,91.70619557184125,116.88958559317453,146.74664372326475,110.64048572893364,93.34694189141861,83.19345388354422,62.467396327207865,78.39494705331967,60.271405087258174,84.02200576520924
408,98.75885748090752,69.45571442196017,46.98545772238222,31.309894194332294,66.70178017314507,82.8875905809034,56.93947406545534,75.90054393465391,67.62362604202477,63.40351232148527,32.10865629722093,5.931446955932998,6.9613994647642485,73.46059607146965,77.83504531128315,87.9013426747976,114.84160368249272,117.47539161021484,72.90851506057263,93.91709173254279,70.35423249831712,69.15432167580352,78.22203843943032,32.669446253419395
409,94.23239439741175,48.189744828667,14.40234434122452,-13.42965027723298,11.678104969360405,34.44055072722995,90.21371166457737,62.593380545553856,52.986368884984095,79.2503611132167,83.84956956688151,91.57645003437258,94.42304086007464,108.36182449502645,93.65583338673616,109.54912330899295,120.94316443229366,133.53966547055413,138.99941588013496,71.80566299311889,54.23340731624095,34.924131640842425,61.95250064585069,95.76722828773127
410,97.81551637153089,71.215575471502,60.141589201028076,84.8565671821336,91.67349611307614,98.85082535339106,91.09555543364274,73.02586155490667,38.33195810954727,28.596650320531893,7.476652543653259,16.122443080564913,36.5127855550609,74.28957492526399,108.73473019929637,97.31676999322607,97.83324149807986,115.49746387377665,99.68293775913205,104.77943455939504,125.5721360295151,114.5260892954613,139.37617022207064,158.14417346401262
411,111.86014013461936,71.75493488957713,56.08787239168726,9.123722452482795,45.44995890523514,104.42623585479974,108.97737313588588,113.62894457795448,135.21384412813083,124.11242914249564,126.76646553941504,83.8777010882913,69.51267910140946,101.36758039766553,110.07935138493421,143.41327719531364,160.00839600856713,172.41821995181778,139.27611697658787,106.28024089205208,117.83610450103703,143.67430664104424,106.14176431685875,97.42007296814432
412,65.0833051554827,102.00466322313463,109.62072738817811,91.59249558609247,82.44400649846673,121.44271233178769,106.14011542047092,86.44183080294309,74.46539782088422,61.24124874081744,48.365121953179326,49.554281087907725,27.867004123806737,86.28017667129191,93.22562575808803,133.82843932487998,155.2394205188047,157.4148821422483,132.18500644323646,63.82406603065682,67.29805511143945,69.90426861378951,28.29089245012885,-8.920683722592685
413,93.68455383992774,105.24378075568025,126.7280417400565,162.56511336374834,194.69480620582522,170.02909090537312,161.81430258799975,134.4738461204255,115.5522714777963,123.16849329768063,100.5176998160712,81.49831528489662,81.15606170320905,72.9391996782655,82.10867954787939,85.81095138841162,132.40293859490012,120.97547557819982,118.58744898043241,105.53957137461494,95.91683524107827,107.8910622446691,115.22841631570533,101.78810349595555
414,159.61486768331906,130.5301076464399,108.32648314136081,141.6207214637769,112.86927829184123,160.24092237454013,149.59223579096874,107.83216449532684,113.5168089906195,144.79199282337788,127.35535923107358,91.92985118464735,51.18884613577593,55.870396682837146,61.246358918711685,101.29219732029037,123.06347642685508,139.37784386552525,133.33080442599368,136.49617895752266,105.409323028374,113.99672243704927,69.2842089651549,71.64383256377909
415,-1.9523809156977876,-14.326059661254092,22.529306942131143,60.45069752749367,88.11390302885088,124.19499997748161,176.74058211310347,171.07176807853534,150.40862167002328,142.36843606213685,155.86241306273251,145.65946478071348,136.93641699820336,123.74833083601733,160.96181542136267,175.2837711194018,191.33922325675,228.31344892596982,159.72347487931063,158.1239088394675,123.18345876875044,97.08784485897054,43.83442093131357,36.402191326675506
416,23.341434363362602,59.98995200542348,27.7705908547606,71.70228167548925,100.93438036059096,150.22722875241243,157.35250915883256,115.82424024100769,112.04259207146046,-60.680245788115116,2.2192057457455263,-12.47009224747697,-20.129212362100162,-9.919445050639894,-5.330472021574138,10.349134247223262,60.69045939031717,50.19651080630044,40.896914587702554,4.876850977145239,23.069415485188287,24.129277477379446,31.738394919360267,46.933169077721224
417,79.99393274823393,70.91876129678333,76.28537537445743,109.72264354531777,135.82039083144593,170.1500067206728,173.1298372628574,104.87193308686669,44.88290678112258,23.35213154838344,23.17162704294411,30.859865083759075,35.89436696764827,88.06623902945742,61.86074508914973,89.69307776954265,139.5998854389197,150.35171805491584,111.93890284819574,84.4039420790623,92.64451541935519,152.82176631666806,216.27160151131795,214.88962907692024
418,52.27130445141546,54.39164152889031,72.70269998144741,46.446588087175044,89.32841633031548,149.99487047631985,138.1844243180428,144.86044626886726,148.34410999361472,82.74962967067306,65.13295694121145,66.21084081239113,42.13470741406668,28.086004922035528,35.168295022309145,54.280375975636126,113.02285802499372,140.90023815572823,113.68763936747142,84.08193947826841,85.36314365231524,104.95591977104812,76.52201472762387,71.26946513303011
419,117.31887316563515,127.87929030597705,83.39445388175128,95.98141231968782,94.81969614556121,119.84842496005527,105.79535106466655,96.89827324516509,104.64617890893183,115.7912366726994,80.26622100219443,67.60901779056023,42.1060945502454,51.983210391902574,73.70561841089669,105.71567065205062,99.79757642549282,160.80229746669912,129.91910437136264,92.8251441616177,115.83235532134333,99.8412952398447,99.04269980470855,70.02360169545746
420,85.41163067183844,58.948796326088384,30.293503440439835,33.178596230221245,63.36009066682415,95.76661502427649,98.0690218412613,101.35085980709371,104.68682071215858,-22.927782680391033,15.106577340593844,68.47410712673994,65.33233289285539,39.59081628904934,62.25665153631726,103.23482931719677,131.2119405086984,128.0024847686323,74.70511622239111,80.6088466495741,116.61198556014993,123.53308266333846,92.72277617924449,122.87264735443264
421,88.14570135760678,94.27915036089456,87.53388038293843,90.29521190873982,92.25276147135747,137.2546168431415,140.5768302505738,132.02314313492664,131.63774222746142,139.26301389915847,109.52983234010918,102.06442817334843,95.82059882472737,106.83157780075727,112.1649294897563,114.59341083796164,150.64790565211757,146.89845028926047,129.23427933670618,109.23818409290749,84.28979746779166,67.7825390350913,21.986950038585704,-1.4748210347623854
422,42.72502057670277,86.38012461866577,78.68174689058208,92.73443799042329,136.85949482706525,152.2020303743395,156.08034012171802,148.01411575449126,117.91139908595142,120.43577497786629,108.49927438814413,101.09224078163149,76.62421760373313,75.13734831478848,50.98309483712875,93.00807804992574,116.49545829580079,113.22253288232751,107.74122704598891,65.87984117785672,87.69285592900215,76.40170299784393,101.17484237193172,64.35347827043866
423,67.19934190871516,54.962582104620914,63.40794510855494,46.97620511989834,67.1855143073395,109.36360656898168,76.18289080152343,37.03419338927228,53.55741865648895,57.40325413990128,57.14654120674151,45.22459368909234,35.41349311643863,34.56184599083903,56.70365968716704,68.96519951513898,115.22557091697769,143.00915593722857,107.41949113432744,82.06226545238708,43.19086690539689,44.54880173840662,66.59154268734281,93.16601625957841
424,80.97133759855544,110.99414853960297,100.38219770213433,95.61096280236566,119.29276224709525,153.98519393725394,169.26111422326,155.84865262087266,145.66457042378084,144.57519800525932,152.1887263711455,145.6956979126128,103.53920474356434,85.84454711330181,160.92567735148378,194.08340964262595,218.19423125026466,220.1257799258852,208.66290167816965,146.87451679177755,112.65309335957284,102.3947985783276,72.74793433229136,95.59052718390748
425,108.9266466959466,115.75729693339864,127.0328276739956,185.41285020893736,167.19028361735957,202.78629968865982,179.26651289168896,140.0706350360313,99.50355500271998,109.82223127302481,69.0721318284661,55.27315200571773,56.172122075194075,98.72771264135008,130.03070516663968,149.0813111337396,141.5195435983772,164.91065432741718,205.6030877779031,171.58460672259145,154.55145906092827,156.87211890941177,147.32735936656954,131.62649436734935
426,103.9327368527042,113.0835977844043,94.74561665958137,49.85318420934543,42.46495253313013,51.45705780516313,51.203112603584344,63.12220123830994,63.059629945975544,63.88114332403801,50.9381776401252,73.14432156701278,69.68773740499786,86.99521365881527,102.38916839887163,124.58961782099621,175.1860763700601,166.36613980160507,143.0825649118201,87.70853941770355,37.800093641984915,49.68170779190303,57.64963166555443,82.69770831728
427,34.06059980295976,55.93224900700697,67.84223828739009,110.38365577511279,72.79716303320374,113.06989828882134,80.89295188578818,70.81261896252533,50.394930203689235,62.76311587083602,67.46986824060576,83.82745413991931,88.36947057833868,43.08368455746958,57.610534207432806,70.0552495371434,111.25764595075654,125.07705621591221,112.19942322675043,65.03131717056134,65.36863172713657,84.54960922897679,104.86464690536697,134.31479846108152
428,61.60071868238837,27.145273282195106,11.535346101360226,-0.5122220228482206,27.021960877369963,37.3695889167401,43.59843890646761,7.117815958008691,5.55221613767047,-14.813237978732758,-31.202466837749625,-14.483698850115331,-9.215698272363383,37.84655711222078,61.24646838436824,121.74224013149279,144.8547250845612,173.55596761461285,131.95034569013245,99.9815670018436,103.52064475182992,163.61993839097101,180.4689625877575,166.90798199758422
429,118.56095779867283,107.06080640660326,86.48301327819004,72.55462213062259,107.17054763426748,143.66480808068826,141.21814990507886,116.63469174386563,122.39983477255201,111.02142803246439,109.9294334967151,62.6950928834911,55.623354596420285,71.69639115946673,95.21997792154099,98.40697231047506,129.46369289392348,118.60347245432665,138.14199027958054,132.84954811079365,130.03935660516322,117.51621325662724,126.3847867806061,99.74995013204071
430,82.6490895124954,65.75279468224788,51.21018575254238,69.6335731448552,106.17906761144157,99.55438468306328,153.41961935535736,106.11610992886608,140.35899805877622,153.5782651051196,115.03581330934848,122.43866992224784,74.93391635169301,62.358667815175544,84.96410187405327,116.37015025533584,157.9588481462076,167.45443038449514,163.97620950871763,150.32309111516608,162.26461717167024,140.11188845956045,91.57125180723884,91.66099405058452
431,45.77610781264417,28.507808150238787,0.2982418103340905,33.58698791833828,66.6772422105559,83.52898589115854,53.17399824864883,39.3398401684631,45.785099584604765,73.23483481212634,56.080312951483826,77.0290593089368,82.13160049100954,104.85177526388976,111.91039198990691,117.91592100667371,138.9235873864138,186.92621249108413,139.13556876230774,92.04684893241733,87.08793500831756,44.498333506223815,82.31241776739816,91.06471672557178
432,100.57617595897473,67.36055169441268,93.52744785407683,86.22413334880468,79.38338314365228,121.64154767081392,120.53058088825729,90.33126906226137,96.98117011842659,81.73407485809564,67.53281738437441,45.00246505767146,15.61919933452316,22.147446557955497,97.9742170106102,116.4537056586199,118.51636200167482,130.27069573447554,150.79109222879174,94.00516506976768,51.9662783766881,48.66649353993486,81.87187878804986,65.6501631436748
433,105.80745199869776,79.27483215394464,75.83961521657778,89.53414684990547,80.59755793376993,118.63563413139242,111.40700180048515,74.6895908200684,82.13683400562485,86.22334344200159,90.49856711321209,101.32320025713602,94.52726599850021,67.34567683597272,111.48496884204015,129.25802963381793,137.61300792006085,88.37047257546021,84.63660868428519,52.00668770101001,19.940169655074115,26.411016213478632,3.0400553739975607,31.431005510518226
434,59.800611081611734,79.54259282068885,99.53043691459797,107.36770119362066,120.22924541991603,172.67080118569885,145.9579354687122,115.82182903730836,106.17508229980015,75.36503042663959,49.26331951330295,48.16322240547669,-15.437083087138788,9.11383473733163,29.279455348414537,19.749787015998237,66.17373122299942,107.88313683426065,97.32482442195735,52.719573778644616,15.361066955596854,7.907627991560318,11.294712539113888,45.40222203311379
435,15.633212937599097,60.98067598367151,32.40471740426729,40.744788043487475,41.50964297736537,73.93844210814673,104.60968865032413,114.97969020825093,115.18656992207323,108.3950965410078,90.80560902911687,84.99564028644905,65.11075199343954,101.16697150761472,130.31038001792848,138.60773789144986,161.06590915512658,160.119718505488,130.8267298951017,66.10585054225908,123.84635109907987,104.40999231419062,79.61440790013776,112.2085410070489
436,51.654636602740965,8.002047306470928,36.80741767130388,20.78235688104555,99.79821418930221,130.2969532773224,101.83687982320154,83.47097539707342,71.8936765068695,42.213648164593245,59.9823068577397,75.7106463729342,95.8105883404867,93.57435389725805,73.81733347902976,80.95598792715647,122.74659985087648,141.97594665938425,140.41909812895628,115.53554473973928,95.12416888333404,89.91215792440278,95.60614435474744,89.81831225411455
437,98.38976848664328,78.39789840571592,90.57411799768855,89.51569363041301,134.2767647654178,157.51759238478326,169.33871350549236,79.19047293404964,57.78582910740021,82.27033039813765,86.09103793597748,64.52685156617689,81.29946855472897,81.40293628889131,88.59742905141543,139.52944891121774,149.6100598081675,145.05739590153334,139.01620028843993,131.93493517613655,127.74007990524946,111.33751075883599,102.822470907827,60.97122542438356
438,72.55389943932929,84.83114933985968,45.9003492201595,37.47656048351155,70.96546366558752,148.32023567088095,149.0407401712245,114.42468445884154,106.58604121790054,74.4405904416746,107.81969948331638,57.46326233107153,15.395862391358222,36.77591296372203,90.5840700827537,117.85837708154325,118.74521499889246,178.15470736825083,163.40060714217444,126.70434478166008,170.16470367681904,172.076884303069,125.96927677437239,65.79316331028805
439,57.21800497094755,98.72816662917154,78.51868131075341,58.08478955606938,89.884996125808,97.00955433098423,109.68063309272168,89.89671403350162,109.94240686102094,114.33250694573192,88.63522214459279,59.41282813610316,48.877949742577385,49.703602805196304,90.16822675603044,136.8078895859085,160.50476739905298,120.29843451471844,138.0605590917777,122.95130761244349,165.2404405463967,118.73737874559717,107.28887009883258,103.71867654092978
440,75.05164290368032,27.96417905719806,26.423415738547163,48.401180595474685,69.73309544847572,126.14386310504855,108.84295607104585,122.87984400657398,99.13741324754508,89.2112375110852,82.46093664020155,57.18937381900234,71.32451815780973,66.11107772771072,33.42468339568026,109.83701649009015,146.55781528862803,147.8525437048049,157.27194136571347,156.29013876995975,130.71988868286778,99.59929045032568,90.95610837131525,73.57994620130171
441,81.54312420639934,69.7340974594772,48.496107744747434,63.05363782348181,113.45225791932836,92.74619421259492,111.2297696669908,101.27767536643373,134.96200540696483,132.76878412645496,114.73332803784407,121.02081499835447,122.9127453660507,134.48454082900383,128.93712225112625,143.74210794083052,191.73283345289516,226.42270075975566,196.73783242837624,153.45314781974596,174.1876022512381,144.90778759757865,112.71932867360422,86.34949908077664
442,44.527184555648645,20.152235715611205,56.83947890195964,109.69578438600664,155.76285943701208,173.32541283288552,158.08973071895167,149.8918257622955,143.52713652292695,148.40377361152494,126.03933282148452,137.69001717230594,155.5414494085204,190.41971691046956,160.75785798347226,176.75122280975492,215.7353570802394,225.47705374555062,190.77331995748992,191.50243754724545,133.77620926699382,158.7703512943113,153.17198243084295,103.22507298960018
443,93.37943530893794,75.88354544483579,53.954873743887205,95.18450290636444,73.95373446300135,117.90854669018749,114.26171850894315,114.98755852350476,140.61833060678939,98.3634748029782,63.492673230368894,47.44956658720906,-10.554691654662761,-31.352338783448005,7.970122107972713,19.773568021574008,101.31334950021468,100.88127417154186,104.3473840091321,74.7571852803853,52.182247507192145,20.65182478482818,27.32469262005784,-4.182304640209082
444,57.177150030485194,-18.1099418894742,-1.8039853791829756,28.95675467419369,53.86562819936831,119.29601459992578,148.6918223572422,123.22183635646353,100.1434669602366,104.90230715631596,107.98818646944277,95.82807575187346,74.92967816292524,65.05429111306852,93.87394797100939,133.42618376644643,116.74328809054253,92.47165347912266,92.76567258641319,74.13035689507805,43.815448664113546,17.52557910150982,28.873979590011075,24.653448588836568
445,9.311273505212796,3.5855200058773704,-5.186055102620529,-15.82426594907875,13.261982606053351,64.3158766717873,58.20393636612343,52.03886189206527,62.94116057998219,75.64486066754644,34.32940926631632,69.55969839173032,58.23907822010662,64.83121659241635,88.60851012762022,137.01564388955723,184.50649199187524,176.63595887492932,126.59017611697075,113.23729835018939,119.69823398020993,130.26049584108995,132.8802639538486,146.30415321436234
446,46.56273550834857,71.70507686148477,96.41585655321006,104.60793343275199,87.08446345910754,105.53302450906101,108.36698627950712,81.63240417050594,58.745761909962425,37.10629752215232,66.95516578673778,93.82637942461938,69.01964942209764,72.68754507855476,77.90354242043574,120.27785269944506,148.35492764972145,170.5326159153032,146.68741430898953,138.76740833217508,148.89290170875557,96.42075711274751,114.45303718103789,157.9137586882054
447,156.51148831326032,156.66861466882582,134.58542559539515,148.28311900576705,140.84938896072623,167.384586953802,150.71536416477986,114.00538188502688,102.578850632574,96.82580896069075,112.57778816872253,95.18435534190698,81.01265062629466,46.94714471791917,59.82529121555909,82.10634149329063,82.65461350244988,118.21312892607442,107.74036217802791,77.81374703132671,62.96456163886274,95.65484997127302,71.78135251093416,76.91751222315429
448,137.24720572969005,147.61886954580854,91.23506717043448,98.00979163901411,105.99956862554095,120.31259568821119,136.39166896922097,105.892748447616,74.3932932776718,56.47969985027903,17.227375574555047,30.98022776222178,15.949527913197947,50.32315680691167,94.21007684100283,141.1130803579636,144.75599425444722,135.70362271694339,127.18482408739625,109.66762910403433,68.96994252459385,44.23085287843473,103.98342590625765,114.46741820495615
449,23.673005325482954,23.910449126308514,27.796523270340415,44.76863690759402,94.30545908439917,119.90429334319525,94.5698970842445,78.92147650940336,76.39423466934204,70.9329830043038,72.6265702222085,37.63910907308896,79.38362591534386,79.88823179595717,107.54894862774695,143.81228409259546,163.87622430294047,139.76400145348097,135.38800516972478,78.22747813512206,94.48140324337072,73.2064655551253,31.44671454800288,-8.978534042203819
450,114.7228792600039,129.75969481317435,118.01911623395353,93.93543907955703,150.3271898128276,217.85919430457287,173.17943014095277,118.4523561176143,146.80646970577774,164.8414118829343,187.35133099399042,132.28825896880116,114.61112346400527,111.33470940647996,105.31571126092084,123.81097589058804,141.58893805510286,149.02578840565636,144.3331254530042,110.94021419979109,65.02757874758854,65.1453244408568,-6.10367574904447,16.10933510393076
451,65.633764154647,102.09080954780075,99.99802537588084,122.37522709606208,108.38301864244063,109.51843550923445,94.25232298131687,60.31590972065331,93.6326539593076,79.20886754934652,51.73447002095317,89.01398007339705,84.79120087137599,123.76345770857812,155.3741486022195,146.05842799391075,166.02257736692567,186.20271670261204,123.5827132273089,77.14224647698285,77.8731627983732,75.24626991783498,58.43399208964651,23.480713879287308
452,60.185585192251935,26.35699203669519,20.947889802845452,71.14220226433324,81.03106578306937,122.69962489461635,148.24957162522492,85.97079171364015,42.08218858955007,37.64947174655357,33.926530371458455,15.24485996239406,32.05746658732403,47.447194312761425,56.17825743225051,52.13721243284239,136.93589393381126,124.58700755293515,132.68496386831194,117.52106305703883,100.84022493596201,67.71139237728639,51.552072526444036,23.86158576505545
453,18.58791068436497,47.24123520977915,72.53087436969042,68.94863683469191,101.98682481030235,130.2887928553704,129.0009614939425,131.4298258942657,106.99131141705101,89.9925420249265,70.50901548240616,97.59995962619594,97.16597160328868,102.83009904188681,141.2128982041658,165.51063008969297,184.6794292382766,193.20337951183404,183.31293987769467,134.426367556624,150.24742684052057,92.39767022353512,106.78423193707106,99.01467056296651
454,45.25145556630182,15.99879988566861,17.030219609352578,75.68530968761954,70.47543340662712,113.07079668385323,74.94806373193539,38.39770119729662,45.4353632125258,29.413075272427996,32.739604726173646,9.377546455387183,32.82839104185664,34.819144658993395,68.34323116247369,76.02989339186729,105.87786311346068,99.01434963468574,77.89552515238489,11.697156972704704,37.207286567716025,37.11346268600606,55.96028275442451,80.14600893756662
455,87.7640016899698,38.90383188634459,50.06991029930208,73.61981695200836,110.57343288044947,107.12488185206932,131.6273092168763,134.95459592069002,97.52040082702301,107.44138446426248,127.71865229359591,85.74314792777344,78.12492676416973,75.49370298953531,67.68442486234574,136.9722197283782,208.31532249040245,172.00405385547913,140.5198292675457,122.59199910132097,128.530196421666,100.28432597454612,109.60810029020902,73.8561965910503
456,67.09119091484021,79.03150878684373,88.44234558996561,59.51652100887425,119.83432484011527,167.55583502790518,136.39885335633963,131.45005161192023,77.4998814760631,65.21646975906292,32.213144213721776,70.38572311484393,90.12946347353987,101.19029087689196,123.70526938339196,156.1429266227542,148.75852127581737,134.11662955628128,108.23089779688564,84.76499844148273,76.66076501185222,116.71230956280905,92.37548924454354,108.97912915563978
457,10.825325122282635,18.78519114945947,4.481653753272141,58.434860128723344,111.97541818168975,169.21838635342078,178.14347063188814,146.1048162594009,148.10740430505848,129.5924695694826,85.94619842589034,79.69752586145918,76.69339369173544,47.68890631633145,60.26278209364732,68.98069778932091,85.2432024202479,98.02909103598395,110.058093152215,90.9196399637436,82.96615867324098,96.82440219113502,111.83022601057895,100.72737046687848
458,120.63537930173555,88.04629760750362,77.99215900390939,71.96404506434692,114.55594156288365,160.77937935209582,141.52614055356514,86.25028135052992,95.58128058044583,89.45777033599882,78.41113968118346,48.09485830553693,92.24339772805985,91.95833357039763,123.52993576528871,130.09945473656148,168.26612118589975,196.3902292576383,169.23766843801232,104.60921102459716,107.76489264847868,40.83662414986715,82.70523563443301,58.212266080639644
459,86.12804290417131,36.05747407329992,83.15448879717309,72.31742721821203,110.14538508515928,102.14151746763727,96.42287119663794,78.59707428279123,71.17438744395406,98.51285455543926,95.27495098629818,66.25722122226006,82.98456988932959,76.32180972412151,95.4587330266871,114.59388865112749,128.510835512893,108.71870659297645,98.60194010469893,77.11886069026045,80.08151937603515,62.790925640725284,69.7557352719983,77.17525107221167
460,83.57149389489429,92.77878531097352,109.22901664056788,87.59427359746269,103.6620224236496,143.47596271872484,133.6850228877536,109.77922570502757,113.5790374675061,74.0018006100624,51.38669486645723,26.41414571966891,14.480991933126461,37.76354764390672,41.17134954810095,46.339716596304825,78.43572346834615,86.56566151927683,79.26915302306233,99.00583782395904,97.15161186523953,100.3406088105372,88.77228190137983,90.88294440859892
461,76.62973886602822,65.9701278629189,49.43229531597518,52.07098609410654,43.12642807310021,93.03344350560928,143.57594400374802,120.66069905020356,62.02758160812418,90.73220953260784,107.06584973036446,72.72068834681619,40.97891772009558,52.52065147269445,81.68495366078768,135.86853246594978,169.6294664950797,213.83413693215698,200.71905922602804,174.60612588872704,184.07613458549054,146.26961879898093,91.24261696731472,40.44291422064522
462,89.79796679442802,69.79680436587088,102.49940169552616,101.53472186322043,81.55143232959537,101.71214770390574,107.27504478301923,73.58899986444537,50.070645673073095,63.6081093447666,76.38277567614253,54.86790260307554,33.74319332497184,47.51254440197616,58.69399676013498,84.0530501002417,85.43885760204255,123.20091560310841,131.45933420933983,104.86702196986799,133.21589040465034,102.38557858072511,110.1333986613536,54.61614592966078
463,66.27368184508663,83.07037062755822,49.89706250010441,54.48856912438795,80.00196595250104,76.1516904186568,97.60145822494168,73.87153513939238,66.43916307788504,59.01662239026239,62.920447613353716,64.17756117747525,97.08605179738628,101.82785543279236,112.48999236846569,120.12661576209852,121.5740735502161,128.05466457798173,109.21102131622013,101.66823620715883,131.3788945965329,137.3403136525927,115.45602446509874,103.59417098487418
464,108.6869069568574,82.41122025042755,91.32912591860679,103.38079133395703,133.72209448229208,155.68888112599464,171.39461728331227,150.41535105480938,120.13709422148429,73.84944136990742,131.13638905625803,135.4551120557337,146.6575078390396,138.74088318826261,152.3940410754766,174.46298376612484,160.4103740714362,170.31363997661524,147.99149161203724,146.5988250023151,133.87513591353033,95.62424806864226,77.59707387487447,83.22411935229654
465,125.16965982029382,128.89314272727648,125.6457595697365,126.14479534224341,110.34755902980301,176.32200411479218,145.81438508092268,133.56959860771764,155.58477795631228,104.64943747445278,128.50259676268442,136.26904918126212,138.4643995335058,135.83271218766043,65.92960069578874,104.17823355863679,158.97376584218216,179.76583371719408,162.9160057589998,124.06288464702226,134.74403986383584,126.54799739069509,111.89348086144598,118.48337396237143
466,-50.86057055373465,4.659200933197795,16.455991026266894,-26.741038947862933,8.712152462718919,65.67416195659435,63.44131936322769,91.71399962371478,67.1283238984419,87.66147268738924,49.59567438939588,12.234930403427768,36.73130871636967,105.07450973779947,120.12609258600386,188.9697614170706,190.66283683377793,177.33554375743563,151.63228431050652,117.65237985035307,111.85989003792122,166.42054467939045,119.13974351718386,122.2018759107375
467,67.21663779255599,24.649550886862095,18.58545254668629,24.053254864773976,40.83853420779998,76.67095632175506,85.98925319739524,78.81926690221694,9.001157271701757,-1.3512556533206066,14.280761756845244,22.523834255433798,45.37492804074955,84.61346115688629,95.43636639496542,117.80758725711688,151.3967081501859,161.20708467015982,164.2621639346349,128.37574789612648,108.3768340011321,99.17518582375983,90.82197675099394,96.80499507005968
468,103.30466687782061,110.33609936562993,102.31518213885734,115.78378076188683,147.43074403358105,217.7391980148893,202.53381010300802,166.99745104501233,135.6649481170133,103.83754757644168,76.0982724082876,46.01130098094077,44.89561677525231,81.28964085179035,100.81552074573153,139.51412337044025,172.37108339100422,149.89895067560684,173.41303168547813,104.02721030302904,103.79994286790713,60.1569164627793,60.591505783412245,73.46937375367418
469,-8.73994126834583,19.085549396387904,5.748573545059884,1.084603329499629,30.396287803975916,77.03648274868324,99.42403401101276,105.7112120668394,119.14412611231148,98.96314064583916,115.47557992794098,104.32611613430703,70.16314007418869,55.37226925851126,95.43464550553776,104.03184792274014,144.83240095661193,142.66317073427413,167.56364889825014,125.35581668352064,143.7760022870304,135.072573869334,117.19694391076622,88.34109916534688
470,90.25101849246369,103.93258808392002,87.54770718490317,48.466616216947465,72.56445709614911,94.23539942471236,93.07901482626178,70.64185476851294,24.3830565905404,48.6214617068417,74.0875744950725,105.15164431778618,96.79638263285105,133.63852393240757,179.96493182603396,187.5253119764113,194.7473311704791,207.18314337489846,180.72040856158168,181.60924495518586,151.23369481997224,115.1172566409462,106.11129320472986,91.73669333694718
471,90.32133839231176,96.59695855506956,73.47167621795946,93.89730654569252,97.41401651318338,104.94290406657352,86.93274181359808,77.08073422776239,46.71900460467497,26.348843575368676,51.24848697611897,69.6178749261498,61.39278684252346,44.26521182880235,14.29460256479041,33.38024556986075,85.45356206267668,120.58627571809262,112.51737881864322,61.370912905795976,67.29515330754768,77.20489279688019,70.27814991567992,78.82480389309461
472,35.8102168744004,33.27711951265142,9.550342519886136,53.349506472891,51.27304116585975,104.17363780347378,89.49611223045386,63.063198339886114,74.7085475124978,56.56382090862543,42.56564944437619,29.091878665096253,29.422223378070186,48.796777566303234,69.90385534909989,82.84541958864294,144.33314908812318,151.91465805368563,155.26167014712698,96.4641788584625,80.12763057326652,82.36950171741252,40.82614415381212,87.27291462127079
473,55.89401124990863,49.64553796963769,56.063667316461206,42.76486980773007,58.22656178789483,45.4930966618836,83.98562517969562,55.05328877727321,49.244129779843476,58.045780131835194,51.64323653584566,80.90048939792479,32.54700596388237,87.02619839406765,68.25766048164695,118.91575873681451,130.02357634815607,152.60994929872805,129.2384118093526,94.79757803573467,88.7050255083009,92.5203524930021,74.78091579411856,68.08369319674478
474,49.93630951506296,82.08661247805304,101.37897636008125,133.24265981736747,139.59740668396466,146.3329767859347,168.55151927776734,109.66554158312222,91.9754039841991,112.28194098121199,56.594055867150296,55.900615037069066,76.30587825121417,104.50646668203687,101.95209231430928,86.16581861539231,110.46818105436193,144.74475013490735,152.26912753834023,92.92234226043232,112.51915055015002,98.3294934638457,77.02400846786367,106.60427682558486
475,110.04380761099202,88.92416298958872,88.53434929560541,50.32050903266757,9.80321453672326,39.31328742688835,71.56238531338607,34.69689440343791,4.954185054849091,23.869134415931654,52.165262047566785,71.66891452128648,78.87330633272427,85.52409199605603,90.55217992297968,114.79782734730166,143.9710957482814,145.35835085689737,125.52291064112568,117.44778597741733,138.54493326148827,151.5606721684134,145.31047268917388,146.28302843218805
476,42.327770251155,48.16750305405344,58.926476387480584,84.56147935855499,107.428778613269,156.65448159889013,142.22783455618358,96.16325856440352,66.39125690738689,85.32762946917418,79.86095016588712,71.52567435723195,59.610342220394124,99.58105204239494,108.94382223921714,109.56643871682624,178.79618763035495,209.86360454638756,178.6881163694609,127.81301169820165,131.81182124663744,93.74893854565836,75.02203698754705,87.59837315000733
477,56.81611425167624,61.88666136046295,70.24652821217279,53.52683724617119,122.0386573485778,142.8919390183616,133.79402483939208,125.5944150251419,104.62309060534085,78.91776448556462,63.77287511948232,79.56324022628608,76.55829887216815,112.49219191709228,106.72305410464647,112.08093937265139,121.78681588024305,127.11988787785862,83.61913114434006,44.7592250986019,37.86600112973015,52.72725250042474,54.40023943073686,22.180863247338166
478,41.725095364134894,17.001149673217284,117.2205749617176,71.13927687304424,85.03272463825556,109.46670956155938,107.46774444560128,76.81623325598926,102.73975286187914,100.13215976835218,98.71196082018164,87.90668438592667,70.08806626536516,129.0280505587671,147.5218166631174,158.4289405817774,178.28111457113846,221.5604062008094,191.2986719602804,148.87175561197816,139.85745822097016,123.70691350762773,73.12887168854394,35.536728141821605
479,100.08952440669688,100.79052098428508,28.567269689952823,60.83132450027033,100.81752016373441,120.52207895567958,89.28987287326474,110.09871656398496,98.39074439169481,97.0786071871369,103.33358264121048,85.83644191844637,101.79638245161468,159.11055482138386,159.30287025617807,124.84183247381674,148.87803059335747,167.14008893867785,178.62999593103893,127.31504735211507,96.87805339496317,58.48748625379958,67.39669309285607,89.21599179893308
480,86.13285870180168,59.319423378597904,82.99246201447261,78.17854357701678,115.98235816050033,154.3493877645838,131.32676258285943,133.3869258761994,90.30022574345617,91.75038458991851,47.21893272489228,38.32403323968194,37.64146592278545,57.75993480085992,79.90636438137291,103.36955030733463,164.526039776299,152.3407004967553,172.75093430783446,133.73636275185723,100.66930321084178,72.02842228975686,71.2801818826003,61.05141599433577
481,11.645536900804899,41.1331564698438,26.644376662582026,43.866448383472346,89.60095775634092,129.26831838023776,95.47430468609589,80.79708419743675,90.5607571439371,51.49534719294681,108.40436803616015,113.6555748388677,122.80911428560427,104.89123438593559,97.45652312827603,127.67149566929186,139.1017561594409,127.33924009813552,122.48680211307533,87.5044477746695,89.9853232356281,61.15470323040575,70.44953573910576,87.1193902622048
482,90.90285637845975,129.7103718048664,151.64963704687858,131.76700198029425,129.11603406813995,137.1528644864923,133.5216463635377,127.08799231021561,116.6189789224743,103.00340229662108,101.44595284301842,102.32072009406042,92.45527934566468,103.88716710917241,131.31338772271198,145.79473508181567,162.6322095003029,178.04210709202982,138.23529156279912,127.65968265500123,134.19238128548676,138.82353910839723,122.37326741703541,90.06439485747381
483,27.885905884181298,55.598962944073904,87.54163453014786,74.6403753236827,65.70019824817616,85.5737277256886,89.05326760224237,82.09832688536635,74.91085910248742,80.72352782599798,98.85802214202978,106.09614683434492,72.86572543051311,117.14992286219656,145.755412650374,117.48271659071736,164.6471311849722,178.05580737612843,183.10778880426744,116.91381476691879,112.25579959683193,137.4290961886757,113.45071346959737,110.78367483241092
484,10.26060193576837,8.232976717954621,1.5071032162574198,43.810386316721974,95.3813398795407,162.25052448726655,138.95851782893348,128.10847020553655,89.39413802391442,92.21238090047618,123.36426521901814,81.54561391993833,69.57779864943585,71.96556166108273,79.95290690501751,105.64793031976063,168.93453746804104,182.36255195679868,182.06379340603593,126.22936526512949,114.42622952717176,124.02698671803037,110.89859175185029,64.09751097194894
485,127.93024264690345,99.20073327492484,114.08475088302919,120.60004421565814,102.40844971058131,152.34211725082386,124.80570519819129,65.11440541549314,93.27966429056124,115.97046059726186,97.30324391404862,96.98080735794916,81.8967636318819,101.52763869161281,132.6031179164849,146.4680702195158,180.14965839680457,184.2226385077726,148.62704804580298,140.04135063465023,132.9572393067154,159.7060172713608,134.0784980706174,121.48047356555334
486,53.33361727003908,50.147660956497376,47.31920756793028,49.400328674560285,43.49930965955066,104.89577589579568,145.62892213489482,127.18092609375874,106.26868215028135,131.22667426613242,97.72601551315947,97.7487364143372,90.71238661144157,76.47799261860258,140.81309496545578,139.05046071674832,158.35809440905336,152.48164726935315,133.87385299275837,102.84733901370114,51.6990527360701,34.43680253481063,41.46521445390715,59.48120338782263
487,112.11891983532473,81.32882914684319,94.52781307143444,93.48934243846033,116.40116482066428,142.69809737343851,106.34252355545594,73.9772015832824,57.12251242657807,98.87134615742241,126.46255036632752,105.31671505690389,86.01001092337427,80.54164665427263,55.41591586474905,43.514065822019575,87.17690685457399,136.27896303237148,83.77203582436681,35.78670134482688,41.91902180359938,51.35387943121488,49.575688322677856,68.57684056757984
488,166.24439530553715,113.0175748157513,110.85221676851161,80.48444668096963,105.17862464512325,150.1078121909454,114.84109751539123,88.97517300180249,100.0446702674287,75.29879796627147,44.03673770282225,24.87915076104734,45.050504550192144,69.28951500821381,112.15705387209042,111.91856658323313,139.03040129203194,151.1012905462143,113.0934995648834,89.28651245333187,106.21418357750085,87.29338498142386,96.32275194049527,85.40645993972663
489,87.61815448367547,57.99603086873948,86.52941702510009,94.00421203131482,139.87707279440562,173.78346143552324,128.3448725905037,107.05919787872152,96.47901229960235,77.89150563443734,49.06260418560869,8.204480641231065,34.78427698731646,44.67298747539823,67.71617579668614,101.78456808714796,170.52471930539073,142.7050512356584,138.83940022424468,104.34682433819326,106.74884593857243,106.75160476211256,111.11575419521921,105.61603995651468
490,104.35474820150698,127.19861314673395,76.91607543738826,109.1106058389593,119.92054828850688,149.55869704125806,151.51763696280685,98.52018472165287,139.2406552367976,127.60336679971286,99.4325464377498,86.93385950616366,60.466457848135164,54.69450844054822,67.81851483119333,99.35653945822895,141.62612708444868,112.7388372180231,120.53219775997276,86.56138261985302,123.62052652310824,141.36461289292737,102.02783231071058,132.31691561992386
491,36.018845985615556,66.89083924409195,44.6177389958124,49.59307461356812,91.0522599798517,121.7204988858517,114.08270152735649,103.66688883096919,121.76654575086451,143.82425010511466,117.65652070498214,119.21266835932303,123.10217393199994,107.99264900226231,146.64756125176652,121.46720269772882,143.96799702551962,127.85504779196128,145.23907936516179,143.59784273105475,119.54610869321947,94.25615724254011,86.32899831273294,75.281994700143
492,60.30295146796095,114.06510538931016,97.22216748512884,96.27409696248984,152.499272035866,127.68263367945084,106.09500826143996,120.12813250808597,106.06071567689918,70.1036973836886,85.06090201039848,80.56718042654407,50.41668997473495,83.68545033632968,94.48919219524984,118.87799271484081,193.47475512468742,176.76952354403278,156.13844390481216,122.65036658931902,97.6995136393343,80.88000879721955,96.88301660027685,102.71934583356871
493,43.91853125335827,9.812455365109791,2.6035772189215436,0.17339177088967972,70.96916264404868,140.3190101057382,147.7289919264888,151.24736094695749,116.98021797838955,121.72680655369378,70.588034273863,19.53500941063941,12.121430532295946,4.006204714029465,32.72197739702227,43.07795815583117,64.79829076632458,86.90669311827455,107.14980674616194,96.73670392403625,85.65274352474073,79.17613366465716,63.34390210387436,86.19437124281224
494,67.99442453645342,88.9931884709876,56.77313686656292,65.61952107673804,63.41221508071935,89.22138124937047,104.01259994693689,118.69932613260951,110.2060832840239,88.85694075163137,82.8053464195799,66.90758512810433,31.811300922310615,62.7198370840034,85.5118483415472,100.64296461078631,132.30612967073097,194.13064142044547,179.28653334631653,150.28998540331048,150.00416559705084,132.49272358477083,125.28658092267216,114.92131960208233
495,52.27707746517964,70.5661835799772,79.29910124770501,72.50174861352026,90.10061432515673,139.03389110313248,150.75787379072446,133.33962554694193,133.17843418266526,116.67781461599893,120.4631316298005,148.62802182990825,143.2058828983751,89.69681123983952,66.98901618170618,114.00557361506488,143.5520288902878,140.0822049042421,119.68231204260182,105.58473915951082,96.56540139997999,86.04446166615851,80.23466961308112,136.29114236035838
496,76.43977951850731,82.61925112658433,50.448825473981856,102.61422116491201,106.54962364507068,139.9074037978076,116.97804155978682,125.9673734776675,114.31500472769721,121.84692772359823,117.84674537004577,113.69942794327302,93.73401639913726,142.9192671270188,129.67178308536435,120.3218667315196,153.3648675937625,194.08817331061118,197.8464796358286,154.42029771455316,147.48593868852902,92.1693376664026,61.02877227847234,43.79151504921404
497,104.68507348754868,132.99879434453527,121.0007562472075,149.80843573098085,179.93923796504177,201.90610594028755,193.94564181908842,193.94247023009171,168.48854122142927,162.82242755062612,149.51578146678543,112.40166997306213,132.51144839868076,115.59015412856526,91.27526638658145,97.85178949366038,99.72470704694106,156.1547429202871,170.253711434783,128.8733749059818,121.09087542959467,104.1148475091556,114.65560817064886,102.09254172482578
498,-71.69062299987462,-70.16219573275552,-2.432991159715314,41.87109003597395,35.889232843922834,63.64591141086004,66.5636708936217,65.43807460556143,88.94071757017437,69.36787159749026,77.33445503845046,97.76732629388876,59.32222686289723,64.08680594265726,65.43739994031952,103.36639941121389,115.93003550942463,114.79914791330673,108.81786128261221,72.32116450990529,57.900956049861975,51.51587575845911,47.30380491305919,81.90618905177499
499,81.25018058828353,111.99561970906171,134.66711834790192,102.75807550308897,132.24897698354184,133.6862203413213,125.14025975593054,99.45080145479224,98.10632220923875,93.6687873892886,41.897648028280756,48.2691578573642,50.5036447165442,53.73893058074671,76.85609863143235,132.68279186397712,148.6993345841719,155.94362718763756,170.94222118532602,98.04984542883042,65.34957498716432,71.97934244377063,61.12674964874919,37.73453058868239
500,106.61709273428887,83.21489911676072,39.48802516482082,41.6596715670026,68.48126289994855,136.46133087174408,185.56481875695738,155.41038847346644,145.3590611240089,192.45761404692843,229.769826842123,200.08633818767845,161.17320828965074,136.30076344840353,178.18808580834573,167.02318924911967,202.31976034738608,175.07015831871155,158.30443631351045,90.90174779916673,108.26979929432973,102.49742727063418,83.36690798990858,53.18347023369423
501,99.44348727586465,51.9001947433953,47.25076707853885,39.87636135569057,84.60793220363782,116.59750372789985,125.8884917794026,88.44740773725657,70.35058543838706,85.88075154021035,63.709214836915535,48.114598229427884,37.436274350693154,51.19993751978896,94.60827987534059,143.72148241198605,213.50805271407165,184.48062020745,181.41139380187684,152.26016166979747,108.51925567053043,93.86668633649225,111.31472102144151,139.40706410141306
502,134.25702695908615,113.29989477249892,140.9007805829864,146.26817595507953,182.18830214308292,226.26435016658087,161.8185948201656,135.56487583336275,105.70449245908696,117.21576582694004,108.64973602572188,71.9690871467873,21.42963296345291,33.242776157911415,70.13584076510952,107.57393794213284,97.27669161308609,124.5577292775038,118.79401800244116,70.04178342076207,88.15191171994836,42.90962033964624,42.16703040374224,49.824359035158146
503,40.24608590933245,71.51927084869646,60.93817014089355,102.93516009343216,87.46860387687708,134.39262695642105,106.73701423131746,120.02640584874796,112.10993467126185,68.16701437977441,76.21518343365514,66.50689110155962,53.74191631224177,96.28214987266543,91.4821933194035,95.33053844960894,148.90124517132244,156.65218377957544,137.16454526505464,93.69477954175903,80.34484938001629,84.74108317670468,83.76809273575601,86.38754839137201
504,28.757642681551516,39.32057178921346,92.23521507558297,141.57925266940873,177.54172151364622,211.87708735446824,212.93122677840216,134.24325567474915,70.79916632841758,85.79654714498946,61.09338619030332,83.39117237171328,100.64760708425814,127.33022108127511,110.58339447922907,174.8328861862202,186.91375243046082,156.13977187003678,176.2581655342557,100.08763181807814,93.27871608347309,91.30934594882834,106.24967524468224,129.4774077979135
505,101.11379396981641,99.91700615506635,52.66137173354906,67.86431375260156,71.14906836241917,123.11648145968199,125.32672314921969,94.46622152581396,83.92084246715791,58.637260628394515,43.77645506667939,35.958843140171595,43.60871320723,93.37438707489048,119.33993947857472,199.90882503709963,192.68114928877588,196.17563880493122,149.3178871693296,126.46660428327147,116.74016504215585,108.9338035905058,60.7949148556301,58.180173668742704
506,34.53829172000907,68.35716474147345,62.57803380095938,66.39074285732556,85.62761123558087,102.13840663922971,88.11152178071009,91.85802721241487,82.97892367444244,102.34834389328277,101.38828047398053,68.4309656163059,72.8236203254615,29.927036636337313,19.366898789784287,35.4537845165776,63.00237194184284,79.72225827665343,33.612418146765805,28.070364164728147,28.36036260285995,46.13583120179479,39.4736529456433,75.79292927615107
507,119.87674459040016,124.4934365630653,134.78642135381745,131.37750901079525,135.99610613753794,152.63197868808447,164.97232015626304,110.05051022959249,104.77147631852972,120.96926752967497,72.46973097025402,80.06528631435522,106.4224328739419,123.01797561215872,113.52063050811196,122.83229057606901,142.1669212725365,153.80429766059243,109.48555955872456,49.62884750518309,79.23895619412417,95.86359855652222,113.44067898428699,81.8384495537827
508,133.7554788115577,162.68454169422517,157.4911948866997,157.6654200343042,166.9950337496748,199.04368687208327,152.59000582493815,75.32468115081664,61.28010862225693,31.115651073458594,13.658877126010843,28.139754680817042,35.49236899623191,46.854121586985514,56.17836085164694,113.83381243803154,141.8864736889652,144.6780407813105,106.26774909967202,75.40109200256256,121.52042417481444,165.36836195723717,159.06659431077728,150.01900622541856
509,75.08115865077981,91.50720761051741,85.76837863655105,73.25079232425429,122.73184933202526,134.0449525444907,145.6253218444725,119.1927955560964,158.0357516900395,136.17166051495118,152.57581300601936,130.96596040532026,116.25511413529226,130.65820466850414,138.5370946655341,163.2656147040197,194.79512093430026,213.43799858402716,184.49611051463233,135.41425241294684,142.36122752118507,120.19445568216588,119.66408100843911,114.73862408610765
510,23.428338914215438,5.018899915079174,39.78383256992373,57.854777948607875,85.1644052368666,88.38791182789848,111.38194231321197,116.23392711419929,122.6639033398442,132.58318215258075,96.03737137498445,100.05227791759431,44.51837399573357,88.36400129451589,96.17580310946698,102.64583073104384,127.98490229037208,134.7067377941951,131.94229245800355,105.02774991239312,51.15164326468018,25.01908028789505,11.443332605502363,-17.827228039730684
511,81.80190088375308,99.68444170899554,69.66851829452689,70.89352703894988,75.0722034143271,95.20299243683243,143.19642972406936,157.43856102010955,158.99047899982781,149.5027882659116,116.11383010736448,86.45851099157254,73.37786731454416,64.79043721722765,76.11808306211803,69.50002427709323,128.3811189248627,136.62314912088354,109.56849231577529,57.23638569628626,52.58673213015055,23.807304790196355,-6.4050617567490065,-23.700135978463422
512,96.76792313023748,53.66636353997909,81.94710952757875,58.52457386445277,87.85850971002445,105.18881196766637,123.91039013350957,87.98373773934142,58.56859099706607,80.07349612425915,65.50362823170289,89.1048725483337,99.96197002338957,115.59441494044343,87.23358888500722,126.67064033780085,68.52428591806002,71.53537517029427,81.34357244978168,90.15699253554641,92.49070152048978,99.12765731552992,65.34079204123323,55.04215800724737
513,53.575021663216546,64.23343809079167,47.032591139816184,57.359102018310445,131.24316161172206,134.92740528558113,156.11235333526756,106.27579449988079,95.03732135999026,114.51161919818966,116.042812533101,95.41547654296934,89.29163142959939,81.60261539136206,122.29881147685255,161.1418043819645,185.5521054223207,167.73460383471422,154.9942883574753,108.53519965075755,114.15020830321517,106.940196484923,51.72116676886446,78.06756480715731
514,56.36318925847223,38.078882067683686,33.074824919304454,35.765939443532844,51.30199555164828,64.27330609623381,40.5740699538582,10.01643222819348,-13.194576709157573,15.196555727642888,-15.96504502286433,-15.48573513050151,-22.85497862557196,7.486372674967711,17.83786148189904,55.87982145459531,105.2743054758103,121.67254514589881,134.92711600567083,115.1186894462711,111.74940758185053,107.4537570149648,134.59420985737762,138.3062000681371
515,86.35183172227389,76.34757405068117,108.79178893697267,121.28139328031145,150.04430418381367,189.04601874148662,146.1520633191705,120.92813599798018,66.83445806373607,51.0142992750727,43.368447579062945,56.740102402696095,36.917258301998345,68.0651707475219,78.01622393977624,89.82642038451112,146.4763567760105,169.8337227558606,135.7129299697517,118.89139661868388,125.29907737139295,95.34059418256986,85.57564209761719,89.79953448516932
516,73.22609276358236,55.03474817386483,57.378828533733284,52.05508953049359,63.905665944832464,106.85557707486788,108.91019330923768,72.399743882219,32.94646410811247,45.92144031754593,30.53248206993193,49.23923727275284,35.261261184119675,7.670992860454348,27.032198255412048,61.961717668180526,95.21490629074796,84.54089599954068,66.12701283754704,79.60022945658132,121.10018101449411,114.19370630679094,102.04475663617954,134.25125021846478
517,41.71594112184222,23.270884210289466,35.83392144608462,68.95484476646917,101.61549913370824,125.66223566477386,142.01770524802666,139.68450175625387,114.79676410880353,115.59874947693335,112.9889227026463,93.9367836788422,111.73120426086751,103.16669181314379,109.26378224961745,137.51687656289377,113.42744626480882,113.95471219777063,117.31474512570523,95.07273659908087,113.12644056507048,120.72026513721573,113.5370745593405,80.31483209385223
518,24.396093393065797,5.48113844327537,15.977838632612588,34.38179720803073,65.5449471838103,103.85074367864571,91.54107571678924,53.40976740947968,54.89809715232191,45.702370427070875,15.227089325541478,42.00038977215982,47.12636110480146,37.52882595264488,45.689860692419074,51.74576929785273,84.45420196032771,47.21954494722419,34.25430766027303,56.68856837141979,37.420186104342875,65.04453601646647,72.33913912422022,97.22869838123049
519,133.13164058515326,144.7947409122255,133.84374782495252,111.70545193244243,99.16453350441853,161.8031130273046,149.72222197326988,117.13426450344932,92.73021166525906,93.43584781492711,50.06227008133778,21.586732578262144,36.18185075047908,44.47436499827158,56.48597792596962,105.34553285909655,126.03128228228262,151.7896732750422,123.5916627869189,68.32138497880243,83.99914098868476,65.55955522291754,49.2291143063323,36.57315335303957
520,133.03772941070685,117.27351223354285,90.67080130245647,79.39770507591784,84.08055258264835,118.64106875211412,94.64088908660494,52.693219471437764,61.23279362895579,65.93232178360677,3.0314067460385985,46.9083084383555,27.449348762583703,33.85080825572046,65.87636825775468,116.19298284022219,28.253100496513653,49.0658178534064,45.55875954957497,65.32595404869782,94.22437447475082,124.6539479308373,95.57503002622312,77.34398637872546
521,67.37827110026306,48.50209624048429,20.162503630792592,44.852348127804305,80.37458746322335,101.35990323387807,67.97867702663821,55.03496342280974,23.34543525427641,28.835898049743882,75.7545946851221,53.92625277688019,51.47298499208431,50.3032890205602,76.21659868548807,90.83448616505389,98.420999013272,68.79916894995765,61.33611218050393,57.43122528900142,44.55080784282987,38.79235154994321,32.96955534268021,72.35962271878962
522,-34.14284614924358,-25.641216271287718,1.881193853905394,42.000699717445286,35.06527613039637,58.309562916570556,39.653331071008125,26.825313898327636,28.241723476604037,24.279460438537683,68.6334489355831,91.24328620360714,64.24112587661602,118.24983109688137,132.51617759392502,131.60309883546807,158.37013016390455,164.70816529704118,146.01867010043438,144.80128333847205,179.2057955233553,174.43437308709986,134.8030110872119,169.20427608132098
523,47.8512727743422,49.04370689146773,56.98927259716325,50.34904198897632,108.95735606247271,171.07269091852413,179.03431838856594,155.2325201489666,152.45236823350388,180.5442952330764,175.91693810410038,169.01924899048348,154.07983533726457,162.40006340710175,131.19181577711697,206.67644336721273,221.18151781277135,201.09128901388976,145.5763670615615,130.94112932921004,104.36414531116836,121.10288447539763,97.64947019182237,98.08776098115634
524,37.244913069729385,14.906379567812557,5.6249677015839055,41.13763174860375,53.062372283159924,49.74377916161316,70.9336345215576,45.87409592554177,62.3800974321198,45.12634003563342,56.86085817001962,71.8111467083778,65.10514325463372,51.69540429010309,53.231440343153665,66.42948737823659,100.96962586403146,121.00359033799656,116.85474166595061,92.71154943318946,79.48483858498838,71.99855225291925,51.7934175040819,52.18485301629771
525,62.52098050070211,24.87980497975049,42.56755704478626,52.247971861622204,70.949670394082,105.99187672845106,105.56440634493535,58.355712408181475,71.70891121916823,46.66097908489019,47.132768917809514,54.28097400138962,101.97998772996436,124.85284391546026,155.5200496892407,172.81544753765456,195.22306233764823,228.68075209055226,245.00968211365492,212.17124785363174,189.88562845254702,199.57979271104756,181.50110281155375,154.17883571581
526,112.39059171693579,132.45369039953175,113.32632454488154,76.6654520323513,97.66058252247896,147.7092603401271,159.11665871263511,74.16997970744913,80.05760340663701,105.79699032741988,87.64940824241674,68.83057461159476,66.52727590434006,105.47520069280736,134.63753078123307,139.29307859237105,96.11936803690375,140.5169945689031,126.4336961861437,98.29138161901864,112.9870915907132,137.57523308795345,127.68577784491102,98.70382484300869
527,35.190520085647066,40.397517033070585,54.515165397175146,70.18574733206825,114.00146229883359,142.90385591633722,161.60471949019845,112.78032733629028,92.20879797185002,65.95272528734802,57.12660530647537,60.95373399362418,55.43510952354026,72.87098773061376,109.40212693480493,111.72968828430254,104.52278708102503,126.96005195378247,115.23718973533443,113.5705893916096,141.49649970837507,115.90922212413201,140.36391619113317,130.12468900594058
528,107.30386995721585,120.34644911273614,121.44448180799857,99.30099434375076,117.8164016981856,160.01168632144106,154.9800653153131,134.228907476095,124.67610101524261,127.94477480871281,112.25202255553437,119.13549625235864,107.04758550198264,103.12757450156258,162.27712492706257,126.08995160346234,168.3787193093437,160.76143234590694,174.99523242785995,147.43912253450304,148.68905353124183,106.649706338975,124.02991410968929,128.02355676253666
529,124.24052279506714,110.41738613107975,73.33476869607284,73.6338361742388,68.29931319447074,113.35892778316976,113.12070748192488,102.85880749074298,114.33578197021706,110.28532184042172,117.44088456444756,119.47920548706986,110.74124443504934,104.18186336111422,115.59001293748331,190.77178834746343,221.03812877647889,212.19772738501155,201.7822652044832,176.27360788054352,167.88318274558358,140.21117119592853,113.09474243708547,105.36965258183395
530,111.46671643608494,137.5707815197922,118.21172019456806,99.94584300402448,122.81412337642783,202.8829764081824,150.57782440420752,108.37070758771483,143.48719913326457,131.32234300604983,129.67521807315805,115.08293832991976,110.56773097589775,106.33206224642316,139.48685033354957,194.95392908006048,230.23409665268213,168.63655209301425,143.3688380761458,110.6455547510442,104.97086313078037,88.3178073174141,98.06919626793635,157.94788684518318
531,39.58182058578165,74.15251781782644,81.17985688887899,149.38464877139563,144.6410498566141,141.95442922853223,79.34424477416472,38.905192962345325,24.93573618605194,15.261197761421357,40.768823647988704,44.640204532145205,28.779121054464134,21.941404265126067,50.170896035752946,81.44737344642868,116.49986077512588,146.38189039475523,122.40150967578164,60.31740852989532,40.81336820317377,-9.190479401147343,13.526728110262255,29.89634435148509
532,117.23135254297088,114.11040814643243,123.57913717892882,86.16570364741781,88.29710208117508,126.72838100111285,127.28395544347417,114.25906821607995,72.24579097048017,56.53056183836459,77.59834880950017,76.0398746397441,69.05292106776261,60.900443136066954,69.08304465764081,94.27671532645817,127.12855093254731,106.57024720664849,69.43464672954173,68.54778633025273,82.22358694898409,46.52820570740681,34.08391385704072,70.81002849269905
533,66.31100660473108,37.33819631458227,46.774940032485866,79.56552180237199,73.13904417446997,100.91617432419633,88.15314085885544,40.52615587199595,40.97666022727736,29.5429932324134,14.292393724492968,24.203435773177738,30.120647793110805,38.4566007234078,59.513071522280015,41.927932009909256,99.22262346475823,149.73476033966932,115.7361092477124,92.13431287937527,87.75838978378094,57.62595611649261,84.46520163858504,134.35750359264034
534,109.96504811706369,116.16107584923682,129.99477624185775,119.48173085216577,161.8699632568003,170.36077424960322,162.40819623855324,123.38770397502353,118.4394531096182,100.94582658782218,83.25051443327905,71.48362232130457,70.95866314527862,92.42076467841008,109.16244734147621,157.58078932877442,203.24781674938254,164.64057035972056,123.54674261851402,136.9926550838263,155.7422848783772,149.02421610763452,168.44982096510265,162.3271280079432
535,147.1146504486594,148.96413547239877,114.97294881184752,117.46433444825675,127.73248680323218,132.78407916712584,118.97221594154851,126.49317963202702,119.43047789120985,107.79884729440434,58.22285257126123,42.28315554366053,24.336993433759986,28.30492013012244,54.062636907842204,88.7355886047637,124.49636930599003,175.86959840762097,283.2916719727472,204.95087829538974,192.37319804517264,163.5556270721517,157.27452532794425,177.69150665943988
536,121.40951419686381,98.72077285327953,100.28749250869842,117.61494110729112,136.81014355606342,143.85752041242887,138.19630443397836,77.13189202058638,66.05298252846914,60.38552188011088,76.40460221029971,40.74018907825533,31.59952935428465,32.02312826189245,8.982417555115887,54.58965500553619,71.89192646571829,113.88881686440129,125.82170011597051,92.3529520332433,91.75566909674468,130.93949490205335,156.3931879090141,148.62483111337008
537,1.573843217611767,68.55170260208166,72.05467070378157,101.48698233710142,150.24052007976314,182.25029304772207,155.01870022458766,137.92256202695663,109.2467813121346,108.87652178438073,81.66134841293821,79.27600231929695,49.63298781742951,44.18938890708593,67.46057870791488,158.39229077136244,194.32363137411951,183.89949031896424,146.26459663481165,93.15644204888949,79.65919491341481,88.14586743972707,51.28654494524924,67.7297273975007
538,68.10891176100559,72.32743443751113,70.42494919637411,70.48272335392917,55.29175689510951,99.68391847182502,74.87560790961398,23.329736073330665,40.479541973521386,2.0883884859524926,-8.882083251840044,-40.088890058500354,-14.079217808367815,-8.349633163701043,-2.848594156480999,76.31504012718949,93.73961309482121,123.72578313150254,90.40726241957564,83.38008423295048,64.08067852390995,60.53541340097837,104.7968019979042,80.7831016919237
539,121.43301096081817,67.02314763566278,49.732825807256006,35.16658299580016,50.63585295039083,87.88709278545701,81.52800846772566,75.2166007113016,74.32257019794966,38.13142927289661,69.91542375510775,73.7676738706531,72.43656070426832,110.88284389825766,122.11351521116869,135.92589831984074,186.5777340603302,194.42961331152588,194.83407438580468,160.12929732823665,212.82735548301753,184.86037314553323,157.79214968709888,134.90652782135564
540,90.74858784819628,71.80589817148393,75.80542990630276,121.03786181994288,122.16439920173971,168.7682823574877,164.86362991584332,148.5348598848774,152.44104311095276,145.5496294432991,126.93348232231855,99.77624324540956,81.69086534797856,111.24620542449131,113.84491633022309,121.21535202753205,167.17984885027974,148.09609644360714,153.89617566201198,99.3254793528376,119.29885467408855,120.66224680060363,82.03016095557832,99.21603782900789
541,35.906486593245816,29.81001243032857,21.94735322549326,29.315034870752427,63.74549728920516,123.85552950146254,166.4869368183948,134.58156389809884,112.652346267405,104.60470201437252,94.75337304724984,103.97929911195988,112.93428279054307,128.58711026790334,116.35745234102902,141.0497988429941,166.38498181572254,188.6736487162981,172.8140999376595,144.7467570041867,110.11152275071707,99.97730097045336,91.95708713002493,69.33173112010881
542,116.71315856017091,108.90257488696328,145.07573202225933,123.94378505488103,131.06356814552305,100.57906417702824,61.804237888319825,1.6425462619252897,34.97522508422179,75.36904650286861,94.15674467626756,53.64243859406763,98.2835971798921,99.45947786135872,105.25401252639276,132.1577135951949,124.06769190029968,117.83904636020878,65.93713284732404,35.269243473279104,75.8209363204036,49.5896511144995,27.989206787828024,53.35171786731957
543,132.16855671997928,78.765828550815,102.6895632241574,99.14213173556311,128.7189560122063,126.6209708846969,170.66272870776652,142.67087430174206,114.64813561598135,98.75033292864697,96.97779053091772,90.86153586264417,88.64708533685975,137.15482987295127,126.2858490533198,113.35952867907797,90.65314372991483,93.77117879870302,94.11680292637394,65.13992827336847,82.86675882392083,46.31372794664726,55.76223124340302,26.884952237282064
544,52.77061324061063,48.21124664188202,47.28611095698907,91.82321973218762,115.42294278131118,123.85923797569566,127.99840389252851,127.88733560507272,92.09849314482959,91.58391073694838,89.46474428538963,71.81456890784747,35.31702473476676,69.15268565137517,96.1825718895448,116.77912747202606,153.0945536741458,150.37610670290232,164.6775852615567,156.15368610765177,117.03190522648828,109.94729197853047,108.97499754631224,76.9217546568802
545,59.2827624344901,69.85805655224368,74.986367960842,99.79255293472484,88.23777130448673,113.34944154783155,113.75911447861685,91.9613259778529,91.65043540028327,79.19321728722268,46.82388531814229,64.35016489382389,110.95740131898162,85.66332470322303,123.82231113773707,130.8083947899993,143.61187619780148,156.566589809977,104.74147514039451,89.1262192496802,122.11012822012881,79.95757699826558,75.874947430329,84.38371967376105
546,49.34849527844712,31.862098880257726,48.29546454636812,60.443556779741456,112.35828898583887,141.0320741029804,124.41039459530344,84.22553619020175,47.22030550857943,86.35226137799256,61.14626809522226,84.28491268995205,59.64956069750458,45.51788600194497,80.39891232410962,128.17406009271153,105.05993275690477,83.33689810888605,86.33543927439695,82.88621552985877,107.14842019573264,66.87416259331488,73.0538296656911,79.44708970703594
547,19.2558995013758,10.770036340785893,-9.901923346443596,-17.16797417797035,61.11004393310695,111.14327283169266,89.04163102602006,57.47918314564218,70.09827123938572,68.47903384415139,93.39971933080349,106.95639786343347,81.36566467324712,71.63005944845817,119.70379437748144,137.4836119700737,148.8074200477774,160.80974366773427,154.75570489038117,115.06251834308193,93.93013470314764,113.16965886104991,75.09814262082168,98.70243035567604
548,66.95897555120303,57.400937911860765,55.32509064170296,62.6922198013177,89.11252418900352,170.48293824306296,123.7838790357176,123.62017206836613,159.6219669201285,168.52472810174194,173.83440309810868,132.87379841021652,100.15125985646104,89.49066523160477,104.22864498809754,159.02348613262077,201.22974569768266,171.53998694724737,143.481367060694,99.03698858323042,79.3810279863735,97.53581299192479,97.23921671416163,104.3495091101926
549,95.55910774387164,110.36604068605422,90.14919048301915,101.13580466393176,97.79328009916553,114.59873178465652,124.10869065901193,109.91071342270038,113.08832147208544,129.9942428516137,99.86566607514175,57.98194836518746,38.992495045989855,76.89691511222617,104.78943462790863,113.59333107973933,167.8134249110245,163.86784205636138,180.1218964548532,169.77667525892645,148.06059740209776,123.67877304986538,123.967923084244,130.4657281800761
550,121.65692421441138,112.17319287830125,114.10231793085278,138.73618116863844,153.65081205443818,185.08832368820316,164.3251106062677,135.3196682124616,124.8153100712814,88.68783592937143,74.4765110865681,61.44783536142174,41.987983016096216,38.54664275237414,60.160193911432344,97.8481344956231,125.74812758640904,113.83497135417413,106.45210233578247,80.28382021313023,104.8540733752716,85.79624773068362,92.55463755122506,105.57116635738375
551,118.25720797629197,69.70068826580096,81.71263947456491,107.24280440165268,102.99627736039756,137.21930936594663,170.52306835997507,158.005960783638,142.7701291588374,107.68397733267481,102.83049372762108,105.24027881046189,92.9359263319682,90.53270683230227,110.00816062593415,83.19903894489511,137.54059391683109,130.28157588479507,117.99554521625024,109.04621685454168,87.49717629892419,37.734240851609556,11.024835190013377,33.59786489645591
552,127.21484636470447,117.72704186062106,103.29940210110377,130.75325307677673,112.57767515471176,132.59851110536937,75.63081990853172,44.63601054645976,44.304871213682546,76.37504276375424,66.02593069987358,62.41006692930317,24.890447540070184,59.13375054372805,83.20692262979868,98.15031687036826,133.17486122990238,153.24123108836636,87.12093282224606,78.55562110330588,84.6613480303161,68.73380705567192,35.543864721353955,52.462356997781114
553,115.45642930529473,93.69643514106235,90.29983785436708,71.97387142986156,105.99197314334793,164.9790471873706,153.60706035892917,125.56733204563093,71.24755268355665,52.80773228307913,40.503434525439644,30.1725569221325,10.747128155209907,24.7012329432508,36.316852542342446,64.20876930923887,126.14282592952016,170.59431917089046,144.30959827756013,121.6039341120688,157.0016929488771,179.62637558968953,128.7503144617993,118.45504615420757
554,71.54569162070368,40.488332097974876,24.121224362884902,127.02228573602113,151.12178169705714,134.4441577562083,117.85093617816474,106.40415708910402,88.46208677866234,89.29684149239141,63.32488100026827,20.18915677311658,9.614298101585518,92.13067901398057,87.96035652271469,133.55732007689835,141.16209281788468,171.32353973488742,160.61047882589597,123.13902011894555,148.61475111540832,105.74108652827331,114.77977103684314,122.03878395498474
555,84.57991886715224,47.23481728184915,23.11524428477881,64.36139202755041,118.81264962381823,102.8480130057098,46.788424011215014,29.67117432153418,8.242046612648423,6.615063221105686,-0.3559093256402406,-5.777502919673353,34.740356175544235,28.17608545495017,79.2783593930259,129.22439924227945,143.67377490942397,145.38580677251198,127.41310381234106,107.34429586989384,-3.5317876488639115,12.624333955782731,38.03682153034242,28.963544937642368
556,97.29548784688076,84.12239270559847,64.625789048007,100.0421783910997,62.60061299132746,122.834658232349,107.62465183621032,20.427723169758522,22.03585386224492,10.00290916364223,32.86912039454039,101.48757417351493,95.68554117078192,82.86020451223945,111.671176868609,151.92122105685934,170.5869060471899,203.8101447433638,216.7730259680348,148.90406145252877,150.3816329949756,183.36088769940062,140.43561410917877,141.20939316799527
557,129.8265603524818,116.25352679096079,71.1889785575257,71.02541981256115,92.99871734770413,137.8889277459434,127.69466670075184,90.22524927995782,56.1973200943557,41.577712207595965,5.714088597382101,15.909434110936367,27.519407611480418,86.68194156742177,58.07814474005366,76.41815269963699,92.40689433103452,76.56231881927616,76.49909516202169,57.13066944835455,86.27514602209655,70.59520982093451,43.37336205051495,30.85636475828389
558,135.07864762183678,127.9362803033813,137.20593228557925,82.49749430785012,102.59307302060196,109.57089041521105,74.87277932302423,61.08437165515469,66.62361563124304,88.49867426482288,99.07523731440662,80.58993512820129,55.77027283554857,46.13018217297114,60.79671847526651,100.96100062792462,132.7370579079785,134.42326897135027,118.0677222740654,82.83132276216372,77.72195739105479,81.35600981578663,39.14405465015165,55.44331206244232
559,126.26158751350627,123.75239084256084,113.43418673618473,99.58791228893668,109.25882286023506,149.00096437248177,123.3084687241787,79.43484582836216,98.9303646188136,86.80089294336919,71.31766530533602,38.424633278153365,33.05106990594798,50.14043121360237,75.96881919833956,116.74004192361396,164.03708441805426,174.94012582018584,123.37316271386987,113.35608136925322,86.32955347555371,76.0293780621027,52.460286706398094,49.59652704998178
560,77.01549020813785,85.88513466720062,82.18481355309387,82.95336837389789,83.88441700837188,97.87460261729656,114.10204542676878,122.3462616559676,109.76194161066444,76.97432035592874,101.32987556960829,107.49814480358523,58.939480262923986,81.28495473232135,78.68076263744148,158.46300127237245,171.00796756156083,154.1894118012631,147.79061471100775,143.2226241910472,117.26621785675556,128.34307126541992,127.88262220769484,123.28576546373168
561,14.153982319296517,34.23756740263141,16.999294596568447,38.34461392573348,105.68432694414341,150.97277263861588,119.59067524682386,60.780297125821214,49.406080442761755,33.79338819148025,15.903871256016501,-18.07673189580676,5.699534074971069,52.2048677573504,73.75825037272575,82.72193568775283,137.6551358040064,139.5734962741294,152.86641095801156,110.64981422486757,123.31848838820069,97.33606426040899,118.00784460932266,138.30412780404293
562,144.1386258021467,108.8995390191049,70.82839520915425,102.4971189779568,108.30036954452865,165.6198872671918,148.50168176847677,93.27335754122447,28.074712054173133,56.662909937107784,55.70837599872057,25.859164840705972,36.396252680925,53.897700136950064,50.71873929265456,77.6757641592628,93.12221716014756,130.15845866838325,135.40208615259536,129.70027988908146,122.86043703788344,113.21946383433585,89.03149344514232,85.93744614692203
563,96.3906673407415,65.86729949366976,65.22057579052004,75.0423031856001,80.93533467482243,146.54419522026294,126.51071383117302,86.98113091869041,69.71190202849438,43.57056875274778,61.48041798962805,45.75834204423142,53.468539287459656,25.463983126213805,68.76027956253182,112.08724235686802,144.39600134772957,169.65254521626915,159.05528434659186,110.44895534786157,115.99522541037072,117.98687349911503,88.64288563500423,86.92283005357318
564,90.68241957160319,90.10087573018751,121.15526801192564,114.04693897631756,159.8985134536613,158.11146144698276,127.92692477607153,113.36932641785833,89.22236306919616,108.27947418672177,98.92583556331302,93.03928402800372,52.0816042194845,50.000180895288636,81.77815025999764,127.80451094822985,133.57699532342366,158.09265850594278,134.9561822953866,106.56240583948171,119.38714856084793,135.80441722705376,114.75177878380723,117.72306606204148
565,101.34576841638628,81.44071950258669,65.47378759795821,88.331902258322,88.75584955604322,97.55798646292786,94.86789287035968,115.5015204629933,138.2581513321801,214.46934274707704,215.42921247870098,180.51803337564291,158.47075596202717,188.73430389280946,159.25822056399693,161.2350375674394,186.08838812699938,193.13531500872176,142.98624924582387,74.43123584348544,95.14110181414742,128.3433845499389,133.93707200765016,107.93293064779857
566,47.08385428263923,60.00207112245579,57.05433811267457,81.98027550518236,127.4623412991825,149.24069730010245,149.12377584520777,148.30451498519716,108.00064680776697,87.0583203615609,86.96308584583406,101.76390152870628,106.28875246502787,129.78343799287273,74.90853404613706,82.94162139697595,98.00365220962225,54.71518393799161,64.59650631604713,35.19138037102093,18.66363133864641,58.338379002895124,57.87154145642594,66.28264376436766
567,39.657247947971285,35.69706410244998,42.51461683448889,60.5092249233313,76.42340754467182,99.78611515544736,99.81606921710511,97.31278651576605,109.96050298181909,108.50346010468832,62.30439740201993,52.15421564356191,25.18190788342752,46.02764279934601,64.87444619665527,87.48746676271527,123.91952514089074,162.78601094711294,171.0976031918221,114.79252862550851,122.31136533406487,90.33291284805738,72.94033691736956,62.50966183415452
568,79.29563074087986,68.25719999433052,71.89890517989737,73.562845377793,131.19880428965368,154.9681126666297,119.92073535348736,99.88495224805604,118.502822085877,92.77624483391848,74.97319129258781,84.04939355550354,46.76669297688143,66.65243429890512,45.9462245032274,81.31005022772982,116.95577439467036,125.59619056771682,111.8385331112345,113.37622615471733,129.21925610756023,80.17719606780892,117.02831324190709,134.58143674144407
569,97.57841107772398,93.673020667136,-28.38952366237038,2.8304737385454075,50.84652236573017,96.97998162813654,91.72369603282092,92.43389860849899,49.758839290017924,64.22185983090654,26.139100729544516,20.11813423116991,27.492728331038606,38.87351815845163,70.78875648987676,68.54864417839595,83.9101586484191,111.74907909343645,143.5600651997447,61.231522143085954,51.163911294634104,62.19469256180998,63.212703164226426,76.47885349073782
570,40.535464649682794,15.251499263518554,11.718799697144625,21.778448107798404,82.66016358726077,80.27625599977442,63.15843821925286,78.67105048459398,89.78365873758912,90.85511881280752,99.5007374167694,121.87189792088758,116.87112431120944,83.74283743584918,61.45293792064214,59.69759436627895,77.66544385323213,73.48439355576625,75.25732431293864,76.54895194685926,91.83656627599677,86.79793955865401,67.30459332466597,97.47824069563995
571,22.093889799669014,27.205637791298344,37.825311894052035,53.44486247061082,87.99216316955572,146.8329362223387,107.94423882382992,83.82465217171357,43.47781589533367,32.61673139722374,51.87467631636552,35.76822521337972,52.46175491128739,46.19375316506392,46.00174214861879,80.20228828850681,118.05418657315974,122.84959897689434,95.76748280691605,70.22542874392944,80.14313259735825,67.27327649965102,95.07803102063613,100.92813402373017
572,4.384344382544768,15.606140273544483,-13.520227719290816,10.217492581410681,12.908166788838543,68.05404847275409,93.62646744613605,76.58408558392003,63.67740616008437,64.35250360904791,100.17762255919865,116.80091807178817,107.44009565755469,54.526760890487594,31.05623010466654,58.588646869655825,108.3199132124187,100.17774554648011,97.53193739078785,110.22986000899819,104.10739182516056,99.2272841551801,117.1386837065332,135.50916549569283
573,162.50220285090347,140.87343882300001,120.25589331677423,91.63713942408718,116.25338129108692,190.64533345393983,214.31067800282096,188.82410998870728,199.64530354599378,171.564365138543,140.88613608625602,144.38150926415057,115.93702658253243,130.91726830708367,119.89522946025292,137.14216946090352,137.15756891642286,120.31517179787465,72.16006570235763,52.94979156219251,90.50667117226564,127.47340043329774,110.00329612359147,110.02337498170625
574,106.87843257042644,78.76586013166875,111.24563535281717,117.931628905087,108.3222304299644,105.28195961186717,77.7902370356699,61.848257475128484,54.39229226213043,42.9700589086453,60.724093024091765,34.24798487466746,30.085602800959563,53.65740546192954,73.1119705144381,90.70463356255375,96.00605189375224,111.30253646874758,92.0721461831171,64.55444873455446,68.07805093838843,59.42969509845814,7.073604528431247,29.058062966260167
575,59.25928978036146,68.6857712351975,53.04728339092784,55.86868202113034,70.82830797759595,115.61450598649242,121.63733493270425,83.06737467810277,91.26891065317864,102.69109869465395,99.8399754902654,77.11537022878362,61.438803729316724,85.6368340746376,102.67578673069082,148.41904542803331,148.1328978469926,187.64434866899379,148.1129227499604,120.6503030757482,118.47629915892033,123.55687731251325,109.9497295167164,107.73774123639484
576,62.30729200779275,46.41585661498009,15.772726394098655,25.688382753233228,59.011599901424084,133.15666467016874,140.31405493815313,118.76160764757952,107.7143732829002,88.11563815345023,116.773906897292,76.29531672016319,87.86145188306644,101.12318119540645,68.9136689268262,92.75440363808039,114.5242732956181,126.88212388470774,115.66336375391958,104.4059631672138,154.1049595019734,104.76875746480496,118.12879027751663,97.91829433424218
577,57.302137875440486,65.1888522618295,31.104772532700274,46.48487232572158,117.50822570575987,155.91826823298922,161.09758590234603,144.90997856362378,120.10640965767169,129.02000056559575,125.20512203768295,121.31528878142383,104.24763389958392,92.50216523784104,52.83973978959433,56.52761078765391,92.397102346032,125.8530763990357,124.85561612819325,47.21577880090154,61.83771497102188,73.72667962234601,79.76116450764655,67.6309352718622
578,45.37187479286433,42.21922269195821,34.148170719170764,41.29983188932359,38.250859378602655,56.84568796964085,53.07630896584058,9.820456381868382,25.01240037027042,30.020166756514016,57.42433058967595,83.24654041881537,102.89288166179928,84.61831031705192,87.26591441424438,92.2368141181808,98.38848877710483,50.26821445450285,54.72957390316188,63.4156585218048,60.341736440169946,96.02572128962031,106.41945574475265,103.60932846047095
579,18.932932600114285,33.69922549619045,22.040827123786976,20.578408558280024,66.78858258762637,108.77331071670943,96.16300358829261,-80.24384275458583,-45.0407542438616,-25.49258096173277,-28.478916002105336,-41.85059915787751,-2.304620533640218,24.361606025146514,8.982805005350059,15.944648817416294,86.33353884951003,120.12504051738725,149.62774065158496,96.87551100169362,121.28311405107164,150.02809611264692,94.26337339018075,80.78160211528419
580,95.07901866877572,97.20964740779435,77.11651658239191,64.9546809877289,84.22723143185539,107.42571393535974,74.78702404751272,51.576735618826106,67.44564581973034,80.27920617850371,54.59397879217971,57.441442513690184,56.94856737560654,102.81929119473885,108.40141931740712,166.14648985860066,223.52885815271918,198.51705253844773,157.93391293189356,128.87151150463546,135.294810221057,118.72850495077537,109.93122403143727,68.09052607225564
581,103.31707610486984,98.27910253337018,116.49298115196996,109.09196154719572,119.3934887981977,161.8165421908478,146.57793899048363,123.81731842873675,102.04858397184972,80.65075311810851,106.21165040867746,97.93179655102452,100.50926626105245,92.1295654215914,95.68436178152083,95.94267320401727,132.33176724951986,179.5180773292529,149.26824174275396,94.31747832907931,120.8352402320912,130.0602586370499,123.01190126036565,108.01296113925144
582,62.40305996882696,36.552429704650855,38.28405518209613,38.35587562748611,76.32394776233248,103.80701770547361,105.50790491279923,101.27765982895711,93.96449043687014,109.77301821167356,96.18098872176039,105.12581301331612,109.85532479035273,108.69262438470906,131.04896997831742,166.970396346573,189.09395035763714,159.65909247850712,142.45975601318102,130.29826024769548,132.63587439304743,134.21309474792133,115.14783965752744,103.98930480624347
583,32.02731770621456,38.69234928252203,41.55602138730646,49.954938849028345,65.19298161648643,113.4473759701063,110.31764409677696,121.65717677218095,93.26428289829255,81.30390540754689,47.63136763676966,50.43578527035301,34.25259225551972,49.452886681696235,55.66708810737508,73.30960417056062,152.58015845423301,167.13516192536446,142.8748784414914,98.19628825846081,106.90539376263888,116.19019518882143,98.07007685197487,61.0328760094434
584,106.5828926532094,97.80984778944993,119.85962360826801,88.14344978576865,113.77215742561867,138.76684766930575,159.5403095920897,111.53102869716705,103.97651795710694,77.23513603021763,62.06952562717974,29.828777501205934,75.87995041383179,82.37468670383296,84.0919980853711,105.70172322219184,108.6723269903935,123.43744706454176,78.77627405899592,61.55996227620786,60.55502204622121,26.228728784131363,46.4519416903047,29.556416105986727
585,51.46380387770975,62.53143363710195,69.28991392967559,74.92229424968265,116.95766500890362,163.0911710708453,159.80507417402086,107.93434139102368,39.910215079349534,66.25860078862038,70.35962498928765,61.23631883656694,35.136802412617286,45.193570568437416,20.79462864446195,70.10630907424944,125.80846486865777,127.69897262804957,122.33289575359912,82.30558234419463,87.66181678301186,122.95037442071475,139.55370049401222,138.62489477104887
586,79.9212332937531,77.69098587928094,61.97818607993412,36.41724978462285,51.53049455151261,101.46055219850433,78.59381701453505,91.0812331581708,72.36606921449277,99.2515752001758,107.54311378166705,72.95265379439425,58.78676827838579,55.92647074686503,47.36574860734262,79.17595410243071,104.7360946159891,120.47287473359361,111.12145412437135,75.81584058124345,98.48235017562594,86.83125562456316,80.34486375069471,105.74937464205262
587,89.72392164373696,98.77627144142264,79.92427707126642,100.7041728544556,101.40262244411444,137.145758878922,135.29250840517074,64.34606820920271,41.46557387197636,16.125663636563957,-73.49325303654814,-53.696895827311536,-53.063688819555864,-44.133282718696876,-25.518699133462206,17.50909418708568,38.89427235656069,82.60469614595739,62.28166085652043,57.126510874185726,43.630051293576315,3.217620151967182,35.16351858102982,63.482983262247615
588,106.71231864344398,111.49528756284714,69.02521143982942,82.33105569985,87.52424800328642,120.2213972963551,130.3669941465746,109.98259243478212,83.6928282620446,78.5772684979355,99.10464516981415,73.84876642921795,49.26119009920802,100.85207605474179,115.90084489095173,147.28915415801168,166.32020391949942,175.30492522462558,132.76988140983468,134.4798803019301,101.64690652872997,64.81939380248747,72.82124047872583,40.68951318222095
589,120.34083921175952,112.21450752127913,119.7636835656067,116.62146050839488,125.66844643760433,172.03121268931056,157.64506690549413,133.31422605862866,158.56788457350723,143.14770795973507,160.34682450888602,156.86856095941533,113.94280036236066,122.83140788388025,91.74805400466468,60.44713059584099,87.26680116148952,128.0702724440575,134.99397875870102,101.15000841720965,118.55530668098761,96.6925120482056,107.86225775512948,96.99105331277815
590,83.5371642340438,65.86910232510391,84.23335899451756,102.55672661576666,125.02288095411903,163.93861842269325,129.5361799111958,107.19285951554616,112.30582662729267,145.44227464383886,127.90640529808735,73.56368281340015,21.67580121374511,21.139882420226428,41.95276212201999,94.68163055842189,117.20897098442583,207.70314887595123,199.1445600017263,188.911172648032,144.59186243119092,117.2231121074417,90.87954553870868,109.17422604282973
591,96.52216424407794,107.59998378630682,75.32075874811063,93.94983588779462,117.24466046727545,133.7410202238906,143.80667158417364,126.47983792615138,121.97147603363081,145.08775120544564,151.04069120372864,106.34634859697672,84.59340873148172,85.78044424303167,93.60398150639757,88.45783276230003,144.3934978030307,150.1888400828432,130.48928720105832,118.12105473018023,118.66630135143166,97.98622584631431,83.8131779364325,113.678238310193
592,118.92323681089277,111.17197744260642,97.36819607602501,120.80078830921316,123.63549072060997,138.15799918899683,66.96969933765439,40.00734629867536,28.972176211547307,96.16856231403395,87.4595073525577,127.42231665617696,102.55688013126365,83.94559068999253,65.86971122569463,83.23439275319078,136.37132437051142,156.5197732941049,159.42365213834356,89.371700239546,124.38296782775882,91.51107807739658,97.98770590868932,125.36975068768731
593,23.06544411991247,10.321911019530845,11.095854972475443,24.15934425340143,81.47198908371979,149.00454409650183,153.68671583112845,88.34976858573334,99.64139004725625,69.28028669393933,53.94441310752512,50.1623869143442,68.64454427171766,43.468854830425535,60.42815965148088,47.05484254778821,94.26442216781098,107.70927080959339,119.67522497672306,87.87310432658757,-14.392042375562696,4.176578991791516,8.493526339311856,42.602684988950614
594,34.79361912353002,35.98656856022128,82.5616262557959,102.34895561218951,77.13163314278987,116.4003430782882,146.7368681204815,124.05313407106706,111.5155088939639,99.43195291547937,98.89976478154163,22.756409979372783,-10.861997167654565,31.422045940475016,37.56223122397033,51.69734816332119,73.20744024689675,92.41144135694725,74.36873627517394,27.805419684096876,18.007980076913086,-12.711753534770565,12.174097025579925,-4.102874680357829
595,55.94130087417089,47.42217912709836,44.86816937270328,45.80422941318498,53.3477972757225,80.27208112690282,106.06051388115951,72.41540665806103,47.98466320507376,69.28843302468476,63.24787959063063,88.67542507337149,70.31675515288502,63.529513300288684,78.58595703013431,80.53876154461243,93.08797061489715,137.59482462417392,141.37872366035387,124.19790543742005,94.53778454653805,124.34954572209827,144.6771298358165,154.4151255197387
596,66.80439735793647,3.895743478092456,-18.687313143314526,29.810327383161834,58.86219835595552,59.64126786747025,77.68163002006139,64.51403324930725,21.01957979735802,37.060941591699276,42.503577299061064,16.119015064994542,19.125895409202954,9.965491299452424,39.948006097765415,96.91909812234772,129.93851744625454,143.29639198223055,142.68424705194406,94.80794104227598,107.53533374990778,99.2717750312146,68.51036826163552,49.593810447077615
597,33.836345094780455,60.55850891735804,-42.201077525393075,10.999931724292551,24.18897613353863,78.88196970795713,-7.108235421489553,-10.167107687087736,-0.2066813847592499,-8.458060353280715,17.8072971571848,-12.574987156246792,17.395499489498164,31.951640516854795,30.111759125214306,37.68570114493669,60.03764862020088,65.7001113868899,50.52803895011128,27.797708776142642,53.98619174503418,36.51273832777524,37.79540371160563,55.53477549145132
598,40.76383768772971,33.73734125805893,77.82451451490039,67.69721727415015,78.9413537857721,103.8281919979344,87.29358701204345,57.971371135141766,108.66567139646975,91.86365461742456,87.36538838285733,119.62688073805877,89.92760622888846,63.69563956192835,78.98531539195446,138.25858363278854,191.2829682254654,183.2755266276878,157.43060908942078,109.65815704259924,116.72118868540967,98.83577757327002,106.3549393026723,79.86789862860746
599,105.78523054229213,103.5848630388423,76.32493284290688,49.44768798298099,75.59154186216514,62.32547734725142,89.89747190241408,49.73172961131929,42.39230547429325,15.958338412655593,17.754378249908704,38.285341124757075,9.797754957243214,37.16176041307784,79.96885427912801,84.15367092547416,154.75206870584233,132.42314002607594,120.50864565961953,87.99091879364104,76.5432420849612,104.77411973178398,115.48549279474194,116.45503899061453
600,76.18458444551187,82.8124259266728,43.9470839069305,42.085932762868126,98.48073783155367,151.77142920130666,161.95771205428957,146.48149911305742,150.34954450758957,125.11749190097281,138.76354892540172,114.47607583029682,83.8302721635758,89.84755018251234,112.50382141960407,132.25584878701696,165.6804346346816,205.0975478608657,179.7115217110187,149.13531632443386,125.96079869493587,132.5987967076197,148.27647661321961,85.20204593632303
601,137.0928755213374,92.71719438675782,81.23576066785633,55.87216661511361,86.39337070315361,109.72862362714748,95.24600508663379,79.73244426620943,89.37905473281423,60.53168665388336,56.8404955569758,73.77492917492333,51.033884198164806,89.99701259431171,68.59973893801711,141.83152625130475,159.0840751640151,174.68439488386213,157.44770421566082,137.1859963852022,120.60798800748033,108.35254065264152,111.18202584994701,78.23855626988782
602,108.64728749577921,69.26734648677069,74.87775026528062,95.51842636290036,134.5962983190409,167.9053914628156,144.499858101697,87.02423498464917,56.25326930021806,73.135988811785,61.36660479143831,-1.0242970416882287,5.2533009679389195,8.334862108141294,-5.831001724583345,47.69420225370936,101.60936307328807,95.34668701087317,105.5714505560471,79.90794546317825,72.10528022566822,99.29176838379925,98.99281093468217,104.81118998013115
603,71.49487580597089,70.21684534447913,75.0829717426439,65.03913834568635,108.30711028571689,150.5870707083626,110.0422073683064,94.8256033704326,60.40935181218172,33.44973338885896,20.000118492857865,36.37740135389481,44.66338037214103,66.37208679061862,59.598612834048694,61.538458702410786,120.90411811690018,129.9405473393289,86.32258687604379,71.67009549383614,59.73816643551215,36.25678965896215,24.597991529450837,13.497876222765655
604,61.04694891081335,51.525270288219815,38.52437104367161,19.975414387158445,61.01348395056726,90.15419076811207,82.78506130850906,78.8041768469648,96.45695437203206,79.81219061382433,68.70387939446393,65.5717404367267,20.89380453658144,61.3633928560825,65.88685964058361,107.47601171397488,130.3993116718653,144.83750338740063,141.64050009525553,112.19248386026949,117.24633433308611,100.20693988920449,84.1970750442498,71.79459748135437
605,64.10699429121931,74.56408027101274,62.38516316669731,62.88178127280341,83.72142058642144,127.48683760087498,98.80789254251748,57.40872280378558,36.412958656725486,25.349518316435635,29.19685569167097,12.195841700785323,-6.259875913347614,-8.566964077917817,27.703085588612225,20.01680419756147,99.45332266636916,138.61439092481268,172.1084696879053,120.09255135501047,77.26176964589038,65.90394901325503,62.02512631043772,77.48385328896296
606,108.26895150320007,119.96296071533118,93.2829843154362,111.46564979539323,125.09762448945423,156.6767914837619,161.31674629073194,119.11524043456456,106.09309242934769,105.55559278162303,61.72965665309757,69.44367218322151,18.890549448644265,43.571614930906236,98.7687983859689,88.04928930497509,151.44970172544052,149.69923612282253,111.97441059165278,89.21741228511814,54.65208420852902,51.87161450611185,38.97294590219046,52.44546495491872
607,40.887478845160466,78.39368180944848,69.04435573141153,67.51860403341202,81.52374786861287,120.06271709121984,113.45306161589028,108.69903396377674,92.7736139614283,43.117307061316104,49.31494816918608,54.020922885674764,85.15565276110762,52.19231347095155,49.17384100746658,25.95400459537575,94.1084075611901,119.61986431912185,92.77561973694077,79.39468466323417,94.96503794704971,95.30095763931405,95.3629733302922,97.94664341907736
608,93.42790138665359,45.559710952972736,25.0320340747776,57.183832150297356,78.39464210242845,137.3075034717152,136.59182616397786,139.2252153129579,112.78343018535858,150.0310552126178,125.39905351033067,113.79750345862402,84.74894713056565,128.1507574483046,146.03123111151112,137.5276072546968,153.2230970738151,196.805645454383,171.1550734238201,141.07770619068384,140.09674310859145,131.98066902935315,110.1480073380516,149.17914382275794
609,61.65133714692135,40.420017766804044,-3.853725200652022,60.1040740028152,61.95772681026578,85.40585262812846,81.6526092560247,74.09323894689385,33.49700702510974,5.505773592113371,4.956236916643377,12.960576541105333,24.546000310034685,79.49670617722128,108.77758470187692,110.49431562745413,137.6563411687451,147.6010835499119,113.6381050605691,110.67952234402546,132.84331243592328,147.28171140292272,106.54575652718856,96.91358421570501
610,81.09230628438483,59.316649020965684,81.89583756423397,107.85168459607473,138.49380578354712,148.9950902238218,168.95571927232518,106.25452023295387,122.88817030659897,132.97408752978436,127.99570361154778,132.22793405995085,92.75354785541768,65.08402765191066,42.40692869772415,77.43572636152169,118.85037863270993,142.3861614270502,96.4078250345724,89.32816758259987,100.73773224052097,79.8872595238324,76.89697783865691,92.67105677845406
611,98.52575401519687,82.13730480001014,85.31912138247003,115.96923526646273,157.89640828046413,192.51646955421594,137.73284340593605,134.39224564984312,119.06596765952379,124.36282433747796,137.61888485079538,108.9993266088562,72.71749068207978,77.31707576506861,69.32485716053235,89.38048148279634,139.44059246321777,129.42067317620314,113.56456208810778,83.13615081882196,83.91822281928931,74.81887882097234,104.4121640153689,92.92279410828957
612,131.99639464134557,139.40971277838474,94.86085312971356,100.5850260011949,112.65180299222922,144.19018137350102,132.11868625563156,82.79148631804452,77.3876957096142,109.26116461183085,130.2450591204212,120.47590319725344,100.95846060274687,97.53930384185396,112.53260779244637,140.54154800579795,145.31237057729209,143.59250487629174,141.06349476756992,105.18547846693988,89.15515825973537,121.28387887482009,119.77553305988738,147.42454607496987
613,61.87570470854387,58.839679234451694,101.05109231300878,135.12649255056334,138.02443793736816,171.568606699913,158.9488875637996,156.10920654546672,182.9118213608395,180.3965642611768,189.54156526311155,157.1726029013294,143.21589122708914,129.91120841641487,146.0319587765182,143.6335454611777,154.77782238146727,163.13575587142117,142.47263326487393,143.4651607052368,128.97058838700258,138.6318844312156,115.4576130186108,101.80779676254555
614,30.210446157868446,36.58052141960947,42.64580155457492,58.89780050617607,98.91435414217503,114.28346084446594,152.32786239438863,113.62851058813311,147.10059074675647,161.25474459604072,106.57408160580457,47.83834390312648,31.57292297192236,33.233313298340065,50.23277285956166,105.23230306387404,118.00874275124663,116.60836898906442,91.91714573386983,32.98719816909538,39.95148040697891,44.20505130949431,34.64311641481979,58.27250416390459
615,74.75379471489713,60.56072165810828,17.332563866284744,50.780800914076764,67.41756718680713,104.83905316208055,87.90226196444085,68.6016633659096,76.9033963729233,32.132574170179524,67.549069431269,87.55823067885333,82.99582246739234,101.04949057254794,107.28127786911665,130.06448870544983,165.3772294770402,171.04964995699868,139.13602545418152,90.3917682295288,83.025428291397,83.51965985472523,84.33940261145838,80.25968775502403
616,121.72394972060657,99.29695067076597,109.23394738326027,126.67771877954473,135.71351184150444,130.0441260480008,94.42013229345791,84.39787917769412,71.82112387279847,30.24423089502119,5.875382996781312,40.253172181766274,33.5508563868368,20.485733926068477,27.872451782894657,36.87268861196124,118.46570405099115,102.50950135847354,103.12994475163299,65.91369393230532,87.30197672907141,83.6586537236146,77.3443382305745,58.15418571926445
617,66.56265649241703,50.306288390842,45.254089462535,57.15220768095676,75.66628831413985,137.26243964173295,158.20577466831747,131.6601455304813,108.53292954740559,107.6807328815174,121.8177361815734,110.8790666354069,110.90166285823882,95.38817385032803,108.28818216600115,123.60799358255561,167.49370817007687,137.9312747452726,189.71744467426896,143.9704611197131,108.79292936362965,104.80126616420192,62.310572481707766,66.94997549443809
618,77.41443895524877,83.81937940496678,62.26069280880869,62.02366410821081,79.96223778870593,135.47491302332307,155.09247533729052,83.69623498969015,75.02469176236907,56.4172906176155,78.5835291974541,71.38700568248392,65.8005590709522,74.39993269792093,108.3476422148164,76.19247517696432,91.55238438571972,104.82994094582774,97.40595902107515,41.69738110705015,8.297824625620848,-13.394792964632543,-13.174197902802888,-7.599075434010544
619,37.96163832781002,44.49653100067353,28.069545403160816,41.484762087253934,55.91476399711718,89.96758015748583,94.50933494746465,36.902042138374945,21.917448730846132,28.877009444613215,37.796175416332794,58.61247829046107,107.20715174301151,129.05415734761223,149.84804849240714,129.37877512059427,124.91618283415704,127.05434842641326,138.1667603218806,106.91263736456916,100.10859254623468,87.67931303502996,46.81140986870028,43.07189033351901
620,111.39844180507365,140.18539260113928,141.28656663040573,128.99737313010215,138.59247549762975,165.3901492864725,153.37815667377203,136.9107065012044,128.34193662667968,99.90198942079677,90.71126609774893,108.11425822461027,63.09789941358287,104.11295858468183,109.43203637224876,120.02815597962814,152.58646660727828,156.90294264812127,160.33931914563018,143.10668034582267,149.92149493824562,106.94789019635054,142.0145092883559,137.50625226229974
621,30.82066249921838,36.65324365485736,33.95097526293,36.65185982464617,77.65035800295746,118.25465649183312,124.75838820729426,79.29172557729612,75.82091450133265,56.984176366226855,61.9476098396795,116.46249504393562,114.46021555933962,108.7726796784788,142.204433035828,187.54715358637142,226.7154405213965,252.73441238773444,186.69921828225068,122.85728454415737,105.50035343634924,110.1288239401733,100.59971836172423,84.79464977861018
622,81.57388965082568,84.39752367316667,72.3426643343808,91.54255600145332,122.28253423969778,167.37166572257914,134.1564017925004,110.46447777831777,75.80364298994627,25.85774948116923,7.827081362685419,13.404602553302375,-0.3458873694206801,33.93758218585842,71.67271382700602,93.88432557625615,75.04223352313174,75.03988460269295,56.83978124252583,51.668551908019715,29.114466818569298,24.349045258499032,53.05576911622132,55.2198222414776
623,119.80673415300502,119.28169619800921,75.23742988932267,84.75940544223144,56.41271191446054,125.18435269318002,144.52956817500512,73.97337210525494,42.33390893702681,54.61850840018348,16.334392925775717,-6.0963474036562815,-48.623332310548705,-15.06359781024156,-4.741591325401885,24.493928954154512,36.490803276839074,94.8324149706984,59.0526780826135,44.58933027276498,46.13165725390004,72.17492508704359,128.19919606804,156.45341005070472
624,55.28875745823531,41.368618325930896,56.29426304407352,96.22538404439148,91.24863412927569,148.35563370601835,134.30682111227404,151.95527482781696,132.6696389425188,130.88138681000717,126.86376385681677,121.79281458674765,111.35941427086058,145.87355559010908,157.39090960613652,163.42603369152025,207.24394945186032,186.07432067490282,163.8250145951617,163.27755131464667,117.28701109403629,141.22991913080313,123.5901328081946,131.49554526691801
625,16.446944693498608,18.089629391481196,44.93109887241583,60.02563778633393,85.65715471642024,135.69615468991844,111.09841825193254,68.99386340883723,59.04285702277282,103.75038768883431,115.61062943928201,133.63504076258533,112.33755077570808,108.5213944403416,138.552689367064,119.50171824509133,135.1208683209672,145.05087725878948,123.6341324760404,154.22620932779293,122.77523515054314,86.26628319001257,102.14555769229311,107.82206885620636
626,105.51953899810835,131.69503468052494,107.31867745711789,87.1890961035024,86.77610239495041,107.24044263768907,118.15690169191578,80.38360945471,97.33790083151074,116.64011434767946,126.94701776781154,125.14837188544568,106.19544826044496,143.16919747454793,176.86540683548316,218.62307126662918,230.11950646678116,226.10211823002555,200.38613051295061,162.21870279346442,156.9036791477472,146.6409047033195,94.68707020062848,69.43154616534692
627,68.91322773655052,50.91102563241282,39.43252456198249,18.74428327461429,43.32519381303667,80.76220294133785,65.60589947675595,70.65114559689378,61.69262952789901,63.1220987563188,30.412683343122332,30.608322003610567,0.3035146881319406,45.111597421026374,43.33222249573032,56.006580342229,94.24173153272854,81.04235569728917,96.36028888503397,54.479512270021644,28.676800673894547,38.441697871558766,54.57466014180869,98.58782539711592
628,88.53261200747441,115.09450247418924,92.9664390288251,67.73991781832741,106.60691850438833,138.69534154391746,114.88562528887267,119.89826428630577,93.20877826331576,83.28028203025863,78.1243641423885,42.874325557141844,37.557899841168286,30.508393546258517,53.31739915829852,107.83688477241417,102.52893319089577,140.11832682536996,118.77497245153418,113.83054540923224,94.55553948354384,92.69094960866005,84.16999996934842,99.59340780589264
629,12.171615654708908,-4.006060786930718,-10.648916012558018,-0.5714211652122856,45.194431808755574,74.88901173189791,117.22182695214721,108.78668375567187,124.04891084777134,81.43098558936697,52.35305327575979,55.6851644596187,41.97854265598105,70.49536473425552,81.73943635509828,121.04734296338351,120.37221526989734,138.71711443219144,104.42215426797713,88.68375497285236,57.94828848717102,37.53118086575718,94.1545784799163,92.10806463626666
630,78.98232446880534,60.88585314165863,44.757004530220584,0.30820630600068455,-7.610156250614551,13.777272360635479,3.7226860213785073,10.200300967253398,18.349691783539996,16.717938258575757,-1.7698336585713434,6.4475165611354015,34.6923785782543,75.55425442331716,51.38207235633431,100.63865103197826,127.6107028324599,127.79139200632098,135.10382144962125,126.40760132361163,103.53820799490333,113.69776860829188,98.10721674243524,97.17585322745697
631,-2.9063570523519786,24.532077168579065,53.99462177938797,62.35794023432609,60.81571689140863,101.56604282818228,83.32347260185014,50.768542763719594,43.24501326650437,61.461470281778126,31.526641016203428,2.571372098503801,-18.058391528235234,20.802143450466808,27.811418112505436,80.8694239371754,121.78357007188303,133.17094158117976,119.72265439772721,81.61287351593873,81.51658773122111,71.17511891476686,73.53941587195597,88.57404636151088
632,95.96927449856089,88.61357604168445,81.15199167420288,129.93418504397488,148.2984078291873,196.96174950254397,195.9874539234655,147.9484292115166,167.30148679854574,136.05352617550258,95.54613467677459,84.43717535939234,49.44065226308351,62.29835215359023,105.35639204196798,154.51668670984637,167.24663838915194,176.46945984820348,152.59758904399752,108.99893484227186,99.9911182191618,69.16003348629145,67.60853606493394,37.977894068831034
633,67.5472602712758,63.02770065161267,79.39463998226108,80.43296675354435,81.85198351581607,81.26565816515566,122.37194777311056,92.30267059924894,96.8564186616355,128.46842906405524,75.68636949569185,69.27927924237788,-10.67883543435542,34.956195084894,47.03770650590519,86.17064042240152,100.38216322111633,92.94830223295412,120.55893523291425,112.00405867623006,104.22122371051204,75.51843296239062,69.4598143547532,55.13186296412972
634,141.1645734355708,121.6689843305878,76.38877916729619,62.84566527320935,98.72215736549254,119.43553962505149,89.23367543574972,73.6064564671884,87.782564575941,87.07048629510159,53.303417226839244,48.70979369917338,48.130852485996165,71.40243189526177,71.85014499388836,73.54018984292122,117.56295690866715,119.61773778082735,113.13699874158031,102.84580718159528,81.69741453128044,40.01273424301745,29.96728391229812,32.83550469900601
635,86.27481943969278,94.10456416133799,105.72835018179816,75.75252123621425,96.80186674287766,126.44152185127358,119.37009777800075,78.2345647318791,79.57412307628167,110.31813397082858,112.61330486433157,74.92993396682309,35.14249200542644,9.266670498466652,32.510312442886246,58.25305913066251,104.39458440781331,157.00501469013918,129.82047311449338,94.59182476730489,112.80256150637874,140.6913800773815,136.8218992150835,75.6942485532368
636,113.69030030796726,89.12814152535238,84.25090841564896,71.61185894891696,47.3841192085131,101.87527530019037,90.89853443636395,54.21905756387393,59.60885489395595,29.09757179025432,-8.071372201013673,16.873906302605093,24.29770955862319,28.179684313294814,80.67181009472402,125.80249147890294,141.05214594988186,133.1321495171893,118.31078143890544,99.74888057332808,102.5071414673793,80.38705701919932,56.750027819502414,74.11946535968613
637,35.77502819836887,60.75652467331484,57.34623613705658,71.75295348823872,79.16448659203282,125.85781770016611,126.75730044383978,98.64376651947323,84.05730477606086,117.3134877691944,89.43863661271479,77.57803342833914,53.51827089711344,59.02744343426143,50.16255856820733,117.1453561998178,120.9980820103388,147.79894153667348,132.11728560057523,110.15352515599862,110.05590574977853,68.86487611103475,48.90842939401578,31.156002028513342
638,41.97014234272555,46.73024984338541,61.53640114171509,82.21004069673457,102.95259528927816,104.31043935540768,76.09385903606214,57.845209107923296,33.46683318637709,42.636416580257894,69.08590861198961,53.52528386219569,47.77917082742165,71.86945800881114,106.52229403269587,76.88519734237141,101.87047775391119,115.35292976828228,119.97923703958692,88.00996150889202,84.32622783555578,115.17809013374605,101.84383093318345,105.26020764741224
639,25.70479219825326,14.477277359088625,54.96682476379992,55.80041616400411,57.768646272354516,90.65732985983152,91.72295460344631,73.36541798922822,67.03013728471359,42.1256517545111,11.236198545613362,20.38969617910047,24.145862810590934,37.876059780781745,34.54987347195028,99.28512278436827,112.16065482663261,144.65050996068908,148.3887206302345,111.20792045840746,81.58232183418056,94.58404065954976,43.86555581191834,59.134773830200686
640,56.37987901652214,60.97863190764242,40.55502935208446,44.550742933050586,79.86480221727675,95.70868061036776,65.03041416785548,74.56950162912511,78.50464447169011,99.65668588970902,125.25084356768289,82.20009301161485,84.43266768648778,102.89957928784919,105.64398926618223,119.80366950339794,185.73248314304757,198.59003492996908,155.588086042558,96.57977972437268,63.32099552741695,63.465366363464376,57.220205979352514,98.65598389349285
641,85.83214325598654,30.77999662547579,47.726018960368506,58.85188022270461,75.28029207283468,122.31980788958015,105.7759338030493,90.50970625533672,89.37230182454813,100.37008842224195,107.72113409760591,100.07954251891002,92.13022127773473,115.98032326317593,129.9337240321058,160.48533716269804,192.8629881980037,195.37817574370757,168.52446632074307,72.72026212003905,22.44252146978947,22.656781299695737,56.021578521180004,86.86830743523826
642,129.70851054303273,22.383505121772558,49.97593498382111,64.45025453017493,71.59944853166118,115.09033893336557,58.868712596080506,37.36744596897536,51.07390414289877,31.867100775085106,39.04993524883132,40.12165321005722,44.758855586261326,31.943326399837815,42.31295554398703,106.63801629379417,142.33685535552533,154.70406867240064,119.40920690710203,88.5826422911911,98.15708441408137,101.62278965821761,94.28956177112359,117.54733893312758
643,20.68177959059578,60.887233757263374,66.18730720989632,47.497760092903505,56.76908697475547,90.1243692217902,95.22995924428555,83.5267809448621,63.69274557975237,82.32170442652007,71.90832813144895,64.3400171687959,39.44759681496015,54.467192898614805,66.54681592853854,76.0263022651801,118.59717647252644,136.050183151141,110.02360754019351,26.568407069955725,15.575041172956645,34.8742705054277,50.90812783152445,44.14819542903897
644,114.02322267099689,115.32670781408947,111.4605344535938,129.74217212472348,159.27095370613006,161.84431697340756,164.8586605093407,116.00674011317236,88.67289788145787,64.88803860727951,46.92167065771385,48.074949734421125,50.31213531741493,122.78210645062954,113.8313052602955,100.31625463057871,124.33286753380773,116.2477252304692,125.46360726607173,90.8896274104899,89.11445085491168,95.0706101816866,76.39643138543879,76.89357610427355
645,45.678908880279366,29.16561288352191,42.22552467582494,38.272820737941565,131.14421256447997,173.35174078973893,143.39617034085515,136.1521961515876,146.24917363904802,172.1076148303368,192.41374022919078,158.33381721440776,139.04458809048052,131.01954708423955,112.34329042357152,178.53070012497486,187.28653697488997,170.48883174252666,179.99243691220335,161.1564834356854,169.72085185371023,139.57178654875716,107.26492675914727,107.99072076305455
646,86.21423431716033,70.44274685637247,68.42863604025713,91.67584353972306,134.93149664556572,147.99702286961735,154.46322742119446,92.39120075712694,107.14334733220164,86.78372817697662,90.00006369568197,46.99514660866171,53.277067624847966,76.66028490336225,79.77473572719158,96.04709468389751,146.9038438580435,188.54747843922632,164.9597999501446,108.8276356546859,114.7052918492295,89.13397964945463,114.62293279141466,116.50222301240939
647,103.92635556789568,102.18696027840902,136.94898759281315,151.51204297564158,153.76642905210633,148.43413070478306,139.91115064429653,94.57875035440092,89.49489879791285,46.2197360359111,28.627840812323498,11.35316472081503,35.61458171939735,24.975907467699187,62.15582253826581,117.77115641396163,130.9854735602496,131.64560242903605,93.30534409446386,79.26751270211342,91.66131052456291,75.20572500246021,57.89901148907279,54.1779457296619
648,118.19845888033949,93.34651710538998,100.88855314000108,53.986494378401176,97.40099303283827,155.29423057462748,144.21692351351012,118.48813937261033,91.1573140736865,55.94744970638227,31.509043889443518,11.750274172370908,21.7004817753035,23.65751822737063,59.988575672995424,63.40585323409178,125.05376216842629,133.4091084990329,146.6038901547835,120.78319488898582,97.45812637182435,85.77503133008656,88.56556839177689,90.44240792869695
649,19.642631496383345,34.13461014350324,20.33667615065022,5.090887243635223,35.170183019898886,103.97082394946216,116.73264704447155,83.10475893595779,-37.8534377692996,-48.701254545952594,-27.59295666049124,11.668684311707587,34.16601085193392,41.79813975720617,42.4317985110674,101.12835320621248,118.27113011974447,84.62595269954966,100.45256781169931,99.41745288733497,88.89278720340836,108.09134669770498,94.6315716781227,84.69621720777874
650,100.99801724109366,66.5057122256175,61.218091243883435,61.57672026979867,99.55590081597272,110.80528425637713,115.94772041964978,118.10058592651203,119.90976902264701,106.09808271842027,106.79629623951821,115.14653157785422,84.2786680239829,117.96504005902823,132.90184205213126,187.42348628942307,208.17624200055081,187.01189918343778,175.0007381587986,134.0511797637265,115.05320694799771,140.9141404483719,126.63006168640977,118.32614353324784
651,59.27557525781446,81.74882629398601,83.25504580154609,107.80524658846068,98.67630100440249,121.46156757589188,88.5326878586715,116.81784836814447,145.83401860465614,125.02910708912192,124.15119128514715,122.77703928006841,56.77141996957556,38.915333006557276,90.83100516408709,87.9737419890306,95.07264972300156,128.3258422875247,94.43658250218502,37.309097876873864,81.87047848723945,57.973766725353165,50.82318283578736,83.69445622710083
652,25.478118919599154,34.913617664544574,56.12282676229036,74.97132713438862,78.81875719514886,118.81972087341683,106.58036790567964,50.0996515032114,60.11704291274569,63.660432965371314,67.98504613510583,75.97774154321127,60.59840451691723,80.944689103685,102.5964548156622,121.95612201824781,159.2325683646556,129.6251446788318,155.92141879459982,133.02511583045134,116.8652585635055,143.5813964929983,130.93384669575977,104.46621202804619
653,13.394987711546811,0.7621586178606492,19.01052766490301,17.65876123991984,31.13493218768801,56.32755846946833,59.337640870932624,65.28940282435615,60.37299526556802,57.5903753551611,79.110752770097,74.15718968619808,83.64422076016632,111.38181882290039,-21.394627769781366,11.111923170146483,54.79778541571294,64.8340873179337,61.926228786052164,105.77561852175009,83.82821240029325,107.38545075179286,115.176533338621,89.22054166784108
654,96.5236514104302,120.64997122449631,109.28764345114323,93.79495283996091,80.62328652305993,127.91258201341421,154.66378753784022,116.42226860273863,111.98122547916887,143.04179372498174,125.03630280211189,78.72594958380365,34.3899055540236,44.29453660741955,54.62260359482438,121.97273749455368,121.49476437478066,143.25048401198745,142.1043129026329,166.2209490336342,160.57003355010414,129.76248533367664,126.35777311994502,122.10985546661968
655,122.68160889138309,108.52641401003356,67.47049053793339,80.46900963839406,81.86466326050784,133.49178100698754,93.19365707275142,75.59123231934768,73.90844805465177,47.02767727609318,25.647689477190013,56.785536251520895,77.43968987971157,87.92415291099452,114.41972550734633,134.41085904246154,183.83725911400916,129.545149461058,107.75577837428139,110.65692177141098,120.91492350182973,102.10707393143642,86.2151448127924,83.31388496941113
656,47.8107180157475,66.0190836312361,56.17584856646274,46.19272139623051,88.03948541374439,122.13349645673742,121.54730470198173,111.54150721969926,119.4507178936048,129.3721357320694,93.98480333331331,127.39442254448221,122.05638112476458,112.27771734164904,147.17062210114753,161.88230889892452,197.79406416689292,178.02934744196062,161.17141355618503,142.22826079359598,142.99926442633034,84.16995905087703,39.55432909019312,25.670992672708394
657,133.0289461745749,151.15441100922823,174.78433582081038,125.55771904488573,132.50864965832952,149.7153233911372,143.16121052836627,135.01269348650737,79.08295464128145,91.83947588744621,82.57556398470739,77.63728031653491,55.60788112719845,46.36060290018112,23.63104322865091,76.83802360877957,101.61765540810204,102.3581095701395,99.01522688760542,80.71693240018224,101.73779776085449,108.20296620293422,93.02764729895098,82.32300732482211
658,71.54408985780316,81.1135242151899,100.33297477716522,125.1451504061223,99.60061226788002,110.05173754920533,120.17836201733193,123.98010368407463,126.67478307963178,99.33587274773426,99.69108881539412,108.65443790206382,115.19099656647819,130.654975575923,172.89530386814334,159.96532021900072,193.28228992064808,200.30964532979985,210.2535331485746,160.54822512197129,179.9237063973536,166.43155602871346,172.96003843732188,165.86430929478166
659,56.731788508815654,56.82801730459198,32.60286210890246,46.100336504764584,79.34937724763651,100.23023222301717,117.22048687585165,101.00682350817043,90.27164942203656,93.88977504101673,115.85418766963153,68.92775580872814,62.33890533301402,74.94352522718489,96.23725180123535,129.1580195916508,143.5088797261767,134.04222160445477,119.67745889340878,98.18715229818841,132.18750674182377,128.5686238408933,101.74011368658459,93.86932385580612
660,91.66407645322872,73.92617114918491,71.42112205614923,71.8938427065653,88.44796772083444,113.25433351258586,105.8858135829525,83.30009916925914,69.88111065859364,83.33981118896855,81.52636005268488,76.79390169388773,71.71909587602258,63.03198017104623,68.2220275012676,111.68836567359071,126.29198465468274,115.11815181436634,92.45828986033581,109.94020190730538,110.39264714725408,104.3361481077369,109.10500095671568,69.24696985094553
661,39.85658654691251,51.923939713118685,45.03981993077575,48.245343940025435,108.09585074969078,117.87433631062228,99.32203505067811,63.54666425084627,27.705160587973722,51.20137716433058,42.62697917308395,50.354333411544886,51.24813257588559,57.74629493493764,120.67401544564305,133.82213955279963,149.22474654441842,148.34450288605495,161.02145790143874,122.92585827260157,127.73437525644694,138.8210893744923,143.28687771313747,107.9607459221506
662,43.671853978094724,69.66223966809939,85.68550718350318,81.83067458188495,68.81536375927624,131.96006792146756,121.4371157034291,97.88466998500719,91.0593832037621,64.95119482030131,82.81936539946506,47.5139753178221,30.252215742505932,40.89417946976365,60.52498077873467,94.68018988780264,106.71978232171314,124.23651330951245,127.41808714441922,106.26717125517699,93.5429243657277,92.57395812171349,86.34838855507667,65.74082283733541
663,17.992640769883337,22.211881201417377,25.259078210150392,22.20333769841001,15.980795870107869,94.89533615801193,103.54630946660727,85.25532257900466,79.71076704711304,87.27400255326717,68.22332942163678,48.8092411894355,40.54091114638029,81.32231175260046,127.09400993269472,138.76269284175373,158.51261070472387,125.45612373501159,91.18279439762188,63.891548430344294,52.992175454195184,65.06698631862733,72.8532246124709,114.1434269053969
664,42.556487528097726,44.96030848588208,38.497043706586815,73.49066728714166,113.64365530138754,104.02984392394522,88.55510295385149,71.56922590709178,97.60822904709434,67.36730791404376,17.997821375230274,11.735483831670535,17.403232428213222,35.514734467962,64.55525193249703,61.186290527948,93.41215993488703,96.87272743304176,71.53134300776566,42.03612904342941,67.70329616505475,105.10493477671308,125.30354465276221,105.19290494601091
665,110.37349269405527,144.82757550662632,129.95637331525967,113.60971106134828,112.01025344967428,173.02802525386545,157.6431852177405,102.4093340473042,89.02834171185611,73.30068904420702,84.12204520936719,83.2663632201203,68.63131631425344,79.72307872682534,86.52809089279438,124.09206645371818,155.80981769304753,158.87520736229743,126.88509138686429,81.99220472743413,93.14747584735757,65.8110882272939,65.54117815946702,35.73119957996197
666,33.51161887823557,40.39502824651184,22.461178577462427,60.24968904303719,81.90063828719906,113.68186615530182,93.95999148986927,95.53532867100834,87.14132236932029,142.87373390552176,186.75709418102284,209.14986675825855,202.614494595118,183.24043008592673,168.29747333840072,200.246003471836,232.060593545406,204.55435513901756,210.58742813912792,208.81592870417523,170.13998596863001,135.80454639762837,146.3846886674354,132.92636027570256
667,92.77266103339775,121.16355094863121,100.48071716769793,88.61047376062702,127.71607167885222,159.431718925136,129.46173579516167,130.33863045281646,117.00266214351133,124.94099701311124,104.83444287129294,109.0566093886534,101.59742819189262,131.09114054808546,108.20021179370029,136.79988188878826,180.1428349033894,260.5628292103622,216.57045044244228,208.03756919600065,230.1141343144688,175.91594172834928,148.69724824726902,127.64978750676526
668,115.58416643374827,141.64878640171253,122.68877955074967,99.42902800232417,126.25998855047625,137.23801170629318,129.7098509610974,85.6503496466428,97.9443644101684,78.88880121241196,92.84506904890438,128.55038813595846,109.92830328904628,92.32052820231155,106.03083350884215,148.07000132291398,175.1925189461947,172.86787939835028,145.1002232082955,99.65923125335388,23.086301850940046,21.67118418298702,23.17428295570258,25.97861989846092
669,-16.794083896031538,9.917668265041478,31.00989121467225,41.088604761164014,64.16621381251174,140.44243013518366,146.20168854765146,128.59145903532897,119.93895654961273,97.21998664309211,76.1785871106992,25.79860313526627,57.02045752194733,61.04662290724649,42.9268200215042,66.48344844423278,77.03605118219423,113.4122452487116,136.50333057931402,115.07388506120016,104.35904579885103,98.06293842891078,114.38047142491165,144.34746411911914
670,77.20542041851513,98.37954601840912,75.96342631562021,82.43344835620468,107.80584794280713,158.9628334361842,123.18270638955079,91.42103411410314,87.29805868371663,70.1420800807602,63.760052895096244,95.25153865703767,89.50243712679048,63.60108166956735,96.38114049996238,133.97614078672098,132.63764657166624,121.43157202915935,95.50219528153407,88.256248467184,104.08008572372654,78.15212261421907,55.71541854282428,92.48937135655771
671,47.88883035357044,69.02466047282276,72.08095053441268,69.20263324439587,47.43180276158998,81.5259522197252,85.88563496025805,99.24016747013883,99.71018116062666,120.30272630524199,121.20824639228864,104.56524290968912,106.48790845086,76.42151653958639,110.53351794280694,155.07743081301106,159.7561822001259,148.61147817754775,111.10333096147201,69.26626023315066,53.13813430377043,48.396850991521866,17.63915490404267,15.877714737955216
672,36.09076815817472,27.56506220342324,44.54679345408876,47.450479506556974,26.284791079479845,60.61081379434944,63.03288226838403,51.6802917491641,46.92227767192573,70.64833013975195,57.30387986307237,13.09915852333829,36.26333552469337,56.80900941690552,72.58671496539715,120.03498989778501,137.92256247929558,154.50869935452414,174.52734362360593,115.59593746981662,81.51919201107671,83.32189882358348,64.52822946604842,71.39571041220464
673,107.6092430046419,129.54910900850206,106.36651583661852,78.7887871250669,89.09113605082747,102.63870225774829,94.63093609226044,69.81407786997966,75.95476012417126,78.65841130019,38.98600586675933,23.285061169290394,19.157283765467547,32.2949917649134,13.690426298185272,4.1560106077947125,32.81912327742397,69.3065237994173,92.11967069913202,77.03506181571495,66.43695696172334,103.81715522939867,107.45019338216049,100.18770787135367
674,37.35023990263075,5.287540960932958,22.68480540970731,38.62474117409067,55.7562598687597,86.41000006161013,77.15902610525967,53.693216016966545,102.09356023665299,75.65255829936686,47.29350090852036,39.49343293570453,37.84639565463965,82.9884423609559,118.18102519165096,117.26507841549412,122.91612748320883,150.49567450561324,106.61457254203678,83.23214427065739,76.61097281447691,84.45958464447224,91.44182662171849,96.59110464914995
675,43.31060191931382,59.65869454666763,68.45580632771367,104.89881055280514,116.55197771877032,116.76006962074777,124.41033027857792,95.93131499208936,99.32939920361571,51.431826917668516,41.03893381513824,24.19034608467628,83.61556764997577,64.62583384293612,80.2831654735501,102.57361593161532,162.80973879142476,169.78715977404872,100.35936743608866,93.39434510340037,86.52619941766254,98.34220522642069,97.13516877429953,80.95502255011885
676,26.90261401905166,38.542886920577274,50.321698015498875,35.50385002271923,82.36678939935348,138.36980312145843,151.41733673322057,131.1330405810437,117.61524808334765,108.82519819627721,98.76751098848726,88.21374727865549,65.21704035672215,98.91020286825888,83.03407849353587,153.24539219992462,200.17369702807753,190.42165336891986,157.1870521023676,100.20671750222401,88.17511030715822,101.61209454673399,95.83723252969995,83.33115665918005
677,92.92630905171012,112.12603895164425,76.55220392587194,103.51603741418603,100.02336744165135,146.31004455531132,135.82160822487702,115.19537756697194,133.07351552554732,100.63212945681407,90.85034188628003,38.67947463342095,38.22309732536857,18.342588665041774,51.460191248468846,66.46482154508405,108.92019260023409,98.9239828087778,109.95108452190111,59.07388009116906,79.55710507008486,100.93148630884025,94.55351987433194,121.28957989890692
678,52.47980784667983,81.82135404257377,63.22341466958878,55.58191668047283,57.99066541558301,59.14060189086865,67.78033214951088,68.54805967667272,79.6009376504664,41.308194572595355,15.405944357252181,-7.553148146768876,-41.667620615537075,16.18266147397882,43.520996952268206,92.21884189529464,151.90427951723132,150.8972078353637,111.84213283689951,99.03673035327128,99.15845700631033,63.12929925157252,51.72713910374094,33.661697764186584
679,87.84050162030772,122.96880530429723,129.6621119815809,85.44026603273514,125.72375745405667,139.18963895638376,184.6641994219638,165.3742687866946,145.46165193127234,155.6993892413476,133.71718781307462,83.57991455829072,80.14050718350592,75.41457505724455,104.5651907040643,136.2475019239665,170.99636076414382,189.59736050833078,164.7827768881504,130.2100342836772,135.85125982153434,112.26827417597164,116.19414395899267,101.81126737856523
680,153.9506946253607,169.76859696858196,157.5413141552906,141.52291934694978,124.70597362358788,140.3626416947643,127.15126623096401,135.2865340640128,68.7082594427306,77.0789394433997,33.86874309173926,38.05181230388214,73.60140044262262,108.43239285941486,105.48678933628614,121.18901657686959,178.13094270344232,197.54485157881658,175.9481014921392,117.13215581717128,113.39474384539652,81.39819551461466,41.60161371511308,11.261219349467979
681,50.3678397001089,32.85877413568777,46.440247603271224,68.82876683680753,99.37049482032808,105.04375700113323,92.35131761623502,64.32378535218515,22.723587797087617,46.49546969226519,37.92179970872112,18.06526457723038,-3.548913807375115,-5.0893448704156015,39.73614736154741,89.34712177214969,130.89143241615253,147.88962208874165,153.14819338591684,114.05713666637124,130.7633396024041,132.32020061353626,148.67488854110223,105.017502784984
682,62.7599648623662,68.31746494494683,48.59415696521371,46.34202190578707,78.76679491897535,89.8570687886402,96.66191561992574,67.19561347644694,70.1426478195003,63.362786215769084,48.11336290543858,106.93595838139484,123.81641179788659,103.83944580258435,101.05879256592083,169.64042870641038,210.65487674615537,154.9180748998577,145.59814899485258,116.44564739604063,105.25726153527904,92.9185279497278,86.71010277130941,68.82670830127597
683,109.78057594778923,108.26162135894444,91.2636349390468,74.4091803657232,80.54449657709387,79.58469067621073,93.78779077551854,45.31876193549293,17.68125129101881,0.3275394563706726,33.28942925139505,24.839706572434082,92.84249981593436,108.29508132076946,108.28921550794655,146.2160271486355,168.16924415048666,190.89153979806753,171.26803770725823,169.33347543631942,148.94485981722076,78.23964641817844,83.60451458062602,90.92966718790588
684,54.94439731759881,44.866546501939986,45.24365085372682,3.5869934919195146,68.07993771912767,92.94567290254898,82.88611861483905,92.56151406274574,75.56660197515849,74.93492953017514,60.93853822053861,56.75284036893726,50.542069896636235,62.28100577910634,103.3674508895698,103.27344729890558,163.0950045541751,165.30555203791604,154.68808538996072,126.60695074121307,124.32569908787599,113.37421402698635,141.03436825094974,103.09336151991992
685,1.584106374431542,-0.21562505959980172,39.27845269209537,18.488409351060646,29.94080836919632,67.97762644884696,71.62410637318524,91.81819856814879,84.39061097039053,81.25533518840814,84.64615032657693,116.17226504013647,48.72338272229382,55.56527130934833,56.04549774729931,94.45471384869383,142.04065573569298,159.79926544850565,131.5973604709767,93.99511113121949,111.76338577629184,106.74030300551566,71.01981339666608,76.1482036638197
686,84.8977263365599,81.63835826680283,81.4574876758445,92.92534148717506,133.25433042009527,135.86364127582877,151.32818517576987,130.42277004129616,144.66424748849244,156.84226517866085,101.12734617573685,114.92105679756664,106.19088776636633,155.50856338318133,172.4444230227441,233.08457261447347,219.92487443739287,195.94816462768068,169.67289662322872,139.47847134575903,138.67554711469867,147.68966260657237,164.06801811459752,117.90026707798825
687,98.47960321186389,63.350138893756366,50.835003040190884,69.94380280922763,124.79390806918393,162.2681118412956,161.87863284623288,168.86049613914534,142.1212626099931,125.04787872739044,101.85987542234112,90.0896021369507,92.13167424119166,137.81621882050013,152.39389684904805,146.22698744425162,186.71238658756744,174.45922409145203,156.1717051544609,129.9124740621321,117.06002283367843,99.43082332337889,103.99408338189785,95.08958228837122
688,6.1187788658038755,20.364143196966175,52.244994439737084,60.03711820998315,92.53858714757595,149.35577698648225,132.22114572323795,105.0433330658052,92.09110858369004,116.58681879042895,106.10922733858928,125.76195381981873,97.82779686464406,79.16789229728019,0.11134893729229134,53.11257842227451,55.54891573927529,88.47721261202925,110.01675781557405,80.95066601505133,57.71254122472588,41.198055818216645,2.6867138299605244,13.875791068389091
689,50.05670127060374,61.42213857310608,59.27727360181395,58.154214021896124,99.88826560222762,125.4777339488693,116.18608982062054,89.95055857281719,78.4316689554164,101.84235546602058,86.17083420634708,77.47428188374647,103.20431488915615,126.56658346487396,150.41715034466006,168.19528533013994,201.3134755948242,167.63017064785726,132.51717816685,125.53323244279913,138.69556048577084,150.89160023250645,159.53741955924227,126.90399854634154
690,77.07966093211652,27.507689944243396,35.71162754168826,24.141427753818974,62.83132019076925,121.61743517455041,133.7525573977208,88.26005629083272,94.99972742576476,85.84156852689689,59.09380214644439,42.339672589272766,4.625193035278983,53.01258249535981,30.81377317296058,97.89828522384914,136.20592183495867,144.16704682740783,101.5898305969504,101.50606603881663,94.72240595507628,98.24152851992496,134.51637339443107,159.54980171439348
691,5.147725636128115,17.11467518481902,13.465136225580565,5.0540570917546574,50.54697540550854,123.96981458405041,110.9452452953883,54.704216247584604,33.80418117570009,56.8884432669459,67.52221827121257,78.98987800270257,71.39924854198141,60.96839295353588,71.30671673534506,104.30644371442513,136.4149638121046,174.99446478347875,157.8753025686803,126.52014814769221,115.86953220982609,91.76515845239939,78.41623777206972,98.1745597091041
692,145.32746250484314,119.9005337232507,114.18900293618901,116.2868196671476,127.87412796231366,157.4878504143686,138.32067888240059,147.0788261457481,133.6417759012766,106.85381774220328,112.68436095767494,115.87091251094859,125.94092472866586,116.85526897596554,110.42533178401928,111.33253875601997,123.25481149594282,127.20231756134993,121.94560197516297,88.91179477428523,100.06432464549296,123.21872498790108,110.74859858249334,100.84245812918698
693,102.44461853419767,107.122737397814,86.98873392340087,96.64089802237255,119.94030728558033,170.14077989047584,179.9080901015296,138.56570508053065,123.39350124133226,92.17751197626197,60.46907584733946,45.21930298309819,53.64988619677854,49.74393958300592,55.49120995719147,102.32636287379763,126.61118673864887,140.99919972854386,146.7721552307325,105.93078397348762,101.08180198622007,58.97653317524079,82.61002815288427,65.89751595410388
694,45.70220316443664,70.5777716277435,48.13774627939923,95.7284797305797,125.57975706424088,163.47232534884876,151.9151751630779,136.38757506303273,123.19186912531066,75.62829202575185,76.12926417092234,57.314383714327015,54.551510285259084,52.27412361682012,114.66374092011316,131.1178514964519,160.68463417371763,142.6404938757951,132.4715086133691,94.40932025205011,74.56343575536809,66.22775272132469,43.73673072345837,47.256120178293166
695,120.34430888315667,93.80149869552348,90.59535766901475,88.42147347978198,119.26904543489293,122.59847098703668,145.17247136884072,113.77354546435447,93.27107181573142,86.62918261625907,117.49404324257722,122.15838157469943,103.69022269986613,86.78704562822216,114.88620753733076,136.42924392135154,175.0839317846246,200.28341212025572,166.31289492061632,122.26724841180537,122.14568710387944,124.67113627559397,132.68122112712314,136.02021022587277
696,91.2424008327869,114.18483187569905,76.37212080847594,110.54877882137096,113.07573171433168,132.6551795369611,98.98580356935648,115.0069745254815,84.82402382594933,102.68183010167006,106.68172061900303,148.6478000117367,119.27754921421719,111.38935804822367,106.40220714095878,121.75534719191384,148.4906005180805,167.4774924994125,144.7894705601012,112.62909015583516,140.4304762323502,134.2433180424195,114.5364393337757,118.91199828359905
697,75.61982681020721,50.08812971706732,40.486765349397295,25.98178561557308,57.262813599462994,115.84822864281554,106.35850157704638,97.20948993661689,72.36568370037061,70.1813475270753,70.42688172742555,34.07621863841329,37.94010649401817,42.29484609592585,83.3287075772297,119.38775552041858,133.16312113032646,165.72734149933987,150.27320379615713,95.85731816000641,127.66648406150604,112.66407452178437,60.043418899317075,42.33590547504133
698,69.27622370483647,23.575868290901774,4.025061353497492,21.740385704355717,73.27352587476815,95.37681608912163,125.29804867243456,74.65370936490098,88.75277544115661,121.01508361142922,122.26186962698702,106.86712616173108,100.739841561504,109.80067521905985,113.85067305894827,133.19693094455218,168.68771358786876,138.31017365935858,139.26752793871023,131.90643461782508,114.1578553908401,138.51219922902652,83.65444412956269,84.34933252652169
699,46.22403380655595,10.933657615997028,18.25943749573407,-1.2111369754580323,43.74317460688002,81.67473040265637,124.42822901126854,104.05875149391449,88.57542461728742,134.10394453271888,109.32256975188973,102.01362429035552,109.9918878048286,87.0309972160476,83.38536331107342,79.3525781334163,117.57155343565954,118.61642687562625,101.83370901844359,44.36519222428922,34.33901177898295,41.826809818601554,60.93191270246524,56.1982092044835
700,104.40606465655091,144.53120170853327,114.10698348886693,109.59570608502196,136.62132463030815,179.7487107491558,127.39055605975545,99.60106242415974,89.67591578400565,45.33462064397235,66.18770656076843,61.7547873044611,70.29713015025787,104.07070404015224,116.74451013674245,142.7417605685956,161.4604352242599,133.18788884117265,161.05706733193435,118.99810597883167,68.6654131182772,69.78820030050525,62.90030170185567,74.83157500904663
701,-34.23176276836837,38.80573060880056,26.519265912720293,51.032265445660954,66.49180165914828,101.00649241452223,102.87345268042877,27.128737536452277,-5.427632673265023,3.6161924638639107,-18.504520161570326,11.916592660653869,21.34407603597961,57.03276102668729,75.83337009558058,82.9700753510672,97.02780828305077,118.8081602228043,99.03120930190613,118.548039174021,103.25286030741631,116.20293784844148,117.83774377659029,123.23170567296496
702,94.85287991476524,96.54519758293256,93.05601591739106,114.00802344394481,136.67341229211192,190.90390811967694,177.41175063829294,141.93952390030591,109.68242040924696,126.45173778594584,117.02749706031979,108.03866884925844,74.64216026739903,78.3777522316727,92.05885506921143,103.19063812384599,137.13290586645093,128.22330391106956,91.68195417387628,96.94829454615694,138.0949243802876,107.0400905446759,103.57757028556115,93.94939963282285
703,75.93013810800582,114.62566244556291,88.46900375874759,76.41375487109785,92.18075728296544,139.36060982358177,142.06671522754397,78.93226329841039,24.947443951334414,32.478526974675624,37.85396554146554,51.536974224879934,111.14691541418772,137.7676962981005,118.55947288524266,21.534773310814273,87.57977681224108,87.19517102893529,84.52392797973525,36.44051030506452,39.41270903264357,52.80602752784738,0.9153237965605001,9.734853698217194
704,57.280937896851476,61.0644490512703,55.0770647909883,49.8340003570544,108.50708650844427,145.105660537819,155.4865666550342,137.3596534646302,126.11149217910311,111.82161265568587,86.32509224425793,87.24548779132093,102.59653174403395,126.49495678191285,117.83678941395374,121.18938075742497,122.42949305826727,126.4229143819499,131.55260486336098,77.38910727412505,88.36866708034424,98.55839759172028,78.8871292473361,57.04890360112682
705,65.98877979360367,84.94608157400094,110.33367632237626,93.37188527056486,88.40964979880286,133.50084680970093,129.13193193666362,103.46679961716953,89.82203264640285,94.70227474814956,69.0949178384928,68.77557842076878,60.009001092953284,74.38261656265895,114.60687716732006,108.68990844065974,149.16429423392518,189.86272161791203,193.76691586732045,123.3043114222778,93.50077808380836,91.84140602363563,72.81885516743216,87.61403240787263
706,150.70002867740135,124.45087512842153,108.04136672995446,72.2867260923795,59.401745112544525,137.73663773081006,97.02278633277558,62.982190399074184,63.476211960979136,94.67512685916009,77.29650029969862,73.7535209959894,26.841025325864265,39.13315575854608,67.94854399386975,103.77866146155824,141.23783921983787,66.06827420085912,33.886396879206046,32.47731106245831,52.855338844399846,35.06015958595182,21.842634053686808,28.68111671169926
707,77.26520258565273,71.62019637598216,68.22803386261872,65.97402444620613,114.50518978909325,160.3398471589348,138.10657734368172,90.73150420713662,96.4839842761552,67.09966430178036,34.8422528346518,21.838479390749058,-0.7328505455149497,-4.451012563631124,35.02644461412834,55.049824370686174,54.99815641433639,53.589879911057096,49.49490573691888,141.02095722164796,120.42513669490188,100.19954194219619,85.07481577556369,105.14081426593685
708,61.089896362302184,65.64411655265162,99.06502260735724,104.28777413636506,109.81422787760043,113.7582750677609,153.87836289353646,122.51178572360438,102.6191237675566,123.43000337290007,104.26552432410895,122.58209435834895,107.75831780165544,93.12783598685984,136.04579028716444,153.61931278086212,155.41687025808326,112.32958069362617,109.59013131476155,69.55576249676761,93.908971176734,77.48235292996394,90.04370953599228,102.0533588078454
709,79.77639177872682,56.86148065703742,52.15790196801858,39.575068204637695,60.43327547862849,106.13580508203079,126.36618387830919,85.04902532801819,58.897240721241666,110.43677611891316,103.89159197989164,91.96829539799938,83.47965014583096,129.93349114618854,131.0593097378582,180.1678643628451,192.68900715930405,204.32879806708104,211.28619290388264,130.51111200631266,105.47055204390992,115.5045345759137,143.67338158574188,144.69402210329125
710,82.56959505954616,100.22611746800638,95.30776848920718,99.06534740332883,115.29001831078997,132.1604292973808,117.46104767300253,61.77209031271481,51.50819957599067,61.704856587520666,59.097074242384735,87.78961705613212,97.45417575263137,107.14766604282076,94.33661134569086,133.7054472730116,177.02364373731587,183.53456006958604,154.83351181235224,65.76551902369886,84.68382364782764,73.76857447424847,53.24861138446729,27.713355559912713
711,29.65559803277909,29.86129071979945,67.49951606508733,100.78962737699958,102.40838024816354,126.0822896422598,101.93365588521412,65.93715345776829,44.39741030580433,31.776758960999757,55.28011648125835,45.222144679076834,53.1234162242193,82.8992593648168,84.21290195084359,114.85250319049447,117.92052265574682,123.61278728100977,130.50065425974552,136.4536839513259,150.95891730854981,145.05996617374313,144.82838097259872,97.10715126403493
712,88.08999580685207,75.84616982873924,61.06931471512815,69.60450016611216,107.23168714515059,151.02146387090846,151.07213103572474,123.80063372610495,139.65466413053176,96.56051350287083,77.20786719762415,37.60327669445026,57.245590024453264,82.8796993417113,111.32048884498805,119.54871033314373,121.55703869327772,152.92620713538855,117.0649174565076,109.72857335723268,80.25820088302598,79.60627057756705,77.85172538611306,70.51370435613973
713,69.46633816172591,103.65248565541778,112.14595545091086,135.13196095072632,134.30029104989706,133.17365086044683,116.31162816575169,112.86277326211867,88.1623175045044,91.70105863174655,81.16391523296625,62.141299766405545,40.029494082270034,18.613529348489763,49.71273583791598,95.61495924983339,97.94222826170551,135.3910577203524,103.28085403829706,128.8567959642664,138.5642843918305,134.57328676157698,118.29027345745322,116.97349057754174
714,125.62014150985637,119.53498119058517,96.02076875660046,132.27739465535993,152.67712098055665,164.8996177625622,150.14861904813137,83.19608928118957,81.35930178029757,61.520201733117766,0.0007492293958222263,7.852833067724326,6.21137969491231,24.37027146520598,79.45490448408609,74.86266088557491,121.77869615580204,158.09985682915809,137.75974590150378,137.63287196193698,131.17516886878084,106.73067209869403,100.57326799772022,38.02565669723386
715,136.2002516073334,96.94424545510162,76.76286353462041,56.82553305565699,70.0964383538276,86.68143392227077,48.113576974448165,15.062881995448791,-6.410307034932856,12.103920001626761,22.312238628050018,22.768739932345973,53.455732411060474,68.41806482257203,53.403403730866735,70.99234383355585,80.6546498137716,101.27695362632811,60.04416231170839,36.95925153609274,52.377364295388006,76.55725018573874,71.97118268018734,55.51371873711867
716,42.7934683212507,80.58581125330456,76.33541437309206,108.0178822268841,121.79592212514538,139.73670319849097,155.45317543833593,141.44711558539072,112.77568531392595,104.84733862599688,144.13168539910663,139.71604477526137,114.75161386609507,123.5827722081435,103.00497027402663,130.30151194198717,163.0235077387216,152.33874830724272,151.69200759207683,130.983215897353,125.84991075284913,113.01889768223512,146.64982311988757,135.4661704340983
717,66.80371192305675,64.10517830652472,66.58573979864077,72.78102818157602,74.50231979185477,52.161724587076606,78.8210262227684,68.92015987996362,93.29700268207688,81.14370536015096,56.12484839754586,77.26465298080137,82.40384401588966,91.97047774709723,131.4973037076623,137.17605670038546,183.50858263850438,174.3070827334221,156.14391045951328,89.23213905708286,80.22698966941157,86.84835299213432,102.45530556077632,60.78282112800582
718,106.03981115470839,129.72271177777176,155.09223713344386,141.64317428440592,163.8631974964249,197.14899728651352,183.51597569412047,161.6142509489655,129.46245585193134,87.29302866040176,84.85633687283915,87.5422162073817,62.0125876021272,66.07938331289442,83.29460847343306,98.52221662700414,114.4488405953725,111.12281577254173,91.07480555998727,34.734373291379995,48.3955671380369,69.93160907269346,89.35795774581581,69.96600883631892
719,100.48558268136796,85.33884610004142,101.13264377721941,146.8291696010654,102.61977206993598,98.52943514371242,88.64212180494887,84.0962743583313,51.57440938606236,25.385839098101826,62.857063874381865,57.433321365560275,65.14141060714229,78.79499013220111,121.80500235113718,133.82582819103877,186.31336864492343,182.44118317510157,141.6728903212673,90.02045288243215,65.12782156924973,28.281026519020656,16.834617231551974,20.20962045761172
720,57.10222983030697,47.71496104802516,88.27726806422342,111.81801795217568,141.16204727084198,159.02121826104747,129.98628315377454,128.16302366220592,121.75094098563771,128.01477606013208,90.08593646795372,73.94073877815364,59.13879470415017,55.354704225382534,64.50653909560936,79.85628915102768,108.45797493900432,118.17079676338646,92.07841942522708,66.57751603621442,69.4474559183393,92.99512735224971,106.81003313421694,93.28852486875523
721,70.84262046934218,59.12830168941352,51.9405827131746,61.93908432037837,122.20144593608086,159.63296165967094,147.8323975308819,131.94495950915964,89.19447389397763,78.39239044901929,81.23071889137384,56.039153171504736,34.32517665332195,22.769829953592676,62.01612016405748,95.78150221312447,123.69441503586293,110.89605288658407,105.85325579008298,99.53748847609114,79.19783914232463,54.93829304769599,49.60462889096387,62.344253827818335
722,91.33506984317557,70.47443063746503,67.54856501448533,89.98107711713243,143.1730825699096,148.76175967186387,77.31246848466756,70.24394787432406,84.6940620764542,67.37993891264996,74.49517210173038,46.325954279191805,41.06081923513939,93.41677446897961,112.57064188237123,143.3215772839238,194.39343042478313,162.4186347106268,109.33651139638906,111.88851445307735,-0.10511557017700568,3.115678021085131,13.898629659556804,39.8824212571126
723,158.68376619430302,126.06431169798933,115.46654591521933,128.30477214554497,147.25390650617788,225.24020821337467,199.38329217499825,175.21938106310176,185.68202135353056,134.1455109888913,119.34293463046808,122.25005845707737,117.02869245972616,89.9189455614633,81.12904248269062,100.56841815890765,129.28641944810357,140.1588404140848,133.78332518927579,82.20566807297809,57.830399487067005,48.775402722932036,49.94152293895837,40.63598894071903
724,93.08597369513589,86.82922846880372,68.99694038950865,87.21191688623728,175.17017793349294,205.67697930200143,175.28479351735444,160.39650295253264,121.31148863759219,115.74385638075165,108.19627704082438,108.31241207938469,114.5961730503307,91.72188875358941,96.86499917169894,142.13122136339305,140.81068937150806,127.21333701467495,106.90307841243222,69.02331947394757,62.179195920011985,65.48816242496386,104.39170093824697,92.87898927579582
725,57.55964203122554,86.55243288796285,86.79096849801428,149.6819783863851,158.1091560120155,207.9276218727092,171.50236549460664,119.33130005927202,82.95801689800743,65.93602257379287,78.16989904807156,67.99723577656167,35.5099789129664,69.91881084267575,97.96445845681261,131.46683278588114,173.1932640720246,141.32829392124754,136.57816771570666,114.74261484324565,97.49768891107333,72.96547754908403,58.35693934568306,80.66655120850379
726,44.626381539700205,17.455344924613115,19.250280573396452,40.03635165426108,77.01988303875278,123.21377680713549,106.72602020458206,108.85992737678171,113.54203430450639,70.22789387785467,86.03991653277278,93.86142127773157,81.00896823571001,104.89538494693147,60.76735719561746,116.55483908504898,103.68933989258524,104.42346505226328,55.60730433577285,41.83476696122577,86.47440545747438,115.09507002674286,129.04386768776766,100.61608931503861
727,84.83661994749431,88.69474972074241,94.40241020714076,56.62667196380639,61.929507424994625,139.99339556251977,164.88612941614787,102.6248012615888,78.33310182084108,44.17391259754224,44.630317230406924,129.23181245486995,99.82870406381026,118.21010292925261,138.6939357719732,124.92555076178408,155.761426358895,183.87887125108233,161.6373334851261,81.83070870104945,45.71848329538035,54.876232857193386,87.48545446563197,112.05098777731257
728,53.69874221347099,79.43076232951482,92.3121521422118,49.93495655448727,50.574075365300224,102.12727763952311,86.48930878481275,53.793472953823326,38.81728647950141,43.90764470333363,21.349997097697766,67.73382887278169,84.68680457396354,70.91086112540329,92.9814840016325,90.07349017918618,89.20039509889864,133.7805138092426,135.63339592043008,63.74062747869831,88.32191447016865,71.81727717257839,57.02041303823934,64.60660474641347
729,40.71795948153526,29.999120547963628,38.130283170744086,30.66225707249839,73.86796894659958,119.91039530401358,89.75976011074883,61.087164033392526,22.134481708293393,19.188100250713937,2.787568734230234,28.41974384875087,0.8563000577951527,31.90973541291912,49.050091444943625,76.8938064260791,96.61804211124624,162.74430483982368,153.0081337902172,124.12225581491045,101.7702592035146,78.75935364610487,76.96150668275672,69.19374869993099
730,113.11615793344397,84.68298832511482,55.857254171064284,83.76889099325027,83.50741133276198,105.83979822389651,71.24471931280323,41.213508322388236,94.51643425544437,92.68710591928968,105.24479979669928,65.71949885293905,59.24385827200415,78.32573079725812,111.45985435921881,112.90516077834582,132.92290571017526,152.7009110213275,117.75659482379143,79.22660345402416,70.96492660696003,73.17793513836999,130.18801637514952,165.88213743223412
731,89.15902235852505,76.87499252596609,87.36831229564982,86.70172155169327,138.4840268047328,136.49004923116087,144.8202823991097,82.69478881879867,98.28712673926368,124.75409467202559,125.82282880390379,116.34846809822045,112.53145167006741,92.65784313532558,119.11887062970341,109.86241096685032,134.35447449003541,150.37618309516878,97.5746831186895,86.50915394739327,113.99732687870451,95.5453142560994,118.66318185400681,101.04344992340012
732,37.71706024857097,45.44801317139267,17.617336435729143,20.82962580180945,36.530458165904975,72.4912360311625,63.27757687676658,51.48561758239547,82.22708120969018,58.99352789218646,103.53829495977244,98.51243202355096,92.48926396565801,123.48679399554081,136.50696093773252,124.45230175671995,188.07019776833118,187.3694952546209,181.49382059590806,127.81044865261386,113.73470641996974,123.61829164413155,100.44455172915528,110.76442332161406
733,88.70673662197068,84.20129769575381,107.52071306688048,75.59504654042269,79.64041396666535,105.30666148680513,85.82309825403402,83.41805977008383,96.25422110842622,81.61408913552451,58.44631049822732,73.78170464832343,42.909572271507656,63.464806015248485,77.78956385549641,76.65763053277736,101.00507377107958,111.17052708492734,99.6479132719132,130.24962990634975,106.96421309957,116.85211813718568,110.89083395306426,88.47582416133308
734,64.07009912425781,48.43982675996824,42.08549549430318,72.84779486904938,94.99035332781443,150.70205540336644,112.60811088334773,81.40605183225651,73.4176676081734,66.59483268668392,79.29843675884509,67.70399336443501,68.34596927444875,100.56555628451149,97.36779521269709,93.53302183015214,111.06436476820187,109.98632904344989,96.5924384747667,89.36196301963778,86.96601353278884,67.65374979654128,100.59691938702491,108.50783214980618
735,28.471776460795766,49.03889869953591,58.10829693558062,62.14605598934378,96.5625996578678,127.0420632790708,147.85165013057485,118.60602392067695,96.36575290219908,87.56401585744908,109.50193861335063,89.48681541316891,84.70963990884744,82.17889671350095,116.11229749502448,123.86558815293863,160.54277159690687,189.03492472101172,145.31900033841202,111.37342346436509,94.06955619185872,78.79644220539696,87.85256275699037,155.54005617601229
736,126.55939691519175,146.63651226834455,172.32475284108,168.44805384919636,186.6603318722121,188.57483739619067,164.56982256630016,119.61770033408672,121.26753201952415,112.29137968576691,119.59800464774608,99.76209159357592,94.88910551662374,72.63822198952637,64.76145157754767,105.24507382323803,151.95839605682306,151.52900804950428,148.1663955612791,113.09727533232262,88.42726009218808,60.47552409217832,1.6931660794224115,-25.05643321894553
737,91.09060160177432,89.63511851523118,101.69417172315721,100.30628790448483,91.2546741681247,136.0089825080682,102.94433541527508,60.45365594417232,75.45532920133053,65.35000751470298,36.46775363196893,20.628658862225933,33.238423910347855,51.13466905100914,57.73934839556392,71.88137764714305,80.45048065324103,82.43841376131311,111.43778930425154,57.681540001245196,60.81913219530141,22.639867301426378,30.39630977788807,31.653315327384014
738,84.32255329675284,89.14043669578095,69.03900693988784,52.422617729793416,76.13134090153784,124.97797275193254,134.48972556722165,103.09219944463268,108.45594278468808,113.30922489150822,99.1381816136572,93.26645188458014,41.09756375552459,46.12620982159412,94.21561218113052,98.07665761134115,181.57186083069683,182.41487396538625,187.7384583901238,110.87857619405338,98.89679806784034,95.05223060078181,87.91360302644215,63.26967141801779
739,42.25240932137821,63.9443150151413,37.96548468292434,80.22549936870521,101.76062550299663,129.93305678337327,142.43708625977928,151.4714156136328,112.63780179551885,149.67904353302703,107.6099146437606,116.81133522169854,95.18598310315873,86.02822274031827,105.21184075130344,140.51754900806642,152.4236775984603,167.1544875541311,129.6764478770909,113.13897799797451,109.78158147240325,90.67017931298024,58.42824164517965,72.28472078420603
740,97.31123549075343,73.46833988104555,83.44741962052551,72.44724530160109,122.34350542914194,144.7087176336071,130.19337626196497,116.46847563819861,122.48923744642104,92.21754873927344,61.85902432423255,54.65427202978255,40.631078659500446,62.567406917459536,75.53809418567593,123.57136230781036,158.92199979706785,161.9173193086358,141.92913054899964,122.44741274832509,141.39277966227849,94.10843997404696,122.76804786030826,117.71622665844815
741,154.9874494552281,136.70695701340742,113.90984636608115,76.8077280753838,130.66334602243177,152.22142254410227,189.34311482336477,161.4833207728057,147.505698806502,121.24299856129586,107.43080137354096,96.75132658304193,66.97873511258915,66.67335616279445,60.8344841769659,90.53782314566581,152.24936686673902,122.4748097953069,130.3279036898653,92.74634926610665,70.8797792136667,65.3687596195555,63.636389248531735,71.80058372032818
742,83.79595268369054,89.0275019571982,93.63267402429199,57.812861606737606,74.00037432714879,107.6841033372275,103.55434884457642,90.5758626472632,110.49049968226916,102.65299120406121,84.88069312982371,77.28478951117576,40.074767335855654,48.14216897432221,68.36668897271745,73.7246897273725,131.502218874294,164.11959763365877,169.15637049171465,147.07179337584154,121.58826107554772,84.54551752290794,72.70767764518662,64.22363101955419
743,35.89745518940598,61.224292925289866,20.806965273167513,31.617314831999032,56.68623094102932,111.61361802728452,106.40474065306529,56.66441530977321,67.01721047204069,81.99655267115845,65.43765278758232,52.11584114664245,13.414189686926605,55.38134946321016,68.2750173566188,53.97951895499055,103.13094062366778,117.85864678336756,110.62610230694405,99.34149137980154,73.19431423865197,58.673378774052665,31.325708269684085,24.380045493558384
744,132.88191743375916,167.28694163517665,132.48589338950165,183.49662613382168,189.81827251634803,201.60811765988902,170.4099037240025,114.08449754415477,79.80798193991095,69.24720011207626,132.16088044154637,129.16735613156396,106.44145841311476,96.85392352568284,111.09574378741121,124.42294744744893,129.31425173718168,212.26498329034558,201.09222957441602,156.45583688109457,161.06173093131392,136.0456001286873,117.3698544167187,112.78051872368313
745,50.60923314709584,51.969782143511566,57.49166015502438,25.626293657327274,67.32417084209382,137.85406371190408,127.38745893247464,63.7782850600396,51.55465077699888,57.91604153637892,63.19009005891023,62.79559613784615,58.948853075815904,81.03727717791968,78.84162827795213,93.55720671188027,165.69948157596667,163.35734426897625,160.6569835206634,132.02076966612913,134.61141725436778,129.18990001273946,101.16837190104064,144.02770052465434
746,85.0711879357398,102.39904296558716,95.75032410991666,119.81774809896038,119.68414454066715,137.0776583128779,154.5465891218434,155.42870873885852,174.73911389565816,140.50208377542236,101.22873810963202,49.58901757410609,57.98675319433157,78.09180089629425,106.21697298837263,125.25934527727364,145.80842527105528,184.12491215910865,180.21463753955922,158.4605606231964,171.24807195237514,189.54315836495317,199.44677045169908,178.55826990879194
747,183.88549505244748,190.6421760807857,146.1672513857999,171.92376710534228,195.48584027393275,188.56552372829253,180.09406389918192,136.8214041412225,109.6574885933516,106.31883634097804,69.87307378819935,93.01089219791987,65.31890056075638,100.75874870744498,111.23995057099737,121.3338746977261,177.734587462011,225.1680615397167,195.9867934508777,134.24280429135746,172.67428258993135,139.08697118156095,78.16165170507261,75.82965209658207
748,137.96272084270228,125.46196698980596,73.80487389520513,89.53427524603276,166.42199513461338,202.3146344582616,201.11293007248037,197.2919524450637,210.09177772964136,166.13009480316552,163.84547071811005,109.86033825430992,95.48845543652246,86.58868843160347,117.06114781399219,150.76008531120817,161.03256379094768,164.05175592909507,169.31895262088915,135.59291730313413,119.71938789925599,132.89884851686426,116.99370141813701,94.42050578793824
749,108.58607301569856,57.24972010811104,38.534558985714135,52.753202260109546,87.7205594933948,162.3332702037503,139.5012689112565,92.54589659744228,66.54210433192065,49.34871005794764,79.84831699856832,96.57516294583041,75.83983996251432,117.75392085623817,133.76827110941963,144.7395246388286,170.39410884031506,185.74507466144516,194.52328353622838,133.98565750696883,107.69514645775337,54.108088013410395,92.2065039973576,102.55070485612771
750,85.66776634342526,89.54812567104365,87.71620769583055,72.76476002127129,104.40273828633556,115.86056729203486,112.30298459227875,75.36406593066442,69.06322421870742,67.7067145778314,11.081703185646006,61.903090980775914,29.95395917865507,51.34181848237693,66.98474947886066,70.6511911374775,139.27264877045457,186.6079343888083,156.33335245202915,105.09167667983436,106.35811866652288,116.512090995496,104.52103073236916,108.48992977437794
751,91.43035449077982,79.57631871021229,98.90706454371741,125.5880533625012,124.73059945549008,117.63294444429927,127.75216682555191,91.04812069864194,67.01533418210465,68.56117075199906,67.5058424146678,42.91724534270043,19.386671081899763,73.4320786201217,104.56648679105349,129.5092854162406,142.16387654017265,171.05357188701072,200.27540467227206,147.85636325051456,144.2771725596512,125.81123632151565,110.07315875522187,150.2802574140223
752,104.95264426547193,127.37511374261611,81.07803990941855,94.48306322689902,120.06040757786275,145.1202478394351,131.67980916452254,82.54302705114381,49.101680333722044,24.408551261515406,41.29127575723494,37.68641196344038,18.17278988730034,69.11387769097108,87.45897582034915,100.41183181962529,105.05263161576887,94.60827709694675,106.47389789937489,66.18097795339345,66.03669313646239,64.44959724119468,59.4220320910692,84.71906322696164
753,73.92749938796499,71.120796428489,73.02077777216412,77.1040636018037,122.19320397368408,141.4767171423015,157.13014137517308,124.69469600307531,110.43995681447254,106.83515828027464,55.96497659043111,44.77720432366787,52.98714125724308,74.06244659427058,93.72844119243108,107.26248725767162,163.87870972462323,184.4295252403575,169.51400662056687,149.18742185009512,110.40015556824189,112.11444611015034,116.9859623125734,121.66629648998156
754,84.62518620908274,103.22894304639578,95.80309164387187,104.9222317605041,98.82460028476885,106.12001588127323,92.66763975304383,70.74075165666659,21.92492175986436,40.83273038675652,27.795008332801423,81.78110371318267,87.68237124674545,106.60224909884771,100.89684335007904,108.21325464102169,137.12961642465336,113.55849739077837,118.04023178497675,122.85986199977748,117.72584769473644,92.27917726763006,120.46334440095967,110.96223669777501
755,73.14648003650386,67.60362246759958,72.0552028612279,109.09258845175287,141.37596457088614,162.3236227909772,157.43827409637362,140.13421490071065,176.6574168652166,123.11170362299801,105.39112786625137,108.58076901490065,136.01065375126996,136.58934736085143,108.2773077817394,128.8972333492728,109.83729240596357,138.00116261496217,117.7421083861501,85.21067921347449,36.71860046012445,35.873223971191834,34.76526324438362,25.09565833102357
756,31.389198580380864,47.055461036427516,77.58356929641674,83.22662879765588,75.09147895902592,84.99905194600925,97.96038706529279,46.43144399401825,43.83169955697855,54.52107188084008,86.82786211850701,81.47468369436992,62.349093967091115,84.43580055322282,149.17176606401011,231.12909244179554,242.31105494936435,238.48147456786012,193.68799903149738,170.66895350099688,158.04991059033603,132.4055092801715,133.3141637874829,143.71227929975728
757,50.688849850069566,67.8487195927872,4.418708038493243,26.385304632884214,34.336666362051744,89.67084915398218,79.67258190254108,106.65744533826518,144.35282376473594,148.57217636939964,120.17587798284337,138.24131155789703,112.10673115063754,84.99371840321211,133.60151710326934,166.10631828368423,165.63828493756682,161.847312531405,151.14507493341338,129.26362892571026,89.85701808830962,68.1399894816825,83.2144373857731,94.72716098329126
758,182.72349310261268,165.35483438399297,151.49176766313758,175.9116300744212,234.87601094648994,208.21922046013668,143.88158761625516,103.85964643550645,84.30493222627965,116.5021510540611,87.6783803879345,64.00957530760603,62.77359925779612,104.7234010898987,77.29242743111159,60.3052607503625,107.39325191835616,140.8154501683704,120.26612344347437,93.9576287286753,62.11877949457393,67.91813274971722,66.04926540558107,62.914958169285384
759,119.45032527984152,118.07602867458908,113.23582489815627,113.98741342684819,157.4173228705699,158.39998781469677,124.97053601380586,110.83821049235219,111.03020861786953,112.47644141912421,89.63917496638686,31.226691053070425,51.65014103232261,92.97925456129391,105.32947051223113,140.65790861159326,167.73052723787768,165.5753548051133,129.63071273381712,78.99742556476431,90.11452509222711,123.51839793940529,117.59111556315388,74.34790281801347
760,53.40137360801792,37.55258011976046,53.218545137494864,97.66620340493053,124.93465785614981,148.59708766707098,151.82631690725646,134.54253980769843,130.15329689343605,114.43586667366316,73.02860290290941,66.4047997857945,48.176665349035034,40.43351040252696,71.88763083257373,79.66878915665252,109.56912690467831,137.65304092444097,99.93432616194326,92.50046506781506,82.1569411799129,120.70184728716913,109.53665210360953,95.7664547964804
761,46.68150272480551,36.50617240815572,47.498581511755,26.57870885027372,58.420354655675325,99.82498816972617,80.64056806381569,65.32936486828034,92.46122657457965,40.352307009039414,41.25773160091276,28.803337411249487,36.03148632226804,23.15366850700761,39.30269701270584,123.45479112985532,167.7602337552913,98.92471597926466,58.07639863512057,64.06749313810226,74.61638150901187,116.70360618068615,119.18737092682943,154.3292242569322
762,78.98372280282462,27.92187563926626,15.106465031026275,42.35600892414535,79.8070829459074,123.22123171776002,86.69909271383897,71.88073049515305,107.99042420661667,109.61165746976523,81.83657099127153,28.25295050262565,47.41314185060497,41.48017839764789,46.97344386671581,55.94376890859114,94.91242188134433,116.501011050839,101.12950082621335,40.00024943573824,93.4881435561652,96.00119738768166,98.77387082734235,108.96472562211042
763,50.647013475482765,55.295199639752056,50.36821704248483,69.56835801880491,80.10365082265268,115.53816954685996,114.6596662270425,94.97908630585411,75.45473337537197,44.77750629537235,49.6433376683181,42.37006016984766,18.70351196560634,66.55856948878028,104.82339445685857,144.44389268797391,116.69976527669127,108.97823630631179,110.16525291677836,117.59872967539903,98.01542217725361,35.902121064366824,59.59451535204995,69.79436136348735
764,69.452915839129,61.26923270182381,60.74159413500496,23.308175680366283,8.577596191575168,26.55811727017462,10.65352658870006,-4.707333663581252,51.85925668168865,30.414620513861706,40.799613611657314,11.343275781877267,36.664386192637195,47.42637398034452,45.174065968383104,84.37360814638188,107.13545497460903,126.10295804988155,97.20365539707944,61.434716912779265,70.70819376868366,47.261281150757085,59.10123133782574,57.85214127086595
765,33.64783248728225,44.84205662949911,39.68038704955103,62.37103925411214,83.00668974755753,146.06343585585586,125.1364846179235,113.95590799655929,130.3076495312548,94.15843261255911,84.84307295269025,84.34335194252472,83.97177662546875,90.14770883601815,85.91281479593309,114.5081589929448,130.50284925460966,116.5496818309075,106.37953432464518,75.38485867931695,68.83133506954208,87.38188641053274,63.2269750427588,73.91161262691875
766,55.90829887400357,31.921699229616507,9.046822441537344,50.15520144837204,61.05657469856592,93.15447720751379,70.46274971827515,64.84372548867773,100.30410711801245,108.4492122468549,128.78954772379936,98.01856118108601,104.86869482058185,112.06370025935554,116.13183321278564,135.44295910522627,147.3172705003655,125.21601318737893,100.00417924502827,116.81064669901546,101.67515143714499,115.25968414864971,101.5736159812331,101.81793910122546
767,37.89905674188671,51.86096467357267,72.12067014550635,46.63636746311304,78.31164845333208,123.91228516586197,128.11648130761355,137.82737031273507,142.77120560546058,169.3939080442628,151.3667068902887,151.51134000428078,127.54713821740445,115.85494463630569,131.59831678575668,139.35478460986303,149.72578032396544,181.06582763028257,175.66688307510077,137.89773968526484,147.5043412394769,128.1272043458021,141.6501829418488,156.6116774717716
768,8.32985680594151,16.09385481991316,-2.8051248771481596,25.758267687633413,66.64519481150879,126.33478593461234,114.37359216881073,83.04056644674756,74.83952580354726,78.58025070032053,43.17765808712659,56.89976051146203,12.744522729264062,29.729612209205726,74.45414235937514,87.0978438573828,84.3557067012206,93.78129653450611,83.88011711768598,66.14032429183868,51.49757561257188,68.42580112352663,56.967491811322475,98.77451535155802
769,107.75977323024821,89.06500588321592,97.35720247961444,80.75133516785164,106.19119422324734,158.33950871937276,118.21502542403806,89.28781348633422,110.09070829837607,105.25957658999732,117.71568961310949,131.87453132094385,123.47535250301772,130.10046901763423,136.48070948990485,131.69640038937447,200.71943153169488,188.91959992075195,170.1489275897767,90.78635560293533,72.9543499871699,93.43072916484067,99.71047136868442,120.70660979490705
770,77.3022427268466,105.08195415167756,103.7175496336069,91.15967729132261,115.95220044078485,105.92949743285125,91.71007892716673,71.16291778663859,96.69794667537148,72.03860559545492,42.26713259402223,5.691468221709201,22.367092222887706,70.41556542344391,80.72705983300158,84.80314931743814,108.91537635362833,134.93195532168662,122.52760244976392,89.69578961405918,57.25529538168997,84.02945117598227,100.75646257212219,113.4926177705614
771,79.63747149964945,87.53946014194972,91.49542377691256,127.61140548185914,123.9617672532533,153.35554705075302,139.50960652630258,114.01026623705958,82.02982069554804,30.751234537972657,60.064358552111216,61.70259786750678,50.192413047293726,80.33326666085834,88.53518899955357,124.62975827830637,148.7526726840903,121.61478601588803,155.77078821072345,59.025179071512206,97.19460691979926,97.96069370833645,40.06942945198308,50.51277292989834
772,88.91586026299173,100.79398222033271,71.6030670943432,86.21392113222291,92.11085711826128,128.70530565006698,79.39209557033813,71.29463839193215,68.72516155437017,57.275193441165996,35.74576124033514,11.646004643412383,12.715160725018038,43.56587090848632,80.58870988087475,110.15864050468635,134.54478080553136,125.028615116575,76.88001385983316,112.75185847824494,105.99070062934865,129.8805030421085,146.93472679970017,198.70922992031723
773,19.145002408992397,-6.335607551053172,-10.274847567925136,-4.172352281537741,22.01642286366811,87.85016221040725,114.75606164379714,93.63048772137711,98.17643120460528,66.7138651964402,60.22441947119631,46.71711560912515,5.966998173165898,73.50254461565652,108.6000396720585,156.0692614301537,226.44521214882394,199.24051851427066,179.86951525452383,150.16973520255328,150.29883590777172,123.38270731256544,108.24224300889439,104.07588871072531
774,57.9043132124046,69.74750493989679,59.01969086018808,34.37864194158076,53.32419507079361,114.63118334968635,94.48785831446237,35.69129145164763,30.69918614597028,32.82581443786448,43.89757085705674,59.26774176508583,88.44996128948853,98.83788280968658,83.07724010662872,131.86051345160507,179.69646979151298,170.42840696465598,132.8333681929849,133.32243476114465,121.35403069343474,91.79327153631199,115.87188009928656,137.9818803062655
775,66.77829148883418,51.289861567541855,57.686071059273615,34.73164230197942,50.17567701340826,97.84136818678651,113.2196808099053,90.08211607481834,121.09683156083739,62.00578457223497,19.740985318741693,48.425656249474386,49.97877986009929,92.30547880846925,111.80838330373899,129.33665639911612,234.83929017869758,209.30616846068267,168.3549614853324,117.39793642563845,119.67491872599729,114.956615320635,95.15407003304614,72.2631984993283
776,-16.266211995501806,-24.29680187237841,19.88662326595319,25.177002984126815,82.5041795726049,130.9646111918198,137.28603529977735,121.4650601743414,136.3105882953395,85.67769385404989,114.12753299760868,118.4364321400244,111.17711602074185,114.29718353827215,92.15427247527133,80.03530916905115,90.95561895565064,78.8978255179751,55.644789856542786,18.72121796375005,45.58957086453858,58.35673025993508,70.64060905653572,63.05403859465894
777,55.95844913213979,68.89688050043829,23.70002775744068,55.13109757295232,71.45376132092267,63.63939010939747,31.929472855220453,29.296775141113315,35.662933029212695,32.3374201522837,38.503709264582774,55.738289449140105,81.02128766498922,84.08646038718024,119.1441425354549,154.61817503750268,205.24201028411184,181.89172850068712,162.83778624593197,170.70507791112888,174.10383147516438,150.16274161105756,129.68827246077404,119.12079483016426
778,111.07080388086422,85.75842387765017,85.72086678596347,81.13559044052585,126.34173290771918,185.6477237585842,176.09015438513097,159.9571231073238,153.60674263603931,137.81666408933467,150.54809413724345,151.69048971584454,171.79480681068412,167.29518499511357,129.41854138579262,172.37721073874064,173.30692960628394,174.6617837092178,112.55307228056192,95.08101970365173,89.67767865931332,99.90188670880283,108.01812971601304,78.2550338879357
779,84.28898518030948,104.67071769257899,89.85272345359408,71.24088944318711,122.81493074728779,124.98620444907972,84.09380297324394,84.24032309650482,104.70684844949436,115.36349758675016,93.1167066213473,83.77036390691823,23.72218227557711,47.25139277548903,82.84458951925836,90.87441629985821,114.97669006555552,118.28702179465132,126.77248005622751,109.89402412518872,72.42625900549578,67.96463562022667,95.86808978276969,78.49655568310938
780,93.79474167008814,103.39536722852593,112.91205527938895,121.28484977970231,97.41828063097512,138.49908729638207,188.4616428621765,121.78849111849854,133.23222443018187,126.49932359657636,127.28537262863384,100.3277174076986,110.12985772789372,125.85616887378598,117.60011548638312,134.323475816701,114.43942763421494,88.53562534063968,52.16806625240356,21.894056598825188,8.551528723074739,27.17941727008784,21.783119807154392,32.68860951287327
781,27.52620747313005,46.25785010521401,56.40955406802806,81.06884568940745,125.13359803060051,171.09696176657462,161.79215089964256,147.46792998955573,158.6981411931293,129.43173203815147,98.3419070974037,90.95923053699936,83.14961512979791,156.5259298170693,192.59719563870138,201.70413502361873,202.22981859257095,225.70580871093227,204.4566059343419,148.86299882827194,152.8773994830944,144.55025707401674,151.80213749605585,135.77947338602996
782,74.52121161241118,78.66157246940291,40.240767162148074,32.822841700530375,33.45887993239363,58.92152017952054,61.46260053886513,55.825253901811756,56.99214051517223,64.6863357584185,46.03705321003923,65.5954264627801,52.0868318650373,62.52894755698246,69.68034457212241,94.4782722260558,117.4425190547023,155.15957430416222,143.16914066382415,93.0416356378372,84.31618082646895,76.14451758499568,64.71363395370443,77.28633696256031
783,88.95508973740588,80.1706171056166,44.898104208205694,66.87735643779602,94.51090111765843,117.34311734639132,130.4401479847232,128.8205718421131,120.4755054933076,98.1793174510687,98.24735885096442,103.49235318912258,66.89623757161928,50.73824786980873,59.00670920456689,114.17173582869174,147.4625363475567,133.50146130916352,112.08448411587003,86.16533211935321,106.83100777292567,103.72686236188103,75.50953208917358,96.99894177852029
784,26.541440253311087,26.512857938327492,-6.459190328108136,21.360905567749512,37.09281110061356,79.76285951591024,108.93890422817088,102.34680657128288,118.18245970247432,134.97698343380245,117.87068839523897,107.31681091728353,99.63360757644794,104.49382530260867,103.04777766560031,128.175108872084,152.84961163813605,153.69073216499112,158.6949786280651,129.1113024294974,116.66730714686527,99.15349443262203,54.614954942341214,66.39564976688035
785,89.15606325017905,60.138548314019985,98.28813590533458,101.1538045152678,106.0922055756342,124.48724042321363,98.29193866364278,86.37825112355127,70.05005254846431,51.92223927850763,76.32716526924644,70.39990886520472,68.90747996618352,78.99184165995266,83.92442313162348,138.0799757351561,161.75041166126937,156.40267673764362,141.96040183958317,98.31597504503522,91.4101722612875,51.318259079318835,67.63155891700885,61.60092638710418
786,108.58525526194302,30.911313753311013,43.99951767576912,50.106025516513746,84.59515123754379,113.9351950842898,137.07325233328103,70.71756142109811,75.8251438478023,73.06195745599618,105.41390654386572,103.2585254133372,45.533448883660455,83.71004224602025,64.58413696225013,116.84358830744344,141.13973069604458,125.92433535971814,121.65000553107885,69.97401827952078,70.81027023454565,56.60580319685118,62.90281696717095,90.69400556870343
787,108.73967801202792,119.80909987368833,78.34737057447971,65.67453129297299,101.69762410860967,130.22602481634712,85.91632645543142,81.35288196025489,45.7220881003567,49.876976129014814,65.41646761719566,55.54616651288067,35.26370034742688,82.26470611809006,83.66424834262654,117.06727486782206,137.35222851398646,129.59526454840392,140.30195423044327,137.44913905907728,121.9316405237826,105.99802438343713,41.204399194238924,51.98985501539299
788,59.376204918159374,70.7775182245668,59.7750041012691,39.02785533462476,46.10555066058835,82.0559729356216,79.24360826734507,42.79079710892418,19.3974180140642,0.2307465755100111,16.901836034176178,44.930396836154564,90.72688311305075,145.64005539078,158.6282168577493,143.39241435269014,164.64522252504034,167.7702360428937,136.93404746606004,86.74521647863648,113.2376359099923,133.77495755679763,98.23505722188645,65.84191575283276
789,104.02919097777803,76.25246198566481,92.5214480095808,85.08502784149087,104.10821506687394,130.73925807933696,86.50504677077599,66.84008665669532,49.21157128575377,55.849620577449244,78.91935774704187,69.6249790124574,38.997702930834826,63.3492501486343,84.5149175796717,94.59713659343802,99.44985172983348,74.66436832757928,82.91973488554258,43.969935650304016,77.23254945233006,75.25935701397859,85.33955856248316,103.68344613433004
790,72.75000226560667,42.438209606005294,34.77139853210316,29.56819100640091,42.428096593978786,108.80913715250675,101.75878591623866,77.20852209442461,60.76604891353952,77.17454663031573,61.018194752478976,64.66046124256637,58.544915272368016,38.299309573850564,50.00909341356781,87.24885206162847,134.92966972066185,150.71824216844183,147.49012268743442,91.44501087555346,100.85250013102919,96.41476030847544,87.07966338494181,77.94422769902961
791,59.32670594458321,72.8641519577985,51.94860367130083,42.43887219432768,48.55476726139653,94.27026231481015,75.65828585544588,36.291667064142516,33.00065892336583,32.75439145278246,22.388999044172856,47.47475164888277,55.556537894369086,90.76867242634393,104.82136984078917,118.85181039228142,113.68821528836388,133.98949446473415,97.54308051789235,44.27511056274794,52.30526114927877,47.17931571795242,84.01485177707642,97.93927036617141
792,61.99429766334437,61.03144255150134,82.73015143264523,96.77001174179941,127.35933803458735,127.7841730637214,118.04602466990502,108.22222283592504,140.14886106430453,109.21617431193684,125.54155646772816,106.70716459352347,97.3297994132098,88.92294177264091,65.92271692783038,95.94034420224702,99.91098914265005,107.91492444224826,147.3931247014404,127.63918634872563,117.83562337072081,57.28699060136424,41.19136589564992,-11.680254366280366
793,50.607819404103914,70.1658730088946,57.491566632688006,84.87033614379665,61.06791592615494,94.54776493628106,123.00735643325022,94.56674234906872,78.44603999912155,68.39688018806325,59.0148268573292,71.71608392842269,54.11024831619888,93.33969712797385,99.38000902326932,130.34920731750339,135.23569875416024,195.41040939643526,167.5938129245926,117.04944438666013,150.31172676519145,125.07525414414717,106.56583620394507,95.67805722187389
794,50.820182918076114,52.099352124945185,64.15369066494998,38.22436971203398,69.9738112035439,105.7890786079587,117.45890607634108,108.47224566398062,113.13658173750254,126.68998657760807,141.6527526103414,142.7512151180121,113.84726027068749,121.35022474744825,130.30989223490732,169.8045495643782,184.38430343209131,153.18004754739164,99.17862066358808,80.27081026322669,68.39873945765046,41.79516862784169,75.35500660053252,71.00577070509468
795,114.08722366974177,109.14481176149073,68.07079272892466,64.82569909230561,81.06482870677758,112.22603049042614,86.61099270003461,67.87128898058339,88.02251245824024,104.33057855774888,74.77915206119341,21.56228834722547,6.200705021298262,2.0091386919129945,12.460948023615813,53.466251361300515,79.68518497684063,93.17890994762917,76.55233123878153,47.302671041228145,32.07211418939325,44.01225155863287,53.25090535255437,97.71527549203213
796,47.7101993071642,27.014515151224174,39.98597206783071,71.72442543582856,81.27586022777248,124.10105218821835,145.32506929729823,118.72807428328818,107.45489498290107,107.25799384265517,95.51254092632671,71.911682709786,73.06981459632858,103.393774928758,107.28578833599927,110.10614988368222,77.70986111278063,77.66128890332911,74.17896617737213,43.319090029397124,27.805554456463526,50.991424216488824,82.69236892003583,107.39229039627412
797,107.37335980476568,61.565140169602046,62.876855425680354,129.08594548692176,138.31764831087833,128.05503262577054,134.43000367039602,124.61388642934557,154.12680161560405,153.73542634837037,123.41575672661307,119.08965356831696,75.74225098815995,92.60279165075339,97.88062568555287,125.85103666022823,129.8002813483427,97.86627216983618,92.0296456793773,44.49124657983485,64.01290748546333,53.79908698336984,28.925462817981142,55.252164335697
798,48.94125842203342,18.479135615003514,2.5149388526946623,10.371779567364953,32.73160242433108,87.53428788732847,85.70097315942974,76.15834733523914,98.70910092429159,80.41523855314401,102.3812810407751,186.3972811052419,144.4858998110891,144.20880804706496,147.01804445198707,136.85565318621565,179.86123478644765,137.53002521883883,120.63608197413856,110.67979778071185,121.36374769703107,79.56110296631701,79.54833197364891,48.59585685763516
799,100.43443248982658,59.05096144897661,80.47750119935664,79.66438905921555,103.47380741676996,148.22472174240022,123.40862485580014,89.96483291931115,62.23745770375082,59.77740023809503,79.79290972871672,69.19865467095424,72.87217240462682,50.656205126386226,84.13573107261512,102.42688251315093,134.8435281877007,173.51386881539244,154.733194387235,97.93100280455761,131.99073813978572,138.228148760536,133.49431513921544,134.15088098604195
800,91.98989122934847,101.41432957990644,78.53225824982673,68.17619895261288,80.19947364572172,94.84786517814803,60.72132551402379,82.80351423064104,62.71532923505169,80.92608261487871,54.15880596110708,59.316294883398086,54.07826381315836,87.15441045666671,91.79256339293943,107.0417596052551,141.6991814728079,158.92278770351828,168.78791439405222,124.7704317809463,107.77011860486203,132.0144917855544,127.53308523337918,118.21674256010196
801,93.04756369279369,91.84878317027368,70.04687668704481,65.90900022328555,89.47045416271897,141.85746750723365,176.441980404991,141.69026730399642,169.3848421970086,159.91384156804614,146.1991868055516,164.23174938882323,152.35170793874002,115.19868636400003,138.25823901579128,124.606923756078,126.23263617490626,117.26286562915993,84.30807294215346,62.90282343510694,41.811023484197506,43.47313664431739,59.359020610296945,124.1312970051744
802,27.688915650313675,32.736460046662785,43.91544846798176,35.427440729959145,44.38196979835662,84.19200535028455,86.7389709076416,65.65353408680284,92.6934500410051,72.0395293904311,46.44692194031909,73.57728207895862,54.56388469330517,70.95969346264393,65.89849901748337,111.688094067711,117.82702689340188,107.83436070907116,97.84821137984395,111.78269170143366,117.93909819384103,105.23017770688222,44.51629584852216,68.97268169193944
803,93.37160621012383,71.82536987660798,76.49944739934662,70.70076194249054,99.77509177675452,145.50844510652436,154.80805279105778,124.82423113327518,108.80977940328584,118.53786282678465,75.7740531179595,70.02859581860342,56.5141567170612,84.52621819541585,119.17562704111155,142.0770391215827,166.1662403368812,187.42220380304434,167.95227409339674,135.34356912904812,151.66166286244305,161.47757439626298,140.98630256778344,120.07621327513971
804,80.56688854763826,97.32762654220674,92.781903582104,67.63224567286423,131.03563079014273,117.64076856328244,118.10916907599244,110.86709233201073,151.53339150121437,116.03960610726162,88.2633114254437,105.31145965795045,107.99384004095201,87.15513744877875,136.42855527453753,139.08911850131068,159.52629076864494,178.05339228851176,184.36684224143687,145.20833490682986,144.09345412529615,111.12882062720305,82.06358069830539,112.34346665707466
805,100.15634905759649,121.61417320321644,89.8064231036696,81.19438423506156,74.36335691441144,97.33309955599799,50.2141428765874,31.45403951170286,39.58403674837974,62.297372268334584,48.710886347943614,30.49504467003068,-13.195876717060045,22.054162817535996,74.72324044108728,103.31667820331745,137.6647982484746,145.45655796588602,141.04556258563798,104.53374425085123,74.83562079890329,111.71880742640653,112.05465125498469,105.29516726885397
806,76.12722100567748,64.34928143185672,78.34308275853158,69.68397288390602,110.29093041237002,201.52045152720882,178.17552544192515,146.37820910141497,116.26663252117531,109.60679443303022,118.95069337064876,74.98192566364693,97.30346776270675,82.14079902950888,120.6450461403579,131.55822935302086,141.6397091544209,140.70104565807102,115.2088209248259,98.49019855363322,132.11513403834599,105.06624741632149,99.19876873136947,80.67202289160953
807,70.62279078556926,42.243425905799455,85.973728358932,93.24137564261216,112.46238945548414,113.08872849466977,123.78152100664413,98.3055140677085,95.2184020938052,157.0087138597142,158.3923867041711,158.86469552696533,136.60181781763978,164.87968694259462,178.89453732392164,140.1032384426996,148.7367863281649,168.25444342048746,122.09742472220346,104.24749302673925,91.9487688442092,77.83505674070797,44.271242818761706,46.584263974007584
808,106.32632662661628,12.017018637178566,2.3562775007460033,47.23252798822846,155.52447467567936,158.05813087866068,134.53736886691243,101.49692548030609,93.41394793220897,90.99899827064371,77.73986556267545,59.7867905592749,42.511063057759635,8.973388367255438,35.98544240067991,44.865619729848476,101.24579857888848,101.55526021135927,57.72286337368773,33.40816970907848,43.80880153767555,46.730504642524004,36.02968547611654,32.70064638310663
809,78.77957581439959,66.9351894999436,61.1282029124331,106.83944191716796,129.39324994250916,149.55483612062184,153.77699233159302,133.46776907916853,77.35946742822148,124.49777671852942,75.34687733265461,79.10987116151861,114.78443344429544,120.73551142205423,126.24089017985757,130.8289904696888,169.39476378760486,197.45033188646428,179.13239293846473,134.03166011009532,111.71795401851148,104.91389700635486,125.74618346786775,99.0799175435018
810,62.02263191778236,50.73885863207631,48.03250309264231,37.64858421941104,15.72174791355502,41.61905189601006,47.388700893636965,48.37784897421141,44.39619020936334,50.95116426591851,34.244218281837306,46.58718387626127,39.11456091240048,62.39866486537305,99.03828467328508,120.25601076711263,155.69800719562622,151.34212587400742,134.86396437710133,96.25268046917105,82.00254071859,86.589948282649,61.298251169428596,66.96224953106854
811,62.75303701964728,96.87587558755095,78.17461034493837,94.41871733483042,148.66171993673132,168.42925968207135,165.8069750228151,104.09914084403368,100.00440996423706,87.11932975378632,27.64488909221015,49.62689588235027,38.70322340632411,47.2904177403965,83.42582187530282,107.2540079343217,167.70488378797333,182.03975625277008,177.79569996827146,118.95391885942439,142.99731089873717,133.9933040201824,169.40493745266028,176.5227118689034
812,72.82302286281009,54.378681026593426,32.848060535608596,47.16606052628783,103.27893041379657,126.51116308992052,144.16880711993048,113.79758597657863,101.68572545737436,89.59892075320859,65.08279898945281,31.245832536085246,34.40216689583447,64.77561251228269,64.71085130525807,87.5443700990245,94.0408290904962,129.32666049300647,112.7712988429935,110.30924735819639,123.7275337745069,119.87527158845745,132.98207348204,147.65349928610306
813,86.63736830272403,68.60096490535749,50.16106263766273,34.181538631809616,34.614335177017836,66.40198294173521,78.45800125514232,64.8483930532407,43.132109416323516,27.4719604068396,12.67175874788213,2.806857867690752,-0.9802858328356052,30.26244848066706,95.15187688885186,77.58328108711513,108.93303736782478,154.2351471533442,133.49449291236917,105.82676148661092,99.16892423330233,91.13845745194206,89.03353344846522,49.84660501525684
814,103.62265329240442,131.0181131497929,129.71101142381713,148.48926029227442,136.11066934901652,189.40020342220575,166.77696598366452,181.28198347610578,152.94539185737935,138.84339058661362,152.87981390355432,181.13162109467936,160.66698120781095,157.70928066826718,177.88494361394024,177.03924874255313,181.38411439788047,219.85296994348226,217.3657404046864,228.11838683909093,160.1111037444065,143.6357137191251,45.95598969908167,93.97417385512193
815,31.39530710961739,33.96456054722016,18.461694281783622,4.306825001405386,49.01327567573359,101.9758032808131,109.57251393502767,116.70968496673132,107.20959664842808,74.6053875024675,58.32957680360423,108.25571796169152,94.32584774162653,110.63179574184173,126.01519177530258,135.81229161254515,123.64561339645533,117.76764264525562,83.73769867872801,24.993617518031854,41.18304644351804,62.80058530757721,43.49155250284187,52.25262485349942
816,76.13914530927849,80.36493345500394,66.67833906512726,52.2760992593278,88.88096653389553,150.94097903975884,142.22835577235745,139.18822735697339,111.78474379707885,105.63654555617542,70.11515628741296,82.25717727973795,112.16248068404126,146.56402190368016,145.33105540082386,161.25198405032734,166.26479553966263,162.59716140299412,140.5327210059481,89.67244873712595,75.37853390192753,67.3987173224722,69.899375928033,82.9095639248321
817,48.808608660316814,104.9461217706172,91.71799452964507,109.178999305622,112.54006223062143,141.8927142663305,127.93564890488335,78.98545362349118,46.61512232038167,22.80513221867561,16.50120324369167,38.09144066988173,24.41139804870494,62.932411864613485,82.74715528669606,61.29213260088054,117.704920398167,106.13441614825116,110.2690573391657,119.23810388342604,99.56500957408079,109.63581780443467,107.27549067185731,112.6199310460816
818,43.24134130704908,45.717037486965225,42.48796296502262,32.40188881979758,49.81141778005156,126.3131557652593,133.93566888122982,122.68406817795469,99.89017940344895,122.67061235603624,96.2264181142649,108.68001634877514,131.69354817740134,116.83673024453569,123.60645958244376,149.42321316002977,189.8119710366589,248.92544056975188,231.755119615822,186.6456622942444,187.3705480838904,198.3850565599178,166.70528526221688,132.72343608131837
819,69.72431881051014,87.3610417362827,36.002067717057486,33.535851941044,70.28571776042281,179.72329715839146,195.84083805528013,175.034253914275,160.53260424648676,188.15021717842754,184.05368460563648,180.48958154544806,124.34566210124184,88.72654278956918,74.42540706557115,116.99519402665692,153.3877836891507,140.7999991677553,142.96782406165394,139.02888810570357,127.30122599355995,110.48016170909646,102.51759766457212,116.15314454694047
820,128.5740085129019,92.62724935962754,80.76527800952238,128.0988231839304,110.28276570270702,133.2774374398563,124.02450913585852,104.28157647248807,126.88457201977323,108.24586543277586,78.6367558252617,68.32276292407968,11.464294650005698,23.547279679530796,75.20604910233052,123.97334524521723,155.12529960933688,147.29388916754277,97.1590592429603,98.10703826803838,107.42606507079337,125.70628897820414,120.61274113363888,108.5764566702805
821,87.0454963483804,88.98925292479541,96.48323012360345,59.669018330754184,95.9893955394247,167.82632349402024,164.5176955614513,174.108466193834,176.3652031589928,155.87450509475985,154.4932058152263,171.86756268381004,132.56489333382473,136.25582426430856,133.19452322398757,143.26351190272857,169.9253035049095,192.72054205166864,214.55844804721028,165.40029191205798,180.1177264012132,133.3056308953494,102.5935152896174,100.04571474847023
822,79.97441787121254,17.5057507524521,23.85624267545891,28.97861441969298,50.27150872352271,90.58594164231616,107.6251245066388,74.68367909715107,63.46926621402523,56.05607769546867,43.60256562773197,93.85609774190544,87.29455808315856,118.10864375265915,140.30673963574438,166.76415320850225,191.6336712578309,164.34907475967944,114.85145726394884,74.14913192775282,65.87120522568196,54.83198081598933,47.34154748630257,77.60093718945257
823,-2.9136359499077855,49.0672330714951,85.59871963719769,108.35556098333126,93.609845545611,104.32813090908026,123.7450189945392,77.79702569603484,80.08841901607684,42.24961483254776,52.22220130850696,87.27843423862727,46.640621006498534,81.77261905488845,99.05593048127406,119.22938284936455,129.85244605918214,179.81172161013856,160.5893646434154,153.40001658515794,114.80458206896205,99.40151863699451,82.2338918444693,74.17289586307515
824,118.49456910986065,114.27531905283377,96.63625643786061,118.16238718380514,124.20531836161477,168.92340946704266,150.99801835625928,101.91011772076007,96.11353627222344,87.65110116778844,109.2047246112341,57.44509414016465,65.86627510394555,75.15469583904787,118.56318970070691,135.5031386045501,180.36927362593576,205.17225657699728,212.66730254862998,197.4204330329352,181.56143079988178,160.70892597403173,168.8026976019788,173.81922495550373
825,84.89065745603942,41.94788605989676,40.3012806234529,32.8536772156406,99.7623821206885,148.084122584054,118.89786284539207,73.26556755787632,76.4456525517454,76.34563782928818,38.08659853943523,32.9610027895924,21.982915827778285,6.566085422415938,32.47716730683827,78.28184211695344,72.09194765634521,112.43247087963785,94.44158639207451,91.04928571915424,95.75338304325513,59.293830633814316,59.71209877950368,33.0852265317952
826,78.43544346221924,109.45027545392924,103.95175483632053,133.8756248374567,172.68215551541397,180.89373619022246,164.09986569179858,123.07190299038392,84.29390252522401,54.76196741286037,42.42386013861072,73.881546016594,90.6029852054987,110.53954654971898,145.6492570906694,163.9533176245775,215.0186750015856,203.64596744446163,208.65323106424495,162.17179718625576,137.17612769969142,115.83351482576353,82.46599514652237,60.076780644392876
827,79.77156018241928,60.843853741560096,48.50897964715317,50.06254253712541,104.42470694632985,141.54072075485573,146.4920673408404,100.74792910439074,109.96508851641525,86.00911686439215,34.34447582211163,-9.322931291802306,18.284173660621626,39.24986181604919,35.553181195146784,112.28263728533423,136.31677433010427,178.38878172121593,128.03349902409076,95.92143101995005,78.36188979782031,98.08219135128401,75.39924859467813,59.32327663663918
828,69.79140822409971,59.26648109907276,36.07630793160574,50.50667668343527,79.06166144325451,129.2102968415579,92.49815598299662,65.19291759279429,45.49186923698471,70.85917255245502,61.02899665079354,57.515391214737335,41.90708746916964,84.26008562235765,87.58335644952668,118.6223099320781,142.70112812655566,123.60985965368674,105.99048586049389,124.87530099665165,114.14733665471033,107.56499241040501,70.6319252217248,53.87021037272276
829,132.86053590474756,123.05737093322512,104.11801263189696,138.70470119542563,165.88825167678948,186.23576921227584,170.23424215316757,132.2936566559344,131.63611148023352,118.81181559622587,116.14118883589646,73.76733826627081,72.96431939879054,73.7687727195408,93.74040240712479,103.17981454561415,114.60455536802827,136.76168367964183,49.788279018842246,28.932343040154564,33.788240333037294,15.05735294375549,28.926201540810823,65.81474415839527
830,38.05452121761766,39.67306442565325,7.721030445637965,24.390490725904094,44.60650093437896,72.56571390243903,103.88680161128829,41.41643736706542,59.71089443730813,105.41469683283378,94.47378322527058,92.08647458362083,64.99472498157515,89.00078604321698,39.879194843303964,73.716948296282,104.34411880757813,119.67467187820472,122.46833633248028,80.23568017108357,79.36383775200537,93.00523740525652,75.36390415287406,132.45670899764434
831,110.17004076945574,104.93249058586306,119.42097163869471,111.07175803335107,117.1847247726187,130.01780527768742,116.36280403888831,124.9672689898724,129.8709738288262,109.14081475971427,97.26092469897264,79.45341601438517,77.62897684294052,61.880185436505336,104.4377170942486,105.52877742547543,125.45797242804593,150.04852670990886,131.4969559469154,115.9933010963758,73.68153123786567,103.78499505904526,75.03169701902146,79.19346721856509
832,61.888445384039294,36.38530948972091,25.789444217251173,67.19487504671906,120.02644788037213,143.48209942128753,112.02784777964501,76.90209377096735,46.56527358190833,73.18854506366054,92.85313666435101,112.36487227128623,102.68781887294074,121.464459133949,138.22690568290858,181.91670470930552,167.8101673562831,192.27637422288768,187.05098884240502,147.32661958466363,130.1416712232562,138.930214453532,102.25514395054451,69.65140059249535
833,76.25679144929362,110.3621365244376,110.92724308726052,109.76517216736454,154.7022112213067,171.23743076733686,183.9330173207877,130.30257093715258,139.4853008191575,158.17376846231343,139.9030028166379,117.27711083142177,107.14172411675173,119.3421829802422,110.76458358897388,130.72125678095878,181.4413376877937,187.8100153999518,203.93793313958798,141.65172143535233,152.28442969823556,142.6888771600082,110.51858008087908,120.19193064786319
834,85.74934506261204,113.58408136893947,83.17117968694907,95.95341462185152,85.55667280909587,96.04464775064926,82.16596976365352,68.79161362150192,58.48743853904972,60.35558804550369,103.40361248952037,104.98476318543914,68.12993489570123,81.44730057607538,67.4762593012222,85.42932875421982,147.99034976956804,184.27756705179183,155.87894760747355,122.82090325867323,103.89360254488194,81.0520904280828,90.73463748258236,91.4675872880278
835,46.644358365517164,58.87354952863804,67.05528559815386,92.86278010508848,114.69681835413634,135.52297251365576,140.34544188042386,114.04211912634297,87.5102449337274,73.20506237412759,53.200932104057735,25.34090801886471,27.74373341035544,64.52388908007359,77.76644208941147,115.735761906694,143.27853524522678,189.70696939711002,153.86362426467932,159.68146763327968,144.65665323036254,136.40655296606633,119.28415470297529,77.7647750771386
836,140.19423620475507,121.27456159360322,97.30385300250641,101.56029488613929,98.30250468756172,123.095782786853,85.4407676826231,60.42360102798952,22.830013973075495,26.023184996361906,-1.3320749749116771,14.04446586395585,62.20789228673445,79.81377139462751,95.33396533055833,115.30774032302848,140.2278736623144,173.11626814971436,144.23241030418217,90.46592048476828,109.02330880098995,103.89575123548475,92.13045658220597,82.8687994909154
837,19.61157355548351,33.89694125666734,43.53729900256833,35.20056785683431,71.55941635877845,77.65275868215625,87.31086616546375,96.46160251587249,99.71576774980907,93.94990212928491,78.4797678567436,56.71622772245844,62.238109259403814,92.96150312268034,107.75546615663501,117.49139348146083,139.3662259276369,125.5676132428771,104.44819812644538,78.34668217336126,66.32075309127335,43.85470022557041,71.23826177339701,53.849312767247085
838,55.42080314218315,22.355668489140797,28.031387175621504,39.885883117283925,67.59385614891721,118.18947007384101,130.646811718394,134.9508617712383,100.9569044366657,83.75327130219617,101.43152196824289,79.05242360022416,89.48146760457814,86.37908351628356,108.93510904915034,161.84252996392752,227.82501206628964,218.9352999611421,183.1041350055265,151.88093955932305,133.17357357693837,102.67279348855682,97.07325642503987,92.87030999430445
839,72.00589093757235,40.95732615111037,52.68162609124417,96.78265504926719,95.49729839345792,100.94829313845362,131.37326953611077,109.78698159000888,91.63236269456053,82.19023755294894,60.131364382009764,72.6302113501573,92.88798879899161,111.93906124852543,142.05288674192587,167.7805218451696,209.07825271378948,190.64335878177627,187.103387017666,152.75661268227884,147.9031615686321,104.68885748043745,83.18903505359351,80.5467196891614
840,108.9819956504978,31.085660736806133,50.53860290308461,39.378705004039304,55.92359397276584,131.45540299842327,135.73370610367698,129.6764863419577,83.61981556254781,69.32176401714868,80.6692404673076,72.3651599108829,45.06492124996211,67.31295055720064,91.78959281548087,133.33621780647582,139.3582700496379,126.80559747188786,108.36253209569989,88.70928902772617,110.71483533092092,91.2749622186963,55.18793556463341,56.67440008443868
841,99.4701660171803,99.09877128662689,118.55191855267434,134.46813016800957,154.6897635918827,176.98664435932395,170.79275854926564,133.12339008420054,138.3277178908665,111.59663347373721,108.13175649380753,83.97437223735812,59.972913906595785,65.47646497397507,94.45452225702046,154.3131457087066,166.87003384299132,166.00723839301887,208.43551337533216,159.34840434074476,140.5158452491587,87.99396559123431,63.2247648324765,67.18689222666923
842,60.06560440304922,92.22535284009541,51.953685997447174,61.29811673037403,51.31970412594758,50.51800201218714,47.45666375041837,10.697926806911923,34.0671274595481,10.045850250656684,44.799745190030904,34.70020734885158,27.807802487116746,6.318534838774127,91.64720832621386,140.51771051396102,100.4688544832023,122.10669651552706,114.74068985224359,50.16622138799232,85.77883862736569,73.0605699722175,80.89218183558339,80.04373301666239
843,75.34238112201939,84.10407829169809,36.77482481639551,50.369734473732535,70.72323194823777,106.15484054149779,105.0579455240057,62.31418707730984,37.64019748541898,58.307214465906426,50.56702698644894,59.35962004258673,47.32652761379429,44.04433142463017,18.002215944469782,47.38490622963674,99.22302901332415,108.49752869673318,120.61058151842913,107.38816330006134,106.65873501529015,82.89239931525657,112.28172839038302,56.23804463042598
844,86.7735049603038,85.26608947023962,45.63656050435759,73.51071499078947,42.005968692303085,73.02035940660485,107.48734381199955,78.87901284670843,96.98820693821062,134.18004313857483,150.77037927361079,117.55596647881546,59.491096386001345,68.86083219313436,48.829126182455866,111.58424486820518,158.47780477383256,196.638378863271,173.07187686180782,122.1215076042243,90.52282191567795,111.51485064010969,105.36548443301558,118.36173898946916
845,73.81861267114297,61.86983781994425,48.41824768946617,70.867456978194,203.95968692374146,162.45559300902025,161.41048973317154,138.3182148110147,93.84318193006916,83.45670875016378,108.07233832858675,115.29964464294694,100.18056119872,110.97798192537007,132.06992514450909,165.009438989201,188.89941054848276,169.10876158963592,198.82540947451454,165.0915201253078,180.16401099191395,165.19380898969,156.41138708910535,140.2286960836377
846,-39.46037149829522,-25.27995525942427,-18.1174236430101,-8.859431050051825,6.292246578041613,46.534317509812325,60.921976815419654,50.548570012535336,18.205575849463614,58.96880196159812,102.9623680928186,46.05813771309795,18.57746947810105,31.33539046351752,33.851931086909644,85.1374645679889,137.72698626215328,153.66988337075657,185.79054704668815,128.66820313900627,101.48636428700866,75.48110346192362,84.368923752288,83.37268693394827
847,102.71851571046004,116.65031198550716,56.90462973055522,55.9203657603963,62.406670513013225,101.03744739362928,105.37901456447408,83.01973994801372,55.93358961692845,60.745122594801316,73.4769246303285,87.58255428128183,71.82139695891978,51.78558070654421,42.598880902271475,68.20605712410779,108.17054820580199,103.75876320820618,91.20375602743073,39.13689483367696,0.8005566995429518,34.91381470938841,50.960476039839634,54.60091616819876
848,20.330735040885337,34.96066567369533,19.566163547525804,50.723766228235405,51.59245885014996,123.18633873460291,106.2252633263244,89.96589411084521,83.52627980788196,85.28918694774504,148.20009488251404,110.27653951933678,83.15446364473881,78.11581621283798,90.55380679585983,79.1088302504111,126.4345429950635,128.19843472234663,135.1195676813693,102.89585237903972,96.17869184264859,100.694244639001,77.05776322537577,51.84332405327592
849,76.852964554482,57.20733794114362,27.04505235025031,54.7457972987903,56.65493619931352,61.17594173881554,48.538326966221945,56.30751625580924,87.83413473244423,41.30452848869901,12.637667562087103,27.622203837326758,47.58608537730308,71.9153289167984,91.24574408250945,115.82035421333956,104.23667020800656,94.52471590307806,100.05063612529962,94.16135940580622,92.44761139888786,90.6228747913817,97.67171005288952,80.49992392460886
850,92.02152852584118,51.478721499092245,67.62083700690933,113.2797938553806,140.65491979020683,172.53732677430628,130.4694382873351,89.70551231838463,102.84964725673142,87.91233142435318,92.31807483404518,68.62565542452718,72.39306564193038,81.24214358090052,141.11741425722164,171.0220900831813,169.70732240692686,181.78997142862687,178.29382671520614,143.4270057103919,130.3717170016471,130.5176313679657,78.97814224395961,68.43391792958917
851,31.504123391865917,60.2708997754154,35.924838846790806,5.391614048785186,50.91342214404188,67.35925236707347,116.92141412109183,115.48626662239278,103.94670483411018,59.3964757140609,51.99933963278561,30.022899063052705,2.677099679099477,27.290836845647732,24.666284463058886,55.29634656685755,92.81663880267064,108.72645660501173,102.30523235433184,77.68461025402333,104.24665928773979,99.03065717065783,105.05044196330543,100.46914104321905
852,37.11627278084826,28.386763781713675,13.366216427074868,28.965330059062588,103.318522512501,151.3136924398517,143.6832403891526,64.11455475936347,104.32465143304285,59.228634496183645,25.0350900349384,13.26469968604475,37.51718939223213,53.00193046164622,55.037790054841025,62.38124987987595,133.64678860218945,113.09153277761354,126.8621527466666,133.18368434352516,123.77640030004477,117.63525760662213,111.83870380599062,117.54007012880456
853,94.59080850848166,65.32452601052844,81.89144236858228,74.4665855860481,125.72091314232154,180.20754180299454,159.9573159526617,106.83001939094306,51.564255334644706,76.06243720959057,72.34471671781846,81.71596355475418,74.82909290141079,41.23773960025797,74.25223783549649,116.72370920952471,213.38563331218393,207.52393916532856,190.66245070013426,155.083655902681,123.75203628383497,95.39804302646715,73.60604881002459,44.2877728843808
854,69.64755386788433,67.77388641859287,53.89821169217813,36.090099871874884,73.14844868453159,129.6790703243795,145.40331426975774,115.10430257619913,97.51142876101726,98.48754089013273,81.77541579762571,62.70495432735467,54.08172026249452,67.3660651219872,108.43324171755297,112.29063322038269,125.5232379444199,177.5342856626173,153.32382734659703,125.1726572137128,121.28654959119945,128.33994849300484,82.36306384547166,35.775150633861784
855,50.2521928829221,39.47025099750694,56.34069253599796,83.6794722324451,92.69973558324759,110.47304920744175,89.54179643879581,84.2332187280018,96.36458011731654,102.87232493935798,70.3656355163515,58.99374117885844,53.18653360632975,72.25293879026098,92.75809378535989,99.27072429775708,116.72024367888088,143.11056111268275,130.48201240826367,100.86037564438058,97.00130659937447,98.2601640710349,73.08957532143077,117.00343215256316
856,77.57066780173909,13.40537943149792,1.4253049900830064,-16.03384017973599,15.4377191369571,52.607037232342265,54.89538482699555,19.062752898635736,8.856139922854908,8.84046128322089,32.87613771003109,29.86431896173984,42.20760635811852,56.341566316106295,58.21266226491589,86.9462118809077,138.21708260370764,140.34179642642846,156.55318225316486,95.50134284598207,81.90969229738506,65.07263078038676,-12.406360197742458,-25.737408980483096
857,63.996452697602884,57.90713939457579,3.616337288998082,-12.32015359264446,31.04948538363582,76.9991794678821,63.653827551554144,43.10054246819958,51.749937265371955,66.80368068015702,57.271215534047194,74.16180273899366,31.004729907442986,89.06054840189861,93.6155609495036,121.72769848403513,126.2263004624031,147.59665010465804,149.61946060395564,130.81720437216123,136.8729521447699,140.10581398973736,129.68297856974397,146.74668355961867
858,30.28153542605419,23.184328226553347,0.6060110277363151,11.181573229808329,28.83889819985727,77.86491563087785,68.31003333941901,42.027650477410944,59.412807192206415,63.062941854820544,61.071656311026516,77.88552673973686,48.959533014787695,36.32637375031414,66.18649945277227,125.45391313128965,140.05324471477772,158.55374165423385,149.11924134483723,92.31633245754014,87.3296605222096,84.8100714852608,67.05037209487347,63.47376084841281
859,36.90826803533641,30.403859627122188,12.42159495263978,8.208132803202147,12.338186946995108,41.117287248124285,25.960763414762766,17.690015025956285,28.439020950507086,48.136244938907005,48.897230193567,97.15826451659512,84.63777437285688,74.67848640032221,94.58691475698448,108.21593435509712,110.65915137123173,90.17964821266104,76.20967014621611,55.893310264866685,64.62489138439352,76.21128064846545,50.184265105448645,72.77703931712863
860,108.0493110694708,122.09775635476267,108.13917020130606,85.50256849708086,88.01617791600616,163.33541985552546,132.98434661289264,92.83117965016106,-35.888697102143,-21.906331538721957,-16.077754797454546,-45.686636093006555,-11.602997957380609,16.698169745073457,56.472727729737834,94.66803629316784,97.02765378867895,87.56348585549641,101.61286568454881,61.80890492135435,67.0039875719841,95.94524280674052,46.398905893832676,18.193290568101304
861,45.09365976680728,112.47468976910572,57.75163426121351,76.6549941864012,59.54858890108358,78.63636165144919,78.8278652973368,95.33731901039971,56.72636119897066,55.70833717682922,64.49678228569405,48.892011345569244,11.959588313745975,34.404105540968835,43.53704307513868,60.91861532323893,94.20850820921572,77.92427445631452,67.19623284416538,40.385539154954586,25.489935041117448,7.280764731762801,6.325362962056374,26.9200109199207
862,105.69431875907298,110.70745888910916,88.30482680524251,95.6059990637877,146.32779535344167,177.30476543987243,194.17742745885067,162.43054338388737,90.45816778286677,144.00619536249337,128.3921652833324,120.70159002071392,104.99696637532955,139.8193079736269,167.5537448961856,187.96265290318024,173.34753494044446,159.59024388781623,116.8517726480505,113.8473142142207,147.32612395732372,104.45646709865838,109.03300447180487,122.0931991541153
863,111.74889951398103,129.4777192609024,130.7384069205143,117.27028142011841,119.29054898266057,198.02947374259276,162.20558700607836,175.16256899448234,188.28119737989942,120.44233290390713,129.47998631274615,145.98582261262263,151.0942621877326,91.2177501102959,118.72637993270496,133.54557607994977,153.3182534105195,185.47906697020062,192.0074102132637,170.84720434562837,162.5938914361522,157.89623689482136,153.37269831916439,167.26809766960395
864,72.07167079995638,56.72261190488439,54.8076278672397,110.86802857749743,88.42545722140662,122.04965392125385,103.5889456562705,103.29729547558462,83.35259108805855,89.29741019568598,76.15696410257303,60.46541626554696,81.3735648328537,74.46066339444386,75.11072615133176,129.8799163126855,131.13953208731706,149.21598641383633,141.68064986315136,96.3629700209344,60.678220499990154,82.44294922667406,75.28559187161926,57.788595475848396
865,76.2286695276378,110.12085436715364,133.0452402959993,110.5466480616212,139.62257591140727,198.1484750829295,147.6508856768333,173.07366247978433,154.03861872718582,167.6862255744446,116.39210469393718,105.92332094801596,99.57360333758822,-127.55596779681781,-58.23042486499352,-29.374332209158894,28.545524398422813,20.533535120584077,53.9280065012899,62.23201172855481,65.47259420443646,65.16271856917294,64.44618747924812,83.86628888662055
866,127.65818699906646,97.08293365594022,94.93585276610978,81.00994840756081,101.27101655409541,136.4309650319221,94.099380536893,93.3015196137214,82.19142911725257,79.76524415451755,61.078544694855424,69.60289831655,113.42854682904623,146.2435166904047,123.16992880137656,183.74766143948477,192.05215420553372,184.89594483303273,171.38023000269695,152.1867728843756,122.59900063252017,121.49669575147234,92.26573630453208,89.12102161612907
867,190.10772535735174,131.08757046457978,109.10933352291184,81.75055084183815,93.46525336352474,150.55168017159215,167.03168802433893,143.63460609109592,81.77657355840746,64.59057194550869,54.73308779335022,51.20096860418481,42.841473723318245,48.60643203840759,46.10576382954427,48.128714947815894,88.85702312371912,67.33345009973779,65.08450739885333,15.699605524443086,6.848996399676693,-15.995311215813686,-44.98009660694484,0.8179161110643349
868,145.9240577381633,157.4101176989475,143.00619864387897,156.7394898227708,162.96192306284695,187.60963478417756,146.76305773422231,109.87166917959405,99.68542610911348,97.07997826217522,112.72586451908569,89.22693991605774,36.11116422177959,26.160652489320555,64.88154792730735,116.95155680831982,163.32630762803467,169.7393837827522,166.37586307862867,163.20562143527303,151.8296717615178,159.34187562616341,154.40384156758614,127.19512912289187
869,68.24843891618224,38.65619331192376,20.774931961182645,38.96066348619803,42.028334351994665,95.30900866090266,69.79764854954999,56.52790931708,58.21875893595421,33.82562988279933,13.834927769521926,-13.42848150389186,-21.370737224699795,-2.535134556293727,4.757236491455515,50.93688637955842,49.17102944790507,41.919718504231355,46.62907534611506,28.87194769289681,52.70091464899871,114.54849445301426,118.4449469327096,115.29237657631197
870,83.76684610147746,86.07365941190082,78.11531050748073,74.7699663199707,118.61783308630203,145.9960123024807,145.25683595137608,124.54297281235792,124.95029427049732,153.08010839561769,144.4328243780789,112.05329636417959,90.75371593052765,7.475342559032001,41.45801528725043,79.89525510358646,135.87150718595225,93.98307631480785,113.25038399429081,67.50714538526677,74.8202084204801,62.3923216057064,46.31519936982987,72.20614062025939
871,73.56039867441066,61.50935709319987,42.16939112755364,18.063856865602396,38.17337397064201,80.25257299692089,85.92063232381172,95.76268035772551,85.07073815793927,104.29032737345503,98.71801502932362,116.16376949677884,104.32519463195597,113.06361840697791,111.6083606675716,106.26607749309842,165.4286331538057,167.24164477364351,189.25601223858024,196.2907934723497,180.2136672625742,173.86214181476953,174.67866284124773,111.06821909131153
872,59.81725010920729,84.31139545061063,64.66692671941945,80.44293462258204,116.15607884480515,125.67345543317826,103.84724083925994,98.50008550863004,84.34750959840476,78.94792133824515,86.9404262736898,100.59230970248396,77.11982255602206,105.17928923664266,117.77075934017218,138.56321111828615,170.30823536370684,152.80474557075948,113.7576498797265,73.2597901738277,54.23956223843414,68.659555021835,52.295380254583236,59.21198657212602
873,96.89810864565234,62.53433720593837,83.84842637950902,73.60623612936733,52.57496750014701,75.8731789914088,98.2091528244211,79.81566095770458,59.990929126837145,56.75627843327618,54.58121963196699,69.31651998975447,58.52489905864924,47.72371776398188,18.150609025709826,71.92378174259643,110.24792765296871,142.92978084961487,159.65789487240477,138.937033477171,158.14278898224774,168.88843721012682,153.380314533333,140.89097284825365
874,82.1025082238515,76.38862659659637,40.546072937317156,69.78646192524452,125.17456151255965,147.90346469371957,97.9699183183096,74.73070308991379,76.82323194613807,49.929548678941984,72.56622328664723,83.88907234605722,113.1233704421755,106.75139754953717,121.52297622523909,105.97899090785715,111.4186948911027,100.36286668062813,68.33613031013141,64.9587151728756,53.244094192218675,51.82469611722713,50.52891228109609,18.185021697322014
875,33.1116045537958,17.131407206372224,9.209186766162269,21.395504459370258,54.407225387401155,87.43655269104755,65.43895333869392,65.59509500425393,52.465941647524225,31.699649472511858,47.58816661572582,61.774841957940374,59.75217682283648,108.29762033950831,151.98678038280718,159.94623876526802,184.6274505071945,190.00845115481877,168.9390539662974,176.69297995902778,171.2266144445225,146.47008331851418,105.84337339132142,79.47906625898365
876,55.7116100332966,40.15033974848333,32.349560162986364,49.94980297909312,115.27033702854816,175.20756508108073,135.02115902540208,75.73057854296778,74.81196892414215,67.29445256464523,109.91269704104683,107.58970572356074,72.21748530660443,69.82849554452487,94.99467912871256,91.20637216464677,49.25622360622339,116.7011169113553,103.3986072311572,68.76580167891737,79.2098803039859,55.63902944301648,74.75907834295528,67.12772398164572
877,-5.2277847161460045,-16.84071517586233,32.304238460675,53.88169981159676,91.3905194917146,117.78106244907912,103.95983992888787,96.82768720351338,76.14354197643651,61.901204079279125,56.61501741908736,62.72566726183827,24.02361278029648,69.67293082893345,73.61253212806928,95.26824193221236,148.62939832967794,205.4150727318131,215.4360024099259,166.61947014760725,184.95917846741094,172.1676995168526,149.10118016382177,135.18460098293124
878,77.41621619770734,49.935826208598854,51.985606318407704,48.375542583323735,70.76348243923971,122.90919966543254,115.83104114622898,129.8923582933497,97.99830909314497,91.36379057796844,113.87966853448661,86.50829520935854,73.63292628619709,100.92876639557338,164.65943769457363,168.00840008802254,180.0403860369091,149.15268898917176,149.70598191680858,116.33180921141161,145.18935432307924,124.71805184436444,100.7895506078142,78.24280395780976
879,6.572776619059823,22.729357250117204,64.9322865243197,64.38350907126345,75.09496848093463,123.69068576529992,114.0184367793514,103.67337450284185,69.8107835176942,72.2622124587478,48.293539119708036,86.73541585905826,59.40710492516827,60.50451992178147,55.26879430952097,58.025174003163805,80.6897098311472,121.3571891249106,100.04827814522383,93.71340609027222,110.62205160077855,92.85637320480667,122.1629851393555,69.46243028479509
880,129.77773899052295,95.90886480419591,136.75559901147398,137.817873611126,121.33623091612372,167.53073424466734,152.51328667016918,147.25857611967805,127.97326933031619,122.58382256924433,128.75101491239744,96.1993865201443,103.43348523998401,94.7875796207544,73.32060616321088,72.337057759388,92.2989539181186,12.95930975919157,55.057960706674464,53.75653486598067,67.02533475805528,65.66507815720391,57.26251668153086,54.873068061152
881,125.56473531016688,130.390462558933,71.00973946442883,96.77328435519752,131.06763245379665,123.83899194544085,112.44750936278675,98.69030274864564,68.61416636660604,104.5799094300338,91.6513837113224,108.33504313622106,65.73157989963951,122.50311968565686,95.95135611385993,139.56948909964007,142.91863307760698,162.94641153538316,125.35650661813884,88.2414701393437,65.96241035874311,59.46560031601965,78.48501844055939,31.048524327387057
882,44.54786223924939,49.343535771461276,51.11048318192998,103.41986003561739,92.8644434079636,142.64035067665435,148.86399892086013,142.704878681797,94.1027738172152,81.74624551525719,69.26255020295305,56.68568297928095,55.526373554632634,92.64312727999635,112.05020944163708,144.7346301210959,167.43391361177163,173.04252388318497,150.54315971073623,105.27555789850497,72.07664992731866,68.74997095424948,50.966643278804796,36.94247315025306
883,92.2708868004641,64.91979433884632,45.81369241489452,22.485124626042108,72.7502782433053,76.2582959868273,130.67631833464998,116.81197670473696,109.60614230322008,89.18707291469165,38.81964847706388,49.2182297887736,44.465631723580934,50.58658029406378,40.31486939641685,117.43207213625084,148.53935217012813,137.95021495425937,114.71664350197443,79.22162420824557,92.72783866916737,93.20788443727344,89.64607610522327,110.23373864169537
884,41.0443762874859,25.507454311726363,10.318014924458915,15.689880920486523,73.82805841417012,83.68472090034007,88.24449710699449,29.554936825200855,39.280555963604456,44.146889692015186,39.9673677609795,28.228879577250588,-14.418517826288323,24.128594637737244,56.93604940573404,63.66414796449389,109.47538730526279,102.25527455974857,81.96485654077051,81.73902097885384,87.24308959294369,92.29456083222632,114.27389530833955,161.21315689982845
885,91.64044921847821,62.10284659189561,88.87751666267741,115.06912223324859,110.47511137836912,151.00053948376856,149.71772143640894,154.3874657572299,122.40040316315209,132.00846142754202,120.56470906721972,114.81775204234644,76.32065256569156,100.0435689994369,109.14889287006639,134.2605902861062,195.85886799314414,201.99298826134546,146.58392794101053,118.55967676820241,74.09245060117789,76.55146792484989,55.16291782241947,72.11797209394149
886,60.25205899341944,20.849598633857823,3.9404288036590245,48.43214924493631,37.068858443106194,81.35442007152042,58.09818395004764,37.52854889893463,73.83557747689886,62.33824798571451,54.57782554625279,28.632995457047983,4.690003069778854,31.328770436758305,30.171716493407978,78.84967398921177,119.06424732809877,144.01593951544913,131.12339649902262,98.64803513531938,114.12786092369797,115.98392765176632,99.74879720855492,83.54809868773272
887,89.54454081309737,78.62258141924022,88.37340011317127,86.18686105507813,134.22621920013847,145.80965446210547,129.89554938787097,110.26053858963536,96.251836071988,91.97617957307313,97.96539821500396,135.43471799633312,110.29163067312746,108.60072939871792,178.90263593276714,196.5708170779713,226.12685668991008,180.05616717093596,187.8474371370114,140.79965042833405,111.72960334921613,76.97422626085168,73.6322934233084,89.42470097356892
888,66.68338847962929,80.00957002475641,107.02993969946147,79.85043832083844,86.53430179079797,99.99304978139261,89.54196150949439,44.08783932703044,38.70976630970664,41.388198531854215,2.1284335284104827,-28.349514619206772,-23.382266079287007,-8.462998085111181,4.49587714466044,17.519720840829578,64.85917341916128,150.96960995224168,147.37929091909882,121.31249289718433,139.52824439823908,93.01477561078086,127.19723325147491,127.39275937588903
889,73.24359775338905,53.57476555042784,48.17497647543972,39.536329861555906,63.95865704588917,116.48045754476236,120.65011331970128,82.53832179212323,72.43192789217589,60.647503856506646,100.5882323477366,92.34088942144115,61.40727517320789,90.63312391936624,97.83132276201712,110.06304150037617,102.29056696892135,124.82053073810282,88.90529675084593,45.370128673052434,73.37886580285141,66.51124762152227,102.11179815001516,77.16914970326576
890,81.37231528137195,31.146319759562168,57.227166712980306,31.797695177467702,23.804844118401064,71.56074049111878,119.56623564345765,80.87227933744849,86.89144626882918,63.4556530387123,57.17647271862023,92.01514591172658,52.078090697900436,51.69063057234003,24.870917080953546,94.11706585276002,135.40783226794753,137.25022353663897,114.6619880644954,107.12146570951876,129.36819635924002,114.18933929071044,116.58305073083379,122.73074959031752
891,34.05021183114187,-9.037761409864771,-2.779651740594744,38.833324389530794,97.40347872724041,131.57291253935756,106.47113233145217,60.56123779457684,88.50068128217707,104.69199028037379,141.52078910791647,159.64663173478732,171.40426127334234,148.91794832553273,120.56644768516611,187.63328039694045,255.16602094946342,254.14081041802046,249.06188397676885,232.5703542905129,175.8316845556586,158.0825051751289,165.9022454812,149.66291790733752
892,117.44900083388981,150.38555820000545,116.36277285159903,116.77076055813446,102.1003043262713,137.05461542719976,124.39011372328713,123.12475912420706,133.6430915579562,125.10250119591785,75.5449802284628,70.21326818349506,54.989938668615565,94.0859651867307,133.16729264888627,131.37084538916204,121.30096691825369,105.45744660941435,74.19391514419239,49.664146043971456,51.8787639341423,3.2056360094993437,-8.987703943684593,17.714384284855313
893,99.85054074782546,88.22077012277151,66.54877194224154,69.41489023821354,84.34149357405968,123.38544557341716,135.48557535021726,145.30787877703887,156.5977400511315,93.20924495494893,110.57751988364247,131.1243649249168,116.19003573416586,111.32345857782461,138.47042718180842,175.44925737915145,177.72716641800545,173.7555121763267,119.21984810953042,61.79911761655652,82.907455905716,82.09553106100296,38.0259005363295,72.24899452207656
894,134.035459809767,120.75716190715178,110.81322510227514,83.10749737673878,127.28013112591742,184.18482960092445,165.92445398385163,117.69627962916584,102.05945354188326,47.47020608093411,59.35478427646936,28.961847621176886,40.76003336932282,17.063545391652582,73.8453913543521,65.92442907772181,102.13184723642195,111.89815446204179,108.94492434428082,97.79301049572801,128.80327526235988,131.08488142545215,133.56307027038093,118.80786116075086
895,102.86789666127149,69.66765280579207,65.55145879557685,58.364816209618795,96.68618720928663,126.8424036193446,136.859700882667,122.91358359720533,92.67336073283289,62.14345139930754,59.721796716134826,61.72930752608961,53.43488867916703,91.162321971436,109.21776228888538,154.4639224174755,178.20079948021117,158.55896910234253,153.48859534118083,110.56804533878729,87.74393849858862,67.40035843394955,69.88582374064566,58.331134496338294
896,46.931440161560005,54.3982579317617,34.92970501995333,78.82285867811831,111.57512888570454,109.0265943197479,104.10187587510725,53.002881644771634,36.8640494903086,-11.21501556119506,22.64438324376006,16.593524640237035,11.908231989838235,5.807904073927546,16.179626195980987,35.82151265559692,71.70473442364352,114.43088259041394,113.67001605593553,62.29862165878365,84.49760911455638,80.88934826381976,56.97680581379663,64.10492608361383
897,57.47791897283185,37.369325085609056,17.7147776976459,12.823492394092455,34.290396651919146,67.91640499018061,70.70553993025158,48.37942496733456,43.573085099622,87.24313025117748,26.755202588945117,64.61023443473198,114.57424076921008,88.00666490540783,101.22296976631398,126.49642509684429,142.81945273422735,182.00764948583554,132.2728192905487,150.3223779702911,154.5667924214656,138.57262273001538,108.3367202994463,134.82926836965694
898,58.88894801983774,35.82629848384343,62.9184146585853,62.44387053117596,90.21600962297059,137.07374961413834,136.18461204919475,99.17545476666976,105.59522957652484,71.6514613204996,77.7207362717985,53.83689466161047,68.47112589444147,101.33142061282561,109.63691738289756,173.07642042193865,189.2119438169469,147.91023797271293,109.45420527273663,54.472366228146996,79.51842682570661,119.39540880016361,104.91400478624739,109.42850021639775
899,72.14370558786257,47.832534802792125,-31.226215064956122,-0.7225968245709566,12.918697560456948,76.81528654949568,108.15873460165281,91.26771300345298,68.34276579137192,74.34978869922728,88.74737392759985,86.77363268602024,30.358210993856503,29.2304138840164,66.96063019906973,81.68343092988013,117.93388353569401,233.4783784288063,211.51423210641758,156.35649251478236,173.98849806878377,154.77053892910223,136.72383953741976,145.8504389772932
900,28.613113673152526,48.93932619430143,16.00733597794445,39.10019816485115,73.7897966796588,119.31013520887366,137.15986062160903,115.36294600947406,133.41103589040443,130.84980209303095,105.78753259996054,116.83227138953482,72.31625740665515,62.95264175896179,60.81136426263358,60.69114914958577,119.93505385773268,116.67344597858516,142.10849194239412,142.6887175834503,114.69876498578535,114.4543378576522,118.75928745466213,118.06164365408549
901,57.8125755779403,61.82887163526072,51.316807271185596,56.710604461384435,126.03144721328101,156.3175130554585,119.01480084000161,98.08917703302647,70.2676475537748,91.17285213940062,87.09477454998019,107.85419427849888,54.47171236479033,48.213234431531646,85.18598227830746,115.14745637134314,129.54224836353666,105.98401251027126,94.56089034554485,37.6968920711534,69.53087228780954,69.41293404003578,82.69321007490556,99.87739291808835
902,70.40947272145814,37.79894791203704,-2.357376414893224,-8.550544860757668,69.415352776252,71.563045330962,29.25408028545833,34.67072665782148,75.55825108172391,77.64359139950055,88.59683444773229,63.91344259175566,54.02663513146044,49.90856009389647,17.475120300242025,48.139499817106895,103.41524422172192,88.34552805672872,86.066371994209,79.10916068417085,82.59367179314627,88.5298094006924,101.14840457065979,84.54424499032581
903,104.25813150801962,64.86981455158919,70.12774770755802,87.97688212748588,98.17127301387367,141.36589084423383,173.28397082879093,133.10957921726242,85.82437805514459,86.07332796738913,80.65236546403727,72.66591808676091,78.6090605012666,76.23206912004983,106.15564373721467,112.08035623877986,155.57513840575376,129.33185295747717,76.3242492380986,60.51975220116539,76.86103575866588,88.68956518960559,85.07929638184275,59.08436755049429
904,53.090531996965495,42.38144139565268,75.34128888263746,39.62541703065615,82.46675182436425,71.96623811164731,72.72921664046403,50.62102488033246,78.55194159578814,65.37428916439919,29.742149543008964,33.6770832924434,29.118066801949432,22.651734621203865,42.56133415811426,58.70369360642336,103.76050345027767,105.27111492522617,103.97512114544558,95.93660660163806,94.4517960510781,49.45140937561526,109.57141827313245,103.49322570828662
905,94.80005480981143,75.30772377939772,63.29188978403909,21.300952738686583,102.42995190324295,159.99507697595024,136.71269880493452,102.96838201475437,107.678018598533,108.04799910276813,110.62864003115718,141.20439968784245,121.24420706773164,82.10844232498907,93.06678255691222,126.41832714367885,190.27669729339385,139.78919145632443,139.4961564066423,163.1168038717688,144.29747877796186,101.13190803840324,86.37822018562196,107.21314140698512
906,75.17714095777082,61.07484018074984,58.83979380363318,59.4884845998885,54.40158356074037,86.06485134625927,87.88567309586156,88.3236235247013,86.73264930751894,90.30587666199675,107.13580823652842,111.18459123355882,111.49202511457875,118.11100209754079,126.65079943856824,160.34928264331958,166.68745693950055,145.09698453235967,146.9657936867495,130.99479978812425,124.9333193775653,90.80827896451966,72.7966233626002,53.02624783491491
907,133.1287298938446,138.30852595120703,142.2258162254296,122.25784401414548,93.73797197193285,94.53027001929507,78.59964346518166,46.14904304193834,88.03657165096747,92.68960555086994,85.7220295536486,89.69293195343886,75.35738640271582,114.68275135361979,121.58352937538083,167.53467742497094,168.76307367832544,176.5484651329197,122.99857288037421,100.4851212063291,88.09255153927835,48.13726841856216,51.782021033087794,68.52303929765958
908,74.801129497628,67.0459729940737,38.68459634635511,32.29383849640743,33.859070052548546,109.91414028917472,106.76799325094811,77.48975096009514,93.9589857759104,118.71643005919572,50.84604521137104,77.67737846934729,44.38365441058839,47.24687651191157,59.035374302651945,64.68128260801383,101.5983817441938,135.42503316006685,153.03935668440673,160.59308543866962,126.19652794947083,116.17082941542316,87.77927571211234,79.34287670880582
909,31.850333502045274,39.34670542644764,21.281405413097836,48.02445469215655,104.65247507835859,142.59931500254538,137.91233320352706,129.21793597541074,97.41781869484315,117.69168204078508,102.79605635937573,105.29810178273226,76.89164643666147,106.36938233179545,120.45716128953441,134.96218350510574,150.18410435225886,190.87422439128468,145.20756059589095,122.96242906317778,83.84470067486399,41.78986513239028,63.74188709827584,88.72245689738278
910,192.7498209805154,197.40405160290132,165.0112606837907,134.95559559704418,128.58025074787855,192.33991219894887,159.33323131343803,130.26117543468385,130.1055047116935,123.73969864905402,121.01247268064967,81.54037858651385,88.0318671589996,81.84735549109634,83.463148457021,113.61879103992119,122.33530850006993,106.21249129593626,47.96659584541732,6.0838239456172545,-12.092401453129796,-0.5338469443161102,40.16549924925056,32.25636411450431
911,36.866366363167735,20.71472370898107,25.185043312241426,57.35169163671176,112.998498528327,146.19375492887934,159.00498939613288,104.50572392154365,87.86844728517886,70.91443891694509,45.0521249125733,84.60075909641805,93.03093583217643,98.38872197936449,103.17454190542938,104.66913861129714,133.20618764708925,137.14512838184842,107.29642841608887,94.09004930573315,76.54636669824944,82.97977600934186,53.65484750070376,51.66925355797487
912,82.12435738976698,47.57372195677758,28.734386246448516,33.25652451339213,46.96834267391205,133.6840426612643,136.64984836706225,129.2739125533312,121.24060595860108,70.40459841956391,53.51693510737623,46.11696472683025,44.23797203743153,116.10953175487325,105.69323927103983,98.3511688445716,115.2063573026796,124.31328676780032,101.19495469808946,57.47797060648783,72.51972627240221,96.81527844948903,111.07449678111364,110.57704035146068
913,81.76308645225865,77.48247364843627,105.68163219564659,48.22103886487801,104.9129379824685,136.32672806101712,133.24613577664502,105.6172150446501,111.19061412566414,94.31031413082637,70.17475194846716,76.56836457847494,105.72033072154287,131.638283356905,152.62791021507584,169.97269382184615,208.52236664707192,223.75214837298955,184.70742314353473,169.6952715231065,130.7434375847926,96.79629845792954,59.63453066660456,57.75264611561405
914,66.00363850628467,40.22933504791285,42.69217421416377,80.99436503428387,92.83347030795225,134.91067977252754,124.55853558600847,120.35536183304394,121.1076079554596,152.1931885457152,125.00263205667292,131.95170686091512,141.78512629074157,117.74941132436905,105.47116941013489,166.44640903447225,201.51476437735974,180.31725451616026,176.4257874499294,136.19101823173926,102.04157279339191,67.52043441599514,82.42645471121163,98.66195311072289
915,64.782855257281,47.247837624485804,83.20624626635106,83.02970189323463,84.45929678490081,115.25848908536625,86.56394814955924,59.33996851512039,50.680742735927026,55.321705235053855,36.90152085388581,45.09927640156498,13.595656831527364,45.72038822583848,105.00280092634249,117.16283411615422,147.74787526717495,175.71351834125753,154.1972415828735,109.70196904842769,68.54165308128853,68.288534458672,70.62597615074418,105.0174905777333
916,82.90378872422494,63.653816069784156,43.85064333976331,62.34555670318849,109.48938459747178,140.36223402883917,149.1423193445835,129.700702512144,110.10102426379913,96.88873436405673,95.30408004662543,76.85965248902994,43.65522277039709,77.12573710061763,106.0855432573389,124.10907284949738,164.16776414855065,190.05890440537914,179.13259744189432,157.36035654382442,189.29977996753132,160.64839928011065,113.80001795253891,129.7780714239138
917,102.36205581426852,106.95609060711391,63.47068540721803,72.16986048010669,103.62380319815782,150.84367607326473,179.34138630911323,145.43833162819539,119.67742622887206,111.35601121445295,45.339805766146725,25.835931564079516,-8.727241856372856,-19.007805770805987,3.4600753106860793,31.457605885364046,51.12567733021072,92.32265690906002,70.10119481658668,73.39837819401353,56.905028173534916,99.21923144948484,94.4071497059795,75.20830828307824
918,93.74795466449748,118.22213558465926,75.49237999964313,59.336545128029144,117.15643124077069,101.44477055764445,109.68284525140645,114.93022062862141,120.75053608761306,102.42993159018376,133.10068411838893,93.82642850604108,81.47232198178892,88.67363163471859,133.57662751429,162.41325507093472,167.08955455121293,207.8925727647592,200.1951883546883,127.16625478226123,130.56524642654392,124.20459761479103,99.88934494718937,115.23319493242403
919,71.48557948646678,77.61772639936184,89.9465489054774,92.71655703983133,100.82333820044089,158.10242295282188,124.19420147068973,136.1229603695296,125.16878559679864,110.13441246798895,94.87781675354779,55.948883157097924,37.95075064594707,66.46609423528955,102.22792383730307,113.24179864775525,161.75441734748833,168.60843489028107,175.45029243146448,119.45487937652408,146.59914169530543,155.33666670813807,143.98945655074127,104.88687024151479
920,79.1424271902495,99.82262949968394,115.60442542454503,84.69472278273966,94.30095431445395,127.58285314610488,89.3476329383157,22.489464910836745,60.33129058027269,88.12725666011383,33.39246104652748,50.82212778644415,50.496832658840376,65.04324025004571,98.18938190625222,117.29837243224341,153.81419073918607,192.68762698884302,149.96964103173588,144.8563393363786,133.60458180658725,128.10612394000566,148.9643875748588,116.7060946684597
921,30.467517452965453,0.4611515818918974,24.645837597780478,49.2587551642234,46.522593719882515,111.37782909853426,84.07340537729024,74.79809019066613,58.53394534084028,21.678096734549044,51.932563505838345,62.85088106613088,64.1022430547957,57.40511209052208,81.38853325885076,105.67484617894563,140.0061013870781,142.65339248194456,86.72125874834549,87.50510172293524,122.30113520605279,137.07612802352685,145.0481825797798,166.33975872093106
922,32.91009926089588,35.881809223717276,38.652581805772584,40.0979520961732,69.30753033793629,120.72865113746633,137.69070269649126,116.23981039197136,109.67128023732371,102.58384329199919,102.88491247548829,101.59206852747354,83.7355994613988,90.9867177828462,134.80211851197828,161.39369797623976,188.01090899992928,225.21138344034387,188.93078962187252,149.7243475526353,112.65850584019627,108.33262419055809,132.36868851893246,125.49838888725225
923,64.72601561067569,78.45793882211441,52.578334336048826,52.29709732235683,104.03169634646633,118.04664079931757,122.31999637738834,109.71394238749886,146.86882817907872,111.21510720409938,140.71454357746399,136.67078738996625,113.33358206718269,88.16339274133179,106.77079977677977,146.92137701387557,194.17295714635313,180.4775847190479,186.95427901514287,228.19490156078788,178.99240016928718,146.30735737511117,137.10712629079373,105.21215251598878
924,124.92490246853646,56.72925960594272,87.3590652558684,89.25525806354666,140.18583066189728,149.55575300638532,124.03044662363877,118.40699486515008,100.28381434089508,97.00169004412459,94.17595084233575,76.180618829583,68.42029185370345,71.34644936690859,124.60474525195265,145.9190372192774,160.29089045302464,171.28308869195433,173.96636110458428,100.61331944614219,104.44090949359546,99.52986676629013,55.33953523176299,55.6030979355068
925,14.034297402922242,59.25698316272647,8.76639296182033,-3.900477167795401,30.487189722292236,93.16882683903818,55.37283359555664,31.091529815480115,-5.389272769324364,-14.058304273800971,-11.3095261117721,24.23337051379893,57.300378278735934,89.02388167286105,130.70066798703587,138.28550972310265,184.40172579541417,193.18976940939524,158.25808269358433,166.29402215466044,173.0043504384829,166.98630529009444,162.2386755598493,112.4452728567424
926,31.617017967434954,49.209976884698435,22.077692039127683,54.52211093139047,73.87253036309974,105.51332327262577,104.25668234115545,69.83002892187054,82.45370506234919,56.550526330187864,14.827236401482253,23.200543946737568,31.790516725876106,51.29082132392095,76.86314631627155,97.80201920842042,114.65923564861666,95.79596934639291,87.21206632503103,91.17659052668073,74.76758644394215,79.15847551743923,83.87529514527864,66.21982853734595
927,125.21322436764154,149.31567918165302,144.71482019729024,121.97332976674514,132.61742573738118,162.72104734923124,136.50895296167388,124.17790301935193,142.56216905822237,110.73093856561715,93.50488582665174,84.28997767136536,89.74568652915629,107.69365061377208,115.73867849062222,130.30401946905633,161.77610982910656,176.45650548351676,163.83858214054789,176.3239763879411,138.71738350753222,136.93485839760734,102.44925532496956,92.13689881973269
928,128.86715294378567,60.540388381247844,35.52273492363309,25.311742382829493,53.42654508663708,112.14744495406075,97.34876806576438,104.47409792994604,112.70386989010916,79.68263683867481,44.20043434937968,66.10897132845943,46.60471070153763,75.11319480822382,85.38966169150034,117.24116722707114,137.8401137575197,149.00516469659036,145.2369633975287,107.02390346999726,106.10163800562262,109.00312947916966,99.78186412947164,116.3658368827859
929,39.93689537361824,10.995021158204018,14.820065222436739,21.06860047688376,44.23817849505946,72.0683408983614,55.6520783874823,63.70379374369845,53.99499856439934,74.05763592858528,69.24336814070872,22.894291601466648,37.83536053437884,53.12495181764798,81.53446947703483,83.94823571569235,126.5434513950564,145.10290459161385,105.74535219388335,92.07296894992164,134.7762325140535,115.9713582637971,106.15858836818761,138.29543029960777
930,123.54443075337548,109.64875702633753,130.05849263464566,153.07653248043619,153.52722252668968,176.09105882304902,128.25018529742684,126.27706675674861,118.70268102266033,117.53955139452835,112.71849243467204,82.91701083564286,62.1976109727901,100.81304765494241,79.91601474984432,104.04215229536365,110.89714461864001,140.89798480903488,115.2550095076138,121.70694902163194,156.32306533740297,128.07869368427015,111.20410477628258,126.12517391322997
931,82.70126324986315,42.44080798397678,31.53825600369882,-10.459518924199841,26.798955468618885,86.92333013278952,121.9374139907796,88.58880206403613,87.08109899116656,85.02886317191238,84.87838474981629,103.65336429239444,89.59881674201762,70.1633635852086,79.38638899791094,98.08492769024909,125.33631046475077,129.59593701575886,122.76928083218567,106.21460534453936,105.34811610889615,118.4101053196691,120.65134891733379,97.93777868373819
932,62.105577768380144,50.2946066041092,28.372140439966884,34.45841716215104,96.08124666215626,109.28513525061808,95.92780609372036,113.81330474391541,83.38776476504556,79.28460482747715,68.83106693443173,103.07827272772752,83.61661480837202,59.828166792434516,100.4691255495888,158.64069279135026,185.08230490969584,199.4451763511923,219.17721018795208,172.227217764468,159.02682835505686,151.6001389008733,148.7113143030556,134.3309280494234
933,87.27387273275636,81.72319361487573,88.89410305726174,95.49636137167504,125.98671312817385,155.91209354072112,154.95914288534362,119.22973536170561,114.85337434845036,77.65966008875344,93.31195699216782,93.7806234298732,72.37974312466544,80.5797228075345,70.96467960077928,115.36533995192023,138.57958760660233,132.30956533150072,142.82644557353765,148.41020744499974,133.19203409015154,85.62764370855847,86.36764005717012,72.7383974206921
934,133.3843937275706,102.96563733732962,105.80330856096856,58.71438187882637,77.61758943965663,137.91885915156837,137.43561919244763,36.60730759451698,52.79329102936349,64.36412476838359,64.82246112989502,15.834062726020349,3.585109566646075,3.9694186875342012,45.61780211868914,110.44853330674806,127.3001436380419,143.26763724943754,140.25206868511518,133.24973046131208,160.46876319256003,134.54684806836804,119.85904006313949,132.88646250922508
935,43.95184847532862,34.22100910989737,33.181569590308634,30.07739794304929,46.61522309357694,80.96482074166263,73.64853405747834,59.392524590127806,85.17882282064642,77.00147142667731,52.54494330557196,54.72572715150171,79.02478920733182,86.91273735277666,84.81855251754146,126.52669356161249,134.89614715374486,135.72769899398418,76.16079941145621,80.08864979131701,76.24225686209877,90.85945228282586,111.86291449489332,91.71818894713282
936,43.83774538656556,60.30875212413065,57.04465678762021,76.13329573089806,107.204936104379,65.05034739537885,49.80330925862887,40.0173030052539,53.81782362918058,29.26642025766221,45.66117132277259,25.378732221420123,0.4694698269689752,37.10986198994072,68.32432960675786,115.24330122501482,207.32386141724493,189.31787959655102,141.87297464877798,101.36749697272776,93.96715087355416,90.48633699691074,128.84795239913905,135.21506257848762
937,99.60095075248722,123.18161285857508,102.97775287689086,87.62849951960932,88.7304236825878,121.68455417887552,130.44821794408094,86.2774005324321,36.24622763246684,-8.746284138645848,-67.82814587938643,-28.147771565976683,26.427362534917286,71.47171381381403,111.72931795094723,161.187971919831,176.00542792946246,140.37602334791245,124.96833981349343,113.8108430697244,84.49493580485951,78.72930532106123,91.90569138357706,90.21964783614585
938,143.08225832564978,102.06896094627825,103.1702108107936,120.3621737197667,150.58503767257585,127.80881140771538,100.47126751679016,91.89665507955822,75.92932884892183,63.32549141470476,43.64891321692934,52.66221767978897,83.49902040968993,81.20066231439392,93.23819795561624,85.13257967921245,110.31332257074128,117.38881555831685,106.30206760460631,69.05403520878593,42.54350203421619,53.06072557473069,76.93693716394539,97.79288592705416
939,134.77345820343928,95.65163149137102,91.30760079736382,102.53114738577378,134.20153674019252,196.96386903072033,197.884368706421,165.38240035005956,133.35193748687354,104.59371536980451,102.09508737965064,76.23292121003308,67.07757919626917,38.897652647108174,53.475197111607045,85.82219392749684,94.19218188767293,81.50289353813932,75.60447851449393,49.737512008939106,98.81749951681813,75.54627323645013,65.44436660786211,67.05235067609584
940,87.51553056486392,58.49598734421218,87.42592964048309,82.06954020906016,112.10648725862387,148.72628631448967,92.53927224995255,63.451055559801006,74.3805949872351,35.07822622733014,47.92084428256429,44.10855652079144,27.63205400565227,20.517400965548212,33.13074217819897,108.84335636080559,122.543148846462,141.33904508645224,154.5259807463743,105.29798104464105,90.18910250503447,73.72749911314779,61.192833372383156,62.961060658284936
941,93.0413073920432,89.69853189759883,120.2005174359049,143.80838941645032,143.71626019947303,153.86143869075886,153.39608618786315,86.09101638961748,96.18767185649453,41.2253932055596,81.56497869051904,48.5306791272404,21.277460088251928,59.17757627750608,59.875246300369874,116.63342162510902,156.44324684527666,154.85507946060653,132.6723875180317,100.38218693426836,112.26113675171298,111.65314681625789,74.8022059893704,67.37432550633594
942,91.01551944290722,53.063281806962344,26.291403185090402,53.38343774408597,103.24513139986107,160.45638410205072,119.84727474120001,66.41613807365971,106.84700140901025,123.68830107589773,106.99161802452534,105.32709270302982,82.41267102691441,96.51942552669146,98.7790486596419,99.87146087092164,92.09159724406365,118.19307474968437,120.63990221774341,118.89534058952691,103.33159040494704,100.31752272436125,94.37758900402827,101.85536000462766
943,25.03367053413031,38.05645492568071,51.06487894129914,33.40603504143654,74.33743216887792,171.34379867764682,137.35626198809487,121.59251802788842,61.33575895097128,54.61707451196003,47.792658921217054,20.218597199389862,42.91204718272081,42.28932565608014,68.49728132330408,96.5043079238004,132.3221711444791,154.99070409164003,153.69397334493448,192.86898132333906,166.60349211492647,145.5673378682314,144.93426210605412,103.94321207296665
944,94.8117085492627,54.14577181745886,67.8935152437346,88.56072217898213,113.88306817088738,106.2509677096881,127.47679210339601,106.92524779550781,58.7938917725395,38.21474360612214,48.21927265836836,68.79755691062655,62.04795604893958,100.54834880817096,114.58214202405064,181.82941648504664,172.07502066569396,181.41358443727387,170.98548327290916,143.338082778652,139.41830470476918,99.48661438534286,137.33243971121038,120.68638123119317
945,61.06127454161761,92.29460541582633,101.3451286681002,99.94224709492326,112.6985163609056,102.65016506807906,112.60370551484309,108.60652745596443,106.17045306721926,105.54928836094152,96.31542511317319,90.9626249274627,90.04292787737182,103.96039537304,70.85825397547364,97.659547889217,85.01727759319719,119.86569024687662,96.88254016759058,85.68058737222594,67.12123602672796,73.48489285692513,62.94411733245183,70.74540045328362
946,70.85338124127195,59.389624503088804,90.04044868131774,82.4360867308016,61.56363821821858,97.30456401221437,89.59292324657338,48.79166733630133,20.029554550941512,-0.46431882568762717,-43.60437718676356,-45.91489659261548,-59.00760987623033,-38.90742541606009,-20.36409090993436,8.389643720039658,36.96700170137055,40.283646910931196,0.906553485430436,-15.207053836159645,11.708340532005309,-1.247946439809681,17.604934789492106,29.938738686483262
947,21.668228813769055,21.766648379330775,31.422133716286815,50.60599496555513,111.08210007384494,163.54082444496754,115.6515179633144,124.47029832356067,173.6738979542116,154.856056537108,157.75582407722334,113.17834196388452,106.60053949429562,138.72553034280577,145.82150240529836,165.06065206222934,194.83970818927043,195.07835556004716,158.61098933215797,152.45035904769082,117.86263439975103,140.00696423749557,103.16516259201433,97.88073579557944
948,115.07775897722955,139.5840857970734,102.98453374985841,111.44762052220008,142.9840569538474,185.97206127311765,155.24794942855465,120.65804708452075,103.75570074390315,96.59010419041452,60.10029364239384,26.433965130115325,71.17123924601508,117.23330389134199,122.47004088537082,151.026957374125,163.27223891443688,203.68688496085764,185.5258310854156,128.09593642380398,103.73181388651545,64.29559430872766,72.17305573883405,100.81544818217613
949,52.2356837011692,67.56365436768128,53.50901160618143,72.94868786434034,94.7737660283974,136.16926609439102,138.4190765877462,110.00224217813255,99.36551059582699,76.32735048958978,71.40175608020756,44.62897436914237,54.6411268783631,84.75299409860152,75.89205409760343,61.49426875138121,66.99545096303984,93.63357897825762,112.92322318516324,84.05112896778402,75.3872009910767,77.00767252781458,81.28228973827571,87.36829184027043
950,102.04502414054296,81.9846656526594,103.45249625229101,110.84534036317632,83.96925350413471,146.3246453579214,123.34446670236402,110.79112677289504,30.76775467449616,46.96664297098266,55.02390841876511,35.45777159400224,12.05984492004248,23.53475722258942,16.58497466730192,27.599748656419607,47.241445912680916,57.64115002523006,49.621964257984956,-1.4299379007987056,-13.150528323591757,-11.527489303547199,4.309815059125256,5.295018245478346
951,98.86733251687698,117.54080006034178,101.36791105467049,105.68382112000853,103.55440767659366,126.04059811317364,110.15931437313714,87.89532316355812,40.62862309824756,47.908075757113465,45.73249882413439,20.044036120414276,16.174746451462823,27.720676392194505,29.578201643481762,69.63542407080595,142.38660695175975,170.7072707394673,157.5516172797667,145.82242093182745,118.3918329697127,97.17245257662657,77.77821120626749,97.4180431803814
952,25.93010504405418,63.432557617748984,35.44295499590125,0.06296035258426969,53.13459668800405,98.5981647174778,65.54230322061686,30.240037046912434,73.16501859567734,71.8393628046911,28.2226874525059,17.83089813912757,2.401459154463055,46.6156020285067,48.34432497502188,79.44922194081248,77.66935609528375,90.48272900630697,84.37950979479832,62.14635855437556,60.82020739064623,44.07695031584926,64.82203948611652,100.81081213944488
953,64.90887871685013,101.98813411799918,88.4766161344247,85.2121257056003,128.7195125483566,171.73309525935292,164.70615313841122,154.4615400606476,138.60021585723186,127.0674391667751,108.13141224633426,104.12360371164624,96.41231106571465,117.96591769840909,81.5423643739795,141.69693089682914,147.33601099340362,176.88687338518554,178.11522042883786,126.41959008790018,123.39849679446387,84.84315803417114,60.346959207764456,70.72831561052728
954,-7.040553222630962,-20.628345754243995,27.512821726600194,36.865928742719916,48.68735229386285,81.29338498517657,89.79083528476775,84.7383405474773,50.18324486486444,27.39794875600846,10.13506065913164,37.835983959680235,23.269094789867232,43.0414544801696,94.07338245967048,131.86101957121784,151.37506416560566,143.73596305605398,111.45698019779837,85.99983211122532,124.8837929108695,112.4171824613529,125.72927616451219,119.67277652117087
955,103.13259907781463,99.38083978677054,114.87075546031329,121.50850812324406,126.59108243635667,134.1475402823084,124.60388616682421,100.68908857892173,73.51840245376843,74.4342243470281,66.80345461766922,38.63405238805595,44.19106618112411,90.95156153443777,101.8616638609281,134.29190991385803,147.40259108523992,169.43668702110287,166.69560401800564,118.03222068321641,94.7176831802581,77.47475545742626,60.36415923382331,44.71557311144399
956,68.90588566699371,91.04702623264106,83.97502939315399,139.32854566008763,132.55127536894946,167.59901786911786,173.06010327590076,104.15583005767172,102.80859347457877,63.43986562523414,58.03691590280061,42.41520068669474,7.628944105332614,44.216158594765815,36.86966388752833,56.84642400230942,119.12350981816157,125.60438368173925,126.91828429756464,135.71261616550117,121.66360616888869,115.24312723256963,94.04546637259868,111.75508410741116
957,80.09683914111201,83.8640736081748,72.73824932634261,87.69173797820036,94.77080969661051,107.23675954610127,101.55370153763167,64.94051347547045,45.71571888219261,45.93743376919918,38.72463792094071,71.33425901726864,59.91975426099299,21.30624831438167,33.153365479594235,72.54061092877228,67.02173835526489,53.14328511813997,72.72299046414132,78.33598981058485,71.4591934184759,83.1170277863421,91.8383785908649,96.89897917338746
958,71.20480508034025,11.917937392827788,9.131616537345693,42.9958583179324,94.35256625300505,103.9696987142785,118.51571756782376,115.70630170399185,90.60763394660201,119.68853407843044,121.34084048331073,62.266143787862674,84.36765827727413,102.7525767407276,148.07284124864182,156.91579524399955,197.46337746181473,209.1411234648378,190.2821695588283,144.0467320684846,155.2364309706158,138.64953396311267,130.73099373926476,98.915240599196
959,75.1956818007852,39.440300781457836,54.86404560468669,87.25103945189392,92.482134135323,139.68221363464858,147.0416459007496,150.16372333756397,140.67533009185553,119.87190114629568,109.59962706257527,103.43861501609152,137.70343071305393,174.04341152764903,142.0533074858321,192.34290683970238,152.29958864521745,176.4509945002489,147.80621911105783,114.31767387718921,111.32517106753173,91.45097075364954,78.31054846618528,86.0953253504207
960,95.00056520883561,70.95547371619553,73.86316789193828,92.23055130299835,77.78009317888001,73.78136162947925,85.36244413749415,14.550368259790403,17.634035368651567,8.050389650810331,-0.10374533822235321,23.280612266653783,20.559280569648642,42.36182519552202,70.46524164605526,116.03144450182224,127.44880913692695,122.04311124900421,111.86182232135883,70.53836618056712,115.33767861201677,138.28367106277034,126.4576507445947,134.00147036212203
961,104.30372491993634,64.55531808177435,83.16213923053346,56.76596434587443,88.43948699861065,82.24810424381462,77.04992083923855,35.45576367969234,43.11184936518271,72.70756056980966,71.01245231369506,92.25940850548741,51.48842623371433,40.49323889389775,22.770620643268842,37.263324178206204,79.83225248943162,68.98293311307395,143.01862256083825,77.59903087552718,80.13351464243394,98.36426183578855,99.13824137427886,98.44890403969833
962,136.18580591414386,130.5205874030733,121.95258588708337,100.6764127301503,124.12443443381457,147.9133411742747,124.19017894389535,103.91612077862398,99.47754785663568,53.24462161918821,60.57369946257671,42.98384578281235,18.286427044146734,16.5002777438974,65.23556579046075,116.48267509695273,150.46869049942782,159.57330355303372,159.2622364001601,139.1740658589399,124.69932175744842,147.01214575704617,133.13252651163617,166.16252833105057
963,52.874377881760005,54.598923699804686,81.13954851711038,91.98000853959758,90.77667587991652,158.3837942147102,167.25122986414178,142.28441129285113,130.17903767337913,91.88062251537836,94.81506063499805,80.05954625307913,77.61476106934138,118.61440064684756,152.73423498158468,190.42923533258227,200.13653380647415,215.3703180967675,178.03287442290733,133.4449405300696,124.29725132228882,115.76819000194976,106.54357132209006,103.78935662842663
964,81.85595883321744,37.97423717861962,-11.311943506077853,36.231218075628306,65.8316601645613,120.51692696702382,96.24344455150244,90.5901745112109,109.94907859377574,75.0537279928392,90.77544687999341,74.09186556355698,85.63815338234589,85.92973133247517,99.84293443820346,125.21348914008499,143.08248123132563,136.5929687293054,151.26281288187008,126.9357206154829,111.76515277018014,100.5914639640494,75.15940951981304,47.087483020416144
965,104.01194192251702,105.55754905261651,115.73507982725549,105.16668421067659,158.4228635349245,154.77559141314077,130.51518566106284,123.28725519576018,108.3440191499471,87.33609206979462,116.31992386369566,92.81736362543624,90.14260550467466,86.6622614897449,84.45837707875731,90.63783358374886,115.31942299980851,121.31735453904105,101.80398764375386,90.04754334263336,120.60215416845791,114.43977873898137,141.57252608885506,140.06428712769934
966,116.18196899790033,119.04394942455096,131.22724595388883,72.24493559039055,69.8173530974209,121.16215584615033,126.95267149021561,105.74329525638124,69.70840863187394,169.1494300410452,129.20001642933556,117.15278941200731,78.41723721638778,66.7586356434162,85.28904411009725,88.68337944849527,143.10388181254055,148.63382529763513,114.0801461449825,87.68972174973854,80.93342860215425,16.707966501733836,30.66034398187316,44.774895630337426
967,108.21088000159986,98.85374395586824,112.6631000358152,79.91352951702733,111.00683346641486,135.0672121699293,137.6694268297947,94.14984651277,57.06845293736977,89.85247438036383,85.13614839623867,68.86957204815376,44.97225567238091,41.92929796713139,57.98231329524944,90.15380067339872,130.50613267040555,115.95398514852272,128.85489808525264,101.3054911172713,107.21385359550246,139.11182627541626,142.19401309954154,125.68152723592021
968,124.50657705758596,58.646360795781206,26.12219732668823,42.89892586703789,57.748735654534414,94.88698240303725,120.727655230956,95.82658540426551,100.93114635513592,88.47253848406874,95.82777046406457,78.93053618060232,92.20713471773405,87.68634280442048,131.0104988996381,143.97094349213793,208.27456275633557,216.442505323592,171.00661040168973,151.2492905573076,156.99220712940502,139.95455879720583,138.2257541398648,128.5278308682931
969,101.08986790399666,96.63704917316412,66.0112999893094,76.47890259668394,83.42071847097057,112.24762328060899,125.57461630510127,56.08765355613473,42.7941347482829,-5.574046113053896,13.281186042713735,-7.517739931507762,12.01634034005317,13.110125804087176,42.48345921217967,87.28829172445697,126.64598345205415,131.8676504717632,114.17135695389342,62.60566682112453,94.67050868805455,74.56389250207005,71.39342561009397,118.49278455343223
970,69.02833730888115,65.05043841127782,38.26477486833308,35.06903108106802,67.25849059018913,99.54341854154029,64.78858983129828,49.31519050996966,66.3050741849819,17.011527713127435,0.983656058188572,-3.2485445220128497,7.046951398611391,66.00988164476423,108.6957897578585,132.44739193621587,106.44496941905057,126.38266326874273,111.33020700691483,54.028411006268456,53.51835471639505,16.97691245870392,25.44213842258864,37.450244718048395
971,65.80322629624504,75.47333194863327,60.00573141475823,23.465048935874478,24.43125470567219,44.38300577770268,59.201758011816175,62.51894867639568,40.79495782584535,64.3688566970702,27.32987936520783,53.435531152187224,18.67809804020223,50.80264649967216,87.72101209683261,120.16140853186774,136.04012368713015,165.5866926242257,113.2827579827568,58.72587339008703,54.9332459883975,47.64333879208136,69.62350813843734,89.89724608500622
972,41.7344146315449,43.17308706325828,36.67774925786761,32.49063753599495,84.93290509274777,102.46389141815095,103.8917269211689,96.05665921115701,96.89846120143115,80.57214312434284,96.17375092825498,76.52649170299836,6.310971318593992,25.728366524509184,22.945786002653193,73.47182374496522,122.6366656186571,127.84674724685641,146.11191095526846,121.02571779684928,82.25955803624734,84.75013057306002,131.2000327976499,115.48729720865927
973,44.41511942665666,25.334389427246904,12.404480565758512,21.699064385071416,23.82315162638656,34.9416499924597,38.31571118530384,46.93455475943442,39.88368394325345,35.443083715512735,52.466179044248086,26.145458130470473,41.797348246742914,57.62855869240343,95.04215689514805,124.88028727106285,149.39106949107247,151.08187654781753,141.32778229179314,111.81797335364291,99.96255052312172,115.64323159998452,67.14842452747726,82.96239753173944
974,48.53049585890385,60.00500667855423,59.21961974940695,73.9552354281468,96.93223925788976,161.8499618679161,134.04359187219308,85.32757990114558,100.70784178426428,51.622498511743345,62.34785763764381,62.20257701056546,57.77705679285003,63.16105481786813,101.82793959610026,160.43710601925594,173.6874388819816,196.8773204861729,155.0153686889163,110.15907801569294,95.44249558087168,78.78089378897327,4.910673490344806,-0.574099813026919
975,23.386636765025052,22.42745906737934,-2.7028425122605455,31.756866054637094,33.769445065971034,71.05040761183842,65.817519562916,81.80257661461346,55.06760642089782,81.59964469793721,96.97993355663213,116.85424776375059,96.9461849448762,60.932411972817206,68.5469439308294,106.35552958941783,134.84374402832256,140.2539127979352,155.7594208200336,125.10064756257785,112.53768188040279,126.97273852715834,78.57201553973248,91.99488736592787
976,99.6882732743225,73.45869805743146,39.69953442536966,57.52103544183312,7.158681556420916,62.803677384384464,85.65904506415771,88.81942348942559,106.181784534715,120.49922800447257,121.50134323957981,101.29701716452315,84.20013948344139,87.50582778731594,91.9370891610525,109.20960585523937,178.2854053928766,197.36224793319775,150.06720357577652,111.9314859267463,118.89546979481915,81.44934677716964,74.35150680983082,120.35248529559463
977,81.61134031489189,107.1548353865808,120.19241970105496,110.79704500107778,136.30137059967666,143.71638006981502,121.28401517090637,95.18182327500026,126.20218647076726,132.52086469908664,110.60289627525069,126.17854370098725,110.5447727981911,122.97223269679283,124.63722765997575,157.90183224584752,170.04721002089906,149.8806207226541,148.66821555269078,117.09507719400524,84.10385234897095,91.34859155833232,100.07748527207484,47.10168576479641
978,78.06166835786516,72.83415542329949,60.45283585278763,72.57254752375812,114.28085239150244,111.41398910090655,115.29819350323419,65.2996930703471,112.60115666707,105.96017314231858,125.11121888689468,110.67356671900704,97.03792734700278,120.39527563283997,108.36414065734144,120.85014027624999,165.7467001453458,139.41371163902292,132.30254850543275,83.02168286082784,98.9349437499247,92.61815979466392,63.50255853637735,74.85532037305848
979,37.06714619718035,32.458199394570954,6.458050847117164,-8.390730279821952,64.56606620645539,84.90073376262022,88.65953054257733,91.07425390783231,82.65146211206303,-25.01593584993165,4.2143128370613425,4.604458849668532,-5.263190467367224,26.461458633573265,44.230387837294195,84.47482559719691,117.24278555505647,157.81629221365827,145.75462559425586,109.00588273452277,94.94159963822722,92.84909842251857,120.62625555403946,121.34229960446257
980,37.71909848812944,75.7552631588545,86.88065208551282,78.0900716146305,86.22764388816219,124.20053365947136,74.41955466033983,49.78365527429146,65.45344194660797,69.10432849101083,127.6375788814107,134.5869414381682,114.71737425085306,115.9264042694965,133.4638005055814,166.22049280710792,205.19194490759634,185.49720228097874,194.10908280406576,163.50971861850056,151.5083177462254,143.01336161045674,140.46005642970857,115.83954908721898
981,36.404357362248234,7.961228567734707,-13.51861096110116,15.634120721558915,66.10209343523509,101.94631158096566,136.57535975740066,102.3923421563377,102.55503911286911,91.61538787749544,80.72604807854931,86.91849605086992,76.50537097562338,88.10002314461171,86.88339897759933,120.77407013706717,142.56772058593216,145.51400478289472,123.92852013527961,64.49666479237419,57.098770359421295,71.60200350712427,75.18847631431576,80.34438718147734
982,79.7682171311562,87.16643191592746,83.90858669445923,62.363579771675106,91.19037130527387,111.952012992798,86.14810888498006,51.46427248224178,24.92575364978393,40.256023302044824,100.57220208284053,100.12986847614525,88.2277861772314,91.42778814789267,107.71657155551779,106.80068023109982,137.97860988902366,158.12114106680298,120.67565871233639,90.20996235599728,83.33714457758265,70.81949745264993,26.58991740684803,34.763491527588094
983,21.653192516215817,37.506945335217495,77.70905344013244,70.81357405692876,72.4921881482793,105.04346386951357,124.10815153704681,137.19553659154946,122.93985900061338,118.64814942119658,115.67035750171836,96.58741382983023,64.69931989068574,72.8454492987573,115.9550993891663,124.01296816097258,181.72960343836266,167.30829271709075,181.32784605740903,187.2180843473336,175.815705393235,163.62958894911105,153.7506487090201,111.89666111358373
984,10.715092636713926,25.222797078011908,47.98522090476448,37.817914161317994,76.33108088121185,118.212250321606,103.6559574124262,86.54540702601307,51.711359474880815,56.478832546814594,89.82487184708614,86.53628632918897,41.106057885250394,60.86549406500714,121.94665409552385,159.83536070592447,124.03290214416498,78.05071566146032,91.5818024796974,54.49100462281814,68.3947307784505,128.18391751054196,103.17699355998981,103.19375172201438
985,107.90544575407421,109.00340140829681,52.059125536926175,76.85712299303816,140.66430608947445,181.27062103393018,151.84521439017954,147.25713837275418,117.60286317719596,87.64802468380213,93.04677938113407,99.2308662623522,109.3528809670297,108.74866408388878,129.7143018911878,79.8116242332461,97.86506211218082,116.02071922744722,107.36768588228489,67.73228120339782,129.0805604863092,93.90242186200751,126.19582999290344,96.0722615792445
986,46.315529987332596,42.56069515655304,66.40756307796435,74.9544599253685,129.0155672956436,140.58993405188275,147.68891653764243,81.61456368857344,51.27799457870758,46.14626554911503,50.11889001767641,2.8983401898518792,-12.1378549048719,22.23878828464826,41.99229269865463,77.89524489918716,140.4835537378735,162.99036088807713,110.08556218748998,75.0562024539845,114.25482514023953,49.479533319979424,52.81119506266134,86.2821739116149
987,34.53142429077137,26.801090116550625,-3.1160607094598447,37.58747356856905,61.58749717968473,101.81827686098036,98.64484993668587,92.43334874731568,62.859119612043166,49.38438651586971,44.92962466106938,49.86992775460267,11.04496849705663,78.0254454102238,82.69593502639384,95.09229310534133,110.54568601597963,120.01459246287111,119.30949401780852,101.76671695568025,118.62161002802554,147.30561237581958,117.37332379850216,99.88461242682345
988,39.118271728232955,25.20740035959279,20.03142348150906,34.898736339545096,43.62216778288298,103.0938930777375,85.71461780283462,53.6231838746373,24.75875421136864,54.11291415006287,51.08447512278646,11.888076242461082,12.405401296528552,-24.05863070185714,32.03589426341805,27.08886149042712,76.79799504736917,125.67945706957305,152.87180275321498,110.5394169902847,105.93385526873752,80.72053318862353,61.38586944714517,74.14251147501017
989,52.393686334757064,83.23700455275865,82.50195119342025,89.62967565699444,123.95635518467634,148.39922680807877,171.20905258768255,145.65455712104395,136.62487641873727,119.5458260928975,120.88570198557652,124.49043315129676,127.59859120516705,105.93708784860806,149.8187400812455,222.55848145149594,209.6665086682043,181.46158918105658,134.71835848353595,104.99080587575214,108.62699773182669,119.46193604076134,94.86911678026426,33.888742172637485
990,33.63700398369944,53.465276162727505,55.802494952967734,76.57129497421506,96.5861394063932,180.0052532313847,165.8620926469644,113.28886939351548,74.37976119472499,94.10337876932358,94.54322731765208,48.41416147404678,63.129485344990094,105.81029754817366,152.6675687160676,168.99415695103238,224.27663673847363,219.37751957179154,167.83752177513506,165.86089140483872,93.08336791822109,65.47600610996014,84.34493688205478,84.01995997791266
991,9.572211726488845,34.11908069016339,43.70264803899085,56.74976623704834,76.18435438511912,76.7694503745572,90.40675387506764,39.93881241641505,72.59775482583902,71.48313147535839,48.52754064843113,40.582096298994315,22.26385716346291,44.264517831173094,34.99983396515687,70.73581355307846,107.06210395826682,130.06486398925767,100.16170801901974,62.67996502339241,69.74651827486602,74.16489022143834,80.00492860484992,94.38918020238972
992,109.74836623781505,99.51894184291702,89.81772352569092,87.61647406699156,107.29272857215062,154.4416453799886,118.9710291826955,108.62609389794788,121.7633536950838,113.91279924131065,121.54790164122466,118.63477278528362,115.68470002619625,144.59868694662967,141.83326150263713,155.96899926075844,187.6721512114472,196.27864971349544,132.16010264195086,78.45359304708695,121.8543275005163,131.56150217444772,122.27361705564951,145.01124607049533
993,141.83534623380132,113.74834081824443,33.73466228601663,52.7103256963796,87.33971313228076,127.34194331136642,118.51061422045635,116.5879111561191,81.13516349725305,115.75555943315895,89.52052273472366,81.66740863499541,75.91737425930191,107.64757477336568,113.86854887286728,150.4238143588936,158.36857857415367,139.6909463145843,120.72221753740678,75.10087431170231,94.87698209628886,141.89258045007944,116.68915956834294,122.1866795185893
994,95.95793800443423,110.87457921932427,106.16110514693376,104.89107628428027,118.88944175382144,144.96935874182338,90.83456496937764,64.3030738383594,64.61877516888913,58.306246485063255,79.31291387445151,67.54011050555813,50.220700246302016,66.98429318394318,98.64574132301547,131.80133980198067,141.9030419323509,134.73297956327164,110.77794477225153,86.81269395604863,61.320818682066616,64.21248477725368,69.83336273221158,68.15287050154001
995,63.948914020292285,36.48945783754168,12.585605812205984,12.462814285357567,36.89620110896889,90.71981747653166,106.18198577390021,87.69550865863268,69.3229067263122,90.05687054099306,107.19348292751798,84.05199171811003,96.10836068241478,147.04200744630813,138.96490966631168,157.78498822468794,158.71389403189227,143.73619949243536,143.42810148402708,107.79707354755891,97.03655517432108,72.97895323492469,99.49828038087001,104.5469386087102
996,59.86084927243764,42.89128039732592,35.93171209661162,67.13883750392485,122.31867198350258,171.11835833646757,162.0567649388893,142.5375977111559,126.4227526774123,101.44363893863589,107.53587805351371,89.7773979924233,83.2951460415803,112.52796363126329,115.40470883004696,165.06635704147715,152.99760131807312,188.9323554604365,176.81350599232155,168.81468981226746,130.58563045891194,177.84981769702807,150.84270902204597,146.37057637981079
997,89.89452381776714,129.56096540666192,108.09006663487034,151.90250311143342,165.8518668917489,159.0563948710829,122.5625347471721,58.00368476896109,57.91105834350965,72.04153460918772,116.68442730016386,117.41853342668503,70.23842438404516,80.97102274854194,81.79026972761156,106.99351929721534,146.56036935026395,158.29662968774844,143.00970058240847,149.39954410177054,135.00438316455725,109.51502337363368,103.18100857185391,124.78289681151625
998,133.4453372517984,146.71447529399617,137.5503648065227,141.36856822266026,123.92050983314908,195.08553284742572,144.21939558915665,112.57347155670658,123.23516609197699,95.22263162225818,91.00625950428342,101.89067440221763,86.99656629712112,96.44060465549954,122.24471357684769,135.20494991245064,157.7972258605035,155.9054393974416,130.5753831926678,104.72994378936109,98.6523856981178,111.1157553797626,122.29693788729962,108.40667205935192
999,54.83505059438613,40.66571924906265,46.32041139251558,29.98428470085991,75.37290245117995,82.55471188224769,45.67795138061044,74.14363604023707,39.35156836385937,63.98399596001261,101.68104861389833,76.02567089260637,57.58055912569771,38.632073710601546,33.43681804356151,91.04708305986156,115.62325553444087,132.6150986353555,139.5671579947129,125.16155886360318,126.41538707393615,141.49851099815749,103.34661116996885,71.08884396238403
