,Hour_1,Hour_2,Hour_3,Hour_4,Hour_5,Hour_6,Hour_7,Hour_8,Hour_9,Hour_10,Hour_11,Hour_12,Hour_13,Hour_14,Hour_15,Hour_16,Hour_17,Hour_18,Hour_19,Hour_20,Hour_21,Hour_22,Hour_23,Hour_24
0,29.96615865087235,70.3752821539303,66.50141359604119,46.49194897413871,49.04844703169451,60.82037743627291,55.76372872648449,45.177221251662985,37.34925299997398,34.47235007673552,53.52205570826785,12.410929445686094,24.079515027564476,34.90902558522045,62.34380902432474,117.4166376146552,145.27973595147895,134.11045570520326,152.22417956663102,155.5494876416173,171.14002637130284,111.22885627785433,50.61060158580885,69.79381237377231
1,64.65537223448729,53.039803435421035,31.813265430959518,29.29080467488415,62.46816028721012,118.16236079456655,135.01998111383867,118.92767806154478,138.8086614279721,152.1627750588583,157.03457693565522,127.46400398304127,127.3101449479002,146.23157013700575,191.3115663757202,162.96921383911004,165.53967512098555,179.24971772436757,163.37499890810471,143.30384172365908,163.30149421020064,165.42946012512,140.28578292287682,125.80741669035999
2,81.63759863647455,84.25516730366894,60.327994960237746,69.07914073513467,82.91069944062872,109.33651780684383,121.88569954540465,116.92533958732625,121.03719302140206,111.84263570583565,91.50702533641568,63.72279556925776,36.29909990740045,30.167854859253744,95.65010261280379,110.78732368582843,148.10516811099814,121.70789024827044,57.56188183230512,44.62177513290425,66.1487404710046,87.88770894376627,119.42930596252671,114.42307332615258
3,-6.500307330332717,-9.999718622758422,-61.405028978930005,-29.711037304903314,-13.501406100581576,25.18712585339422,45.913003384318316,19.995020358024988,11.449640844091064,24.95969347693441,34.076685284573536,33.11496049025197,26.544917283171117,26.926377843674643,44.38060538540604,73.94626773916308,69.84955618675468,78.5375515174035,84.05955780823138,88.54734459007503,116.88147887903553,96.00118199597233,101.31667110892403,89.15204615387816
4,53.82245615253657,75.53451430271525,51.798894267286,95.06266015469356,124.91575270022679,110.74422678766496,120.42782024301317,144.24480576910105,147.77154412943509,114.6808500330796,81.60484764577973,98.2160998515651,109.56676100757807,121.58355363157217,156.47749358902195,128.72829929640355,147.23967858910586,170.26432736196918,162.19537108082315,115.87673353569569,123.99022215839767,80.25550111980671,81.3690117459441,72.5380909483852
5,77.8366747998405,73.38676263632226,80.3495006927438,103.55540167499012,89.62444954505247,90.8023988913008,92.46261252500192,82.91796980016372,42.47722806727164,38.0948827724449,93.65202568828687,89.99327186771859,53.49836364722293,76.43271441589218,126.49985447630269,117.18276260362441,101.04414198973998,131.7505596345048,101.18910806451433,62.54250571383501,90.011418706597,102.19240554463607,114.95720120184635,98.5458191093818
6,159.44321907021828,97.74420364992808,127.45686210204924,134.50423574288936,130.38783121855872,150.11099333310858,147.2141536259361,114.66127072056403,92.25845561622306,62.75993017637343,55.40663170839706,42.01548575422341,60.8103202529489,81.70479268826487,80.03611717625822,91.10728289963177,134.45493474710668,130.17325222233399,150.59051557516,118.77036641756833,100.48092814116887,83.65887816212368,127.13588681215393,124.03319888111346
7,119.64144779737185,133.62747185424212,144.98558846125076,134.89035571705568,138.7293050086974,142.52489516565265,114.57873181532263,75.42632813714332,96.13631291226176,87.75076307321369,126.78512569630121,125.09657866344428,131.90896529703284,150.02144868776006,167.382532082121,144.85585750712215,149.97779911684995,104.90002007472998,124.60624156357949,98.1457675943319,86.73028982654483,72.43588023973723,73.25497256127976,68.10851773772461
8,100.1929166757802,106.00886423892143,96.39751734385405,67.59696524884447,69.71404906647004,97.3072416500166,109.75305386392343,89.07503717186836,25.228623830005546,54.6290117321657,82.68502046129447,43.546368422800626,51.14859422081933,57.20542370522126,62.39321827897276,94.29667382606982,141.13166846156193,133.52994137396848,131.39926934680963,131.31576880871913,107.32797841703469,63.589626701144745,81.7974280197833,85.53064969845454
9,19.511862768816997,38.47624450945453,71.54398789896314,72.9541481294934,99.45857985658513,123.20018201995595,122.66158577694246,151.17130173295422,111.32614104798954,53.826971818794384,60.08501010590189,50.683704245509304,64.93833185533704,90.22576170530118,97.77198442809993,117.26390461632705,102.05223496489134,93.62650453826399,90.61242627340951,86.7428956589637,95.68806908814443,78.32015471992652,96.85217302203309,123.07475139740934
10,177.31440485712147,182.35049432022313,185.38355727538914,166.7278078630588,178.0603839264603,219.05486117176687,239.7359551259106,201.1070607323822,152.4914186636433,150.66613347541085,133.87293401081303,129.0617135600723,126.97956891025842,150.12283329945643,167.9903145498074,195.82063701891042,191.3621972062938,186.2933792394635,171.8710598359843,155.70489795113247,120.70810076075011,104.58563264895805,98.40671313970742,117.9188140372651
11,88.40450280329435,83.78630309315669,70.36902045072661,77.45490404448499,115.17843599638819,116.63214158826028,119.0892925500277,128.01294575381252,106.41206241761992,85.81680096061731,80.959548150669,73.62172278822077,82.10554199117281,100.87376079478588,99.95670419010318,128.7727589968714,126.40656186978116,163.1468782382049,191.819623761385,164.90085613648526,168.34925007905835,162.6363796025442,154.3374088401992,118.32317262166552
12,151.88645780689825,126.42639256560315,132.32346695764522,121.55595333648276,164.61148004595088,178.58464727859746,143.0759859082701,136.53784849027232,133.050914753995,115.214045287549,96.66620891559455,66.73363387745809,98.23830342317851,79.23616751464893,127.1198531999129,204.60610407528804,237.68422410535592,199.977445480117,149.90164157337392,146.14115829440962,113.34529832587265,116.41122216216007,135.7842115740963,102.90174356766784
13,29.782843343585164,66.65049876876674,96.01735589805038,91.46785396794019,90.94358180428604,95.37390938803003,119.38014090709632,107.13993311722764,100.62237584385653,90.14234798197786,128.42216369975785,102.09907204077913,79.18431058728544,92.48256447947621,123.80606527555214,160.5543135648233,201.37559587322977,185.05017132293818,152.3943562020006,128.60372824062182,133.83925343382685,154.0185878581031,127.88415099474503,88.47508162425495
14,77.16207787501305,71.65758963344064,78.76089177871637,80.95345193035034,118.82906683559452,132.4144302956929,137.79937431016327,111.77130235420898,75.73356017388653,93.53131909033252,100.72685515312439,61.489732149049814,68.44832918877749,40.38292594418385,92.27342851861017,157.55766249479092,128.34185840868344,139.7122561913186,117.56802259728163,99.19211203185397,88.9165666858637,67.97391945983908,47.95230115311809,74.05478716021742
15,102.36330127355069,60.237101812183205,56.74060558326916,29.994668737983176,83.08105495867022,81.23935237745033,68.1753013539613,42.16583978858631,-9.339311658788318,32.374285980815934,42.44104382595097,47.849445091147146,32.02138602422575,45.03144916063866,60.52342155223364,130.04276252609364,167.80195427021485,194.96011593943263,177.65125157675305,123.97004357374502,101.68597984574251,113.95751730378312,105.91666523935586,132.3046251115942
16,148.97444419610713,75.58883861085283,93.60446056431086,122.42185017351078,151.47363387591182,171.50068888003892,148.41699229657354,142.12039181333444,123.53617357788727,87.25746123826826,77.71274305175996,96.67603887430278,61.24610001157322,62.42281890395475,132.51428373968727,156.72619715381498,181.36165701937557,188.09472785024678,201.66922421637054,175.63234084849688,188.4144271628382,186.0587620183762,133.71059684175594,133.97166214905408
17,132.8211759246924,152.79396813938246,139.19281445656702,155.27115234179087,176.86974880284873,176.20045697428878,149.6705110021482,137.41954354954515,130.52259719254386,166.2497719647128,144.1601669828213,82.06048235442177,90.55861332693573,74.15774884238024,95.93500990461729,138.77340799985143,153.22348288627524,122.36050507579776,116.21022227911216,109.81753496324548,87.05416678048692,90.78708439369382,85.49565896860499,81.13059269670569
18,78.04027089514028,65.15280959077185,69.22590480434424,75.35237685738142,74.66291774886614,81.94421678500352,63.47347465027729,34.40036408529683,-0.46321721963336415,33.72609047488341,8.01704192179946,-14.581592899773781,-30.217390581630788,18.43895203309789,53.85988066814642,91.05947952281872,143.3174177180446,135.96439136405328,171.90790355548313,178.26650488061753,135.82126368391306,96.68295135895379,93.75371842672581,64.00904453528628
19,58.94012030730395,37.08795020070689,40.898187997468284,45.12591390529901,100.39125701238834,100.3799327204925,104.87044625381183,81.32135462140246,80.20315563162606,66.55786550019653,45.77062968884276,77.09726478974478,116.89379330784607,172.99771154052848,205.58220733000016,209.83316058858702,215.63103639204465,231.8699521032426,229.38843715888498,179.3243900641799,167.04348348359702,168.78563695832673,206.57327124142233,178.95243732928523
20,144.08465616298676,112.08565572303395,114.99685319010635,81.2308445549917,102.30292824888993,144.93414425291417,168.81987356331078,117.92585404759708,90.3287700828671,92.97560679438679,105.80274780168016,145.86197233359977,181.95021467026643,190.76370359421765,172.8396888687937,209.60875070887164,223.9738979590548,236.21890033822376,204.0868944960543,184.463103097937,150.80967965197294,145.04298239980056,120.60599648450378,122.53360415750005
21,35.83836506963646,67.6501931010024,62.23532268630018,99.21512249735302,123.9451943926435,118.02833345890255,137.97252978432877,130.93980954470308,60.041758356039246,59.571707385296584,81.98988422617192,50.01173520895624,53.47068144292041,89.39695966532896,143.74798098391642,131.95076260414973,143.83708716084567,103.30209441495015,45.274310855494775,24.619893909254145,15.780634462261801,36.172534137649976,46.41134967843966,40.62207587421085
22,99.7503106229683,77.84344028450583,115.98996276054172,103.02329848077005,147.373148233287,164.78593574142542,174.990171736536,150.44537144917342,144.59976014857315,162.18316904094664,129.31236635625137,131.19349460621595,121.03203400601416,102.04754788405494,91.72277304696205,151.78560357661982,152.25967379627758,135.52197754834333,122.37106887953857,140.02284999128736,114.31930270828649,91.18835742438459,128.3831713431957,81.17175204066648
23,26.645728298283586,48.38092930109761,71.23038501148424,60.96043512872915,102.30347827981583,125.54693133453813,162.2750101980415,135.50852135115846,78.07748563845645,85.78831975402095,55.057109799198344,46.59401533050716,50.60001799317439,46.69525473988867,61.2486713881314,89.97615530209919,108.89635090823803,117.30152040678684,93.32107515361515,85.8079884721502,94.29870620038041,115.29509914789895,101.18311510116547,61.83274027981984
24,110.27855490469372,108.61085168722573,94.240922589001,100.62582521459724,138.3181469519058,115.05581721748949,80.15931186285675,36.58326806832771,-10.447689209189065,-8.034272441797228,7.2298942133916455,7.770655713232138,-5.826356075597438,16.631735025059207,60.32778727065984,69.07911948411204,98.33174227413214,143.2972507996439,133.30544077033025,125.33195088293388,99.44543028311998,92.3725743727365,105.86962275120626,90.31747576386567
25,48.17308348675825,33.24987125276992,10.281332554259464,28.413124212145853,65.15586885034858,100.86435069606611,114.37449042006983,102.83367877051737,113.6856851420326,59.77310340534706,65.53086773477895,36.18114366261953,51.350583103858334,73.23498689015719,125.40497690725839,115.16639216993906,121.75319712123053,138.044506980429,125.45668085413546,95.20855353595475,123.84175491567325,91.50767467424295,85.94671754582723,58.80902900015664
26,82.39828407982607,86.87629329203509,69.80710211008,19.690721209598834,78.91021135960933,83.01004944211059,83.19478233955698,71.95146276278415,70.0494933709235,50.80047978191064,5.011220197755009,54.856898425176944,46.35207970593631,36.64030918202551,65.81918007495374,115.93294857848258,145.1605806184266,153.82801012833937,107.21004614685445,117.32043924084634,99.60717479868136,79.55171593296726,82.68759841205812,114.29800573705162
27,76.93745762992367,85.37559080067173,106.46970511249057,102.07222060610242,96.81837601983885,129.58191978349996,126.67512219515153,91.36777552059782,87.54878658165687,101.43062740458757,125.27023121828506,131.58444414307016,131.9821897363029,134.1670713674363,166.587435027384,167.72370470240506,154.77264442453077,162.65719024450115,143.05506915597184,98.71481862679967,71.10184840054305,71.39928782800065,117.35748682226688,122.17086807320263
28,139.25962049907622,104.09403432655799,116.83057699809245,101.90246442248603,159.2317853934311,183.52310107114107,162.18758911065908,162.46759035807733,138.02849802719385,137.3721294584534,130.6462250229253,79.94116117487167,104.09292759251846,98.71587544868322,120.48315050438747,138.81615003401512,143.22647436825255,129.2372030923413,123.33802592957184,135.35009022699398,113.60727013137858,126.21207913091254,129.9830197525509,145.1550279626635
29,92.92526830202225,111.9049282458663,108.4363411795333,106.69943843607425,130.2132529005047,106.08570664301487,139.6808198848967,119.14559383078812,82.70405301072269,84.02617230136438,97.68585041657181,75.23427391137416,38.535879749208135,40.19595718846951,111.72094812697009,142.90046087015924,128.87522543949737,193.19415716342064,216.7410792871017,157.7390901153367,150.40551620847464,131.62668218330103,126.13646460678389,155.46650274865686
30,73.65458880252568,104.51066908349797,85.0435194709066,51.69491215480431,32.43223557270812,55.52040608722696,72.62288042849482,65.67494439552392,34.07035954805574,11.439769966809962,19.194291399360182,33.16067863305729,35.27284380763583,44.202695681135445,70.57949212581251,77.34439329422679,120.87540163470172,114.98892194098173,85.60736047341165,80.09965611393703,59.790083406114505,72.94351398079742,96.97002819559421,105.88888557768446
31,134.70620512525946,102.86445000612456,126.47773406848984,142.61761061367508,148.80829291665538,142.0936648072525,157.14223617339206,150.5133762492287,105.68008062738178,76.4301620846627,53.31435823066515,59.14339450788798,2.2240320972200465,2.8719343027904927,27.157006038839697,112.57068135788822,108.36625756816258,160.5615385512785,133.05595105641595,143.59036191189557,123.10116371485204,111.09234711809685,72.03604051059415,47.47715334035125
32,79.56221366896254,74.32295130585445,90.36207487584753,84.65495403782202,126.43410258270933,147.3324375455217,154.70135213313398,142.80852866849133,107.677591869243,125.58397473948884,137.64398596024404,125.39401796044345,143.5186912711704,110.8102856864968,115.2286271629658,152.63171765760205,173.34644442363685,147.85337572440582,151.1437833640225,112.37407943513188,120.28452308176837,149.87474484113113,134.95750267187566,127.53546433303299
33,77.24234599698855,103.31593182716428,117.24548365788192,109.78873526933569,108.82537692090902,138.36792448141898,133.0255444315818,131.4774956262693,131.33155061128002,95.77976996964593,91.35920893263977,131.61921201310486,79.42318563503642,80.60732994033025,102.40721365870287,132.88265957260566,141.58246959558304,128.66884034485244,102.412001722636,58.08445554467342,16.27734475314122,47.86422032784439,43.222722694136635,33.444925763894915
34,75.1658961120752,87.88440849819756,150.36082569904013,116.98020540076118,109.87939530328791,148.28210167894025,204.06180619828024,146.50331279627528,84.91890586367731,69.72905544327732,88.48755566621801,37.55950524091696,57.70842875538122,51.85105975743724,74.14636204775881,131.9897390804495,141.20498523593972,108.00607827346764,68.47790415932128,40.697549253159195,60.76693449817451,92.63032048771457,73.39811523482068,42.88772747175611
35,83.91831313383418,106.76656455618946,102.8986419772138,114.9002860758662,109.70837516613187,169.24164226917782,149.74176262003846,128.2118193356474,74.1885611007175,43.64623535723649,7.828444558897843,-6.842786742591301,10.387795035628564,14.56831292215901,67.44161854151315,96.11255613142129,114.78101307737278,149.5566000621567,117.12341162775293,132.45695144860525,152.65026341250254,115.09338549606822,126.09181230660484,121.66152754177675
36,156.69332200366392,170.79982780564518,140.5913285571752,144.04284816125607,160.12579372080478,167.15020911939172,158.450121327769,155.9155648626887,127.69888239888054,98.57921223722316,70.8109288324373,38.776472216834364,-3.564374792356965,9.939820733018806,36.556266781303115,81.29007996287075,121.44781938346134,140.91245182451203,136.84451706353346,137.80044215280546,154.45861439061207,124.87645736719497,114.17045604986319,101.25746405402408
37,111.9511324767758,123.82752298040757,113.8162429613842,98.18790918106878,162.75116411931208,148.41611189685784,149.4278098686273,107.28144430117499,80.00907232320652,73.66275238449032,100.16129060518574,95.32443674382621,91.24412022401164,83.83222943599071,101.25404155993955,108.66258162935763,107.5043453844593,71.424055986868,100.74414891376873,92.38104529277761,100.98276619733987,51.10267032932722,55.976602219169706,57.459248030319905
38,128.8453112892378,112.91295747598491,111.71530829103247,100.63605198257714,98.09455654841858,96.5608330481958,124.90668707468019,124.30250820785648,100.48844438525892,82.44346188874263,57.55049427200472,4.9337726397872075,29.329952848446066,42.82322248228738,67.4768288952545,80.50374172547424,76.35766354272204,116.7332983598272,98.82032276368385,103.16133420748221,63.55418550287249,73.7660572150565,91.67503634933178,76.6106594844505
39,58.80167702332139,55.94090203764883,14.840966519055826,53.5612626622667,73.63908068738786,70.30446884987859,86.12770440700541,59.79262068521349,41.69969927591831,54.40746066395626,81.69860004715085,47.76309004313504,23.110043032445596,26.12208733480827,46.11450291757487,84.00784002922315,144.62414797904552,167.1880204658552,137.0013145445095,129.02222623035982,62.70423316617716,60.96023917691694,44.44296164937447,68.40424510662095
40,84.83181396819694,126.5818869885619,133.6982841636612,96.25060314850329,150.4859475220914,185.06326161033994,155.4883566595553,156.36105219018717,148.3277588448936,119.08437426967558,142.622566890363,118.01211995488477,123.04517067806438,143.72808983638637,151.92677680610132,159.53443929334762,194.96025488390856,207.8683756606198,192.5991653479658,201.57370691769287,145.38553076446135,91.59183140187713,75.96215538212425,77.7765036192399
41,103.10003562410135,112.20867830128316,107.81089172850565,114.14603932071383,107.03619686711507,112.86985959123966,148.5921374851472,147.09320322542658,82.85449318268765,102.27319808255334,116.42791467697464,66.81370037563417,71.37114612410564,112.99577314605173,131.7481081902443,171.5197012001653,187.6473438767136,181.11511197692118,98.62880221438134,53.10576603273684,41.29405128241385,48.39826646287515,85.51076680696585,55.44375082538064
42,123.30318855429823,124.30106203413608,103.90034409693969,84.2904007857241,87.89940325604204,119.39976797536616,126.83760337927694,118.94483863910183,86.07983648138047,75.78176357603552,66.58627559560065,94.33881008829813,77.85937453966352,65.73824283836544,117.68475310395559,184.56637446140508,163.98239232800236,154.0032729196907,144.03672734539512,127.57654951878177,97.35299373150475,44.920298535227346,64.44847869067914,23.128646325367413
43,87.76871478343176,118.39199657241373,123.7709750364723,97.63680343744053,121.30478975855738,175.10937858955978,177.26007801966048,144.451205055117,113.22025752135916,100.63828406642975,70.99870014365129,76.7686245764957,59.712751080208776,73.91707760234996,84.27807746292615,123.14641994475465,156.16059493354035,190.5111367043159,186.21194920780454,121.81540180789244,76.91542785421815,77.62341232371988,102.43179790420135,96.9264872928009
44,89.34533833126461,101.92858587300256,99.66651758304478,102.47667797735596,114.96378668502028,136.66302024535526,139.03515076572882,115.21646609021838,105.10733835181952,128.1567228294818,94.23623584404848,104.03971367030968,91.77373922317861,69.85563753384868,83.84837477655711,79.46428001987894,-78.28985921917536,-6.272873825915809,11.71120803106568,31.28379391931574,31.127062859537034,53.672893189409336,41.6193139926594,30.217943588402782
45,128.34976370656415,92.23835087673382,85.9208528164931,91.15390349492947,128.38951424971657,96.23800347247862,86.18761331742677,74.85691257362235,69.06097269155882,121.77103248022603,80.78350627730165,50.38835073538069,7.866509209603251,35.18061758211389,62.34486579250342,129.58423658991086,115.97506438173095,127.15205314059848,128.40010006061462,142.757912503895,141.64649557329093,127.05365634381747,88.89099410260647,108.0213472787922
46,114.27580414939949,116.71513855861866,96.12718802095615,72.51987057289188,120.42429854371252,123.43044450321727,128.1998641754124,126.3391305849147,122.33415304259752,115.61479459413465,136.40452494393259,84.60018815855094,95.42888309715353,96.98548374588422,88.11455892658846,81.65982933931633,128.16353193123032,155.58600676884137,135.78422361220208,162.4130006903924,116.00103575983988,129.11033255985595,139.0187303951692,120.32579575196036
47,79.91398780004542,98.66225471904204,68.60636297727245,48.15596066593483,79.43512895233059,86.55107577978733,63.8247830552346,38.31566330736882,37.262759967576656,26.242702421067563,14.669105912315857,57.83332164733385,56.297670242363616,79.0939892617952,114.59197205219775,135.56866528963891,136.92771434311922,132.72890448605725,139.559507920922,95.2618356761229,69.58402830916442,55.219079235608426,31.50157987859619,23.48612560837161
48,86.71519284485043,115.15957803802388,95.94935044665372,111.41549925947155,99.57939896911661,131.14758969513034,162.59216110548317,148.28316786647125,111.93029081845512,128.98656949565657,153.27153819597885,99.97135089334425,94.56415900752364,88.31199778101363,121.57372201329716,136.74948573114438,121.00836460071403,134.42745816946353,124.57505257942702,110.3223374976593,104.03503081561728,103.03003384919994,111.25919393108325,109.63671924902715
49,79.16758066634054,125.79617100209042,132.53573576153696,89.89898127336258,108.77844769856918,93.05580941652323,121.4885556868467,103.3776236949821,60.68508708518094,60.928957227267965,17.51773024603969,24.50004097364952,25.008806917090617,41.752218209378384,97.41340079083258,126.73217043861592,155.84166062095233,179.7159423263106,148.361176996965,110.27689292605709,124.73003010061662,105.97287098196638,108.17635461530566,133.43776165975385
50,110.90885522748671,117.95972122545209,122.41319880504417,95.5265306433974,123.51236245046677,127.13166802934703,133.7431354973871,158.02038078290835,163.47112837191713,171.80930598809317,181.1373515308348,134.89038244828032,81.3357888394822,44.438416007089124,104.91404981544107,151.10646927726714,168.84760755041358,184.04379606971855,122.92512012274135,140.68855252671813,134.76572312394183,114.69562640636101,108.13896055467721,98.23306487525021
51,83.86657877717023,95.43509441817957,89.4603375927166,110.9279830801841,131.58862650807802,179.30989558342583,185.97085951621858,160.95513990638898,119.54552690843084,86.72443859056688,119.20336259988225,64.17343333212003,85.11199744087287,83.53082632312307,106.13906578931424,178.4575360072033,151.1910750725217,152.2171037545107,146.37575998510826,157.20136213222415,142.38388648220737,156.14046369052315,156.55906696384665,80.24781858416247
52,165.21802824746152,163.26716103982585,174.24946013561424,124.36526994227717,126.17453054281364,105.67049509222736,90.42714290831475,90.07565789127236,52.56128929595227,75.11084285438636,69.24985922287223,73.04784000277535,42.966658170501276,57.995604279641015,74.51244825932015,103.0725657607058,150.43242328768707,149.41832047720794,144.50593947286742,129.7616146226021,131.10556812649355,86.69398215385877,85.70549051346106,97.16697774237235
53,112.09710035208104,39.03015224642429,44.265212510371484,67.51703495380471,92.51034393608528,85.77192908955693,71.66683393883791,68.7763931063085,26.758157380993467,26.52632451354694,48.35199212883383,6.613637298296091,7.157196142438345,-15.301486177997958,54.900565662008944,99.08755138089045,145.02874211942094,188.5934552876981,185.53336623003588,162.58932286700457,154.0684918326291,145.85895913195458,128.64601053599793,109.3680114447364
54,87.95903180492313,125.70181143245341,161.62832418181216,148.87468710596235,173.05193240423267,179.3902574532329,163.8449062879519,146.88874747386762,102.87037694918311,77.79343148526529,53.61139178536506,39.76427682914016,21.8388706763426,46.735126559673866,111.25418516194426,122.03680582157696,108.08110514595612,85.65626913516104,49.375837477444136,23.253195304377755,37.20816339642897,-12.262927841238294,27.718196862345167,25.5863669291751
55,104.7384870489394,45.797896692258895,73.68854852539106,84.40840748349085,99.09710212528996,96.65317329561711,83.67228214367732,52.31050442481353,-6.3333678110796825,-42.796784007481875,-4.393921799405206,20.37144892522091,62.560774802804076,45.643624945192066,91.05126584068853,123.37209206543186,160.47994602833677,173.70992250789962,140.63193833482387,150.3889195896822,167.20076192331888,145.6159117520709,163.44979887717503,95.48255762479988
56,97.97553253764087,112.8477427339937,108.2065870810446,91.2659617251717,79.02265135434565,82.23834842352575,90.23616044919584,83.75570583972046,94.04335928278809,99.70489989202308,110.47731729465605,84.31201142115843,69.9585278046488,97.02203330783496,137.26695574455692,162.9926991214624,182.4730815655072,190.88911363143194,214.251178090292,188.20481552093975,199.1264601893068,194.52070815953974,199.03744377294998,173.82271758285847
57,85.80451842340314,88.5977176451575,62.735693375915005,85.35636395191683,74.46246039050095,99.38451319778017,105.1992208163333,93.10272926314447,58.8798774679006,30.659284487710394,55.53745089313587,56.19901856637645,-7.486052579274279,3.278465820873194,38.69762609105799,78.46099383349775,118.18061565401024,175.63060790822684,149.62076791652973,115.65447243271342,86.13429622822261,110.87765700241539,105.92445504660473,112.3629918090559
58,139.72854323168272,86.75420325248884,138.09092824243035,158.26838285243232,123.09756481653875,107.98634027403516,136.5761348710164,123.94557482356957,58.63573952673126,83.88483500520968,83.17110323596866,62.57462518233125,41.72687053757832,9.985055586560563,61.82800407078505,87.20413357278889,103.77950379292798,111.17658705003825,90.49806089050054,62.71610474289379,74.27501236168087,91.59310433038348,92.14597466006923,106.21272426466489
59,31.701773772832325,29.963020706532376,-9.82184627509315,4.1710141780529,64.78946351128178,73.95250824404471,75.37000447753276,78.75601527434193,71.01649734434402,46.75223035928252,80.16603029098114,53.250382140158564,62.59447802748407,89.90871813696332,116.7715138991575,97.57111939250657,92.08378703711153,129.39566406284905,96.82223989954028,66.52152661311993,17.195152677154,39.68806129371151,55.484051022076954,72.71154168583806
60,44.992609108483286,38.93364136809086,37.78605168910938,48.027051746633006,91.56483690236945,91.83234473189006,77.65077104940153,104.00902896224464,112.01526028160745,83.18451478556682,76.75904934716661,100.0408036163787,125.77859155529791,114.51594156457809,112.27552662635135,120.9015317427902,150.5789251796264,165.71027105647744,156.26604783564989,131.30960477236206,111.32995639327697,135.78970243154077,120.5671906348208,82.94847353437751
61,80.6000238739878,88.06187958641178,77.43128681381985,70.64735563694741,105.56635449541697,142.23428727775874,174.87269093187126,162.4286760600754,133.15734435177473,122.90033590953544,97.6193765338381,108.62310765973798,89.34847882257853,91.02768789360994,151.8106291319633,187.54673502210315,192.4621114207785,197.252454165941,39.353841445711055,-22.775201816317434,1.059577437401856,6.75663714443931,88.99254442816289,78.45542097136504
62,122.88739784160268,132.4917521731643,122.67222052678615,148.62727335378156,152.2857308606477,140.51119898458904,166.06722025933948,187.72122761784493,146.53942401315862,136.10583627752277,86.18633250137023,76.48560967083276,106.3842594929632,130.79306277960083,169.25285963588783,141.5083779435483,173.65897190236427,196.80822668182628,129.98964369316758,135.8399356220818,126.06972026471277,122.38092484281567,107.66337002215784,87.71358133553657
63,70.92045088761068,33.0436151534645,87.92388335040182,68.99812423649573,90.57215700396013,83.46616696413791,70.5047726940184,75.19093059008918,43.094184566784094,70.47707194258435,52.03388501647029,42.20502292009609,32.69885302927878,38.69729306628169,101.41639407879589,104.98129436343952,139.58273498577074,166.0369232286027,172.12899481462705,163.47480807589352,115.36040726890667,92.95272457563499,60.77046291147794,93.77970138439488
64,141.62887617250067,107.21610844742665,127.05340307290543,137.5200738020622,131.12080216278264,147.26407678166623,165.96066887032944,129.98510885574137,146.0477339639181,148.95022771732295,154.54082253730206,139.92836105461447,147.40651697120398,168.17861932353327,191.73434972281538,186.1246792624483,200.98978159478605,146.06076359550875,150.72014799437827,98.3548463930031,73.50455490415989,-9.966646080828639,-7.344142917233967,-19.67918870875981
65,98.31739364989693,111.92100210234287,93.2917542047352,110.62440137504646,130.58515661410232,148.7123655680369,149.41878887729757,113.24774318926801,59.26804731106598,61.31775265222991,47.60098468089198,19.07671893850589,11.495087239111449,18.72124384152262,28.689837368867188,59.99071895053218,53.55245709233944,77.83317326652102,108.13377940709765,110.93970892362422,89.565106519348,85.76502727648753,82.33762449566206,70.01555244503835
66,123.74479305560526,77.23245660107276,90.97898504292776,66.597088440843,55.968027237979996,107.12867530657459,114.19800272014129,126.27935939190641,103.60882663813875,102.24294766450888,90.16976130938266,88.96800972327694,105.08274125586377,104.62140737522759,110.2301991297756,125.16610160014822,143.18000247135043,138.445077330773,89.69737930451403,125.28597846124558,169.39305332897817,152.03482037377512,143.41799650228162,154.0741662838691
67,95.12896724782723,98.16282865955564,99.94320064330175,81.6869138872859,83.96485558794075,80.76771528775737,87.32557393573065,65.86585982230237,67.95176787611435,43.739332382947,39.29026922724899,46.65699246388927,61.778968204982775,70.15024929474589,106.07181683090614,121.93536605638724,145.08344889166315,141.6381097111671,92.08219924631544,105.93705532084165,48.80863275407602,25.707220910175394,10.356349335582593,15.96939400245273
68,77.48225791656502,49.24161140810088,24.503097471913605,-1.4298093188495073,6.555652886076942,6.44201742760373,54.543086720739524,50.82176285641097,38.40151269784391,54.95176369895766,73.5756431080997,86.39744990586104,82.73898879842406,113.38234717263327,90.873367905117,74.7621071079542,121.40264738093043,139.3767461922955,132.32762646443314,154.10179029988944,152.74942288447073,149.63931457533437,119.33489066044822,92.08836966243095
69,77.23510241146315,61.02090140691865,86.8136629353684,106.81732258316957,141.56116048464506,122.77583573062411,131.38160470093345,137.1438175834078,80.13621976777063,77.28313214361424,105.97309776016601,86.06372867702545,73.56274543816446,48.659940302005964,80.80029936752712,118.2658460714224,110.31999173923008,133.65749175315455,116.55469249171962,117.39211335782564,96.61497101560215,106.82198084368092,89.6696039945217,52.29091776311427
70,63.61787065530102,22.364710798209117,58.651673187064006,69.13071029389931,54.385603688694225,121.9603887601175,132.15649968720058,101.27512882783947,122.38764451735528,126.34739320964847,130.48775451175658,173.83322322244632,170.75389531838726,177.37642544624748,199.57330842800746,207.53475786138694,201.5148265716477,190.05633281488616,182.89360242987527,133.48294857816606,127.085095165765,129.6311317208615,178.645744046887,157.86095858230422
71,135.37527824939195,168.71572383697162,168.143916786916,163.90278441150645,140.6250124210478,130.76765197158915,117.77923826595477,138.1384515567764,132.848105668146,126.4573775156176,119.97213840252815,64.52324575728966,60.68040372690496,86.91555928751262,152.894040107847,171.2329254243825,177.26715137841674,164.9438634140369,197.3106856158331,162.52803317694986,140.58901206349037,139.53717018860738,153.420953412951,173.5037677852506
72,154.5140392812935,127.25708091663373,155.76209109096357,135.88250101151743,116.63353911675357,145.50461600939158,149.78716580916193,149.82458550688506,83.40302178292862,117.98324115522124,124.58061003768466,104.77358805243412,79.73621625377083,85.55507105404702,67.90264562782204,102.73123316156509,90.45329366396278,87.09961514191221,24.70913916008206,36.17430723034296,49.52614695064928,86.91176146978452,74.22832499340373,55.08534566630499
73,146.87089258723108,149.46897963425388,125.3594262590345,89.94365267629703,76.38089745367549,88.57201993285734,107.81014096715003,44.56919458243218,-4.483860606522285,7.940122808271411,0.3126016247165069,3.2217227243035467,13.746319158895446,36.36487676417276,79.60641104533111,121.34103839899366,96.77344328602274,121.75495281101468,121.6388779276291,140.7166938330149,99.3323886430075,105.92242097991938,63.79321981743773,58.42496673167157
74,67.2310555325561,108.53687782523892,128.42310655746928,167.67181078416604,179.91957301697784,180.2530183994723,173.9311780892328,162.6385389227497,94.86605105035355,75.46872195304212,107.99628926903539,72.37972374275341,86.6396410748964,27.57770737136355,80.61478676203946,100.76078514619748,133.6788340770213,145.20177650942756,125.524731419668,116.76947747333821,106.8383011265716,125.24884635561185,131.74937863017888,130.7899965749212
75,73.47813573015941,91.94114283356085,103.29731610891196,107.17958599532362,118.79654388996403,146.59636155415535,140.56982762585673,91.30522986872282,83.31387094682499,60.87359230654798,41.80720208265232,35.39998583416932,-2.7155096079041456,33.92023913854544,74.19601278405588,92.4677553749932,109.89448619796053,120.24971471850301,114.29845381583596,55.828399326717175,35.19772755480267,42.14493115879356,89.70411249942245,75.34275543276206
76,142.0340731534169,131.1914601290582,79.47302970098977,117.8953316594395,141.26947249411634,133.47543596409062,116.40083929551618,103.29988851956874,101.66672963143372,156.07878929081082,143.83260327855447,76.44509454005674,83.00946413624149,79.944745166136,112.00686752058382,115.96135237037184,163.06459940074,142.69005807301167,95.58728982047984,87.93383253338133,139.94500650055818,108.8813255235577,88.82719109345425,65.4001459035488
77,70.34291571385182,62.613328789657,50.791399275750194,86.41386700264945,88.3870667737913,57.46462241542832,42.731674443120596,56.53889393206951,47.50326802375924,65.36674414582912,67.47653832804164,93.93031775881381,51.106679695768946,72.57423583610034,71.64357059794783,79.9039125279914,112.3422106235087,110.3933102298034,82.82907267052838,83.41454502648664,89.87053265075994,82.28599886898408,79.28730678798185,107.82788311635821
78,70.71548738662563,45.715626105463855,46.3379342578202,55.603147828615896,99.05189770639595,109.94798307156886,143.47513072753685,119.84494197717365,114.30719269528933,94.80442432749439,115.38281926071612,82.38644805393315,99.99607311086294,116.11233980973023,176.5708898420579,193.44992082596258,203.64082917380517,180.69486052692534,167.27123612256912,133.29246576156257,114.29031772699302,128.0294041792888,95.03529516329684,91.40366831751334
79,117.38852833920146,94.9386960471151,132.53363493235383,114.14943318360245,97.79498492237227,111.13271188105374,98.21669579337286,63.61525400549384,55.5622594655929,88.48182339323567,99.08057588592771,65.95480044169832,70.33508157597575,61.27936221530531,130.38610681355118,119.99929107986112,136.2686262423798,189.76881581583984,173.80228575421032,152.77823985983417,132.4358057464108,137.37424814463859,132.50109662981572,156.35004366031364
80,18.502676246545946,28.537350753929815,67.6289462436665,63.35403240353479,49.65341814887072,54.53886284289049,20.4209322161756,30.35716068780387,21.912654430669264,26.548088584995945,6.153377527182414,16.42271896463381,22.915694345905656,33.45925662395093,65.2105474532519,89.09989564004532,118.08797736430944,105.08454827881354,71.52818899358815,48.869243785465926,70.92165153739968,83.56884089644609,102.97072474600749,109.15885225231898
81,88.68141279114123,125.39900903250876,105.07630304020746,78.12718153937827,106.44508438292016,148.37985766119684,128.6705003380755,113.70129612176105,82.12374448827615,114.02400270552033,88.87152582657193,47.865561256465384,58.940474456020816,92.82353903725027,158.68573911464642,186.90830509087618,187.75827661945976,169.81573246443847,138.67716264343406,125.64397145758598,60.09497263658358,47.16291825710319,56.699148778855374,44.11276177129726
82,53.87623705191979,39.74921458963924,30.035233134982626,36.00850398726015,34.85668477454993,58.77955057285395,83.18085642186647,58.15081447828294,42.775187119845384,21.873362128637197,24.960507777381977,38.45522330806049,17.323496887364236,47.139879950161095,99.38028664721082,96.12157204130898,84.44334229398085,120.65964313981802,164.07745538701752,147.65442307570154,137.38566352732903,90.09497620327573,76.229140982557,59.12332714314425
83,143.28304631515,118.57927373767578,178.60344111488212,145.30940192084304,183.58285012827204,178.4282015565596,141.84121899060386,111.30050926059934,81.3350651056011,74.7379489266941,78.85583381042399,84.83277960322073,78.59645515024852,81.30854238666234,105.55023755688818,122.59866959214831,161.96714898970075,177.7644209749538,147.5316856079413,81.20679081373552,73.08889962853902,54.99174941653481,51.92394566296348,111.82970195902021
84,155.37090089802405,131.70464581154232,160.48036201620346,168.47990373105398,121.28231713646599,99.23680589066822,126.77903268687663,105.90495736062019,56.51041889504615,41.606076001455584,27.754728523837997,25.306897929838406,33.08866706943251,45.646875607869674,55.53637011975691,82.47422862977395,94.57522502202076,120.20844537207142,125.17620880296185,108.25800646517932,143.1635499472498,88.57675562048688,79.48584823613484,68.6546485048965
85,81.96241170389831,74.4987323204061,71.7949655585665,8.12507986169561,22.528219025893634,32.96434781705206,57.61541873727368,47.55535844438507,29.61706499078418,54.61981855357113,73.95449485521853,39.271128132384675,-6.164018485728555,3.9339619491897224,67.75272423106638,113.77520184115427,90.76203824796201,101.72692442561822,102.7093333516097,104.53405493717187,119.85865259143597,96.26130234107328,82.84829678809115,108.39944416444735
86,60.75399882773095,62.81979123735788,15.160701584590157,37.7674560217825,47.294822418313345,96.24268063973301,80.9303822789119,65.94821714909472,32.0455785004847,72.09493780499213,93.9476813100919,65.97646669808748,35.02731915686504,63.33841356711797,68.5312919705967,91.71719190719278,123.95095166625835,179.5968899804397,130.61071630784713,100.4967302165444,110.1077869410806,132.15193315729925,122.33771837044728,100.46831845617122
87,105.64716938543654,73.00303537113766,25.444975392189363,6.5782990878135905,65.74355045750767,86.18618422240638,82.58998034964588,87.21472410423814,50.40795789322999,11.959575789528316,2.0473647640228165,12.152917932168329,29.44464774209692,48.7109044229277,78.38134038276732,87.55877312463996,127.1996268433604,174.041539753737,115.83379072075783,101.7889105886614,135.87126701632315,119.80982952050817,93.44361410635547,107.81745258909243
88,25.26176929458518,44.33599022639411,81.39187992274432,61.357519278706114,73.69555383851498,100.16486326455986,132.24976222570834,140.7579127382059,144.16446939293684,92.91644979656168,60.77272053187411,78.46940788018944,64.37801238633934,114.45832397672584,153.45272158029923,182.14967186959436,192.2159814463406,181.69603850508514,166.68336204176745,144.38717195078135,146.5708294752905,167.8416275530947,187.70357148279925,180.72117163649224
89,8.583874624888537,29.626299106064856,57.63446514930668,70.05759792089177,91.79629014799382,81.57313555225039,93.77015674211926,81.8454193432326,51.45805223845052,59.18866574255125,89.51500231446687,85.08204466175235,109.01080478819304,101.34290039699687,160.6994630329097,147.22923381246355,151.65747062638505,151.3597635315587,130.00064763693703,110.96260044591814,143.28457185991454,154.1658159296444,120.51190473101013,84.79562045492482
90,49.546116827148055,73.37923766351435,46.71261735134867,47.97835051566016,61.76041035312968,72.17015098667699,84.09033150372477,75.09641307392234,35.889743648144645,74.95567159599719,72.98969473680883,100.63727277839547,70.59940083291724,111.59087263447016,181.57274854435278,173.09573506647325,157.55193677720507,182.25760443905529,152.36724567918046,122.41991725592645,122.44310099523236,162.931792635685,137.72192976129097,99.80115058732895
91,60.756083219116256,61.11457861982282,73.74190783880127,75.14282929149098,83.35135237562767,98.95060497901453,75.41072991363576,63.675502724200626,44.69323873853175,54.73141690414931,71.40656768473269,74.43495182143748,70.87850532109027,62.606869221896375,112.83653343293864,117.19302079076904,94.93634746453029,135.8898083247511,139.24153187969577,124.12552089021138,126.27797180932686,117.01572235267328,95.96398657369811,114.5789040181456
92,71.21539984235628,63.2642142470492,83.26442423633893,99.32085776808512,121.96292514016659,130.47044100497277,132.19093100134984,139.92457484447766,124.98399598216773,121.60318208777366,99.33058514474763,62.756395416326285,43.51942456591263,68.17911412262887,120.73969714628282,97.12965063033417,92.86253954695852,79.20657584408804,91.09313683401093,74.16551691172506,51.21881332960141,43.890156030126384,42.25838993764232,55.70531460145017
93,75.27389177678319,74.73971660214056,49.29358008110377,72.9500788960834,77.64379146106221,89.746395897337,46.0653742043763,64.1833040323106,4.574391965864507,2.6905145498081,53.315371721810415,56.634966957733134,61.061813354184245,39.74495297889571,58.0275015891015,83.37429810492009,102.49458246625743,114.97125805675785,91.06998680355191,73.35466108700842,51.88943050008582,39.146980800318346,47.69559694275211,64.26634226896431
94,97.06058069555625,128.80604994559008,155.8260325844785,151.72506067855866,168.23752225861293,175.53697111998264,205.67533077483708,190.60619981830854,152.00201090690325,134.62451484925586,137.08563435384832,149.7231063817014,153.54626598706633,162.15953960338624,188.16115794561728,206.98066983595191,216.2517962360144,193.59349761527412,181.54833297757233,178.4887034979132,186.94074700835216,178.0328923909974,148.36298883957747,110.53661623260939
95,45.58600612213682,38.363858020970454,17.294499078276587,45.89154063234942,81.052868129062,110.73664565214898,113.16161425560546,125.50942934906017,112.71012002854167,75.65517383615656,26.06454386747516,35.594533469028114,53.2788405755403,46.279553906635435,109.94094175642235,156.29512966979448,179.83966551513927,182.06553267169124,147.7313558642831,130.5968642362613,128.478372342415,76.78074492789528,82.58412793700141,99.01164756135817
96,63.49274511684459,92.4345726392356,67.26526043540996,108.8456323034637,146.1561777966386,118.52306817500104,97.79760794250844,63.64984146455254,19.27304905509527,44.85130411055869,55.343241029418564,3.4499600631419867,41.014724443893556,84.05806356251314,76.70910014541427,94.32896046977405,83.44625182215921,119.8814072547959,144.71485958231335,136.01873066875663,124.33252647203906,83.23197171368332,69.54475739072625,82.89643356521665
97,-42.99416367329657,-8.425590786548355,41.281773761918494,33.52089479283772,38.81459629850869,65.6783725974096,70.30270523997947,88.20744410770659,75.21357912016711,97.43382256985468,45.524315355872766,18.684774113378417,-21.111607867983132,8.601273921301939,58.51145471541594,109.11553519311374,139.1749029640854,163.10049430230293,121.27099191990291,76.54178166565619,80.92748311685244,68.23175262114694,82.82075259836816,54.02877878305656
98,102.59195008880101,94.31710051172836,100.01646953266386,118.65211281395091,131.54973118614436,136.2708082550873,124.60918531655253,107.79146312526667,100.65353465950258,69.24556252615906,21.14053270206132,49.457135421667786,55.007260309570924,76.47071766813488,110.40870672145587,120.72069753960348,100.99702031880895,91.65318395771082,81.59864673232923,84.10157045534888,65.5060249646491,71.8340266893784,70.26146612041786,80.60001109319217
99,71.36133140838925,90.6333933184253,98.55343871998882,100.98954127021621,96.42588773025992,135.45223829635228,161.07396928475015,117.3460567994978,92.87253488974919,76.45346567960043,91.77954621018785,51.43984723462404,23.221006624502614,13.847893494652602,68.687920105342,92.25189358483894,106.45117738470732,130.74782582633154,98.246052175436,113.03856338907566,92.41690520174197,63.05077396462622,83.46363648657835,61.85275165878707
100,111.81870792998367,120.40813886599771,155.87282214549379,151.72272736858338,197.68537187902422,196.0712357548527,167.06264568403637,134.54402032553696,123.85027978713806,125.17279890727593,19.169566604632237,18.935407424836455,-3.830255778767018,4.830912791758955,67.90015476971877,94.72026748276133,111.39923615456294,117.10052535557065,92.17239820337323,88.69552185144096,68.81031242843103,84.1253776011449,73.22393801950221,75.48204245589226
101,102.9463559869004,100.48098912335615,89.47825008932274,106.99717666003193,102.6773970281308,141.440488361231,158.9807388912235,133.02261590027823,149.49755352775185,132.37613321935711,131.01215453439542,144.81615962058817,135.82834684414496,136.2901004615411,172.1677026773908,189.74913671796034,186.25769282457165,164.68588918107037,136.5048568598276,117.16260884390368,120.0183274282045,111.6478173786287,159.5497946694404,120.44162646398635
102,74.76583200465546,46.150353941621354,38.33462591645504,59.95846341232867,31.59895566376551,67.24497558370226,100.07463483446041,132.90789755211128,90.6371613078177,66.80115090401998,90.62075134061847,124.86110349850384,99.69252390714234,109.16120588042017,92.91861843668599,91.73341782107272,126.52089904854299,136.7646132111044,126.17927205479428,96.77081828909962,105.68173994800502,87.18667524625033,101.23889687195312,126.62276157851815
103,126.78100145127156,100.23448823500259,94.64765182014824,102.54275756918484,62.45377115430802,58.37918474678037,82.54453661162455,127.96123734002494,104.29854323030338,87.94312571936977,74.13078098325144,103.4091841072028,54.82316837336822,42.58839549013406,61.97629410087474,60.980212019278795,67.7739360979667,73.62720300556151,72.34924594327629,33.53764507114164,12.740520088914323,11.461956391794686,14.851955506834827,0.7765015186234905
104,95.39534428199592,111.5137555370501,94.72062819462778,90.31439291036332,-3.8669175131594073,52.253019843462155,72.93193384456248,81.85088579015161,72.7691297651095,71.89809508214742,59.67224610441399,26.025201920527678,65.84054788134216,51.961853851059914,89.34822423937626,116.42237689635391,177.68972445114304,159.06862293455424,127.79862755694734,116.90977924067676,83.63734803111669,45.015239100848625,47.56831123224241,75.28946039294472
105,84.05608389593405,83.35326191615314,97.43313753990411,109.15150513610804,146.2793904146977,135.41390945227977,129.99215865548396,92.6201439743807,96.8384787074338,103.04916002810124,108.06213259802738,100.52295282031432,78.07091635157298,123.22567337713807,153.68494504540678,149.60260741137867,135.01932392076117,155.118941310863,116.87018854717148,122.12835799426944,128.46797798276089,139.5063263678838,135.5707215236165,124.5055583727852
106,52.683088881578996,-28.518122317833985,-47.53182307092587,-19.61280980300691,-6.513211528146073,-7.4470337096675365,-0.10822574713310473,-4.996729462016859,-24.319344883056885,-18.29533229982306,-3.6706380012245603,-0.8427758563216088,-18.392458359521093,-18.037898337741765,29.76748266833583,80.39671240837811,104.87396129889459,116.45242948691933,97.44861389500113,90.31856962020956,117.32473218150598,123.58555785271972,135.2035394841805,127.49446014620979
107,51.34269534570751,40.505147120083876,63.59616770276962,60.50157876128886,56.41763535636162,83.95427906476448,72.0518987691684,101.23095942962613,93.6411212823664,75.1585530419006,81.77991347675686,66.39110473426469,91.0301141608465,124.10739091093733,130.609170200167,160.19000917534302,161.59067528946866,177.85342759246507,157.16952948893248,119.66886749750037,79.60570095667939,69.77676093074037,81.09556843886153,94.519228499115
108,75.89378243145912,89.16833361893785,74.46913761490748,108.40079416644181,120.5804150142321,150.81374444585808,135.98895611001905,79.73389292517258,69.74809548434787,8.097960739483739,10.987334135343275,-9.264562581498708,18.561502812589985,45.857815859412355,81.68418469305323,136.76210423393906,142.71130918054865,143.30953935750023,97.06226705389827,104.03402761541338,99.38926593567132,109.50417013908495,100.06873972493636,103.47323565905307
109,64.79371758118143,81.13885144948708,50.884287340536,21.42952200076998,52.51467145452356,115.09076220843949,104.58798239400345,114.88869589187071,88.98530364812727,111.07872513992467,106.09387388437789,82.43585161724836,35.80358803866889,81.70022340658886,114.65865350915044,144.40562884059082,106.04961451373198,142.45862264541466,138.02363303258596,120.41435812822584,138.15493449374495,122.22802776322507,140.06516771924993,106.06356759860172
110,12.190979625716665,32.549680107766164,37.76599017131434,78.55972432861415,111.5563197433993,133.35141415095978,95.00572645248855,103.38897376575504,89.72884198971639,96.10801434156889,77.38268561240118,50.582240987091254,35.847544199856955,34.905141004268444,79.49016185267206,102.37048237788966,169.53352945938275,177.73267735600612,149.17408811918375,99.85253109445782,110.46675928423798,73.59166632816033,56.634714650894,54.5432184260325
111,108.75901146276212,129.37524507948982,174.85048513695165,178.3810138262054,148.37180700962563,159.99948810810332,151.41214330401186,130.99841989526286,94.77647812474392,97.65597223922097,74.19917080068797,45.5241578709505,35.81018912779334,64.97920205114913,95.48188049682352,93.37535046942872,122.99757921129773,156.73000540032749,156.15325906749163,145.06029358666316,150.73117379952157,128.25751545615077,85.60315220327942,87.16123422724114
112,105.58786101320445,50.70557682343919,52.70239924823037,61.54407404266669,103.5320056326633,94.97358785120514,101.2144002316822,78.50475265255139,71.7878013040266,72.6113373952709,60.1302132484056,41.38316843180718,72.90724859516297,131.49583466597574,172.40280720615613,171.75879202825377,214.32036952135306,200.20704869182072,178.54481008733984,97.44820343958358,100.86448786854545,91.24944529231766,69.9133973666996,29.57437627782548
113,48.60906249026226,67.19001182713458,42.78250121520438,64.23541472670759,70.78658860015561,66.6205225208087,47.24724585964967,44.254864302987194,52.159062993687314,74.25889282317516,60.98040708841512,19.49963101407816,29.921262534447163,115.20379518793433,170.05805680449475,212.74712428495667,222.48626307363844,243.05757549377861,264.76098949305253,236.49532465593327,237.22909330933828,201.50633557490247,164.94493762289963,179.19320908903953
114,33.66524599653583,29.094282135366747,21.231474106535288,58.3714045860156,90.32420098960486,96.17622940140326,112.10633422373652,134.96997984796477,119.83300411318197,114.53912481740016,134.27153403698082,129.09803024835736,116.8151240310236,138.870404938222,132.49570620724796,200.7568499487498,202.08479667013614,146.93973857219882,149.0692457576579,112.61401163003448,136.44749785157904,135.43494828592299,146.75962460339395,122.24355246013793
115,17.906786670554084,37.71288731082113,72.01420139550623,75.84095778777619,73.49169259512558,118.8682095483833,105.37944355981132,95.43853905558004,85.53470468262428,40.778742156655795,-5.650261677350343,29.056076506097597,38.44677212620825,57.692009945597206,74.95500774212829,117.25230420823377,134.0408783248401,113.24934528936726,105.36704020652783,97.80196266102719,79.45121412318389,66.54457089901308,82.58423606409264,79.11830300388115
116,17.496766379374463,41.628649033983834,52.60933726680563,39.06535694063879,77.6015629047414,103.41550732661057,103.8266975230398,108.74483470216776,87.44355924671787,106.68177152929874,49.24305130290875,72.62022503957937,65.59086671394284,76.57083543734561,100.1764879818233,121.61181279863882,137.60515985015323,116.89799722655201,126.94769147663497,89.21180421584722,58.2031278175921,100.91883960092065,125.08842246927573,96.56216018443207
117,86.81198577922271,88.87718181486937,83.35247500001192,95.47786051345386,124.10246768072612,134.82645147378602,110.36067917121804,106.38814841056806,70.48991908609409,49.82216755053524,56.01227007483388,88.93441651699766,83.22255677733848,75.69049231429901,123.24080314969976,122.44773710219047,108.86141173438183,111.00263743728817,113.2613938870038,97.58645562129925,82.50437044208657,84.01303254377534,65.75171241381304,27.006820423923507
118,162.1561550584457,140.82023367017354,156.44013976022146,203.7232857836169,250.42348840242684,233.29919103648513,224.03325430700045,203.5550970719709,211.3318324462956,193.35189668604323,177.90712296248347,138.75977033625105,76.85720460325666,86.77000693872844,103.88213146955475,131.85748980615048,120.17441106903321,139.34705958886636,114.30082777647849,106.96847643078274,117.77232049726692,142.6449694494997,155.2186869026777,132.75120492260058
119,91.09738920549435,87.29576554652184,103.53706262562616,76.44616338790333,76.44963595132384,88.8006452021546,81.43154517765879,77.94229848364638,90.79429705101471,106.53769798714885,96.17294256246761,64.21508223624107,99.12684306619482,58.74755151138423,59.100553687712264,90.541014164499,134.2838890037018,126.14093186431687,119.4452547461599,128.05534135593314,147.02403388012158,150.22969980097724,165.12677413866027,133.0406819943238
120,67.18139623214914,97.05355075461313,76.53613050626457,70.33401368576156,126.1702362465296,157.75088192994156,132.18861184427726,114.19773208774802,90.76966017734141,112.0885382351664,72.98118670624683,92.56224399959643,76.76338024936962,92.27628406729502,138.13648284201454,159.5131907786201,165.74637599666556,217.65254054154968,162.41574955689646,148.7799656854362,120.18478453941675,128.65974799851026,133.77474888764073,127.5491692516907
121,107.19931958016893,128.76397028502657,123.27505897910552,125.06179169801837,164.04671320373882,162.36253739232131,162.33601097086677,127.26552273055597,118.50185932393211,84.46678939551474,55.32276345081533,49.32251412970133,51.3777689177929,53.48272826934626,104.16489288823097,98.66524933385932,153.20336133678248,159.7063057903712,145.53639775019974,125.89224346535941,78.30850918456613,46.91580664769936,46.31534199423948,42.02128921193873
122,61.40295093331138,43.86874075298147,38.413462285065776,3.132271858474283,13.993070743160246,69.17844416345807,80.17435480330721,80.70106229641362,91.62211691023711,114.59632690058005,95.48615656299191,75.22471283005677,89.76352254347032,127.47066454003756,119.38606119983152,152.959817425525,158.01293107247312,190.94285715720326,135.54345100587852,110.27684542537912,106.92562630877782,76.53762642876792,42.96078576097504,41.239009707286456
123,172.15244451573642,168.01972562840447,178.47156508189795,190.44116919238093,181.26847225547968,177.02834699431605,168.77569038145205,170.50153442864584,143.71800114903522,139.08810682861255,149.29653684363058,124.65174358842685,77.8349158922675,76.37589129439279,80.76897033194123,105.64924681951435,167.17971056724105,186.13953206718742,179.84012432932553,136.9333309397909,124.06967861482022,105.77078484412526,117.81351576000627,154.23708560681018
124,84.49772043064384,92.58792585921354,90.05073314820964,90.28154560882743,121.62785211076454,113.26830966440065,93.50350389549735,71.34358434682669,23.816606598234117,42.443359193414366,49.41082474916898,21.985091052983847,29.507142613471686,12.946782387487367,55.2770000813789,104.98924375882316,99.564089060436,125.89291843508651,109.4516653438317,82.98987549682195,89.8953809494587,103.54732890283329,100.80567929516765,112.50880403793099
125,89.11044771800756,88.7026038710363,85.52105806314314,143.66274950768644,116.85131962619127,96.19867657742927,109.04319246762725,99.15799575591217,62.717663670250374,68.67894760485912,84.96477478866231,100.45734635984473,126.7038146654605,164.44171924745427,151.14353643821534,195.58621596538552,190.49655597234533,205.90035931428037,205.64495254672,172.82615608394585,149.79742411298577,112.8767752270802,115.68972155362022,60.082922189551894
126,57.76309908304549,77.93862502179454,52.2582305735195,24.832703625510064,19.96236241034984,25.69833830227968,32.19403542611819,11.422740280502481,2.5994966723475983,4.338635073328447,-23.783328585535315,21.5019198035924,11.579549561841475,40.57576212139395,60.38484940894982,159.2308718454247,174.70322209464814,177.42797386050958,143.41709417598886,115.70480337750872,135.00368210306127,126.99779745000977,146.76981501924934,117.32061258946078
127,80.82858730249718,102.14269197267733,117.09983505915497,118.88839972638644,139.68157222306868,177.03557419865248,181.55606108470852,165.7542860929656,143.37988171675954,110.74031334707423,138.3594537803176,93.50319252010084,67.3230153750053,70.96763332329607,68.27378249103054,115.90332524836936,107.25905585052305,133.97511565464512,107.67125691108336,91.17379252355043,121.24117525802528,86.22278043703619,96.6426201071626,71.2641405456475
128,48.38831401729058,59.1830319009504,87.65776330311878,102.65236342122178,124.03795607111672,150.63950096678207,180.6162856645798,122.10957891915365,123.88547671423136,111.5521032031026,90.50773970479312,105.82038024399847,95.4442094183357,74.13734644686448,74.96619121748978,92.5818085517117,116.11861485808268,159.97653034254836,132.97880874342113,104.48395112991629,70.7805688572287,71.27097682893998,46.54044821213752,23.937201428617968
129,79.49064821748517,65.37973375524732,105.63766633193406,117.83304285786858,174.0016776770079,142.38695716785014,130.28452127230813,125.57742351956911,118.04829342288839,146.87825306361196,149.8545805342206,95.95624467568543,66.94888871342332,79.52261988564949,134.25036917376516,158.04946302159453,162.62999307935803,131.2657118351085,133.35626097149859,115.58761955176064,137.64423906628997,118.95773635666356,87.54139070701373,51.33248434627511
130,195.49012191902193,122.88745409879499,108.68832229775782,114.27240793189463,108.64856652770891,160.53327690556807,183.44249598156827,154.3973146084844,132.16702310080979,96.6585457961179,68.6533677821603,99.45521741081237,79.35064219543139,59.570381651350665,104.74866182746479,124.70831734715965,197.98272964629632,199.12545884648037,162.3369410191342,133.87383460486373,99.83324828766364,91.35048247245372,71.61330347568327,93.86379122102008
131,127.33000616139586,97.12055363901908,77.1884269857183,63.39390187322745,34.56412999812005,47.33648522829833,81.0221733265509,44.944285944127,33.650537312392025,37.59462381919705,30.471351444206377,57.20577208389848,59.287130798292395,35.473116098942405,63.69706733388412,152.09208437220192,143.8201696822228,187.20201287380021,166.99421617921578,104.46539705331708,74.65835815772786,81.48849992636521,89.62641118258198,83.59182318833079
132,112.6701428375606,123.4567628356662,96.11359399754721,87.36263657586602,138.69650742568564,110.26643803835762,79.51936670039555,63.46601986704589,35.885608357231796,26.773136072686732,29.889209409545813,43.116230912231465,36.22218277440329,47.74666071384629,97.71847980769425,127.17689902619405,146.06698935004786,185.59338070239914,157.29651929931435,136.93884863026216,164.002918277221,149.41244398080374,155.70034437438122,154.8937273559596
133,104.9324109200812,143.34781045686873,134.20340940564495,189.91628181954542,200.6012073862937,207.71877321666153,206.9071618578596,176.57901118360968,171.52623074514142,173.6918443479454,167.2864224941099,157.85358858195187,134.65934105305956,116.83692961996752,146.60451060336698,147.47423064025838,155.00242541418498,142.50021326987576,137.3699857817573,63.55937034603676,81.58572762747947,78.12574896635954,98.34689231307499,112.88762128126479
134,99.33409979862887,98.32547906944085,112.99831165989274,113.82741648300416,158.9755157853212,142.86606934312334,161.51941931959936,144.6023727839387,113.93779310669709,88.57881709611229,106.10468135979514,104.24914076988549,121.27116435427465,78.15846022999281,119.06932659469933,141.57505239406535,162.6189586240999,146.04389841343368,129.50911172944913,125.2117512442254,126.73890492501367,122.55261931312012,74.59776014860562,109.72094904561388
135,135.19238308771347,96.79045511191468,114.31660414298601,106.02384859453576,84.70208963960619,118.89503603784262,118.25059039976745,116.8729754877371,81.4544344649718,11.85976876783343,49.21583241307964,20.678788030253457,-0.08437068292823824,-10.264827997454091,32.591659559503384,92.32682079129654,131.50342598040888,157.3503194755396,149.88134480127957,151.17338962562954,262.53380610295324,208.07130551143533,152.8160416693922,152.44970651705037
136,50.00386249224402,50.28006046449853,63.781352274397605,69.45943422518201,87.02882004957206,126.47861687449085,123.12878445011044,104.6521165139674,88.49763908003,53.191527481247405,40.75092630921813,66.31750852709436,72.91588543483564,73.67628485932481,147.4381641342114,194.44065022696003,203.30238950774373,180.9134560414619,183.7638247122589,152.14877485268346,117.52715981000564,114.12075837027565,90.17941863731339,105.64225111114843
137,54.84739097373349,55.876275098988245,14.165695060628735,33.50614235629768,76.21386972402387,131.4136047459616,128.56603899442814,169.38911389262572,132.6567963459862,136.58644299109417,198.1953041049273,192.84061303058007,175.02227881169372,158.30420366236916,156.52116723697105,201.79079025085065,223.9479319557703,200.08168200793455,150.27479264411042,121.20253130245393,131.6732102686815,122.5112253232531,97.54073143782102,57.000335084958294
138,70.36311447680283,99.70303705268095,80.87794131592517,-66.22339531311151,-18.399191972642456,21.285932801248237,26.474063632293223,27.574664535624407,56.790154256049284,51.4696353371295,62.12238131015388,45.36783639492069,36.68974742003495,54.62392741124307,64.81500984606927,148.5418674080749,197.64142288598612,193.80999946929424,161.5219752289324,179.9512558171384,131.70275080382112,117.53548309387303,90.41130133975435,90.17606794712921
139,100.60022513565646,106.9413243931161,137.95196137270642,96.40999714267369,113.58984356088183,93.85732506975404,126.7887631935721,99.02891268782523,31.81965052326735,36.820092912263114,37.323536169197894,37.976631798936666,26.969670603067627,9.33599355267824,66.21665138052526,84.38792495083064,86.21599573967998,73.82753673223252,87.42171224098499,75.57311376207988,65.29072874472446,62.511796625831174,60.03163293389116,55.723080502193504
140,101.83988902485166,126.74157664562861,106.09199170491608,118.22452952979779,119.15464400459243,137.51844430677647,161.79052317525088,121.10892818634747,80.10346141159565,96.2319911165115,112.31939448208449,64.30125086257189,68.18488740267628,103.2660186158216,135.43496388288634,170.99136979103963,172.45394586344804,172.4076775543091,116.97612862749354,113.39301710068413,112.179137792473,97.94312680565868,105.34645143955112,92.41734861498408
141,21.60684315038624,22.895726553915452,37.45469076973538,47.253369721883494,69.96310857922795,120.1562550952887,117.5722763764522,95.3789617274282,41.40439432018564,65.98445670346895,101.34434660827696,77.19679914018701,62.891737343455446,62.94284277685796,116.78392602404183,151.06536694091184,167.75663693042554,146.22787047637303,145.28137636095198,116.26052626623436,78.03661718806993,82.48982812264504,81.24324478552508,99.8592556720677
142,54.50563412403933,96.68415233071654,89.30307311812217,118.0111719793695,121.68644449235596,115.29001063833995,88.61529433383397,87.2169296138476,77.9357506615225,79.54800382481892,88.32727987559755,61.287317000091775,40.204236833878994,34.71918933105445,61.832559352994615,111.69346459680442,98.82483262566927,101.7397636339496,90.43059418891853,95.61059525607907,93.56349519403975,52.35596762739136,85.24720681778206,41.575751807929116
143,50.16656607993659,38.55166581869125,81.60065535027499,103.69724519128687,146.95596986360184,127.40010984839662,85.56988977767037,67.54056900697968,70.53425795731485,101.43764984249438,78.1288997300405,64.67500246562224,63.4980537229484,39.730768839511065,93.07360752611066,122.80737348214474,146.41784070502487,145.7845657073603,130.42525734589432,107.72396754640545,90.48456563333237,92.58043459958935,105.08011366520836,102.1689081586852
144,77.16592766391794,46.765838507419296,17.99448167318201,23.402176336011223,20.024043045452387,66.97742545548053,66.28112622663451,39.39851143602549,8.77971638018019,38.05889418289807,80.72138204014854,97.34884970775967,82.62857046673814,90.9787991049595,103.0958075301057,118.39042054151773,101.91368064098597,94.22240965581102,111.76290919769188,112.16213634013195,109.34122407498813,100.61383059968686,86.28137365828289,76.27627875513518
145,24.061557965005946,44.06567839186437,67.71752220878324,76.43281122707559,79.22962119901969,122.48146011904451,153.54989339423395,127.27222509584689,106.79717668336939,55.216781377882356,55.329306291947816,37.761330857683845,49.60423992147381,24.337627577062698,65.39402164995542,205.43310695384494,214.94664873072344,225.70982523772983,199.62132570328453,135.97103639910128,124.50612671982755,135.1586126858167,115.11298121205091,84.19819982090654
146,107.20391717498545,98.70918718376493,77.6216249957697,102.79333968453919,116.562183502287,102.20033922527485,124.38187425156251,113.158890130791,88.0000815433843,82.8904541447938,50.217499772876224,63.40589933843218,25.136103205886876,70.78005673261518,89.0375528284188,124.482801901603,135.79158331494062,153.30949030872867,137.03563880164145,116.46788506414181,106.92230828795832,73.10232834001889,54.85017651426563,5.776048013102837
147,90.39106568476262,101.55830934002155,106.44506584756363,90.90399730347104,152.00704642178601,154.46122558005123,138.24975146700382,125.28151652478934,64.76578226262916,93.49037607870915,78.26434600027578,74.6459708427234,61.23381974351781,83.58137143540247,127.77212412823465,115.40249508726484,131.6277453037023,152.0846400836442,112.49038928320837,94.43438179778131,93.34768209616459,62.328421037811864,89.1893856430396,112.46661230199562
148,56.278244021873306,40.241737317108715,24.554557561465316,44.91975266455605,104.60226413401031,89.19490702157982,72.33179534664005,78.26762154496959,74.6447330544225,68.97986538272295,82.26999949024795,104.30476622936956,63.84502752269968,35.11999685082229,81.6341470492047,141.6319764094411,149.62329072668686,157.9292036816856,139.84768088756368,93.01872701561842,119.16818480601441,95.12627212130106,85.46122317121635,94.64227048679166
149,105.12878725375394,103.06211641157499,72.53753685342093,86.42003829163747,112.81759307461498,117.21202792334763,115.37751548133603,117.2305579723418,82.95303666812995,63.410094602586256,24.430898439389694,18.957575933204666,43.350677925044494,102.61005763872058,123.22691332936492,155.25017855744372,180.24101674241123,162.727609233139,129.95714611904012,97.4653371066412,75.08836869074275,29.01698233936534,53.999011453993944,45.94858108589429
150,34.745983634451555,49.2409599233053,46.6926512030993,52.91328504117787,87.79408325332184,121.00495461188551,139.52843847356377,102.22169739259941,98.97120076767068,109.47447638995816,114.15352151523341,121.62011516159046,109.69011227048793,96.89694181776835,134.26553520153396,156.1740004731317,177.97411608528694,175.3902698833896,177.56912677293897,148.78357555849706,114.69137831784595,88.82916125711681,89.65336683591606,86.74984777567522
151,147.2575034988891,138.073170730678,121.5902613862201,107.24740559818399,136.4424842142455,171.7235857323439,153.1557175028613,127.94457886949351,82.89703499859674,73.7494441789733,100.76076822293679,126.0735455167883,131.17997341668374,114.64729911047937,194.72715074053926,174.82362441954257,155.54831297993084,158.76874665716093,128.21040628233078,150.27736729874576,134.32555610903285,73.15410975539459,121.38038277651172,109.1549103656936
152,154.72056867351336,159.0887139270522,137.75789946486,172.92249353694075,184.6604548932799,195.73987201101758,195.86139944286603,160.58859968573844,135.17458884816716,131.19158902643147,73.23869050289298,85.1911736444081,71.69235767936578,101.03232306986371,105.94384190112872,136.66811423201017,174.80595825483235,193.9447889413794,163.64493489582225,165.1070097805155,171.7811222621512,164.15093091241386,191.5573229384449,201.39261363283515
153,126.64145508343422,98.64979977483029,144.07344788624155,130.09910988336344,120.68450011909535,141.05417667912636,174.35534559627598,160.9164721618934,105.877473863873,96.81024487956972,113.44990903799015,105.76847498998757,89.43796597575906,88.27430156767181,115.7743264295143,151.36395590970787,130.13923649800353,151.27262043046787,134.76035342531245,109.83207641422193,123.88615058604204,75.73345207246912,87.35354501479657,47.800705585845265
154,94.28532263887826,62.97511646965097,128.53215968930363,112.76230342052872,129.95321063522462,103.21799544257317,120.54321845899051,104.86774718719983,40.62289435548676,47.24630930809583,43.90133213967013,62.57416983783346,51.629355525631,41.2324572423522,58.974737451645495,81.95606454248055,124.22406645389493,125.7369023513364,116.47951036423918,79.5011091464381,67.21537467041665,76.76758264297081,80.57120640385017,64.7997216924317
155,100.05903260789721,105.97839031170219,68.23549102520596,80.03194990785585,134.53718574129496,137.77386076916343,92.42372308182775,89.41939359935286,77.61684475280839,78.07060903001594,83.61309947313099,66.70940374447139,25.533308019831765,33.771022546180234,99.73230181739824,115.34352383434978,144.3220713858278,130.1885209122994,101.8136900992928,111.31697438017699,97.93892334719202,89.08182344723882,58.45415526657032,22.71117013829067
156,96.54144879165489,136.47521028730995,169.39410303051815,157.06226354121753,151.32307071315623,137.39937891420314,171.4464558590672,183.31311100888865,152.1741176613863,156.53161517423092,137.56392001731885,102.19778930091594,81.20877232616999,105.28218051183379,162.9776972530663,152.13651616928792,149.64984858964294,147.04585380648584,140.5592503200946,133.92237532988958,118.30946228493221,101.272690990927,138.0718149053139,112.80002406517512
157,162.3401578378245,152.43777174089408,109.8317671749137,83.83892567912969,97.07333572440179,85.7543268097985,90.12139206367974,83.3714829854353,29.387016962461118,54.69008826319498,64.13458510488228,68.22505166151755,73.10346638177727,88.28212208144421,73.26687075379517,114.32756300427303,154.7352579001082,151.73944118190875,127.8997862127112,139.26246297768384,127.01006947528566,119.4890787858734,113.98575614842663,93.96797071397675
158,50.57517863090914,35.81303423527508,47.09926430207583,54.98743076031446,76.23631846766419,113.62303311889681,158.81875943017863,111.75622319752695,77.53790691229443,76.91590675067685,82.78938950821642,25.976572934897867,53.310272628797904,78.67954528192189,85.52169426380074,95.0561337299721,162.37992990824804,153.17557279740313,90.18132128155324,119.42768817798282,66.67781430496517,62.02529141831054,79.91591910134753,102.88849167054255
159,84.43851468266136,45.43913672145591,29.89718017087074,-19.184052812426657,37.78423293710438,22.673178488736582,32.85051480643443,66.24448700312742,89.30701373764484,41.18273005390828,53.71043928360367,78.03370191404571,75.70615354916765,71.22959894847806,110.83596994593505,101.12603177481458,125.0512980702735,127.36395328673918,96.8761514735418,57.08903099763788,71.38626426064269,102.57507439639045,83.74676740102687,95.03567507516415
160,145.23896018485345,126.11236031892105,121.68393230651904,140.99828752211647,152.02729565223032,123.62202102384649,123.07979217277308,124.71051186924602,114.13748893133275,122.2843249868527,125.19823266502539,116.20101868958548,124.00348056842623,75.28255359069314,119.64578211560175,126.30327297754096,156.8238566592691,178.96648732884242,90.18869975869069,96.0535424379457,145.4128074302023,127.84118349778856,93.5577361272061,108.80967409081317
161,153.5406864478618,140.79577978832464,105.44338447393682,113.84945034757533,132.08233619264814,167.35682042083965,129.80955859166482,113.79298438247747,88.60758392455364,103.85560020294942,62.206599601427136,-4.186452221599296,16.16781748031633,76.67905595113183,117.70874312820447,129.32196788549612,139.01628386199747,161.72179844737818,129.98339659969614,117.90190284201836,124.21888114031749,131.7714990952798,149.90946948271545,104.07207950454355
162,67.87009213511766,73.35062040828825,81.72545094747504,86.42342638341965,90.44556609492064,161.07515390571865,179.3396490141694,187.7169569355495,178.20290708624213,144.75258152745275,102.89927367469663,78.97305140993949,61.80979677092366,62.862723371911876,120.48719461353616,142.52648184564913,114.86983055874725,131.9686864591391,128.63315406815312,73.88034216907114,61.40246291804122,47.85618582701113,69.28412668932536,44.512107060590694
163,70.99162127799548,66.09624693643073,72.05196250463078,59.06260786680738,70.874260820839,63.36979753539532,45.98809997434867,76.2286942551475,85.41782106257207,60.834363179073975,50.11775435920991,-8.100800931055431,14.793228297793874,19.514439641160592,81.72872835125577,118.73691006375397,102.97272213272032,137.55625481192445,236.49927210065007,210.07625428294094,197.154360335845,191.50460152672747,176.89980175827918,169.20257999184585
164,130.09006202668047,126.25624987612426,101.522019244995,92.78572353424087,99.56392627606971,100.16287801317695,128.56656975662358,120.51819367958879,132.6539229622741,138.66590746929154,159.2828009864839,144.2205184998956,129.60016484466593,108.92796222456529,100.92879315969411,146.66224562228075,130.66625593861744,152.55864740295928,124.70321857037854,102.02286834656711,124.17438593307011,114.52291396528305,113.446919786627,98.18275155149466
165,120.10367082829275,106.88538147750975,97.16929966313634,50.376635944414815,69.15916250852058,100.64155484476257,121.7210993256316,78.90123474217867,74.07199819747188,70.27583926085707,58.71161417109029,37.46415410390245,-3.7579389794275286,28.53848130968143,79.67692941891454,129.52719534220395,134.12278297298045,153.33956387975738,147.81651847196773,136.33479473129836,150.0305172054507,135.02763841860005,162.488562840584,177.41159623636148
166,155.173689059771,97.1594207654804,92.76680303479998,85.71545261240165,125.26393393036363,135.2687232342086,141.63309332268656,151.97617089763668,122.6318999733243,113.09774975080148,93.99764431400212,83.52476798806981,59.59684282238052,111.83283187480774,125.62628017446428,140.27427898718105,139.7123404345786,171.49460450439415,154.53232479098685,171.12385684271356,168.25363335399712,150.78479090747808,130.74948710818802,116.38363785265952
167,70.82504484235177,66.07329651255883,57.25214027368985,70.79375773248243,76.50422932293856,44.26698090426868,73.21269420588837,83.11193738758904,45.62067081398498,36.80815447663604,62.17283206245992,72.12896024711057,42.870993006214604,29.85824698803394,96.47086076638023,168.96875367870933,169.98765293964038,175.20750319228526,150.3334537348718,112.51212121707194,107.0489751904573,73.75318603637963,72.06764122053221,35.919694780071154
168,69.48352084995972,85.78203444841307,102.6192978226622,60.97240108352325,82.10510713434857,58.346742674919945,90.816149401125,62.232818936723184,8.372971913498972,19.01647111856562,43.390049963674244,59.94686127083789,71.56174460723716,65.70308616771152,124.18921066011188,169.19061512661574,192.11482943490608,178.28600869921644,139.59747059070554,139.7063158927435,88.96839272262169,79.84959543527026,90.89618932461646,111.7625291906987
169,41.817715450888436,68.21686737481068,37.04154430593833,67.38451910748634,93.98509381044556,129.01808419871423,134.05677831601903,122.02627476531895,142.34021186598886,138.7858072573644,139.39397222260197,114.79991436205734,96.02931461219163,126.24231881590798,153.7822626724824,182.44891473687443,179.1179671632192,182.82745024290614,192.2941069000475,152.02442585497312,101.02901863189454,91.93953535001721,111.73784895570066,98.91131759331098
170,123.60993640527607,121.07061884779824,103.37174463044974,102.87031531605693,113.15412376546018,101.35299952916716,107.3662407213158,122.79144549566513,118.3234715731965,84.9245428651241,86.65757225147759,52.68427236767711,35.13637129771179,-36.61451054977779,-1.9601203146114727,18.346958835512353,65.63550664904902,97.81032636597536,94.00445461852699,113.45935149665912,101.17237310412251,65.26300374932043,91.30606919622666,71.40461115760573
171,98.80211021348731,94.8210537579834,102.54195195380562,130.1650037274954,167.71356183391532,174.78679928444706,178.95522390478442,185.73797839764416,180.12693514045262,158.2379169214895,129.15739395724512,100.01958708393443,57.08720167762078,49.58303154461882,95.24240167921886,120.1397165792605,109.7690504851555,137.9667593043506,153.43159434789942,108.07620138776718,112.65637075317042,88.46676889670144,103.90938515833994,67.79383014939671
172,76.83579082502334,76.39511541429084,78.91294006395171,97.63633036588435,113.44719579744812,158.19273756210578,140.86239597859975,123.25716181025076,123.09267461975719,123.2307582089376,139.6538301547685,146.32560739258838,130.89751853741873,131.32912508103402,147.89269909133213,170.1727932957948,129.31173914628994,136.67118832336485,100.0582275617499,84.75673272480245,97.974041113299,102.56147475947914,113.10498228687545,91.75635624735347
173,26.95902598635203,56.697004759000315,80.91028314389841,102.54974538473914,82.44671495366785,97.49602421693598,92.69056367382959,59.603645258324626,12.286412581670248,52.18434902704505,16.902548204709092,12.442233297554331,1.0582104165590493,39.57746189857125,62.118117910288625,88.89864108480427,73.91295877870107,123.20417498369105,124.97887128403084,124.11820394381881,114.54802541258664,84.03205183439229,52.13912844999313,-0.7422008063920202
174,56.37871459883032,32.339654643736324,41.88803688968614,92.75184201914729,120.87757671652882,137.03391693854874,139.35292434557334,129.13609642331124,74.9804916064473,91.71727962029314,79.45024255301578,87.34740959660435,126.3205708002296,124.53103158861371,135.79875634753904,153.82122190286418,164.92227288609945,181.73484101219694,165.76653292370617,123.70139565492744,137.41485315552788,88.25905629974366,74.26028193969336,72.40099733825804
175,168.59014433568876,165.04433535269624,145.1566853170423,102.88334594142792,130.05188779118973,151.0354115004925,161.53308728387253,110.75379636213655,115.17329649153132,94.09043900108198,73.4992531960218,72.83432631599156,71.60656080951551,68.53522466681305,87.87479881569749,97.11520422239566,104.82858179184046,109.7162178089653,128.69277095719528,133.62717631101083,107.68112117772716,89.22690140128732,79.35181343163018,90.55988660366985
176,29.330828057697126,67.82905609566558,78.17707838254111,95.28103305292538,118.84023836590275,163.5165578109628,157.58799415911804,136.1044001380958,107.96183805009676,93.43072426630161,75.35398759933184,62.72384735951415,78.74590047617191,71.20657980640192,53.60728006608369,115.37009962788805,134.04555969764067,165.01770912979407,155.0489295017607,110.0746908721278,104.80883454736951,116.5957320622069,96.50264384999592,84.31536078407517
177,77.12069719486627,89.64038793053808,79.12559931340184,119.93824456693079,152.95432602889855,153.4691265966133,123.9599892106402,125.10744035610404,113.16179267814991,104.93423907200196,90.254614737447,62.83592889806486,78.72094755265869,83.68208182969754,107.25423744452608,125.49577489337871,137.28922426639187,173.33574733811287,158.0076655467681,118.94814777401922,145.58091789401072,146.4655625689079,167.0785417136244,175.49136192740434
178,61.01785528629381,82.39279542912244,81.41772854130708,71.8889110347727,96.83259677837175,101.57054286279475,135.7411494211956,106.45749853031046,70.99626478468942,47.10184131494198,38.638561717248436,22.555655041298422,19.012678543166068,57.44030811810889,113.42249111695628,175.01069294136417,186.6704877150366,185.59409596871046,158.7167605114261,74.2185142272919,45.68534414672712,54.49585323292679,49.94943164446956,51.54167964600577
179,94.8135445445178,99.0791920382438,90.59880641380158,99.42058853469955,149.5148321921694,147.0665763037373,96.13550275696241,87.15849177444926,44.322785569749456,28.042877305216308,38.41165680516645,56.314488199384215,54.67562416562283,41.859719657322444,60.598500649125526,173.8094174203572,167.5569419965133,179.80705121365227,159.36005192236783,159.86826147930105,147.57143743127548,153.97420500192186,147.15986678064405,120.23191781998683
180,30.999672214028678,48.579349309156406,60.49901982919421,93.86116243507294,105.1477004963969,84.76037274702362,111.00511773010193,85.45586227030404,76.33102770612486,67.13146629210986,54.50770472004804,44.69079141417203,40.227974715031905,53.18143404161361,101.73024649684822,160.24175114914993,180.96172009664275,179.0617417487142,176.70476450378558,131.3412060592903,110.59131688207198,125.75062578325394,159.00581435533104,136.57863434701312
181,4.913440635335306,41.39867171339828,49.52785313168706,50.62010556927281,42.75581959039575,44.03209528902556,67.33239143149109,37.707800061833055,17.168698297837437,-23.57527688490606,-4.077923275075804,14.277856370376497,17.982306121275677,3.501138547007585,40.0710988280408,85.02607278577095,79.68841453855143,94.43671234515772,91.88165559780529,90.77302826993369,72.69439330296888,60.099780641140214,71.77530797141098,58.49896683746651
182,41.061229421275684,23.66643351419158,18.14159376088344,66.81904501313866,107.71093686210295,111.55922870754033,121.10988587502516,181.63408375131485,139.21601465168675,94.33236426343451,73.70353773399052,102.61535218783007,90.68766921969916,111.8439437175093,149.85132287135812,148.8031414251609,140.40690259930838,161.78149373402036,164.73513284155388,136.78347279516848,113.8762605009312,92.5672426532953,88.54884547951389,60.70003168340329
183,46.548698198041386,58.06666439577013,96.95545097596408,71.841172541372,84.2382776549073,81.85749888060668,88.87768642171247,81.9407540875986,45.33562976940024,43.48003066928461,56.6070410722933,64.48570737446508,52.00007731679868,71.17748943116729,114.54934818668679,130.8428104547178,140.0067112856565,134.55438711552975,155.50450221394348,107.20042811431662,87.49205033336705,65.51524070879941,87.94870273350672,99.40552610564146
184,96.32275605644604,91.64235485273149,120.29307151880056,141.20755527129708,146.26977658706912,119.08569432667407,98.13508902881775,72.88869807644856,56.6115833950793,78.95209982215664,65.50009301688851,45.67488796612801,4.247315523342685,16.606766486958932,54.62691677294246,92.84176075767441,148.99889828164476,216.21504394507463,192.87499149096928,202.75315008147996,187.53773240635803,149.32056867486074,164.06072635497958,158.89322886416176
185,140.2875794894124,100.28981314097301,73.13427828389932,96.98426064253667,92.83559376603466,58.798309061430416,72.72965278558978,55.04037334663998,56.01538922612557,59.71320972931296,78.94332320443046,79.23443080543488,80.15281613607726,100.78556434217447,98.60913391955539,100.41696612714013,131.43534904551143,157.71592646885534,161.5450854076725,128.68102846591157,97.74708878118012,107.22063183989934,111.08006637701885,109.35792664995007
186,118.12666946851772,86.65797522735178,72.20427960749188,82.96830788993717,92.41841386439319,108.46545878127328,114.07843768657229,95.60707974954684,70.38068860020732,56.76332741284827,80.91206293411712,64.50485794475148,53.67855409380786,30.01055453397167,49.478271717363135,85.88254254182965,62.80142238361465,99.5949809483964,62.33244450030837,94.00749331966438,108.51545033645078,60.27548350671555,77.06092774881202,73.87690889706002
187,104.52422798255846,112.55494716781091,163.94958648925393,140.39660138121576,123.97060561898765,127.41984083874989,134.83262007465558,147.17383613353493,130.66431634339358,125.26405667293227,98.41227603824906,116.00989929581326,118.06681913556119,134.83377799488977,161.6441692762885,194.39109920870132,155.54620284871905,119.51893473731135,149.45226733943113,125.86508571376504,103.50708404801725,97.15139942940377,91.24396889648384,48.143157747830294
188,72.69671835246523,59.69153235202596,66.33888768668658,63.15278450935084,67.74950638603096,93.24942707722069,84.89915336358138,68.67789294138944,48.9444924934116,51.411117803515374,52.32154899400749,39.158288398540115,21.558098208380656,38.76074879061699,61.80773990656816,97.50561609376197,70.14127768428745,60.946370533088356,67.74212344178609,80.69758868664509,73.10776532094795,60.71597693384153,131.84441626929052,107.66846007824809
189,168.26220076484975,150.29670768335362,143.39308005101066,145.186787138845,146.8775337875781,153.08103892528175,119.20117575309715,109.19196823379737,47.26042179999428,77.75137968224674,76.48090158167538,100.97220238423483,108.88704610363857,86.61026172073703,117.93872702987358,153.30927620061118,185.4922349433532,203.87136788820735,174.06955024355543,184.13962795482115,185.42723247447998,184.2633879351559,176.2365566219785,128.097394842575
190,56.129531360292326,95.55672991140085,68.01933502426937,53.10828745398025,96.31219510896078,102.84412140101766,124.34889614223445,105.76785876432125,98.28126255083559,91.43629982512435,93.74789300175564,72.33550606332406,6.855079228876768,50.35287199769759,85.38939889223607,99.52590332290515,109.65217914892813,133.751861681228,160.51003825189062,153.6924116969682,162.9307015735692,151.5160022237498,141.60020705691397,129.90666291006627
191,61.162781296192165,33.472417050544934,82.14373350165316,73.99499444507421,63.93283556970226,77.46529906830251,99.98267708133298,90.06052860834691,55.91404153786853,73.94406014591917,85.42432437427942,91.23954144635891,66.03144163820915,81.79733818305274,115.86561445272065,136.0251708167209,130.26701800800316,144.77107303977067,124.76039447343375,112.03004137213307,97.19070281336754,113.13882043108705,136.38978662615403,129.5324747867421
192,75.3152612760585,65.47236253107246,50.33682487397017,44.158988513273066,53.67765304677572,98.86612267925565,106.97501497238768,75.91089564997455,26.841908094164474,-81.58894426471446,-43.571883159828786,-12.647252119712647,5.083480554419452,67.81667265283218,100.18441095033607,124.80836777986329,142.99786665898034,166.96952784219667,152.18637230416687,151.1737991448019,136.43506380284447,119.8848658706512,104.3034825623539,115.80102093371161
193,132.11696776278086,139.99373374418622,178.33486201325215,178.2180530743862,161.8638213745868,179.13051721703235,185.64385040736263,133.84676675475262,90.67407735935652,87.11900463958452,110.7469846263173,98.11918545599337,107.65374663783695,106.09481375490202,127.23079626803018,149.18380566914826,187.9057697065316,198.7123945790088,179.40107717056765,193.61920165811722,183.20205845442518,115.27691001404506,109.53192700929893,90.1497053399967
194,158.09862316293487,143.42292954158242,137.17342174166313,143.2620986976769,136.4337073390434,158.44738446901394,150.7980409281285,121.52909634602939,95.5309761820621,56.94635009603468,23.489786169403132,34.93707992133888,-10.078787271843247,-6.489871528117362,50.53829814321462,107.63779450202776,103.55144428347471,155.49430417069703,172.32434153989362,151.59433668587948,151.9611229480047,140.76554249945113,117.94599212128702,114.88665150174286
195,43.943560480034535,26.918321106645948,20.14267498212564,29.19960243642285,63.00590355021112,60.39467936527993,73.08141950300337,70.25758218480152,57.50491430988617,39.437258334812356,51.75780677033064,31.066801625322327,52.81347796374164,35.86896274130006,74.42087395823889,79.96702365155825,82.20586910488196,96.67151606486027,82.45375228155348,63.99970368603586,74.55541567094208,-4.942445297261614,24.838483943569088,52.211976241804045
196,89.88646890049185,87.70678131465462,60.83397328440348,57.33116130317166,69.50909075742537,88.89027873664821,83.79804517134039,74.71273035019082,30.918081197229796,30.22636151220346,56.74011032779699,54.957319016980584,57.02252337606223,38.29320509351995,75.00051240110001,108.40961449792503,125.72288837798158,172.203830080158,150.32863424406074,144.19312304438455,113.06629109380307,99.63195855696772,100.3488887458294,123.78384025750093
197,135.22840543225334,119.26584308914667,103.63848789209554,109.48917501016611,146.18389168953257,160.21705424426747,134.32842000343825,139.8825709247146,82.82598155966919,97.99338395405461,74.80079208523168,75.35710172530905,69.6977257776015,103.9193342164709,114.3583327667085,123.96473088015414,177.9715664074787,195.7207386138081,150.43456290623993,129.56216533927025,121.1965987843079,82.78222512513472,92.9016680466216,51.95731447029146
198,74.33466644950924,76.77364026944008,64.56497752305539,75.68823060533693,81.6190077144814,76.25134349175046,85.01287486447359,40.23746324646197,15.41035248700932,5.287235682766706,-2.1635275826015743,5.777982626373451,16.93255577918452,21.961119772609436,62.48192641195487,85.91373213045838,99.52224443612032,131.52304047157594,172.6524149226617,159.67375104444062,147.44021552377467,102.26238610258059,117.78606453543819,131.55805758075527
199,98.30222497823996,68.90005678950547,69.58252874329948,71.98934451641256,108.41720231471936,122.35845439289172,134.70754287892726,108.85819639978057,82.07998411809301,90.96671022188332,96.41903983677811,120.44310058094385,133.46759467452284,142.28741415716064,143.6312167078695,157.17598154665262,222.53850701404252,182.52623208608745,193.15210431957667,167.68772168794987,146.71870203956104,123.0474945394699,97.50208405872566,91.11735049299789
200,91.13919959408601,108.66906439719318,88.68925887905792,77.41185830100434,137.3564350834249,100.52836515943476,108.90747547258377,121.81608366090012,48.28231132246975,77.71212038351167,76.4209337899111,76.24305758798614,109.31579164125571,121.95803575064991,111.69773231833969,139.10806148156576,149.31230027660078,152.97323318876744,134.34242047292702,162.46283447399608,121.85773654174974,117.37358404752095,115.53508974989181,117.13642477120953
201,101.13355643548788,117.35254300574991,138.63742100253802,133.93895994052957,157.73140744999162,188.86800197668015,170.48410760341204,192.4529303720275,163.0234318867326,125.07294260477116,114.70239024905382,73.31561295624022,70.0650568305374,83.18075046885069,105.16306426321128,111.86928866713879,133.99465212225869,134.8308514980188,104.04291543761775,109.58734793629144,60.766850354434546,78.9443471806636,107.90567727257036,76.96645719735773
202,58.11430677869044,61.5844659668589,43.322025551427856,30.546378171405266,16.452355642853135,44.43535234516267,48.258360704104604,70.73354834829391,23.115595037717966,34.33068893850496,54.38768009585732,22.00072437617473,-13.631404341316475,2.2868466675228802,43.806024055753376,58.39765450185482,67.9558679106208,50.1852335827692,100.4316106713562,66.1563904210444,47.99952144676009,38.05149703638001,66.3089804295943,84.01289697308476
203,50.86456503545425,84.55338674564834,110.49572828959155,153.17988256627734,186.54450628910743,174.04830106488802,121.57114354199517,84.231016470008,68.27497163917256,-20.779323633041358,-8.35429487792993,7.374933314879776,-20.904215660743297,0.8112966300672468,11.855210890191927,71.06254613151712,119.72416245289146,138.80126989628891,93.23064071778653,117.83263409388583,139.01389864054892,99.6447864951183,125.29106613542965,122.11308188001524
204,125.85296334702889,113.86738531004362,84.79392377321945,57.67081540702509,88.24418794284547,84.05370917953866,132.66148409020812,132.30828410158455,70.8592247245601,50.974104359496366,55.32919024298245,60.91252955851099,64.26938554605795,61.23561535731107,89.71092429950461,87.49550918814434,113.88238784554002,109.58169278241354,79.13590706364991,53.89157613659475,55.183429932851155,59.8210197065268,75.68942155091159,73.59148332754731
205,57.52722826846251,42.29745736995224,39.741399498908166,25.928620410837787,60.653362439924905,71.73607904725316,78.96930680790287,82.5982502911719,120.06388033738129,126.80277161163718,96.37587188888413,107.08820386148034,99.94770103773607,89.03861517668355,149.52157190827887,168.04891441317397,144.38407543114567,121.2929151187463,119.31886028807631,88.37556141082294,79.99464075672732,71.2298418050546,72.77033106692596,45.28502413616528
206,80.89382133596155,96.27647859358758,92.31335753811571,133.48295430622574,122.33515789322732,100.15474709410326,132.7262765554203,69.83233731497518,87.76503371974368,93.28013960236518,63.936670315815604,45.7783090844198,39.64631029687614,53.46061088040753,97.82491036022307,110.75961632786357,104.55706633673412,143.8463715775851,130.23019592296728,97.26303895986777,84.70050457203573,83.85858947776785,57.084721405955946,51.62272100300374
207,118.18268214442274,115.47394743903172,109.73830851092237,94.23919609295697,75.65126896445679,100.11389654614628,85.84292732573309,60.911893799558584,42.51797366884085,31.39263774870384,48.70100206154257,59.157765646806446,42.94355618114125,90.82578015403249,121.54850463454613,156.49280443640805,154.9782053066898,158.15135644198529,143.50054765444358,124.8470063953699,128.86768830460818,115.88081036691091,122.0326359719887,129.6020287560512
208,58.110558285686025,67.36901633583184,56.91803205796574,41.54148085965272,65.14077269022062,46.98512003589809,85.94875729918829,68.74874388818688,70.03224354273202,87.60793122004645,88.20716053020142,86.9887325279814,49.58649758570313,80.12299629193194,104.83742988368037,161.44026614753636,110.3991466362303,116.8315769579659,108.7421770878959,119.80658388575844,89.29034065458364,89.12429971575187,121.12893458453294,99.67234808008696
209,86.41759141171167,79.1943738729662,44.19766644490425,49.38051562972892,96.9822881960682,117.47921055986387,98.95042295986569,61.55200693653026,17.704889028830223,16.444293471275863,-3.872431614163986,-20.41474230863581,-21.234756745505912,-23.667490747296767,-91.78523222348122,-43.17349483306921,-7.766298109924378,-12.769026574157579,27.649391692202187,27.751633850406634,58.20334147920919,59.72788376239346,99.89467905387963,103.13556381684243
210,38.10949340264776,30.226520848900435,79.8496702344203,92.43260686802259,98.06184856798038,107.63665323622332,113.25791852341426,107.26593991736806,98.219332482436,111.1664251197432,113.74177875056326,74.62415107942999,85.93071150637809,75.40270392606112,105.77274034674994,146.49525978656803,171.10519966317554,165.37503651721846,163.25628383844463,96.82010567482561,78.28425167479965,43.50113667708013,53.058539229061694,8.29781652651215
211,88.97190894642635,63.60352243430991,70.34604630616741,67.58109746193406,97.37270406650646,105.60773915323337,80.81777938917776,83.33307216944183,93.84474616110244,117.55409180985825,136.1264700779069,178.98721078199043,147.02629878638226,157.07749837506975,203.30656420980193,173.195242431,155.00480099751763,174.6472529558747,175.77617793845974,164.66572591173116,154.8649737624002,118.7137583364098,126.93640461578326,111.92865447346878
212,80.25609507938154,41.32952680818377,39.45938133350184,60.278585872868895,132.33510092769308,157.54787812528554,159.86674559889425,89.20770425879154,66.3665199493446,62.65936144849201,28.89660125363052,64.93178555585453,76.72374159793657,54.77760356984569,131.26656698093325,123.38079997387804,145.29944656023508,124.19320655937958,124.70076441614749,120.5054852073646,89.86660918035778,83.02726054815716,98.4673023890816,134.01383748197327
213,70.09461219768696,68.2159715588038,91.31687797394576,104.30931980703183,91.58551185449704,107.77878447587052,119.62971036649984,112.96392488013795,116.77941141383798,94.7188962523544,74.04969466383523,34.579033450994196,20.45272268161102,21.340295903708245,98.08778459462727,94.13064158147226,102.60109213361491,94.34015263672697,54.71730835194401,60.229057215395535,90.47281986293561,102.93180938714097,138.49808313466838,99.17558465746282
214,55.62256761745428,58.37663847384531,94.57673962805086,101.62028692127957,137.94455527412646,183.04483918140284,172.16381098736463,193.17563155239884,150.625341705538,141.78301991132014,139.77247395975763,121.56848505516481,93.34798514906225,100.67322531302942,139.09055765172351,185.2777950530879,174.7055699932452,160.6649528222753,126.80303881609032,117.21974012722573,84.31763017073156,87.56548433849508,77.54875710543631,119.78261549191566
215,114.7382722253331,102.618693468571,115.88141333802723,119.47890867338064,108.16669689597893,124.69441952493433,135.24845077090342,108.28125039236699,84.67810825508208,82.14775196734419,46.70379103173512,18.34793074571678,25.702143430510915,57.35752717176791,103.09234187448088,103.56268859755234,125.4618450529137,169.6572699663289,171.31558190057012,156.05077099100168,102.66154431201753,123.77712851558665,129.7293686849752,105.50494505326377
216,55.16929192372233,39.64290609507528,37.21077817919576,43.741454992801984,63.1370818187881,104.18449750007186,105.85527945616018,79.43641137177758,67.65577165294124,87.17348916967865,129.3833631470563,118.6949465119767,91.90911809077232,88.88321820167303,97.6565880513024,126.7732400112378,156.20688033287848,204.1630262102891,166.99604401018695,150.9723749487932,136.83598094088546,131.8378600661942,150.9128975941053,128.59897889325975
217,85.4894319810094,95.40512329271994,86.17260403331986,113.93698892109117,112.75077118129208,113.08343129633671,99.88701898911847,49.79706932012009,38.93763227031898,25.614366367452057,52.99461578896223,49.63234555153868,42.999316116851574,50.874455474195386,94.04766694779126,108.68599663982124,127.97683345218037,130.59393459534553,160.62281137985335,85.94551438027098,54.55349620323399,53.10850179192289,85.8036914280024,79.96924691564817
218,128.94044106530941,136.38216675408034,142.49607566083512,140.10560217434482,164.96071278415548,172.1680477780552,155.15417514525703,140.10373867950594,101.68609606874396,97.97212546545852,117.93402676795476,93.68789363444763,99.74231473299895,104.28765287506259,88.4783492520287,83.7843497803199,105.8584699358872,142.4315938623285,150.2311469416542,139.24091603188228,94.52057607212656,98.99725942055686,51.33501581428912,20.638634674562866
219,20.102874644707143,13.511950220969183,11.872154313589633,27.52758379843528,108.25366417284143,150.14648392507002,141.67319318730614,78.4194618257044,89.2919771006155,114.95037102220755,141.6470162424058,149.34487995220965,112.51767847227646,89.58582232652427,119.77090176421306,132.91149217401298,134.65425798767808,115.74775973425989,112.06569456636902,54.80305867023122,75.51579856747449,53.86590585578742,32.04368469624268,-10.98237151620259
220,104.70333857392355,125.21156490116826,108.78312668596715,81.64146148421139,95.88650696235281,96.79372966896487,94.61156256803689,81.4551128635437,54.18383941021,43.54600900799685,33.69211022642027,91.58068367071314,98.93533308240052,84.99050873693247,144.8098112340706,173.09404235961,180.50972843313426,157.51611892986824,141.13566597215126,118.61976961626434,105.47477493845199,76.3858593216545,80.1499273491885,106.5011750363214
221,115.81748988792245,140.3124301235996,121.7637512921807,114.80076627946181,125.95837960762465,128.79716917610008,138.3930173827592,97.46014647264224,86.94846529814525,58.35803744047519,63.52877057048049,61.462474901600295,49.52156269648521,59.09189384396763,99.49817487243362,138.1288757457349,160.792705066662,149.83928991200617,112.66137147053455,127.02163273536097,140.02933761981666,124.48558673820322,102.04313746796582,99.13040617252031
222,72.67567509905913,86.19669969507089,116.26674870704555,115.07257230556074,162.52153633632363,182.59230898980104,211.27187226740955,164.47539067087874,133.56435828997547,71.1555857383062,93.03442231598152,38.37665904292203,70.33588295440559,77.37498957854748,98.71055316313706,148.04513608011337,163.81025391691384,204.70851667963964,166.25900677197626,117.55184852315745,124.18688444011596,132.7349790716524,151.00308041466482,138.39967523469957
223,82.81173552604545,106.68929390420635,91.78035320905026,87.86933878580493,97.49179596201,107.95032047079269,118.18866413298596,107.2855795638027,113.81212092966442,64.73030039348578,28.224820104684255,40.595668858689386,11.74053779324123,20.707965381550665,67.311654052492,104.0744618442241,136.87866231750715,152.09304960183917,118.13331260607657,114.67968859227875,133.49353539798415,114.47787816019864,115.96428130636039,50.300322652585876
224,158.55956738798983,152.30520598957784,131.59454812600447,118.18812252985755,165.28831379795744,156.0309483633382,167.4980412324345,150.43183207699377,130.35889451128955,129.95456201751313,139.94049199202158,121.60057514034908,123.7245192938764,158.75360948648193,168.5299716074156,178.29436608360638,163.60458765840056,196.26593172481674,169.5906398447338,129.5506586919717,107.55013245950633,107.1652656767792,172.78032145727914,139.41621630311528
225,88.70415964309521,47.06722137552023,68.77134639762474,89.04283343427528,60.70610489988312,52.053703364088506,79.84063953352191,59.53104958502868,74.14552351136102,111.32866828641025,104.35643507743191,106.99793489915712,101.19369296269855,139.5690663290614,107.60229705185941,76.04652336692659,98.17097151853471,107.60737979636755,108.49978436846837,90.27448105226411,74.5715150211221,49.904783305023585,43.91032281373219,54.99847893608612
226,123.06410644499712,108.05173455740713,122.60691195136637,127.32741688195742,130.02460182180727,162.0903819906896,173.7924518371808,188.12683455793024,147.4548933322389,114.23620593218337,104.61079632122426,124.23787962664959,101.46081613910795,108.7628844116433,135.48463421636083,170.5846256892055,181.79760034610132,202.85187958276117,167.33962673338965,169.8750619416345,169.0838612404138,145.3107443215285,156.22049193446844,109.08827423936467
227,126.20000754200608,98.61676378110127,76.24804887074146,87.41239695636372,135.2720755443433,174.95320319260884,151.60673817800574,135.189810694968,109.82699567582337,55.92176557568539,39.17551258705241,55.03188313169737,81.41997208114911,80.2144340116879,98.24080667506803,87.16123218362601,97.069016846878,95.58606755934173,53.48305690352882,71.85934298638185,207.5545209372026,185.55727011626416,151.4157462082437,146.51330435157467
228,126.38982622748972,100.88962881058602,122.41680457666152,106.1964055376448,84.25852744124519,78.28561013114862,93.0360405798402,106.14247315060476,62.3083395357047,39.05617894495048,108.13356825745319,112.70638513343626,98.26145210967621,119.82208966320775,109.2035133887226,110.55695963857238,107.28257927542579,162.92468393553062,165.56356220879533,140.35435597663218,140.28474694154238,140.30526658442926,110.22510383326555,82.51931573677098
229,107.53821936724354,76.36200281184493,101.88279340208817,118.83713759966676,136.68808926701428,150.4909827130317,137.21818808090256,97.01821370969716,85.24574482224607,73.91432020486829,59.676241485691136,39.57965058918087,28.13371624787664,55.36358426820378,36.26701673459457,97.11507637967411,108.91211721744196,123.51200932991586,122.94369461321767,49.855843376939724,54.53267799770424,29.328409022584808,30.16013095969997,67.80258489874838
230,122.61075116591705,97.64576617810452,104.62852578496822,101.29028373031129,131.3166716839409,102.29183565758511,98.92952372530691,83.59870101180124,57.04832698908238,35.34369174758446,33.07598487727006,61.31436050326148,61.03720085794005,90.54072652277193,112.77872167497445,152.23137747266958,162.50913005379934,161.2764996263831,184.85090517404367,127.21531541786945,125.13886237813628,110.20869213597175,121.13102698931044,91.80139035361606
231,144.54790301518366,133.16244273753128,100.09169377969582,77.31334676877776,102.43673625806497,99.3263809099153,119.09713385200509,135.61428646739054,99.68092567340497,110.28778898539483,117.4777887974696,140.43504113054553,101.41163267142971,99.73461422061013,144.30006360274666,140.55897605080258,182.05339558480648,174.5869591275867,129.3648820921372,108.29812807718258,96.3349509545709,69.8817872824248,59.931695910775574,60.62693890789058
232,126.78221880776783,145.45770184670113,174.3379461688637,152.1090350223718,159.82278797318523,158.31217844776987,173.81692488637964,159.73867910724945,106.2245361982483,124.01659433675253,148.97221815222733,118.63943328105294,112.68990509934406,131.59600796098124,149.1189142833747,181.74052485482252,175.472763380916,163.1194111389987,125.44357062132907,89.32982157397407,81.30413371906513,62.46643999753921,129.15582578943315,123.13752623325414
233,108.69764523683678,101.29586594556586,87.01464651792732,110.45625791459199,120.07997447611427,110.00281027271947,84.43091721283312,82.70550792235856,71.14338851075273,41.663368517249296,55.06603720161459,29.48982552029571,7.203867021976372,27.576103344792493,81.56281349095902,75.7328788783047,102.65256408900609,103.25858191046626,88.4701564028652,39.27582926492872,46.3550475694954,32.1185700466785,48.892849486125925,46.326724988706374
234,60.76674382219742,84.17135148578569,89.32255000988866,79.21510560356403,111.90790364376036,91.69668081179685,85.39804831236262,69.87878360297763,52.808179832770755,59.97247676142454,82.80223587069297,67.99326872367227,37.897420492208056,-1.0835842356461,30.516265614691207,87.97570993877248,155.4665490256373,154.6294034335529,154.80598167333724,148.50427146602317,141.35324434401522,57.77364150457431,103.11766280558783,84.74371707725864
235,79.29254847966385,133.76871757293634,84.68136315640336,77.06961947408007,85.05819434318391,100.09368400904032,130.53891824330742,129.67895079054887,140.76538242681988,115.89142627291707,115.25892778756878,91.61821310735326,63.10958625211906,111.10983650304196,145.9893468360085,138.79856934509462,134.70040469878467,157.56729216083795,162.58239766526168,130.67715861214202,81.19488057644841,89.73711985783548,71.17741440506367,64.884744091592
236,148.74673005981734,114.45318410436565,104.08260526038556,78.51927636657918,90.80299886796166,105.31743624904048,87.13259515897856,74.78776816208773,63.709085401005886,40.15535729728156,53.30825981061264,65.01111199529794,21.872868075721904,35.735990969442554,73.36174651266015,113.15866521122152,128.25941482342492,137.7966730155281,83.77405802896722,44.41929849509769,52.74090001624836,28.44383215909393,11.306023062600957,-1.942377152684145
237,36.616356899770366,64.46434609648519,82.94341086437215,122.9332722353445,132.16029946372404,144.665856098347,123.34183217883978,102.02774164674634,76.9827031016162,87.90642502964842,119.80263446453839,129.7999411594099,113.00239623365414,108.73794245821,131.46498385734645,166.69457021652067,184.39216923105235,198.33029796081132,187.76030366112428,150.91834858209256,151.21844279157142,151.61639341557049,111.35219441800689,145.02826439756416
238,114.71248410469573,177.0886903911436,173.54418767567978,195.60601765118736,192.33212595830088,208.28217756707556,180.063816089082,159.08138086603577,155.3789196550976,137.36211688403688,114.8674422536382,106.00753498366684,81.20541331613515,90.56585902736879,111.04336510241217,135.0340817886267,173.90530696072648,168.22073091528858,110.87742590219327,72.00480217127716,98.40747449351971,104.12037861855231,79.50562959357951,65.1025624616584
239,125.89259580380707,137.18809326671442,146.17524083516622,132.12091210230432,167.12388523479385,153.91082833187187,142.46437716922574,169.97403929235952,154.76056933904636,90.21778811928147,69.5966158196083,92.83800116895785,68.13343829441567,73.8067907798377,83.41866422927652,145.23900154120108,148.61376766875756,148.06395686834082,155.30420496295622,123.5925127828463,123.81273110239924,89.53325590843002,70.7474511360493,40.77273646752797
240,62.707016653797595,62.92036810717255,70.07794388012184,98.47257604738449,132.92118823482204,109.48885218879111,123.61689104651995,112.38389974743089,105.26795336482412,92.71306651157325,93.98495880844553,114.4478385260227,92.85908733197635,50.47239487980737,75.17453826320386,151.6325587600672,118.44728222676912,139.15281071635906,95.78382998920988,84.52481826113029,83.16160920561356,58.98998892883566,104.68722796521254,122.93300442856972
241,152.0010588482038,163.68238199144935,189.10269456705538,168.21992322544375,167.4320135765123,172.91212850767738,157.46943028753978,151.78479843413618,167.46986762849065,125.83543432205622,129.04934003837892,104.92520117529759,101.39660670404606,121.54785881975008,135.40387363951925,147.37418345730418,180.0833279902979,176.66977540571176,150.24238142827664,154.58533092725042,134.5876255230532,122.53010194478891,124.45821538272858,144.58482074437612
242,44.82779843370335,42.171919495827574,43.42216685191188,76.3131625488217,121.5059857659193,101.37238281271524,106.32771931177707,120.62451798555486,81.80212068979941,89.88113768304746,87.05348495669764,94.58985298312902,143.7274314726962,67.35561328386625,90.53553678561244,107.17721141706103,119.59258721657167,114.31122799988819,110.73562977176303,83.60782165755631,59.11197917675673,92.80137333117273,92.77160809753681,114.85531065615557
243,40.62369158102964,81.51436961222106,79.29360985371397,44.579109250690266,81.7165537260466,92.77172871396169,114.30907199642179,88.6500325551523,27.016360500093853,22.368182269661304,24.409658853281314,7.35762879663411,-14.234576736195073,7.311039098391312,48.2045355998346,89.61526221929208,133.2571579488424,132.4321707981073,132.17441605290702,114.71252041468473,82.86959116746907,151.04438431515692,123.41670579881122,144.63492144464865
244,118.40872790788548,111.45660861293084,135.42783782912502,151.21716628547364,172.1437688120087,145.61411884991483,157.13694162676057,121.0235352801422,111.60033097149358,131.02617879238792,114.19436190694624,72.25718365026576,41.03902839515298,70.69213859278821,132.539609898683,145.73411115135377,162.82367918222016,133.72639542975617,126.47833947773036,112.58813561333733,151.93413486621543,147.76570348123101,132.8849694785495,104.31986273170888
245,89.45640144709279,101.92328073233823,116.96092094445217,127.81235789601521,144.12518522737648,146.16141877989625,155.0394251319289,154.73670374275468,104.16082009358084,101.9627520403019,72.3065080957625,73.59691784299403,55.17676211908602,42.94804035851092,44.040329724835885,82.71205739116226,104.16581158619493,138.403803936513,116.86502015591147,88.0462140028135,93.22214705388905,63.623090731344746,63.686934793539926,53.692143125585126
246,81.19687535591981,73.44182903818476,79.25553536161881,55.04253150768449,29.77156230249163,64.81722811190117,55.51731113803925,64.50041395174291,57.78423584787278,31.39799822650191,30.205215060674092,47.59913273511875,50.643048565483305,47.399785796255124,99.7439786753342,158.05564918688373,188.51374942674792,213.1726326787517,192.0741091384857,155.55580816147696,152.81928933582105,167.93332485103969,191.30613072804863,177.30146371164784
247,47.36775936654509,61.959030802376695,48.6995362064804,70.68952619957443,51.268407613188714,52.51247640880176,47.10132283617406,57.34619130491008,109.41344077679058,114.23033129344249,99.95307324903823,106.95191557788254,154.7396850853655,151.86225124869165,154.80647804935268,179.9259189305079,202.76374947393953,169.70875454706814,129.0582204965618,103.0462915518942,123.02053892150003,100.59800044544671,86.26910717174114,94.03816305118168
248,118.45205941935137,127.75528777596485,127.29815293012805,131.18069453621234,106.27477204880122,156.40760756621665,172.1301940101368,168.12106427612434,130.72591974830706,112.62890573644108,117.48476181837674,71.15293136244892,51.909266149435865,111.13236493179608,128.22380839273458,158.46648421045268,201.09752900690728,207.2611008146973,198.31651817371164,155.0138267211409,130.81199112137088,146.0991078120149,125.65325954262555,113.63989296066788
249,90.57452907040901,76.5860940002847,63.216572714614585,50.91010439090749,59.7919152524842,72.68802169306684,94.95699259377226,98.76281817906585,97.08352954458452,34.82749484847052,7.487725808576158,-11.261058137385092,-15.712753116386658,5.015138068834155,72.85405096772041,61.01363241440076,97.6382806470991,118.47416036505366,114.80780151242581,97.45690764980733,79.66523852064464,85.61640078225719,71.20408641547792,18.081332089667
250,121.31473654565278,112.5818772426727,91.0784272380746,95.11696798402194,108.80744233883571,92.35770878793254,99.58503629151599,91.44646610473404,53.18530310234338,28.81847325174781,18.42090193218749,25.842648129403223,12.394349160175835,-9.496861553393018,28.734434359596364,52.03470946229858,74.28076687843954,124.09254369232976,117.55456449472848,115.48493499535248,89.15907180114795,118.06340584170002,102.68844271152832,124.44519968079209
251,75.87073298271491,54.28661934094675,118.54610927941722,113.7446831700669,150.00786195257604,152.86587684123302,175.81923752986154,120.00052357865391,84.95134363990962,49.72154484644329,36.985256205849026,37.895980167076274,60.15279943404035,1.853604516194153,30.13193377504689,73.60480830628337,83.88867595634646,105.71828686570412,77.47293787269214,89.89832827524502,95.1950298492838,109.08829270203694,116.08144463472334,101.2120778405727
252,73.75305603593898,50.666732496419314,103.78361506858033,94.03786891442444,103.70517683830762,91.48239288653642,77.34018865719787,73.37840778851233,40.27767572266835,18.49947127767264,47.050803385630616,74.36686776328146,92.25466574792429,85.93412646669705,120.51385303918944,152.23085804011518,212.13980146824412,217.4740345109433,162.0257015544095,143.55281143441061,143.45527408132855,116.13485392146,129.8804336584519,95.42610392705335
253,97.07209867431453,125.48636274061516,80.03373876180055,96.1360335920719,87.17100300400608,98.52456264439925,94.15008136650334,91.15364231295017,108.70531190784693,141.47317747755648,133.96954060387964,88.77878622041837,55.137286993665406,34.74590511683866,75.62652395796805,116.16914633683342,109.56045574832721,180.17841151396908,159.10077385765578,111.55344655772865,118.42848379627411,117.3860974224184,102.13912612753259,78.21570990071204
254,60.25850930077191,71.3928176400058,57.07088385681928,76.19216623201777,74.75134147463584,96.85318748753531,88.72223549031268,85.29352246697248,113.82985308344581,71.63134097170649,63.56525125280644,70.21517241589785,38.1617126408639,73.11393387917087,96.68429802877127,164.72366964975961,179.40328722065203,149.7580242892702,166.01860281839382,124.66295130578582,96.27718722783108,64.17196982079875,73.28543478314418,60.69766975178438
255,47.84980778952342,41.815229785574786,32.12953185734801,27.749032103820483,60.1193932142259,92.69623762559748,95.35904460169935,68.60433175954284,79.47914086822693,109.89114180680745,83.68580993260544,87.29008079679146,82.26753731403247,93.47074437913136,98.66924678729484,137.62891841025896,144.64734260220087,174.13634209820893,151.37176578180987,144.78102225792384,141.19572863544082,126.81998152276401,83.71547183598028,18.344510897754887
256,148.19540265242568,153.18415363390795,126.32527980578453,136.91069846652368,153.74951153758786,168.46971939337374,165.0423485831933,130.2998717644335,121.53975168836386,114.50164047682193,99.94290051947722,118.72828482035754,81.3822880174007,95.82756592630534,86.69091352243782,129.4142313555725,124.64779556125055,146.7269732953654,114.62519075765972,103.52594277736455,87.03638900373025,90.67372078581029,102.83235483302143,100.74968451964779
257,91.86115297373885,83.1299631445634,53.453114684203896,48.24179416164385,67.65625291589373,113.9996884054129,116.97421684513932,129.2935734453706,120.77475499527083,118.76651700710579,116.29118499374354,116.93371097254237,96.73409377818058,78.74647311581663,108.6446685085385,185.9335600910266,194.5228242703555,216.45461982963525,53.866824727137555,49.023475584020446,49.87615800045891,24.090180949740002,55.45018566602886,86.91844652198301
258,103.25730902469321,82.94599038032322,81.22654824501977,93.31719907702588,120.58968366356187,109.23506946489984,140.27994792391397,132.36087861461925,95.12959482905133,105.07046307053582,77.96986746822003,69.9005646903652,37.17653168543444,42.77023293842382,83.21506050281543,109.12577590221035,125.2469669665792,123.13656747082042,112.18024441517392,58.882177564131226,80.0858266973981,67.72549329955469,42.84161092996811,91.96013605677355
259,28.097082882383397,16.04530713522523,21.500920258519187,20.861038407796443,42.964030352139865,81.00971616233426,126.15261458481228,115.19924588057839,131.81819827924505,111.06004489901929,87.61528091133353,58.26478886202023,70.7494696377584,126.20607751215684,112.57513217283746,142.84959469953915,178.6992926090453,183.09895166780316,148.7192803226464,145.3512260543373,141.98932574572555,113.19052828392776,110.85400400483081,101.73154920978153
260,54.260267742377174,7.92172620766172,17.867143610056317,32.61133977002489,84.21519563334233,103.34020421961677,120.16679696709318,112.37243430525503,101.22757086696664,115.49986243803819,117.77107034938302,120.80383097016005,78.49118982402916,81.69158027961822,66.42430990624516,80.8281161039547,129.12605748390715,126.86861392738862,145.89213301020783,119.82119216554057,107.91464699410452,142.64191224754475,136.7407789498089,157.27881514356017
261,151.1776043389636,121.21087398708879,124.24850153266227,117.96021023802273,159.1622452368445,137.4265569929988,118.42459932251887,110.71429378853782,103.50363762734054,111.14686013616,106.11943854647093,100.21874609028241,85.27603698714762,85.87830669981827,115.46307216687002,158.02694319596486,138.5132506146075,118.75970733232936,155.52969981808855,137.60366265809375,103.34825209594811,64.96651998087685,76.3040309633279,97.59754409760419
262,123.74609557210141,110.54249825109372,79.26383974551388,85.56905243519297,105.2838131361174,116.66002135384805,99.45986031208383,100.36775295034471,45.60014263597108,57.05446499428297,74.07549544606339,76.0492491091633,57.57573342977031,62.547228815042075,77.12161937415749,59.25005577183858,65.29189430737121,98.08359693850053,109.47233302018459,101.68006792727489,157.82401310480668,156.53514727259372,131.12238475731127,133.19324742599974
263,109.71448773720797,118.73167670427513,115.07156781550069,109.60677371492055,86.24749585701645,103.69994203994577,117.21643415899744,112.65558237901446,90.79922318747043,84.47547460006834,93.85589264030685,99.61252977797466,76.81478423368543,63.84326906885289,84.14286253780972,126.85466961797158,134.08195781007228,124.66677964285658,90.30628498086547,143.0759442393457,124.05158531955135,117.53848857154271,117.30696809400466,143.40576498620345
264,73.95812063218469,32.82174365608444,73.05605755409329,38.95448958561538,74.04055192154874,80.23924809837482,66.19981973026819,95.27706895443019,89.44483865858233,92.26321855218507,102.66115913370705,65.90666948891686,70.0917157794637,91.12963552204141,100.83203679922138,123.60529875698516,154.75967263530777,179.34918342241724,148.3081856024676,148.51932624230756,145.98129055588208,174.83556581218835,191.59538071771942,157.51674404588874
265,71.79721343841511,92.60682966166482,88.96035903232506,100.16219095870747,105.72033559279495,98.73720083431826,112.56967347837765,88.00491216622541,52.85703829683957,45.37201059385581,75.50261925904448,75.06152403715518,59.75411748318539,36.03606060812513,65.62562657731809,96.69094813108327,96.23314939769452,118.68998157725694,140.73871418634633,123.36271721587934,119.62534265853022,95.21775905325549,105.01166716104215,116.00696984795047
266,203.28907797114664,181.35990598345796,173.71947817336732,147.6046532900035,153.90323015183498,152.42961424798207,123.86455600423028,140.06839838500116,95.73191316238312,37.59466821952446,57.64890120878276,30.990587843160924,12.1564775284453,8.78078439689817,66.47308115419682,107.4414259462798,143.62846594093338,168.40973649827433,156.33196898547556,134.5974474152493,134.6856537579743,135.99029081331585,154.24053890518263,121.49175728659975
267,97.49275675734455,81.35893870696913,64.11693465536209,59.77676306936932,55.88993509248766,79.4186417318842,52.848956914877405,77.46263528553128,63.05521124735459,85.7498125838534,68.3641082945367,66.79575424848804,37.364231634047826,58.748945657515456,62.33473229096263,87.0105187097158,76.43077286935454,125.12292325548627,121.12661791296739,104.90658022281265,82.16381085823377,93.83034771748487,119.2307204756097,114.48290431360063
268,75.33686529654581,100.09809621811155,68.0413735278077,94.7718369315411,112.23087188253827,296.16443140459313,251.99290172471487,243.85749018209808,213.7525727208704,194.70071235278883,159.71409420964557,146.21714151865893,98.8905059662317,86.2339797764711,107.67108427046426,133.49286756556472,153.24203443795395,149.56810453217494,134.84296247404794,73.8657085869134,76.73815095119916,71.57487847980326,59.011780102704975,82.92489461096463
269,95.54984879004991,105.2844503237479,99.53215879659851,57.06154840074679,68.22195390566203,68.77923781535264,34.0398380082535,56.40410259324592,41.398521902277864,68.18910283633187,87.32786196180518,70.59017388256564,70.51151269685711,81.53164280688031,102.85420458161195,114.79829643066365,141.33722458700097,139.885574974358,127.52054702543472,100.12509358439058,104.49154657938455,102.4432004935576,87.59697391596208,84.87885892374955
270,116.17516983154788,72.88231883490738,54.84863733592051,51.44211117141445,83.2542125065507,90.50973323664542,119.65201214313862,121.79212633531426,66.28244714537007,61.357565151386595,77.79046915357831,44.954573832199834,14.783591315048959,38.90828419255148,85.21487077001095,73.48339615008388,134.02484900249377,156.61693501307033,156.56257456323004,137.08117898797656,130.20617396777737,143.82989116678522,94.53839986811286,100.82772202597934
271,129.22974929444723,136.39610065818866,123.46226038250117,141.17910033513775,131.39064598899034,159.32936201171833,162.68812844781846,154.20919815691877,146.1617449989575,128.61642821396663,128.8055464444033,110.40895896771801,92.2835820966177,98.58580661383493,126.98104902661369,136.9572865229547,150.2649158473875,142.7349800485993,139.4897445335055,90.83064995589561,67.76507829002433,86.64208125854745,75.87313573906744,64.6938494838873
272,106.98909542602273,79.23729154774533,63.00118100974367,53.37920376575234,62.42039438895661,71.45820782940956,133.88471919581156,61.64200024348065,59.36869706061276,77.39184401899342,112.2750606260517,84.42847161945913,53.35436459098523,79.892397817414,71.72000095584907,46.485447484501336,83.94742079006542,99.13000592532316,103.98016052629475,28.222430618304827,35.03924064120774,54.868950279943824,69.02371201957004,63.42597232772697
273,37.14639856325262,57.32006459977845,47.1497175693262,45.00762134763877,63.837320112818304,93.8034828541536,117.52856087575695,88.31134172976249,109.08002958761591,77.67023537804337,82.25626092416321,137.443544918557,114.31559147745119,110.24751592492427,122.12702598873005,161.42295627942318,122.41176036755934,101.53861514107669,56.02828610126866,50.56282085299451,28.272809564100456,62.14060824152251,61.95748638950156,68.72139621568009
274,35.61161339779623,43.86427827435101,72.49688841203093,73.2408633058097,120.27337856784612,152.0744405043082,174.1896645617308,139.07047003734988,111.63918251063652,96.0450721835044,87.2078944027532,71.44248349944533,81.44941110596613,77.57789183485963,108.66084593461652,130.49888555230012,146.09921102516762,150.85210009823908,152.59158440699986,126.18116208695832,107.47026043087425,98.63301582685378,63.3403193789038,87.90094584021067
275,120.47763782620997,111.39289405824886,123.27880178686178,84.51573761745904,95.82545815401538,91.79499808604963,93.72787900423424,80.78250923276923,76.111892827293,57.124475921200066,72.78679182724272,86.86493966783905,44.92885792807813,14.491498374739152,66.81991157138914,139.1196684035489,149.94949739318244,162.5095314714817,159.29420430150978,97.29883097645971,92.58380865060799,96.37646368628651,97.30989943902608,111.98163781087648
276,55.97495880941368,76.60114033083892,79.43223600186138,59.39815364624221,96.06122849816998,84.6639753006154,69.98440427235599,88.76797559124086,54.56999970512278,79.18974546461656,90.20519914830435,82.3339348424077,83.81996034611771,89.31575479255443,118.50280498107254,143.03481195426255,114.68045661928448,151.9598066238512,171.0735325721558,152.4667589143292,138.8627758021162,105.3807333710935,42.99756272657359,70.8994591793871
277,95.65734460264655,96.75483648454689,80.54681275564636,87.37876745070905,90.13245765427689,79.53140971832923,66.7379529793235,90.0095299834208,88.89970861474023,90.60762804168594,120.91328103215753,104.4655692322792,85.04264875776754,91.08264844585426,97.42485897847392,116.7859511460795,170.1135483113733,175.51957976085606,154.24936957456956,84.2457878974707,72.65269046107196,86.33919567259507,95.65165703861744,85.21085154723131
278,127.19016676285315,107.90471315356847,76.22426996186914,46.29943119512967,71.10944871265548,78.85004678140552,70.5419097256526,56.37251461667045,28.58442170929078,27.769226744462934,64.62153758211454,54.898861243884426,77.20054876580322,104.49765454068643,138.0651310873055,163.46423540481032,182.79533136389293,199.88918407988365,158.80560042212215,137.6652886926977,131.1985010877019,83.79986723541288,59.741997306498405,34.1906467882645
279,61.5848144805378,61.306639958133125,105.11842588382916,125.13936108869532,159.26013508232592,122.42393215772469,114.9353618833239,97.9262473772188,79.68781882450274,58.82535423158731,79.51775544886546,52.23494247131241,38.320622349074405,39.79626476606499,47.82397725737408,84.80915726942409,92.4510649361828,68.48347048359423,74.43673095957473,89.5259128367214,80.64288798695763,94.45208886474602,104.39141030615127,66.53809673021672
280,130.20224806284685,115.922753762593,118.28891085279275,173.96954854299042,176.54383635315287,171.5293569252106,162.02891727410554,113.85076315816404,111.20613146706586,73.50228975884622,80.50358068391644,69.24660171056738,76.80022465089188,67.74316967272172,78.70947537938528,106.49776917256007,114.40133060246683,108.50127577884172,82.16088483183127,74.1556108425645,60.06998251553313,21.62685609171075,4.816248520950168,25.676441101326915
281,106.2369812738591,72.21370605691281,93.53580452905155,123.18223808465149,131.05963303513562,150.70818548864366,155.878906018257,161.66915267985283,124.80631272119847,128.84104954352304,122.55633434546598,109.9680878765081,124.34514842124642,156.62166654846425,157.0472336907493,132.13524469719746,136.62455548320375,167.73169082872337,158.49445070902405,142.14215227503422,109.58848085410585,110.96288305494701,56.561803196549484,70.19888780779125
282,28.486824262185024,50.502438715495565,28.967385100229762,14.85965296382345,58.14617468017549,86.25236779932021,119.40392085853519,149.08538205260922,137.0921544113036,114.97362593232504,126.35893549489717,135.57730951970393,137.7609485834263,122.72838593632547,150.84680305327606,151.50206566795762,189.54084545499666,191.94637555418728,156.88159859999507,150.02652767137002,149.35140791892604,106.11877818098503,79.23934826947071,53.932873342236675
283,11.709790269537649,30.10994462187545,71.07798638733864,82.96373349693808,95.9313194244176,91.94397846907817,79.10955039295285,93.96665919903856,59.127630836283465,50.44198278515992,95.80554013785272,67.94003329444612,67.44170071475145,99.94878886698862,95.78673654438316,111.67713414468444,130.09062603872238,114.11768530320157,107.74715570232749,109.50816681795,90.75987186007515,72.16016889605845,77.77759034716765,76.459040501932
284,123.18809741208025,125.26105157389632,129.3263774419938,94.01017947179244,104.74927099862137,119.79614818400508,112.64928397087874,77.07015044460212,10.55097164716517,16.259578636618713,27.4970592997091,50.34565205297399,31.953623705547972,62.779368825017556,86.5332403655542,106.36093690742419,131.35129521692713,130.3500964263456,100.58310372487455,111.30681693759198,121.64145468201957,137.3835224888567,112.65658300148772,83.60682084811957
285,-54.98201855922288,-25.217624974673342,-46.48769238319224,-5.027069127089831,55.17011372418045,72.3296511231799,37.17195238247244,73.20327531707689,58.18623492026242,33.423577487643726,46.75557080556449,54.52424155078515,66.28259011747107,49.456401089122025,78.52658127687114,101.56906395885008,175.28025431769743,208.22612505927088,207.8679809557031,187.89411864573873,173.33276269131585,181.1965546716184,179.10978946185054,149.25002235118637
286,104.78648761301565,147.56891645507926,159.2206436251285,101.77739462230008,118.82878806103513,71.20928768023938,75.51406947565941,74.92475798085655,85.66089214800554,63.88693802551523,59.043282224340956,85.20692906670952,91.44014130083283,118.85065470566039,155.24047014093776,181.77226199662317,169.07248889634104,156.50953539513245,158.38950847876046,132.41541209545858,113.54296082331686,119.67503958355604,142.15522471053916,129.8632453917597
287,87.08049531018673,78.3765895837293,97.69027657553877,76.72869774547425,72.3657744158815,114.01202246391426,157.21837609955173,153.50925788372547,104.26950887027931,87.00994870601617,102.85050463357194,113.83329864810065,105.2257829149913,140.7006371345381,176.63513538667914,184.97072639237888,164.01490779582144,171.4497410053239,149.41967199095606,108.38288015676794,81.04586080227432,94.87665754635285,123.35835091709879,168.13556438326782
288,88.02455300261461,84.81846393671337,102.03816644690451,111.86888906594905,146.01961289049,150.27636500005815,151.36205671472095,133.36723895822462,144.7852054856348,138.4346514711874,120.6341498032617,62.396799792267075,72.15821366933521,84.6538940686826,107.2992330179409,156.50752122821646,161.93722098041633,174.21345807309217,151.83008973813898,144.6137976954794,63.605680768777745,34.96726646749603,26.92889041641409,12.318634589511134
289,34.20210761101233,31.9733353591213,58.07011004504609,81.33449281970326,79.83565452871117,94.96568889843174,97.2498674710003,111.66451533203451,57.20979845709759,12.611532326547803,65.40590501132766,51.12685465041522,51.11253989942426,53.07640704764319,64.8595904565095,102.1990601954045,127.53851211281977,149.22019335370842,136.35716077754992,110.81473358885928,108.29783208532633,105.14252886018971,85.98566950625265,127.96472574748582
290,90.5666053327678,104.41655590297728,110.50869274724494,107.74638991325253,116.35551871297156,86.4922447617478,77.38277422224803,61.901756245720556,25.6292917756075,42.69032428149737,53.767299860057115,26.0841844013749,37.54782324551444,56.01110925470253,58.13796697206657,131.42002908397336,129.34073301921546,123.35827882393603,60.16720544242543,4.195212674519411,-22.210163073921592,10.956801932174073,40.750864401536845,34.321556577091556
291,73.37866749915858,84.47342204527939,96.99288902159459,98.62260160859036,119.95662268158341,111.16019355969497,99.16550034121326,108.42852572184525,83.37069990535065,95.17793661347592,76.74693740953087,51.07866176398015,54.513388689089865,58.65695886931495,80.33428457157464,116.431081037301,137.18612928913296,139.65622282351484,132.035127527712,149.73627465171725,112.89417749229439,102.75027558550144,149.42260647687831,175.0470299997782
292,111.80819969897732,82.38376444352758,105.90582906464452,108.87359638517373,96.18184934718106,139.29151371997503,112.14117771408455,103.24806462111378,90.25797195066856,93.95655242567472,34.727268272354834,-9.446958493978656,5.128285483897763,26.763199379980747,44.893257583309996,114.00407304828686,95.78291804715772,132.93439479918587,129.41725746645355,84.39730504777022,68.57189810484442,85.7077584899684,47.108779976183506,70.72619415131555
293,20.957820971509094,45.53737668298341,35.1245129151318,34.541044038720656,53.50952581142197,69.42086146002362,84.9236289612657,87.12979765122417,58.53674518742261,45.03510590597619,66.31339178085045,85.19880479077801,55.66437121295667,39.041272797704565,70.70676056503021,112.20509157542061,111.83935352921108,135.47004486095778,151.52555788103004,133.28202687220283,132.4916344170437,131.05947932114933,178.1817066648872,112.79390405564746
294,79.49656774332396,62.308213254426164,47.76413586141591,92.84605436907466,92.54149269041488,128.55028045989093,140.3304810822548,92.3878853442515,79.66802361563197,51.13756273237723,67.58059242515822,87.26706177796854,69.30690902811186,85.66305210716307,103.95002061870319,173.96934791927646,202.83345969538135,208.5618880598462,203.4619605687138,168.0354272592637,175.8834370743687,164.2698524817332,151.8120970188609,142.18523417328367
295,67.1430755184453,91.62721115546779,61.36814439576384,68.21272624578562,72.03153952743048,71.3664810134201,94.12000709908222,77.78912278480834,80.54450852806605,79.11733498237385,90.50585626265945,80.61718478231096,88.13388736511831,81.32583652965832,109.84770783214388,138.2051400689342,202.56353404158313,208.64130480327108,170.53764287596425,145.9047851175859,146.67566506230622,123.95409764919958,93.75694395440343,88.8706288624688
296,140.92962129128165,104.42496427096548,119.37135246947462,133.49453948007286,137.06302801222137,160.37211713023734,151.35320420816947,123.14449779621802,109.55020183965961,101.58770855149575,106.02756516720973,121.06391284556562,91.58728365389109,89.60596570351811,113.09170008120698,146.33393209352536,162.73982746092616,154.4247452354098,139.05603411674954,101.65579799472981,88.96733720142083,93.8495694055062,86.27437651393872,90.518830560471
297,122.60448688350434,154.22145205540374,115.98306008796949,113.87268383613417,60.64215670186103,103.86200363364534,129.96896660609465,105.80055221213873,78.54287108582825,65.33150863148093,90.73007800247129,75.63049706800507,49.75431265440629,64.55694525140314,108.68188061722627,107.00203941262849,107.29842209118154,89.69563514637002,97.04820218254025,93.09251812497328,28.383451853962455,61.08111843820883,51.18175923347775,55.37950623653478
298,124.08156657472651,125.7715648256865,141.80729867015498,161.1044281808555,147.10349821413962,127.50968824394255,112.77161082665705,160.4093734408243,109.46397095085084,91.05838160834908,97.99016491547962,90.75055385121286,54.11590177989981,62.15598068089076,69.30496398493887,153.4592099131742,141.85885322232787,133.54513073408117,103.0606883423768,80.1211676936757,66.78288395011424,75.18084442729408,97.06658537726011,66.27337615069492
299,168.730066916491,117.74918405832557,150.32261770176441,184.44249316087252,166.58113962953135,161.88492360842855,166.02993390785295,156.9474155917008,179.17617694341146,199.11557253920267,126.76688186440467,112.56177299762041,77.61800503339168,58.84864035521978,89.64340117819545,140.11068201718152,140.52912060961734,151.35627807819085,157.41564845456824,133.39603204231963,101.53261195659982,98.52487885143319,103.28879049318941,88.48664887760575
300,104.49618170178258,109.34514548157188,91.17038001845766,115.79985605669262,112.6951471127617,119.787022660495,118.9230426141971,127.55573572449777,74.65261942628953,41.05964368611919,43.087150889077535,22.94544209181405,8.291152686615085,32.99711343431333,60.24030072297893,107.26062318979366,122.85005269412844,140.62248445904092,134.53836887970192,88.1017993599005,88.09211421694002,65.44780146535423,48.05474140131626,47.87729419735933
301,198.252884834729,191.21834709915657,166.82311695689197,177.76948424564404,221.74618905762298,250.0396865576093,250.4315193423228,192.64934400249032,190.93965586300948,164.7594425705705,140.69968040406292,85.72296641965366,75.32762271944264,72.92212548049436,76.2883661610409,101.5056759736045,130.6958162369855,121.71677613285621,89.68625775740209,81.40208547450851,85.269877665516,93.65021614988065,97.44343638293817,122.06759858871608
302,46.82162212305529,13.6684113421218,45.115506735230085,44.30737871668366,94.43644098897461,64.2050914497128,66.58068965188959,105.87375240874871,85.3371426558161,63.54107198433657,117.05583020409495,130.1934038123403,85.33940339460891,114.13791246530596,104.55788929288886,123.30683292871355,130.74911083287097,124.65694422645896,80.82358538404571,83.43188739239555,64.96085375535509,56.37407175993781,49.63623629010186,58.261414923256446
303,56.18865080084,79.13810343399571,39.83511128394744,64.34762618655421,40.54629639374756,70.49390352596473,70.35222722467321,72.22089559117333,58.180255559987785,44.570949772408824,26.52026685597201,84.06751480984033,64.25942981581613,61.421062126569794,104.18098366156423,101.37255374351979,121.60012933466392,109.02948706163315,124.86982323992096,113.87389095607249,121.42386391545719,120.7923625800611,140.5882629975996,130.34163883894158
304,79.27967757971052,104.02215374309968,90.19778167641853,114.79539048065732,147.27966776594258,153.8015990460516,153.3115326207021,120.99161549426614,83.33485085801605,89.08276847146415,130.24777137673206,108.16936699019152,118.77658254291993,98.07098009287142,101.28615169170219,146.24332648825256,179.24518541041783,143.36131547441065,136.72428171517083,155.74777967476632,147.0894968641517,150.55089755131752,106.65558510361528,143.59764137044465
305,43.15996468717502,64.61528548853713,60.957571275560674,83.5075668094471,89.03021496468779,85.45002055838452,83.54441945230232,53.05293813233368,73.52456145408308,68.01222624505348,79.67774173263442,71.57561658555454,99.35154537176223,106.8135126597792,164.68918254612854,143.41987382325834,176.3300000098147,174.44135829077925,180.98508417679272,131.02601982869606,162.6635009379969,165.31764774027465,151.74155225679254,146.48236701140019
306,150.10954420477862,105.58403191963146,64.54751405757568,113.64574687655805,142.15196134210294,170.3180864883991,152.11649923536552,107.65475336726341,77.84232877232583,118.27070056616986,86.71583002137798,87.68026992188115,83.118735299627,64.56561308974148,98.57289387595745,126.49064073909221,151.70605632285685,166.88201601421375,166.48491747104987,167.75613512194974,176.63268066953756,160.30165108264814,165.68247580449324,162.3520769442132
307,40.01330110471073,45.89297145742446,85.56356538556443,95.56799045608014,79.82690417667979,95.2304436462695,106.57526427563874,74.6168055569006,87.7329280007992,126.25556217866523,76.7530800392806,117.59575644109708,81.16419507704717,69.90281092106926,81.16002777767001,125.02490066355263,70.82973392039153,74.40645647483092,90.16993617140479,37.147301321231126,74.3985474836582,62.76801075511498,65.5782551948036,57.002987206921475
308,45.371850347836656,66.3394768760117,94.19431381065473,101.25520916365116,93.08669895278837,116.64642322261687,130.8348070213682,144.4376524054864,134.03166272945796,68.05316782000193,35.259313237133526,61.89893988154283,43.63472628146555,64.17538093589445,89.27913234178905,155.52672009037212,170.1938772107124,162.1756525783008,125.16121461099429,91.1600831914181,93.23182996097364,109.56807430079631,90.35833206303569,99.70156181435753
309,129.4275876669766,98.76983189458446,55.85426603326064,53.49271472430792,62.61065761892011,74.05170197434458,47.78757671047569,21.757970500386477,-20.132578822716283,33.4488105548877,74.76018156608416,60.034140936003496,73.37153718040098,81.0910309666489,111.79148361789757,161.7778829794063,171.39705869830766,145.6147989143494,99.15288769158848,99.07718568938066,89.6032129624577,80.99679407237677,65.23385529796036,18.780979970761237
310,50.45426170158515,12.579081857139187,13.35137365000648,39.75137329726403,74.123762269004,85.74387749865244,81.07234848225012,60.51789626508725,34.540893005888336,42.299453388198216,73.32976404420614,65.7091104706061,22.50164802384451,15.024166134849509,47.33599047687714,70.53088077240979,92.8910387386343,144.55346977448818,143.62948127550015,118.45020304106478,127.4228116846177,97.99683767410849,110.11997023813407,90.07433754301032
311,164.301154106846,143.94812832022674,155.19179717975754,166.87352989325507,149.14719145995483,151.47276951130826,154.57503922528372,91.0582347586428,97.37203225753235,81.89590443966209,99.21879585768818,64.52144894482103,37.422118577432116,19.77437163230801,53.444965457169225,89.62536318900835,76.16128922336412,110.16365584010921,104.315258443114,110.81602748643077,102.13856822472357,111.8497691807701,144.40577640929394,130.61773192562956
312,72.54996658291749,80.73279800706992,95.8507580038725,89.61039943330796,107.69948659540736,119.92776980283959,80.77372195297096,133.4310039389199,93.33498798284276,85.58138669694993,122.11285204681765,96.64028218998979,71.1168666183732,27.634060217500256,39.059151746965654,61.6311967041853,72.63395334401358,144.60754537153676,110.70927141568839,90.28500429012047,117.64372755966465,140.60861475761112,150.52809205880976,165.90960850638618
313,82.64501748765693,77.23066096072667,104.24914412833824,98.05284729486263,111.19831146227286,94.17630219290228,110.883496271682,106.29574994858609,75.62792489171142,76.74464487213879,75.44880866826576,49.41934828712449,41.980108080472284,47.05468843005984,88.34676114730986,140.95908295666706,125.18658242768979,87.016784114802,43.60477371056126,38.19727816465047,38.757998015357714,88.88990315609394,115.46720032925717,72.68415268952235
314,10.07663340068467,-15.484706852610927,0.1855526943153336,16.198641662672955,43.082415538931045,56.214269258893985,53.70939134529656,80.42949914346238,39.77384195624181,43.22922627243258,18.78133751668353,51.334172135871746,6.492381596326929,32.70804549029162,66.44719744616243,122.52542975478491,128.3002895660091,173.37877767466298,133.08006975401395,117.60868755053693,83.08410621284253,74.91588740016944,79.10437519424717,118.01090032922221
315,119.83149321762815,115.74867482504905,77.1448552494746,95.2560669927232,111.17839144908216,132.86352796803166,165.2745703355422,114.43669172689732,99.02646214628062,116.91476078508062,150.1844708007801,138.61923436738056,107.17370356629596,136.86372463945355,180.85719602727613,168.87351010092132,165.32703070301454,183.67118008276773,147.6874014357296,96.02011254839103,98.06569132383845,72.57665375792268,73.68593018388022,61.44986109206508
316,85.9753636020344,86.64077146839061,63.12090396002718,41.77255519642633,57.45098363791095,81.22649930030408,68.34796523203984,108.26379723674343,97.23116145035073,109.33205579724256,81.6572252389092,60.69126191446041,46.283206344565016,33.18937554975581,76.18798460347611,103.62173173344712,136.76245710797937,165.81130590836102,125.05989055022732,124.53342330224659,130.16633976967137,112.69581240566052,129.31780347696565,145.90114392764286
317,126.13563998391383,34.88298487647043,37.65278123941665,28.50542396036397,77.28551009275202,123.44367738048024,130.71028199914497,132.8826073164618,131.08350600720394,100.8519145570528,113.95481458041266,89.48334323577691,55.8755291332243,40.410631447324334,54.851884941714644,106.9620058702805,133.2458779764171,121.3461326108406,82.77689788154971,69.67307917287258,57.42608329602306,35.7952716402576,81.35629007273766,63.48202430412074
318,124.74745990247406,127.51457199244655,127.79288800983244,143.75218865289696,128.7264396618687,130.3114794557606,119.99414132666004,97.48936777342952,82.50209515721508,81.23033544722153,97.57664896943356,49.6171130538539,26.34850588623133,63.335446100325996,78.76226703524978,110.69507711569872,127.99195075593886,137.2136424959522,139.99834436271976,103.34809456161946,133.57850921315313,106.4799561013883,96.37432816256447,81.3507940661826
319,75.46961516262503,96.64885118199138,101.6153912293476,119.29057141902481,149.05515957307745,134.96425293682083,137.8713965662109,90.02282451398658,110.75049981011021,95.70810591926949,108.97531975346023,97.60363350473533,65.40012179392536,44.057766082228724,95.42980392368848,142.60084997151648,165.68706289648867,159.86305217226715,143.78682677116882,139.84902129590105,124.47534076848429,136.59938266267233,96.51970444149117,90.54643493683038
320,122.15642738627159,132.39808445203496,132.7331753069391,104.9230953938259,82.20728430761812,74.73499266986752,74.48074194364689,76.8438691961202,46.78120829655827,-10.651429661815982,53.16582926632423,18.13727104043315,63.40649109987298,71.91382714036146,98.47555648333507,141.10532823893004,135.83864197624348,142.0469837674835,113.01809990270228,93.5724096326802,137.41326760998362,97.47963268284732,83.04148983220172,68.46386699670104
321,107.15552974813221,132.9080993858334,76.93407526705175,89.5929038765112,84.7450928656076,100.16752164806032,131.10845845474583,132.3645671122053,121.75844415366035,98.90292952368415,74.05173078245818,75.62230213499765,83.97638563595635,85.80292278359124,99.98123006763257,123.5437938253571,131.7157801651186,131.41032376583743,132.05003820380122,108.64773289778083,88.926565452221,75.29237187977895,73.81992802473039,68.16935758277299
322,68.84831508496546,65.35044674002087,56.25820471586739,40.7881870558016,43.21797322028813,56.163564601083,73.513476402826,71.81274936389806,63.227465267787025,84.21165748017917,77.2387606100235,55.75070530572277,91.72385004556556,96.4909674182972,75.56002556260496,147.15282007757037,164.1968120926096,164.89454382656942,126.00604891157991,13.85278384035692,27.354123110458048,50.08130262032833,64.44964753604054,61.95586478614837
323,117.38266669173694,121.02211310851344,131.8761342428678,129.6553222596342,121.65198780492167,118.26991285789283,92.52408024953132,73.39956245428196,31.223036681845386,44.131373321153816,58.48305407558642,51.488807876557615,66.35546007439608,54.818219363676846,57.9283824425985,76.61108863563824,85.9575650804086,75.78383536221504,52.56998219565611,72.6919788181804,63.792987544268115,43.65025848872985,26.25849827045073,60.59129793764605
324,148.40238353370046,176.77145116755383,178.01726436330605,148.403683029013,152.8508810875892,172.9567745168404,174.61476878955767,131.37351820826544,63.276783803671634,94.85384029699267,130.5082570124375,114.2790431658573,104.6022704021153,121.50915079814271,163.5733421818794,226.7968918299153,223.7382893083228,188.29270631791243,157.28590134278843,124.64711481823001,117.37352222276414,94.12153463389687,99.78005347062903,79.51524937592691
325,67.60188478011844,75.11242942413116,103.53441436216703,99.81222155481478,128.06169980278713,112.77650871806351,106.31035993486128,106.84383619513925,90.1039788343436,73.04905362352287,55.99811980948163,54.90602533422832,47.3028364696538,50.70608659953474,44.65843052297335,62.672812644103544,74.74993241079429,104.95238102208953,87.15318083784562,21.588129917779767,53.111247960918526,84.68782344851769,48.46451188184372,69.51086416730755
326,143.91425029636068,96.75893018273048,109.17027270403693,97.8735406534614,141.37746511391126,152.0086011959725,129.63677267859464,118.87101547138612,72.46528302185757,46.09717430855681,36.16502887452291,70.77352736016536,63.35566989782703,55.7633276236905,77.85421302218454,117.27279124023764,132.4106987255778,147.91749094016964,127.7642115523655,122.63236568671215,114.25017859932248,107.57127335496308,153.59702449466283,168.44850905103493
327,141.83188822508666,97.23907399004925,87.28030006052057,89.94657922216405,124.4058412565629,159.2552670693495,169.29456600849738,153.5956314849287,167.4734962940801,163.71494934129925,128.49141497584708,148.837241356873,148.3381254683223,164.9990222882848,172.65215139193333,187.77829124127186,217.78130345401394,196.99246140311465,185.3690228752194,187.02931275545865,161.01986003455704,202.83030293894558,187.42997543169372,116.88249462195023
328,84.7844802779273,63.84592632417392,78.39148013703769,88.81979501494122,89.4974099679269,111.85364480234352,115.10830167676184,105.5673036099648,64.04412151238681,107.18055965753985,90.62968585798174,58.7073201559422,55.51751779248773,71.27980882429938,73.07357098357606,84.17483338101566,125.1251351589764,159.07333765990666,136.68952375687533,87.01028906325534,78.46394228432459,102.30223148549769,61.798372475622976,52.71014315617873
329,86.6162776482348,89.60101226857124,90.38386269457895,90.95177245619034,93.54683229369122,115.27390022618569,123.56708357307149,102.04342464102173,109.60103262722956,96.52734900115505,81.58537658620992,80.25978538053094,98.81331634350553,118.96521980103174,147.28461045069864,138.1468556491087,159.0732791591046,188.30132393670283,153.1248654472977,163.09574998757756,151.6738215116716,133.96662571269565,125.49682709209218,131.58531412805632
330,84.48852665095015,103.07677239856555,96.55589707022031,75.74091388945342,112.13387875503112,134.8518450137631,126.16429959300986,98.06516523664135,112.19700166086275,129.86634456034932,109.27908890953745,129.50091588777883,87.44455804331888,112.76624416641268,147.26918054735205,125.19507326569534,172.47510528471568,179.16378897034787,169.20161207547557,189.4573858578393,145.13543362129195,160.50383333138805,142.08939473905872,122.39105390686368
331,91.88526580355881,77.31656232537046,74.33875676671603,60.92050354501777,72.87723084106631,88.72037742196018,98.76788333144324,73.89805160159602,78.40703959532082,52.87146962809624,97.59075654004036,108.48550574036508,109.43234443028324,85.56884326393171,93.31670469970102,76.2457840965962,128.77080563616346,169.6170801313341,110.89603033633959,104.46000682686284,72.65993326832361,87.0374240047117,97.21869840388877,78.51881546159024
332,92.96192037686937,106.46498442004948,96.91430070733693,97.69222100853267,118.02067081298435,112.08312876992976,105.8958675816983,89.02324771705474,26.18830734535348,19.994691080481168,22.066597248150828,8.693589881052297,14.371850767628075,49.653705169513145,55.05182397462478,88.02858880928864,141.15857068233427,172.11473477282388,162.68820987966495,131.91968814001586,119.68257708127315,91.84883467836485,114.19470637190668,99.93665602622134
333,72.22681789100164,86.38723776640168,95.8713442845592,57.0475100413412,91.56670026522042,122.9149526510983,111.55655658739173,34.429425625623324,42.74959258005882,78.0875172090388,98.88309824513661,104.26773217794204,106.86902154561614,75.3556941690953,123.27810083970499,190.1761737104449,195.67309200766985,183.46182702279836,156.83508404943956,128.97700019068557,105.09276411003059,104.3507190653562,113.23684715724688,69.55424852881174
334,191.8387704088782,154.52254122175896,135.50738799623946,113.90165361380953,129.20162131927094,128.36358854154216,126.9884342180599,129.70892907117027,73.91870364542658,77.83258906204053,52.39376496818113,51.49685778741696,-3.084364601582813,19.089763986428046,39.672554263750015,62.21636625722151,79.16224710833876,70.91036390278273,71.77826612886174,69.82207186855481,49.43011390480821,90.25680607613027,112.06593999543067,105.00641829383751
335,75.77882476183828,98.33789405882818,101.61027535812104,106.37360574515796,108.95615308530823,105.21050473042705,139.3949276131621,89.59568809748382,64.02553765182316,74.53629565810162,63.67814242977656,11.373661016633484,33.986581403277015,76.6265426632655,79.00554614522916,111.63737850196958,146.14655224879883,190.22795796746107,159.2629516134661,173.7717125842837,170.33642920644832,141.80404893813702,96.04529409107151,96.542006300827
336,122.19287752708135,119.72446146479925,80.69377093413931,84.32802229663622,108.60402825758842,129.92805742833548,157.8920796618765,194.04076153070594,177.17921003237268,195.82302755863157,167.78127214050983,126.98903353140122,137.34493891041228,139.52471038486595,132.38537347137668,157.3477570015308,105.62168030338145,124.29984118640772,144.048109735199,142.56404102988628,163.9188787226937,143.73239032571288,117.54212543236406,106.21013005771884
337,10.31981835025934,9.492255241684745,73.1997804063441,63.32442651753823,72.69451759455859,90.12303695531384,85.78158511722374,84.7004476560625,23.883722078247786,38.033948584869115,77.4553140226672,58.763706980138636,62.748857775328226,28.032655020592436,84.30755016232965,146.26074578164776,191.01738259800294,176.07180885772237,175.60652457920526,143.55882003828125,95.11728744549451,97.9029427508338,93.95627788651873,104.04090942181705
338,111.17638145359098,92.62195851766202,82.60511080086533,111.67506242509825,155.98475083639153,189.5213203544689,192.67367322248492,138.99367699671438,60.501607239177154,103.26317722976526,99.59667362989669,80.00766427009759,68.08094702178988,98.26525338898345,140.8936427690124,190.87829802503177,206.2785838541588,192.67334767712885,179.02969115122207,163.06453780957514,122.98555858209352,110.95024787426195,94.58148814004637,68.71758788626877
339,95.19032232158301,54.86373468579901,58.89210048143653,91.78807715035946,113.83112492846682,125.3527311703326,164.6005485255953,115.73008198896136,90.32168753006943,79.67748723707054,58.38312858490083,25.144937326954988,11.60862765677279,9.962721977630494,56.583925264939175,122.63465152262611,101.7547613318315,123.22131379907992,107.59281432844656,95.14816265326422,108.36926696363072,98.02903201707208,39.2616851822368,49.136519607620684
340,116.7583359710107,131.77293379507455,171.88104855658565,118.62639557483418,128.1128088495598,114.05912135326396,92.23891727742881,67.82038955605694,50.85540975623724,75.516387704278,92.09446868355525,96.26657151876073,83.64873007505216,88.01571897987083,127.33239680778868,138.7101828288462,132.4485484476388,169.93558646540893,138.77023032286343,109.13507314183519,72.19189089894299,86.0725499990725,76.46469577880221,61.66761357753728
341,87.73943978365777,72.4515073641851,53.751232658880554,30.678311219218983,25.095950777688245,70.11149292587994,100.09411257102944,83.76568403418358,44.02447438143191,38.62246787116431,36.52017958585024,44.96945078983395,60.94703418895112,72.72120899004899,80.45628220361883,104.65714545756111,106.73847289662862,119.95402402028121,116.1415219473173,79.84491676418716,81.04468856678452,44.11646608774008,68.98258021033007,99.77837329519058
342,102.70282026441292,70.94010413319329,61.72486820500232,80.81332998110666,79.37104803434693,103.15077214583526,87.01666925240315,94.37532780463293,94.32997828226132,81.85245405469236,94.05289139391546,53.73200991750995,57.27738331861143,57.93000647362328,88.8413837296285,91.99463709850363,131.4405903179524,40.9939456631664,30.436446805057102,81.0131075990963,98.74850196208875,91.55330932389717,87.54482950465241,76.25818716118603
343,17.417472723290658,43.42822357657745,49.71586718747794,64.84630905121813,101.0469395278066,128.26954143474288,125.1311606354341,100.87590489753121,84.10723906576283,68.73709701953362,65.66627291569534,9.157783090309664,-1.4421978362932535,4.940453547981164,41.8459116514486,83.11855084163393,128.20775607837732,133.22514664720413,81.40897813152787,85.66861421608647,93.3494559005215,111.45544443632184,107.8736039262966,108.91238578782085
344,81.2701021249173,101.2895554117781,95.08108542510189,101.10677991550516,99.24104437506459,101.69050926562069,95.08966217066643,67.28776519907763,125.18649131694397,151.07233507834522,139.55299698330865,108.62986694892581,75.11198353464769,55.49152029481435,5.015358728852377,38.210076907001536,92.90162119723568,89.0823737884576,76.91560746948929,54.608378339529004,65.20046073417518,86.28630339831797,85.50153589941995,87.66293262470678
345,21.667256820417222,20.493505031629425,27.238033151115552,52.18096968349782,91.62275228310335,-19.277591874715867,17.46184908340274,1.3643101506530968,-49.517773869710595,-51.71372591898725,-7.46546537501402,6.460337280346245,-0.7512009880365369,51.598672598685205,93.46500812776905,148.91109622166016,195.85312508519485,169.879222714192,125.92499952094889,112.57599235877355,103.21581838721532,123.79934919788734,130.11314529687917,93.75451294301868
346,119.98863138262435,116.25572619769294,100.13300919387197,57.831426633658715,65.3120928064479,78.61772117886002,26.58897282624696,52.78804166734667,50.40688299178046,60.73892515823462,41.071725698008514,69.85462124793276,36.343890738998354,28.999893219081983,73.20520620305885,114.53986860006785,128.54911951310228,144.0751069356596,160.46984348547943,147.04481647254974,142.63150746865963,125.2690123315584,143.30162484959072,138.3216959096804
347,74.00289598125673,73.7207262781891,59.56490157372167,92.79987164762056,110.02280604362879,144.62497695518624,177.13492628033717,129.12300954264268,89.36352821098971,54.07982668169931,67.93224127404983,124.4781888952572,129.60549641098424,112.26691687000596,120.39963829793558,149.94553225721924,163.85100253525738,184.77943694594845,149.07482807579535,145.04978757235057,145.0571697614492,165.6897435465615,144.08214334996018,182.21995824695836
348,95.4437219920327,78.09137509474118,97.84393596328215,73.2603422120205,82.20158149045952,98.65229803892652,87.50030194688497,102.67867788321026,64.59543387389266,65.51166599901319,56.796752063820136,35.23111982849508,41.955922369650295,31.261601373428498,86.10353727109899,124.06068194410174,136.86938439451436,152.52773019104043,144.37207505463718,114.09257556182745,83.42901939412363,76.37305683730403,76.80675541659481,91.47434809838246
349,130.21269627815087,105.94031519332108,113.31439443488729,109.35152290543414,118.67026133863635,132.60617061883295,140.7420124071113,138.4128617344095,100.13275369175982,109.7545468407438,97.24249273848142,48.66469692453883,43.167869588593405,97.80957423629337,107.67852891538868,158.31622873295112,143.28424754715545,116.2933972702954,80.82947072981358,79.73549526387232,56.570959211224476,71.28774884155813,71.44918368917422,18.195121946385015
350,79.17001988665454,106.95159419411334,112.84583962078388,132.08259028085604,119.85558024551875,141.79066052250442,149.38928881584297,154.9396028409625,133.18243143068656,74.49089284865917,45.80762725490569,16.472139474764425,12.538887674421098,7.122510996784676,68.4355305849814,105.51789078984358,92.73394993945584,121.59957434126292,113.31756641520379,109.26879016834229,52.92767145559919,40.1313867965336,9.209391240338022,44.46049261158229
351,81.72249172541729,75.31381852067933,71.44345924481989,72.30713552301623,103.00599707843266,135.36692238467916,122.14779116291793,107.98077709018702,107.51516062057084,91.98833521235169,52.99464788767621,87.35789793033952,44.774959479505355,19.00259719874125,20.383388304766584,85.37833455429812,120.96333335245444,148.06861652743513,144.65200070254633,112.712940390049,157.52012507255037,119.06899292486627,99.65399285303339,64.81525700488038
352,111.58710464882819,101.50834339087726,93.24449139671816,68.75026679034713,43.271407832416436,99.81281437846069,89.75812343590738,141.80726938234127,98.1021186810275,100.41890609002218,83.17949245082046,73.13125603624225,73.53791212867006,89.76734608600503,105.9441603131035,84.93718536417873,136.72194225538635,167.66246688462368,113.51502114722649,79.97499962840628,60.17239525930038,119.66869298939082,119.125247652958,136.17474351287558
353,147.36493128035988,100.00548402339774,120.67615710308829,93.08302952730179,100.43079182687534,115.47487802200364,100.58062730973738,90.5544152503939,28.531113153861256,35.36062580666761,49.00537394040886,40.78343762938624,36.96807175543222,32.7775967296021,54.06127694384402,39.04147903909033,57.14095035790184,66.3886240410331,60.838816544554874,33.56151330879159,38.35958598580548,55.772561155474335,103.48666634337653,96.93282173917062
354,107.27945472883437,110.42118620207074,100.94563405756122,109.00376514744215,161.03206367757616,148.57807601093043,148.18038997007358,158.98472667030862,107.86899959508081,112.7672109601304,92.39581491669739,128.3495969882395,99.83856381448771,104.23019086460323,137.1482202420037,141.0406646530985,131.34702583606762,168.39274247150732,131.40969205672974,136.39277055662097,102.43184178104255,117.23539948274573,150.706357765005,123.2593145774332
355,86.0204431732369,84.53654703736065,93.39377793774996,82.16653668040944,96.43326088831729,113.44102111125915,125.2396426172454,110.29131973240943,48.965677721503134,80.5355757880498,115.38309541176582,104.0552262596937,102.50037047476138,124.8947104911999,108.98605566654902,104.43824202898912,134.74450171041067,163.2101796847278,150.75007580118998,133.92336395674192,122.15025166466202,117.08301005786366,109.52518276053998,108.7595033329383
356,153.90445005553164,73.93772766923954,72.16610567988826,59.168296393385354,62.17951014882551,45.075088010465564,48.25686276214665,84.41967347922557,84.16364796241936,61.757759341775916,1.6700062210364308,-5.302815651668311,-9.200292543033889,8.51898317170643,16.41564561243318,61.11608846860852,63.232295089658805,92.3753072868824,73.86561903647566,55.92959127779626,59.9548450124212,81.5304230283891,88.99649572059242,88.88360455152926
357,74.5399831672174,49.69576378414754,88.3395288794161,84.25281532356595,64.44058355215887,81.69364321547246,95.26414833306234,102.72256697927298,88.51956941812765,73.70746184530637,102.647658722478,120.52327696396328,111.66622495525047,86.64194861493377,110.28174372037392,138.639074823182,139.44312070281995,163.72031778011757,145.61355957991097,153.8648269917077,123.29804969647952,142.2381315824769,143.01870964653472,138.21668883452173
358,-33.39398702930907,11.556710973511855,22.3411137594058,56.53035403061905,86.8099948441077,112.55674527935935,127.78551622166427,84.92795931881885,79.5712568847979,84.45945788268804,83.56852796501134,91.29017559347234,51.94736250858294,70.30332532864284,112.62761731136378,139.84505888913841,135.2779984447347,138.300627457931,131.43578716709536,108.50408849894634,126.70100235156326,63.936557507467164,77.96051373497062,75.76495808179172
359,75.40464922647288,66.78158745290874,98.48676833413708,112.63796396596068,119.09811575090364,120.1304894732095,156.4962618280856,157.50106405115508,93.03919485177754,67.64218365943022,45.00309051181246,-6.06360071188756,-6.6081573323450655,20.021366960170404,87.07848107433179,118.57103204292356,146.9477707007201,113.99361162787079,90.05043456653274,90.51242917576415,115.79608998071349,99.70226611480082,98.90669892640824,103.27697701697178
360,62.31822562666814,58.76173771024453,97.07502611307592,12.960586728374778,18.500461446013745,25.999010880255,26.039489321459584,13.944718622860876,-7.0432627378550166,11.13707675717528,35.24488175744772,15.002780545411852,8.579123087029778,7.986221532721743,17.705781104540705,57.77564121437452,91.82619087844093,128.71917083086498,156.11864407758492,134.6744381368854,100.6311794792709,70.71294709796973,9.333586824351755,-24.21076139668898
361,103.27866997868203,59.56745911744859,59.70608899041145,64.07828759470334,77.52601513317164,123.38759411527845,114.60778351926496,55.31079810015151,6.161193842855624,-1.4699927885231574,-7.427126082992672,-10.458302228349822,0.4652958444564135,16.402698406040408,61.067245173721716,83.67219345660843,101.19086756130307,107.88642674704224,137.58903157096393,118.54723800271125,141.71801658663813,117.51663930100435,145.14968406319895,127.80421054773596
362,56.35330202664994,49.652097434500185,64.9066654141784,87.74859058269905,98.17969970937577,105.11085009853849,92.85306781503976,66.33180581000353,87.23930081780748,104.68312588363375,117.77282329257207,70.75899095269358,29.78028918088429,74.47992337168382,87.45891170104929,109.69854601452715,126.69729754754727,164.70857047065834,133.19063796040874,107.62677125614289,118.63029416806035,97.9060342681669,81.89626868277252,109.277559129599
363,79.9886958680136,79.39360185214512,101.31179614712192,109.91008242118244,127.38649877685322,146.33243518532598,178.46361937445698,161.30253997301608,124.30063853199991,154.1255007220009,164.978677762375,126.22704439328342,65.70003151307137,82.6664947717119,149.35948495789182,171.1539071920847,86.35179947323182,94.62784436935485,105.32403230307726,61.82660814608904,50.072044743945455,25.977779040389976,59.26580019618032,7.437184340183407
364,119.60633306775497,82.29580899694805,80.21791475876375,48.24509532794637,41.62430680193803,71.14759123863503,79.49928356721401,34.17630960787827,25.746543489136023,21.469408866912516,33.47475035617716,51.27333933338713,50.85607211990463,39.13337275799393,22.859421294474473,28.81972097195512,47.19254481405787,97.72427463666966,53.85429876852601,76.69274820223887,49.02830502393997,57.56684635783564,65.67193715301208,98.08741563565214
365,119.66502881235519,102.10607975299035,93.40735502776869,98.90469311098136,120.99937443981142,103.45180778667489,87.8001308260481,74.70337462055335,51.006452416027294,15.474730205971454,15.748676233798086,9.878095680850784,4.888582831438995,33.34383599635062,112.93003374084867,132.51951487648603,120.26404683677218,147.0776267909719,132.93902182830635,130.32056517669054,136.0251907901132,125.85542117006868,114.13989594595392,49.85684783652983
366,26.199201114858653,32.625983017480806,49.26631016594167,56.833125695929,83.12741156272995,124.02602416457054,101.43455238118696,39.71020185812813,28.812190329655294,35.33846025116932,38.61748989835665,24.931971904885522,20.46876132241129,61.11160491682057,80.1870479039768,106.49424817998491,137.59573291800672,186.39978290571685,238.01946837287397,221.9903875910994,171.1951926190353,154.6598300569249,118.89333855610857,88.62556743324342
367,77.65317665539605,91.63024030784565,98.64813585884099,102.02701092101398,136.89469828187782,103.50201192057185,94.85880367151606,87.69675574485673,68.9812592627208,76.73144485574954,90.92412046910516,72.75809655857353,123.97643807784485,137.12520324427354,138.76888210810685,147.76645572480655,186.45059635118793,183.91155772384175,89.0043679447607,91.86569141820337,88.08452056692983,94.4915450177218,79.99632916703594,55.46434419966609
368,56.573910256909045,78.39533355975232,109.37973713330662,100.16676747526745,115.05654681777104,159.66902893961282,171.24234591533087,169.45165621016383,123.75217884515362,100.46657369704064,70.60616899752819,54.62099198599687,48.50849215919917,117.86301751420618,137.00360128766772,157.57505393191911,203.85127458632036,231.98016912031792,177.71738961203948,165.09397245122187,139.02614194247087,113.84170966831421,92.29526299936838,74.26861331863745
369,36.20414785378122,61.66445296393362,48.50060564496577,32.69428054198332,34.88544321034314,75.34034297640599,92.1310680796077,158.87777167119697,144.80150872083743,98.48133150847896,108.66912241044963,109.72693022814008,96.71196200675993,119.80262425528578,126.18806325550287,144.74595800268378,148.4460633928411,150.63682135931765,100.44533835753685,60.33703508442349,60.45096930914491,48.84063139345908,33.570253582507945,31.93131648950144
370,154.6825393193365,87.64271538722113,77.496070839158,68.16330570147329,91.71629762964142,106.6392778567835,119.73507388444642,79.02092208532589,57.34104119557075,48.42037963537901,36.19832288990502,7.380741080014715,3.437343740441719,44.52312689723421,78.58015639581069,119.47304938093187,122.48708105955488,144.68559341744307,146.4127781367795,106.46227307455305,82.36711863924167,109.03538672171327,88.95883628726475,60.61004547245412
371,30.411476132768804,64.45480904667515,79.75239387711613,77.14698430701935,93.29549123456648,130.59399168792402,120.73040666464154,95.14356106235677,88.6141638303927,58.47798721356096,58.2009526378184,35.20771225362243,41.24006673736546,52.355267841196195,102.76167594547724,155.9497545550278,165.11534243066967,142.87040810201842,152.47695850169885,130.20249733455833,134.4321896091827,113.4528900174733,117.76625894747366,132.3081229228639
372,35.97954174302023,76.39364942586965,57.18786793807678,65.27476762326015,75.90986548640298,84.1937694760856,68.76456966431066,81.83995379310022,95.65654178378163,113.21749911694917,107.75986131691919,88.65824608993579,111.78230832988876,109.0696448980087,145.01150067467023,139.8883417060562,190.74105972117064,193.04883279420346,171.45610924244397,159.51379999768102,163.0008157924776,192.95428511206802,164.57871516679853,166.99375190417584
373,90.39723912786988,93.47141847062235,81.49809190477862,61.21159018716983,79.89738593851573,136.5153063624007,126.60567702621688,83.33612714918647,93.69005471923036,118.55561977461852,140.0349672981124,97.72144967795188,83.45807806371442,56.2852796899363,76.36292656254045,116.6055519265512,145.0128007696205,173.34378766889984,121.34005845782188,86.62276105338685,70.82723532620896,93.55554105239514,101.56298794625057,60.44263440346157
374,71.58840742367066,117.36109103647044,101.78011118152509,111.55137393867712,117.97767737156275,145.22179890634322,154.42565049891152,178.7423442558649,136.9098201236166,107.38644184610008,101.13022861769153,85.15070108047956,31.572774087313878,53.42137217334029,123.25412601336018,139.27142090574105,132.3832553350789,131.9274300062586,116.96331674230835,81.1033044639066,103.60336376972873,109.01426124894151,75.23192289347375,94.15859427331144
375,46.25708590294211,82.46095407596552,59.46150943832008,87.56214870853557,84.66935577814908,108.90823436908025,105.74907699841111,74.10209033375259,113.17798560907245,91.50887670262628,110.94992101620218,59.3767628432107,80.82141049161658,92.7617650423109,159.59809040083638,161.0192050112675,183.89364563364055,159.31699627460583,158.71570618508727,141.76063029386015,127.16955055348923,115.26073085880694,121.61882643955417,89.4780642387196
376,96.41049393047658,113.7310116837326,89.83853233521727,97.2880753024999,107.56824504038323,101.06032800472919,120.44754864041943,107.90558576117212,130.4628806391264,117.76821967527819,89.7965350929795,81.59255149386935,67.11767794667898,72.55691481163831,78.89343777779835,111.84423621641696,128.69666064951485,151.42825775835797,149.21143929213048,159.5918880612428,121.19622144191386,123.64010985493012,106.94460608036387,54.162796387885784
377,61.66088722570581,57.67616006511761,62.379867701269376,97.90160740329816,82.03948613070477,106.81423284727538,123.8562694904453,130.3462680866767,75.95948297655133,96.73225908985336,85.57275626689642,96.36069738980912,139.3636582870022,124.60444102938696,131.8034749999104,164.59663079796917,159.65071857943295,149.8482891374966,144.03972408738565,112.77443947486117,109.08622467127762,98.66230500111769,131.38130587544467,125.92271892780224
378,54.68479193172987,27.452460708469673,40.067165389706894,34.26594822765749,47.61349806707239,63.79924372540223,49.17925067243161,38.09523562297086,60.933421093844274,76.80064569965515,76.24007256165801,21.557567816696476,6.289804130624596,25.806548711834672,31.39908899099555,36.726340152945056,42.42354917764354,75.82363418694851,74.17067042696983,131.38713124470942,151.90117366230166,132.63974370921244,113.88555339151335,134.99815969319292
379,140.37399601073452,142.20049616443083,110.70542655790052,85.39698471010907,92.1183520470356,101.50819964623899,118.77550426375235,152.04341759761945,130.74929178692327,109.33923897587412,59.30492627746747,32.41083484755742,32.27615316628322,42.161911010286744,92.27313390352121,139.33741260200668,155.18460284011098,158.9713766637618,143.22133485531123,126.2065479414809,143.10435869180856,128.8644458047733,99.48863246315418,109.12718891889016
380,133.13891822785422,101.84313410067867,100.67036286018795,80.92677514169493,104.95751981368765,116.75253750727276,104.32248036660137,109.57169530105392,111.50083263502816,118.50868488635255,118.38139768873057,107.33917777678542,91.48880702966866,88.22051416705236,124.34808291614809,186.1285863929567,186.90486770771048,170.01214082372582,175.50270465757666,128.27343126624322,130.33281434298672,137.6067064769623,67.57418811725624,73.72745174391542
381,95.88607063114999,112.91059377222592,121.70474743032109,111.88866181380192,133.32810325465923,153.4849480252114,165.68009157994328,133.88989814904124,125.87479420690434,115.47802075731963,92.91491301176274,79.59623872497944,92.29098220402105,76.12421370158319,122.75608647243004,106.6173908476103,137.1729705518539,135.56398826930192,127.07859867521934,89.1210060853866,117.54776433958149,76.74693863482716,75.34183317721579,78.82730077005976
382,62.63774926885651,80.55800529455588,111.3091792196403,120.88069174892831,113.93670708664058,110.97892641433832,132.02028469488397,154.6755820413498,82.91940438414247,70.88954776869866,102.32114152737141,97.72059954345316,100.81116925317093,133.93714793759932,178.9565068198931,174.86346408097006,165.1313582031533,163.1057449379623,143.2960939780204,148.69926069322406,131.10849104134996,106.43039951790428,127.78650267386183,132.3336690120313
383,68.34076413147348,65.49274909499067,89.87465413923965,68.376426914811,77.71615777352253,78.71986840379007,75.95305505181162,110.40719776055096,67.11934818403034,75.94193155385845,95.28400441239283,76.11430561132387,-81.47241416700996,-55.31805777592837,6.06108109014319,58.16448462079421,103.25164990210452,98.39711826659124,77.67677968267883,80.08735265612509,66.14708515139961,63.64391947018331,60.6428865697676,74.8377382721404
384,135.73824115926368,138.13055255999572,92.72209819868955,79.12742520674121,97.00206133054391,101.0582017604348,106.5621673570999,121.0744483560363,100.6231893031993,74.29311105193914,64.97639570798384,110.43696748530871,125.79079170275514,119.43885314776811,131.70538431858122,215.79335387775075,188.73983207993425,165.5590867343039,163.21093703769918,143.00461891217284,156.33311141774774,142.39930127705588,125.77935120407166,126.97171048870601
385,69.1852848356914,80.4342605745703,62.26638176054844,35.64021790854662,51.15837282840917,105.03613830842461,92.33751392503187,54.07266180969053,72.08571975524835,59.46765227236026,87.34715143733104,79.26445787763465,52.07935883734413,61.604802643192514,75.74296649230067,117.31630917791934,112.34979891561858,139.62835742158086,141.18503635386156,152.430149441381,148.35999158086236,138.95235895551826,132.0545833005458,116.35476435751002
386,122.39010906004792,136.08061895976095,157.66288967006395,133.95054049531458,161.2194755008957,163.04003819480627,130.11685064571543,103.950510957944,74.93448379104035,63.24986451892357,41.556682605989465,57.51448258635082,16.50200751053339,16.468068740316568,49.85771719957906,109.91397678814852,135.80811131250974,133.4171882193469,115.07987041739413,98.14714775003173,98.83056904119584,74.9675463032655,48.96222870571867,64.94357284909016
387,97.40829855186986,117.9016128177796,109.82691081145424,105.68955831606104,132.97808441619753,132.73452864355852,142.79106613014525,98.92131787221206,77.74887762532191,28.509605205861476,39.06194412082363,68.24345540769298,51.61042905591465,58.427584854190215,98.79974472668596,79.09410387207114,91.11248965704739,94.20887709738075,67.12300622086545,23.552613566006187,68.87323370067423,39.35818045924792,40.92046510873345,49.410997460938724
388,71.4969841745438,92.7007614446462,129.46082470990152,121.48999069816173,134.2829290410218,92.81014766036297,70.41884466310316,53.21538643146284,59.99784808522301,39.06136970275492,41.618393985599994,67.6084507131185,89.49718571697161,50.741758836540086,106.03002330990812,183.58069164565478,186.52435334632463,204.93736906151827,171.06791120618624,148.24592858019923,135.37470684867367,115.07594726217215,131.77450626703452,104.15581963685699
389,31.566683688129324,25.51334716743139,45.149401413139785,60.66672262651092,65.0382045354686,95.71142797986616,80.58187852751405,80.51779108801581,54.98576835747096,46.51889865740103,60.56785866240786,48.52113785510183,53.59584897019615,58.47153687787307,60.418271009366215,62.77998003688653,70.93465065238661,89.80530589533623,87.08551291558832,99.4041332448647,102.70485135596095,90.13653964816001,92.5335510966779,51.83168570506152
390,54.90655876923171,75.85255028331403,56.915723900201435,58.63697515455945,75.09583322605656,161.942123403202,139.45934658701668,134.4393344561143,121.4099860232911,99.87074224295506,98.18546272016133,82.90237209102347,81.19560568447962,88.75717094619318,101.59745397624451,146.6877297624564,135.93987775529794,159.14088954105281,179.67920610675205,159.38004199149404,161.69741379088447,126.99377836539698,117.24614132278033,104.58581712844668
391,27.42853075995403,-12.496211584101914,1.3261650012628223,8.964756137263223,16.781246374529672,33.34353143007385,14.238453618714914,35.49377809360975,50.93150202825106,51.128847795905294,40.3986649749963,10.617989144566856,8.374548795279203,-12.996399067606106,15.315560187946431,14.47720586770528,28.888064299415674,51.119765300859086,65.72108777167973,65.82487952575414,72.73536466505976,89.64556418259298,76.30008210898085,108.6241455976537
392,74.5504027955325,79.35366009925917,44.72600655256271,49.98517787748944,90.68440397430247,92.287774311992,86.61980901271542,132.8816781424448,115.244665959829,101.31885341077927,79.29674132862411,43.643063110843485,57.30975856244312,57.89553704120213,72.26621304569318,53.305714438394304,97.77375594119333,124.84346242329758,84.66722571180486,81.11072041471256,122.2117217037245,109.03771469249881,86.68090421248888,66.862218767358
393,74.85252448867853,79.30282885342311,80.36690356029771,92.48612157623762,104.452377077718,139.43966664167044,159.1767078615958,143.17103812486891,139.16937340091476,97.51458328334343,104.83883532019053,87.26666050955139,72.97390683259725,75.08389540391491,98.93625955116663,133.0470380021507,135.7011197885701,152.79304049418417,117.03495982264204,68.15821041741377,53.247942650934846,38.339785692090814,51.37150956200471,52.45015848878452
394,84.98648341127874,31.221273876009377,61.54968161752389,39.24169812744692,47.43433538150407,72.93373272928916,69.83386197829398,77.88727229919168,54.38998731187327,12.30819449654112,10.99043240622187,23.821970650310874,36.50780804188998,46.61274536741128,90.42682340596085,134.43787634163564,145.57031613878115,152.795311045891,153.4858845284477,138.77234268023116,125.74360575289089,91.87678170727997,47.71285405113662,44.40631434530949
395,66.1714160087316,82.18466489295176,80.45794146914852,91.32835034911734,115.62815601187944,140.85742781347446,118.02990396672499,89.12240615215477,71.04075512894667,45.01387832995839,54.83727570288,46.95592594388776,83.59614462422074,139.8437138651957,183.64158651711128,194.39431914962,229.7010018336485,198.19619247944206,187.8152795269192,166.1414209159775,125.23885743853009,151.96901120016258,119.90858039535622,103.48713755202526
396,70.81857507170238,92.04615650364678,27.89945989112948,48.26801042572868,74.9992704472856,109.40679847504127,84.3115455624675,93.09301623926223,51.26151479488841,29.71826438352315,46.25323577254153,169.30004866559713,167.89178067055278,160.2736362414616,180.7424106860353,199.3747885013355,171.25329636952597,160.75937864239984,146.80616718289406,111.71704478809266,90.69834841932193,91.4451851085395,101.28594712890937,103.12995333925369
397,-43.40404294996894,20.149504216515297,46.224211740357546,48.75136754125066,84.97006561393238,120.73549266914019,115.68604974193792,134.6344530146706,114.47417355870452,110.90149174047816,119.60874864528475,82.8349834736529,21.59274265965118,54.987755921078005,99.36134790567448,114.75305577660384,135.46174082925648,109.32106374907625,119.60966188115387,59.101746001723875,60.2524297219665,88.83912363344582,84.58528110501244,56.4431071505072
398,43.572793535078084,68.8110391268425,40.299010911345455,85.9985549944432,92.95661405098835,87.54912119101454,134.53744069979987,120.19198938681117,123.66391304873775,121.47461902745663,43.46028439546842,49.49109547288641,34.50784086914214,23.36187188064018,50.76551858188677,94.2245794209266,122.71123132970747,111.39337343948773,133.5128557316781,107.63633787758513,123.78422817582552,165.33098361590277,158.95240607862425,139.6419500852739
399,108.09473781876848,102.13754140749485,137.03605496750123,119.93576244394686,149.65560096799095,147.948063981115,164.04542188494295,131.66980309217433,83.28941824063477,92.37795750601437,38.78861379329663,23.422696658178737,41.77537111489015,61.135435205453206,62.54537032966606,36.995451106406904,98.26408917634137,124.50839855513549,94.50159862246119,67.70462130393355,62.87138067351473,64.9899169729851,49.653435857654145,63.732618092913064
400,53.63233899856883,28.94885853642927,56.89924366006066,89.57630233652758,41.75158332974598,30.080303255492765,77.49366486227876,70.92412256614872,73.49645768138888,97.6050706369378,73.0153079663601,72.86669515170055,40.44640558403138,45.409370583237866,44.57827604103534,65.25274544342966,88.01289602835035,136.79815665984557,131.14253465866156,80.95005409665771,67.88181385399888,92.42414049362097,78.17667061599718,16.400808625667224
401,112.55950926725347,108.63030735330102,109.08571345573584,110.43758986894937,114.40038778270241,127.78744450920962,148.9278829262321,121.87127617889928,103.39337210850964,124.07567252685368,144.086161119731,109.54078658257461,64.82282993375046,85.79087323664031,97.10363400107205,133.17712664833712,112.60832569670636,111.29632126084677,91.70974408252383,126.11889456094116,157.68529008224613,159.81096585276336,173.02765955337597,159.17126826910766
402,59.13925821539911,34.418934394935356,39.421635134748364,33.5031020727825,39.188554231950775,103.02554540845199,125.20681477364448,102.19458140101712,99.93897063774287,96.17193751116488,97.68321678355078,49.970400246186344,39.67074388163672,80.78495426878581,133.67255315703397,133.18615191072692,165.57067878068762,137.4756071287056,135.49706531234344,100.71570298345166,108.99196007667825,75.95164514079073,84.11202773550166,65.73713364203762
403,106.38260832476564,135.41343963450674,130.18407670941806,141.29751219209845,159.97745916442378,156.99333854192426,150.45872517044066,140.83685578128035,103.07944543764714,125.60812357425877,111.34206386431097,95.91039219384184,89.12586707064915,92.3804142380874,97.68820945036546,99.35898371515124,127.08324130350651,135.4130689400602,95.50972742798072,87.86700394540219,69.33395575063619,68.205688986908,73.1860385134473,59.186023964387914
404,143.09897654872958,133.3771033485839,123.9539474875038,122.47514266179938,115.60058930744036,63.90576772395451,100.88203920796893,90.73001426713932,94.5109198363033,89.26669949643346,122.2027451399993,116.54668486640753,97.08471064514751,83.12681752247336,100.53014436856427,144.34517790074517,174.12053164153357,182.51009698909542,119.20839353351684,131.33436331696706,81.01331602715969,103.86876276770332,88.40961606989885,110.69391602696865
405,151.00520262102134,141.54748080949793,147.20325489968894,142.56773948039836,96.97016786338247,64.30024478022335,47.005699185781026,52.70272256197948,24.51821133186533,40.2233229437976,61.491084507685585,53.692796367193026,55.038655924037165,39.86804331917174,120.00388102338692,139.16316210665852,147.1442355586807,153.3361121780529,152.6472871347184,124.78660791972614,85.29675021458652,88.2654876049153,129.58560902609705,105.42771810670433
406,96.54260114818331,146.1526242097909,113.85943764838368,97.49094596257477,112.45007194287355,118.2662879095693,125.3607357537715,101.6831342741974,72.31133055254877,74.9823152243408,83.17777606048176,65.90575264874849,43.90973318238085,76.71729033795508,114.90105683771074,154.2840696589214,142.4969162509158,137.82309904478146,101.20589403189724,53.19120868242351,42.59861298854018,60.027638678977965,62.28795806285189,38.560718515576994
407,5.830848088904318,25.422053751644775,38.92997157481464,18.817589992610138,59.348564611245564,42.416497300545686,30.018705652942316,53.52570694414406,54.60016508543088,101.18939158828042,84.7263599244013,64.61850786664927,37.95322008123267,36.77004354575307,62.428450758828426,101.95033703255771,117.56655500767098,132.80885908224087,132.40051905720725,113.13261379003622,92.19425177668383,70.12682483119099,84.9910324061611,96.82687144077728
408,40.806259033845826,55.02171774461567,92.30370976115869,95.95736897206004,109.10046830738604,115.13434582587679,143.7295904598731,93.82423060722503,58.42152993884717,35.203327930559794,36.454000564695356,34.06680536482055,21.65668191741672,29.600067406486588,93.03698136385658,112.79833707622012,153.42705396943612,189.33874059963318,173.41962330472268,166.68715185128193,150.05174089772248,113.19546794650326,84.57709318460472,73.35884455338783
409,53.435376466359905,59.36565228822913,28.396643285582662,16.667684991152612,38.970628573124934,80.86375169203453,92.64929326572297,77.32654829691035,52.404826226751155,68.36451814338432,71.12387229843833,62.29646826301493,65.13896201890432,47.19430977025394,113.43058314218091,110.12977597172015,151.9236079606984,196.28490419118586,185.85601341015789,148.83346250960574,148.84020028088952,126.16876798913124,122.17375455204692,94.3462629498633
410,89.60679488932891,61.45288990628141,15.561096767924255,41.61538715113652,50.035795954991684,89.17060951764475,73.45370012940903,79.25918302056722,60.40832130920334,47.71762415086569,34.02156601838082,39.23927367973637,53.669248409337456,82.20984597333103,163.92282315865978,177.53712872039566,211.56910792893495,191.45478331891695,148.59401035219264,138.39223053233005,117.6124698822012,99.9330756602661,102.0919999434796,101.60510321770928
411,93.14254638561995,92.91266093348922,109.30666041998347,129.43197795355107,139.63954510277583,142.91804841649702,140.29053200598045,86.62574998884138,69.10177242641245,67.819977799404,107.36856959928286,99.41154427258952,89.15082739522622,112.45139994716641,123.56330262036703,142.4357796765481,143.306344344636,145.99634929559866,130.2441898568161,141.84876713340782,125.8732705222071,106.79183517004324,61.19176775512778,101.92768949846754
412,95.5191283379865,97.46199286190142,135.83597128254337,121.77288650191913,137.43581551137794,144.78885060525096,129.48124986623122,132.38604352180332,93.48840846069038,72.03368739524723,46.28123589417322,8.800889423218933,-8.798385975000734,-8.608680558256395,59.85667327073318,107.43159565440497,115.21492499556219,165.29603239538469,148.5314592021469,190.94308793194296,135.94501727044909,167.84343440149783,47.988327920736054,24.991714161058212
413,35.042630306793384,55.286762892075686,88.0582827603493,93.07884625125368,80.50150541185278,91.94402492247718,83.37252905897313,86.4486667867843,113.26751554490166,84.50503497080615,95.93716399375151,85.5578120212066,60.259045795975624,87.90372767700418,133.01533779141698,152.98764499043395,153.32014551410703,182.1186654073626,143.1533738648791,146.6712289181017,147.32914473342458,115.29389924637417,106.98932829705205,88.49362751001406
414,97.29382674594852,94.41663309955399,104.97072708086927,108.89749593245858,129.88412128392136,140.1189527234637,95.63632442172795,110.42379154174589,68.99555334028356,11.06480790697502,-1.2375578360179418,-0.769064548634077,-34.240562509297966,-49.75627410020695,-23.827801269099623,44.69361990503941,84.6111144102635,103.69074208875406,80.19647395737431,61.664117797007044,71.86035755005821,74.3403393373124,35.34584680530824,36.55845676553311
415,110.7253269615064,91.19056842495979,119.6678239432377,111.37336649349082,157.15458048979198,155.59139008581715,161.5901703086591,173.63254796702665,170.42803633478218,118.31257171210763,117.16379138128957,81.28857112869224,76.24029150457369,89.67628688511563,122.52244946336737,143.06765774784492,146.85684230016423,157.7983131230971,103.02874285771506,60.8251522289259,73.20052209430584,54.08143557526496,59.990269666242064,64.56257023734653
416,121.15690142223929,66.37750155171801,32.106164649343555,9.930667987524558,-5.310214154497061,44.80502082567956,10.415876454438475,44.7170280242633,-9.183001191258157,-29.709162711876473,9.532408039536278,42.76592530505137,39.515584466507974,81.54447626304422,94.92208210176145,105.06386128938547,114.17758974873449,89.47089121020795,81.10208154099516,60.84868354356033,45.77022708668714,74.98135006695965,89.12253670095137,59.59845261790322
417,117.51787473168282,110.5100811525091,89.72247694957444,117.13504148345794,79.13468204995782,65.5066954106179,48.444583967457504,81.62671427919771,76.05354332351712,62.36049527877083,105.3509980718927,77.37372127602407,49.325237973464176,25.793834890647204,59.7124589165221,87.57478667908443,95.50276541779172,119.45527174740322,55.19050508014534,46.057553584804936,54.370167843836725,88.62831016753016,85.43659360426182,74.78347158870835
418,71.02034569866191,70.02433679110275,84.71098901343264,101.92295929021026,130.7326968054685,140.814912448802,132.26225749540157,111.82500458928315,61.68364936494065,29.944334248995517,43.01203928711774,73.81143156733074,90.08518373689105,92.85098869354422,119.1434013415019,134.6996080294168,145.285669981192,174.5889387503374,147.20172775585885,85.66813800337454,40.53760136309546,22.37301194787632,45.4844772463,67.94674735094235
419,108.02126283000976,133.84989110810935,121.29099274475419,101.86581846577057,89.6571841598288,88.80484971735245,109.205244211708,98.57638291268081,80.02800398412376,77.55823827204851,42.36916063498658,40.16596761937689,72.60400767820047,73.705321580169,113.4739555600699,137.24709565071365,110.75569167832994,121.04915083796331,64.2637158774546,55.16021163543662,24.29566164605602,14.075445897143851,4.473768686746396,28.842306411510023
420,46.74583918803905,58.82691655174819,54.8098257709344,51.022504650076705,19.28901594274484,25.000210701960455,18.567838276721744,28.339696547822456,18.404181693384103,27.314720000374955,43.17719914381477,51.30275922023934,37.529581609328105,0.003988673451857494,48.78772270972384,92.17539583299143,132.19336875350098,141.46673289794066,117.86885491485718,100.89206160024482,74.41174769186566,78.98215620302159,77.73177507654252,97.45530002252423
421,113.12848055104166,120.02462817038167,93.14589812051791,87.21381144362118,93.69848530083969,176.6184361893344,183.8362179957531,136.9328077161988,114.71106833096806,100.54712764500611,76.2868803585423,76.56607402967606,36.59851186732826,25.041545707873993,41.066442743274536,38.659255627347946,92.1018198437142,103.83533448801299,97.39368399433947,72.69001590095495,100.10852498648954,86.92518903357157,78.49639106600566,60.41631776799039
422,170.73113761267632,118.6581415881772,110.23084295927,125.89429680915545,155.01882056939147,159.22120864387836,183.39620745224659,174.38264887681083,137.88602874078805,102.31512773500404,82.06124826386322,83.85028390963059,69.3797364483638,80.17501771726587,144.35275825945251,180.93093328096597,177.5901836944412,138.69279757757064,139.53112036696956,143.7431092636496,128.44799905766592,75.73902772644709,73.60543160793574,84.59707671307311
423,162.542469981081,161.72683485469994,157.99150676211826,102.07071438309467,161.18986922522691,123.62844890678352,137.01577374285569,122.02829097575525,85.63960311153423,89.25927786668993,89.36328360330026,86.25922306979604,80.32642254885118,102.75099138754389,108.89921068560888,103.98012643930474,117.48172331497337,130.7649951904638,131.51620925644661,137.99239756589157,126.4711484217083,155.86176150765812,167.12688053398224,131.06416247812123
424,129.13494365263028,129.22998231939036,109.26661567073248,130.17970868709244,161.08203935540644,151.06360969054322,137.29599499302034,113.86335397069621,106.68148376657251,87.16620617362591,95.22477746941985,84.50128248310602,59.78638781332743,41.293977734576956,31.487920251604848,60.691931117236756,114.91671161236266,148.88477070583056,82.59746700250085,24.685222435881855,15.238562449415966,6.716758234460912,18.232268425664444,24.324635450406035
425,109.98102876984109,105.97245071111774,93.22365648724531,88.03614825203826,132.90325997866216,148.90543626789136,149.28504515123626,112.77775870677253,79.20299603572975,68.47339303786106,66.55260365774066,29.979675655377036,15.842240080409468,31.36895619358451,53.05623457760272,90.99703760082866,107.61794241046314,113.42102071067532,137.39473473410828,101.44862408582236,127.68447029571628,147.88458579791012,103.93873400881455,72.91825267706815
426,68.59490810282873,93.2464299382687,127.15085227096245,137.86239600221157,159.91102041278666,174.5738553517842,171.10246422054212,158.03250856523493,144.6611321850642,97.2138563809934,107.97432364066992,118.82284225362689,99.8650523696032,115.95143576489608,128.67733781158532,192.3353901531426,237.80736503514657,228.8976486318594,209.83828237504648,143.95500779244355,162.89479031526417,153.86524702409122,94.76815138114797,83.06313320168711
427,99.56572249733145,80.62017476079798,84.4427560684235,70.7687460211568,112.78025022913567,117.02240092378656,64.82430536256005,47.683831662511324,51.40956296959109,53.18012817538624,56.50828054824573,56.79336709970407,59.536509072051366,59.35617064827492,133.23201963624246,127.78299858282747,127.50324869725056,93.85960461714694,86.95769474361919,74.73294432039589,84.50863288131117,93.34633751177633,90.8805537251632,39.98744626449983
428,156.69861880975907,110.45083760865614,77.9976941605819,78.2766612827254,109.96802882442074,136.60678384716846,125.19938934609792,114.32739434066721,108.91487116446277,68.82637241038631,73.20209587122207,46.10348130156247,27.343183206043726,78.54280253454814,110.05273260799117,164.7658551643803,196.77617529206913,199.74365019626407,196.92725156617985,152.83203190882767,101.79123142218569,125.91985932694192,118.18972732789767,74.5306806320174
429,61.83381964465907,57.57654118169576,78.3104936282233,108.98431986344904,116.07860772484183,135.10669385950854,122.64250712125495,85.87942355851155,39.59013073180269,62.16783771054328,21.5325293448971,22.482762649493978,10.251286370801758,41.883676457628134,69.23549326005065,99.58890159595293,83.88948738145473,125.12283923196118,97.54709520965052,86.18772589788632,30.088914304076482,72.20625601901483,108.72397355834659,103.83535786950083
430,99.97420339642433,114.8770286024082,143.2133496267399,151.2252737928687,167.8542143192812,203.10613633742508,193.3351697346658,159.53718755759846,100.5752535976848,128.42626183787368,106.87935500679001,33.79499929016378,27.78709899372342,52.64883182161435,82.06796260149446,87.95555596523839,125.78665870414687,125.53013843980571,97.13654233822282,101.56915385089826,90.6505314900946,125.57677258993192,148.4029969599339,144.7708046185683
431,15.085485771164343,26.464043772611774,61.53821061860775,66.0350906248972,79.07925420841207,98.51746319377789,79.63633607275918,100.37064730145693,105.64099758806395,114.59885188312572,116.29828878461196,83.93311920845522,53.06921839278134,46.54444000912264,103.99680378502268,150.77341879085157,154.60294937903942,171.52503123731765,155.20484680677907,165.44973721250702,158.16618474538112,160.46393562230796,138.9623410324033,117.662626998859
432,98.6429346558062,94.66990908410617,103.84613141766422,64.99106105112779,77.76537992620327,78.07127960754302,107.40742477906399,115.05622153100278,100.58918425950323,98.38715236524722,126.1418340924089,150.19419396973586,161.4815693138375,98.91253973094268,108.17087711906905,110.32035298863846,157.7170541633522,170.20157806752854,175.62170609857225,139.3172991717181,119.27248022030176,112.81337596862355,94.74297635364182,130.47523419018597
433,82.47489545352128,75.90299306666216,96.70687065999886,74.85055136876497,61.44903309323604,60.7489278595699,91.83645112978634,63.8323063663005,45.11571491927075,51.98126480306291,55.48740987237808,24.250367240328742,15.564888317886293,11.164537834143317,63.58582459623545,90.35251300747734,124.57892535451394,95.04342015874659,52.509767707111166,92.26070658653431,92.61793545176117,47.050065574900394,51.5886545083736,53.488302989687135
434,64.3143968481056,100.51181813222763,76.89591016910039,82.20014476805366,100.76565949409236,120.1853985032838,122.57379979206175,104.06864359083514,73.15577596609602,64.35995769958018,64.90197040857397,35.77132989958051,18.70881893244664,52.59235910408349,91.02324808916275,118.04208825176988,128.03149165521114,170.39322026023046,159.8321210671218,126.75753648188731,130.83247014961722,133.47637017072682,123.63197481537063,117.2977121603396
435,83.90754321106627,100.0363880223349,71.50609997896501,63.370259066617706,84.25015297978587,58.77000842448521,86.9383188710631,88.12933066827473,55.49289176245421,46.25053836560668,31.068209573660248,24.604519725921733,4.775850094359406,38.67798613783696,48.97368588671806,85.33641731967253,124.62514198401688,136.3915700548107,130.1954783000102,121.00861731669414,137.31923297943158,141.14686163284983,126.14687724612622,102.6662770420113
436,49.89232379064273,61.10646848577149,53.36548876425505,94.14007649016305,110.20730497114671,119.41163142754611,137.77714942914523,123.20210195015184,99.55029624828546,101.94736451757029,90.93747508101245,75.3928873607301,49.784589364377936,38.274673157888444,57.59759335325718,77.98643506198643,73.01363076757356,81.5225715477589,115.96426940434236,61.15343262795839,81.64859410805448,86.84403447155647,44.26358896047155,64.28505198502832
437,106.05784352872759,93.4577391979592,67.43635238090525,69.77763382821215,87.69037254813944,102.66411952282482,120.41867619151493,90.52444948043536,58.63673583314757,90.70273687560692,55.92480184076897,37.23694774275181,57.236566787624184,111.59912903342222,136.22879430394468,124.70692808537189,157.73436320982742,118.7987351594187,127.25860160568965,119.14080702959426,73.91701170483766,77.02431390629191,90.04415684165943,85.32960740941378
438,64.6736980074937,96.83329598582375,120.98861453689645,117.13453042767884,118.11938562493295,118.34607983793127,128.5223966538919,84.56707622680649,41.469597856612594,31.129370857807807,20.04836316867093,10.154599270802777,-5.722463450185295,35.00770258557881,66.18097641579845,73.78374051770112,133.67830232632267,140.73485188521715,150.42603848381526,141.19492197786036,115.86881916386172,122.59481695480648,117.87325488559257,77.16897141195614
439,99.93087060773513,83.76152282203815,62.38978184431237,63.254909276418694,56.288482438277015,87.83003878816265,56.458589781312526,34.78893022449458,47.499588104328524,42.56482898036077,78.15189754674351,57.27744411835871,33.3669866850551,66.59680588695497,124.77369016464696,152.6575881720726,139.44907745330903,125.12016260292562,113.73432118367859,136.18819558258483,118.73328100121533,110.32599866662518,119.28244126621209,117.47815383196382
440,43.152022441658694,70.74961798584974,33.166590318307925,8.91682728364735,73.92387285598801,70.12625799511507,100.98553920668998,88.4120265075233,38.61943782680976,18.65978646625333,37.96895404426592,29.99991693916465,12.932551003543715,51.651879635128495,65.71626247314393,138.27807513442463,156.85551038898694,165.8389499006478,121.2016263024028,131.14255614962997,66.972883636568,64.61296993773598,66.58468695235922,64.17503185288129
441,15.018560884614487,19.63562944575166,23.196133101273944,75.16652430836464,101.47469855059124,87.8349721678829,88.08876195023483,54.998035998492725,19.755401469306406,27.286291068191318,22.564428835794004,46.79008708880726,38.30166574334059,74.74616683615548,118.18859070090612,136.12854362070948,158.09622764423736,104.87620434353352,128.59516435280423,106.79617915905186,68.82824696545327,113.0292021048304,122.9666138686335,86.86415838843057
442,178.18468216656584,155.68606446097277,111.04876440942314,99.73061790729781,90.9010932115901,103.54441543369481,138.85386593302604,97.51760062484144,42.529580475502016,59.578335390467224,39.55235483491241,5.989618524290044,-16.72247846095315,-5.130275112833033,-58.153494083439114,2.656084108941698,37.71839044296706,78.75405491894347,56.05122529205012,72.51001035760169,52.89092155315082,39.53849181854221,70.69071573975478,53.44369959496213
443,49.32571770666189,65.8311345550919,49.92337103167613,66.13218703920074,84.8719549155354,116.4837312446809,156.873199595743,127.82334132133411,105.01331644756769,104.20652545587106,133.09253272743328,78.58249226728869,116.90011679216803,83.46497327689924,114.65881781162051,137.39861824503444,156.03270410344894,162.9465118658747,135.3946885359427,84.34545578445326,87.56883081239505,124.4074119294174,127.43194438668128,107.03589877874003
444,97.27767942099464,103.24097732535843,106.67571370608694,86.12146554410724,90.19162845160983,83.08628388806537,84.79981215211089,79.41030489009712,59.49575006471353,95.98679828764915,127.64652834811977,75.70563827649345,94.75546164385736,91.90327978101429,96.44064416222173,149.16922495089108,182.98714292615009,214.21608563023113,213.87692860651782,179.90429830132996,150.42743988952284,144.72286383470896,116.74114451003304,80.1043398158931
445,46.700260894424716,46.5935796377823,39.8053352798201,87.09184461127461,86.40839090898982,119.9982894322033,134.73547550012643,132.2182997172909,88.54522784507338,72.1848174270748,63.124732845968175,46.00407037711246,9.576863895900225,22.387655320123827,49.11563870160706,101.17635887734605,115.83037732890426,137.4374951458702,145.02276936256143,111.19059184750921,75.0103328450858,56.21712193989768,53.11748111081721,40.16960897583756
446,113.562930005708,118.07146473608847,84.31080987154004,111.67149881522909,110.4970300896097,97.88502475732622,98.10718361738284,84.05872836293206,88.55479418157927,52.27471160102188,67.91500484664223,72.76012325114189,43.379168463703465,71.8039009960126,129.1182585399045,167.69219750215723,182.81938870907172,196.45149575771632,166.55726984140244,162.7220704861952,152.80659668064857,152.2639756724641,142.3345129097662,120.93069327765497
447,28.451909319533627,46.64021930250621,44.81825359245809,42.89972035364221,60.98080394365441,104.06504463730195,107.44733896748981,128.91699120108828,108.98153448950906,100.98818193236096,89.03197235057056,85.7736778586576,66.19704168419845,71.83959176836338,69.48565408655631,73.86983958332118,88.02917625317194,101.65457150323094,51.00328872171062,26.470788681855907,48.80327595742699,108.14836200320435,112.27548559010961,102.2650299549717
448,97.77456443403413,81.86130931839459,60.4560686187862,93.89012610002284,107.2590618474994,120.57584196989568,184.19067896136295,171.5988496839729,137.74897563456975,124.17983520471995,126.0839798300166,102.9465558801082,86.93392140125675,79.39293568484813,110.03820087463093,104.5283809683929,107.14499149296506,124.30597673899996,116.35433908079155,95.15947770264638,99.19975870760055,101.03324224068538,115.24103148786816,128.374987272637
449,102.46088259437673,127.12423556989066,126.50595905700224,124.66400125974825,129.47491782071546,153.47637788639852,132.3421016695245,126.5651028730625,113.08379675880498,92.32877276925899,94.09302584602624,35.966503690369706,44.27357821259065,75.91777210130937,100.19623560755636,110.81075598732211,135.50959543555405,118.34056772596101,108.40118312613123,123.14357026237657,128.56085691793038,149.4411927397113,4.1504438669529975,28.599035598843486
450,90.59512179567393,106.85597469796967,96.16185488488208,56.89590867534536,49.54168384228893,53.6111978330338,87.25823990564444,49.27422990663584,8.30688389706421,9.85425913814565,51.568005528442924,88.12401049868548,55.557469344228736,61.03267059317083,51.272338568141194,76.6297926493408,110.17458087472735,169.05290154712688,146.45841872719336,103.66600126212973,104.5174476483726,81.43395610074334,61.022328888491145,85.3531699062398
451,80.76714927550812,54.50142181809732,88.64311655525154,78.73237446252452,52.413058215081165,61.652051539924756,75.98421578755918,65.94217472051649,69.44738364690033,42.34799723988468,33.31709668158079,20.683254797473246,33.293797485332576,45.137096162535414,53.034787016483065,59.22639913836055,80.3667890217661,69.27498546309116,46.30920902761855,45.66344872232165,37.69042544543123,47.044030752606304,80.22435411820815,73.20439889838013
452,39.11959521434328,59.176996648126924,81.4808611722788,66.48419751273437,99.2612592595052,130.51110701195103,125.20946854182655,128.299905070361,123.13001079162609,131.8606208269003,128.12802428393584,97.10436046774717,76.95412578529205,63.482096522218114,93.02475828510829,122.66033527744433,145.6810561745055,146.82165365831298,122.75912517811616,112.62564877249079,116.74624264392016,101.53800959648537,110.55265762232244,126.88920583578225
453,93.15861854289997,100.68026187995078,98.6254745336195,116.34311000890285,108.2491144008199,120.01287981493007,136.90779034962176,142.14538782090003,125.87476348199513,121.33148737199437,105.4878719016732,114.30070089062846,96.71043093219978,113.56235932777956,139.68180508520265,159.6574973909657,192.7331102173489,186.08817733057953,159.32755471881546,139.5331575489147,122.95642244615938,157.32172864521146,140.7701422662417,112.6423981690677
454,102.09920502123849,92.67478398745902,85.47301310720137,79.79605461523099,125.4522192300945,139.13161179493875,110.55804788432484,165.21572990941974,137.45934719462966,115.72950679561319,107.8406150933726,94.31048171612997,73.71100729504708,39.28446498524569,23.828770711137608,50.38861679664271,115.72449251007853,114.92182892508947,102.40760076938906,115.59723222307264,151.9507148927367,140.33736457452602,122.45459738985988,133.9177983122489
455,149.18514574571157,158.0335471596718,180.91647064316408,167.86422361793262,193.55453122552387,189.41039521194335,199.07971509731402,167.86861594691763,122.41631380516094,93.9157434264588,88.24028339721954,65.54880533703565,4.183202693301929,52.14575905126681,60.53175209570618,85.69023769181328,133.31498767206986,144.8696342148135,108.93354269122602,112.44286134022607,105.24791341079192,111.72190801176814,64.7386694885271,91.85333701479422
456,85.16170092391204,61.18334448556935,83.78579440577397,75.79145805795065,110.3610160954527,120.1419303410435,134.15563080900932,153.74774734485158,148.29397898257457,145.34061329011138,118.12765991861158,118.13106417192897,77.48212981755896,76.32369228311063,72.62441806586607,110.31545147585055,125.60321006461781,107.87701144700351,104.76303334650206,85.07858699039136,109.26157271874585,112.72724810753974,143.463548941632,116.19416994301977
457,130.07425675413674,110.4689195570555,89.25823990780243,103.45673861994143,109.48503994012027,157.62786271417994,147.7211146012228,131.52825015060466,79.6083431034034,79.87779740075868,95.70943332211583,68.87242027926575,32.84693878717599,27.18246040233585,33.71176405059333,80.5463578263766,104.77811617564711,131.0261680672398,109.82335868863535,55.75423841089913,65.1344551027542,1.8539867427042225,17.9421148730938,33.43503257975837
458,-8.212416963659436,0.07219454196223296,-27.807951664473677,3.0984796205755316,64.08713629427791,109.72083244131395,130.31389970772216,116.23272528161793,68.27745364365309,99.67757061362633,47.819960937160154,41.8647175019137,56.024930945365554,69.26116187853931,80.51441393662573,162.20406238251175,179.7398752451705,174.43855091406238,157.53328744832942,148.84305834585288,150.58326095235424,145.47036776002568,151.94104219753683,153.6748821454779
459,97.07092507192117,80.50859981394039,86.17914685548782,97.00887398104535,116.46948468216942,107.55145968293347,137.52993147628072,137.5288686523587,126.44549346835221,85.19212673994322,88.98717733104687,69.31089413815089,83.76191259618173,86.80551123680755,116.60886758212777,160.3891869161818,157.97497626155632,170.8224580984588,129.05483413403553,88.87475770494527,116.77130015143985,111.39506602411514,118.61181653488762,125.97987241146899
460,109.28103479826386,98.51118275782828,120.82107050952365,96.52225729682642,83.85617084690077,76.80921272317566,77.77122007789224,118.72002324343518,87.05647829749887,88.48165843642109,72.48967702909287,122.59408130432342,117.79725301345015,104.66961144010419,149.06191888471238,146.67078848391512,137.51745931257344,123.26823491373567,88.43102734117184,74.48977354031264,64.71199245684242,75.85781309283355,124.75369555569466,92.73310515223022
461,34.62311459651191,32.6949303988148,43.4157253127953,28.950821324272127,29.432363939701602,62.73353000909448,84.0234609606383,130.67686450449497,121.44119396496257,119.31170210516525,145.47087717867427,58.98365462367598,81.2362470028548,69.9273840814612,83.33712412416921,116.23019349131481,119.06718090840185,141.67385808356656,120.46791578560921,126.41763820472809,108.30759391135948,51.24368289389448,54.45988361834572,45.8042086997553
462,20.68510058783717,29.15544451311748,29.222964433127096,38.58414588763755,24.472056834806935,65.77086562219218,73.0577751338905,49.50945175409426,12.273081893606744,45.4127253825114,66.25300219014487,85.91516615758536,74.68459813607546,88.57536672012367,105.21354328218756,126.63533078291928,146.84954278094776,135.9908341469891,100.17239771228253,74.86381218709417,88.77062704547566,120.96016129568713,81.57886275073699,108.88693118739212
463,67.5442300949669,79.32409520579085,83.52197771055376,116.12698883606127,143.72217651092868,147.4317935847459,129.35994745042998,115.81123748053021,91.64072857097307,121.75643994333318,120.2015929651075,103.21605670306863,107.74278731239033,129.4441364688342,135.0381613364226,176.10204223255957,211.9072942279243,258.6994387876389,221.77937897907242,209.01624416272958,181.99452391182663,166.25325779408678,162.36500375836124,166.0073344023643
464,62.01537733739025,40.631064073026906,62.87898371982669,80.74462627292277,120.23576370494536,119.87730553879089,88.66490157250672,59.17600203522767,37.38383321934988,70.53636232223757,63.555619628078055,70.2855851060433,44.27048884323524,79.25116277237674,103.02947360592015,54.34814512887324,50.94394204946943,54.50104547128592,0.15650674543991272,4.790581548062633,31.510210502267157,14.536849060455893,27.03098304511653,36.04949597592139
465,57.42069333629722,75.0768950747336,61.25623125058104,82.49186919284895,96.32870581149743,82.76477697712662,100.40094087554678,109.31806525420956,106.92267082747516,67.6646774310028,85.216107032229,43.54057651875003,29.632587265644048,18.073389399813273,41.74642225075818,91.90806892276227,113.03451337826226,85.61476305589173,118.72254872364961,88.628822182156,94.30970973898397,107.72586424598785,116.1112732720401,67.23793326359267
466,106.81898893216837,101.28836474960622,78.36754114590596,80.30000667470158,77.68778554524485,88.18687830284594,127.28099636906012,135.0392867183957,116.13872248740556,110.24770167430503,83.39902411279077,63.256572735961804,62.58849150419384,46.83534509447027,94.55835898844336,102.30906875814462,122.663395333819,85.02359226143807,57.59449575866505,26.138832116138516,2.331407236056293,13.914765365912828,59.40903436077002,47.39312215821604
467,121.80820217642284,102.31441122347464,-15.003963653877037,-7.770521117657751,16.585973016140827,43.79226070528287,80.12876128137894,63.55820832087799,50.07517003572376,33.62922042229077,34.47365588186612,39.88471723613972,-8.419553076857731,15.432080485325613,19.195842157865798,46.258164341803635,45.152037037096164,95.34885406491811,77.10728699766278,25.260848561612875,24.750109962709274,26.755951253930434,-1.4963261207430492,14.58286555646768
468,83.3222814546079,100.41353357612768,88.49922795196792,83.15562738081411,73.1203898673253,123.31145244821208,106.90540860613031,61.039234653529824,68.59073051971734,70.84836668801464,82.01236782805204,78.06674349614792,80.94644771551685,135.01550076612642,163.82496692376392,149.112499504077,153.1848255114794,128.7152494104057,85.38329153013537,74.83852868557763,58.12320873155834,57.27845435614205,111.60566705874027,85.69091042142597
469,57.45741590623575,54.45861148686611,50.452094230449,16.151577891390005,29.566671144324474,39.80747035919272,90.82344708116126,96.87562400185759,100.8907535093026,122.76586922695998,112.94959450922154,131.2673772765526,121.97153918445002,105.74446558663672,110.57438328082748,123.65547992933566,154.49235278974032,164.55300214064064,149.43047573575225,87.92850610765029,114.80575288347096,120.50274061387908,86.36225701903011,80.0921287792337
470,44.209597332472484,76.78336738181417,114.72058169253027,127.26140342832477,150.89764660678847,172.20324003068907,197.48388695820242,192.06856687292174,155.49041139391466,115.16217202760724,100.57385643821546,86.13055291382291,106.14362260416696,94.4633978981375,82.19030268056912,91.39438413025098,139.96376475740908,169.50811063029994,183.51842767784274,142.93292745141807,203.83470386962227,186.25753929483247,177.10351503775115,158.11723261375317
471,38.21330105376904,77.29175866770944,85.72440523768056,116.30158445552318,130.36671721954568,165.86383185636186,182.2033147358788,181.05429677352382,108.03275863403533,88.45311017171375,120.60673464308826,119.55289355722063,82.58889349478274,61.569112552382414,124.92155837412771,157.55841000311796,179.97602027613095,159.35891310543275,122.79788394262349,128.56911743136604,112.71281948141775,137.22237938943954,96.04386543536594,82.15272802268714
472,60.0678313400172,70.499040806143,80.47780058289382,96.17858099206524,123.35026686109842,149.6056521351785,137.12952139114086,110.34664486829449,123.94624280158503,154.02040913457822,161.7292798828141,120.9918177280497,98.32818487620901,84.05658373911447,132.75394734459252,164.383069325142,185.3152420585776,140.75903159869304,163.52339369769047,122.75996748374808,132.9854808231542,113.57241590826281,113.36243843182474,143.21317820114518
473,70.55760490616015,70.88926686065437,94.24062431627058,68.43817411918427,115.39810945056021,140.52302522951823,115.69690891830506,86.10825419386022,80.61846883154207,91.87421748235789,92.63335923659332,48.5059854460408,33.93834984109769,37.213886844322886,98.08694419326731,127.32507081036506,163.60371948573783,132.847572860692,125.96555588759959,112.9662039466455,94.35431645035315,104.88047122164156,93.95677012369778,81.36207902390134
474,111.25478462803014,116.17364531803372,141.62740613161446,146.33527732870056,138.23813446873407,138.03058693310373,108.99222089177667,127.39990849637039,81.39209319760155,92.95879807154819,69.67652390848588,56.52752480236887,63.13916446153388,97.6438010068308,124.65543064770162,129.81955146022776,135.16216403518237,113.16182224231301,101.4005071776614,89.35678497534204,94.84767886722179,78.04924044797218,94.42906427095426,94.35796042507147
475,180.8371256894419,158.53708332457984,129.62300601148613,130.64799797678637,149.56531966063443,188.68824880383994,167.88239656741737,190.0845944569902,169.06995089132266,149.15578728110276,148.98880272760726,83.41202365658296,59.444673321154234,25.887379424488245,68.57087853483868,96.1922174371051,116.69773466746378,128.39436510295636,103.35448335852294,88.55337783430303,83.09315214803274,102.95403722342667,114.56561025067231,136.36484185541656
476,106.05273382034086,94.82488287450573,75.41411461447859,96.09294044641415,103.01656709640234,91.5401859436009,93.35624708583687,55.30322987208446,2.6470773637302614,21.05358420369906,33.8409670701418,69.19762150439648,28.944858534209835,63.178989623791665,69.92540907803797,81.3844885262131,113.46931284635292,131.36214408736998,117.11217430039846,79.62674582990185,101.81773204270806,112.30912788884427,120.2271557191094,115.81724850280852
477,84.64041166636402,71.67684991343052,110.96677235203435,105.08179828570954,154.91270682265656,150.84459033459146,136.03185363972008,106.93627837068234,54.26253816324537,48.818902604574966,72.99770572244395,34.45293553014521,44.11287093795485,69.7670022243394,44.42027484528902,72.53405723257114,94.623489729049,100.10059465037871,71.3046404763795,43.911631613664596,30.967485372064885,27.285984564932903,38.25930794612038,76.28857521230373
478,72.9107830876256,60.15732249197248,43.901085528090015,81.47217950281217,45.337931720296645,51.43868273304704,76.88151881473725,72.87874525065402,46.55419908242669,48.32700243663083,68.62484491128947,112.25695531806727,75.07292965513665,93.62613695908993,161.0721059062262,125.54135131838383,119.6129035969317,100.11245845478965,103.16252792966654,101.59966466753355,112.20627409800744,100.85720880404868,119.20391748702261,112.16968509782595
479,60.614639486679074,83.03271344699027,42.67459511743984,80.65789055931205,69.65847934594527,86.65145190138429,81.07516402559477,112.01477538988243,60.440442887445705,18.4694695578317,-13.649456212364868,25.04393353748093,23.770460752790022,28.498988282991128,34.22010090490137,125.05760227680165,119.88049552878753,87.50220127509584,54.93564475485181,59.232865076681534,69.33567340732975,71.46817407712466,126.66486027749177,95.89787182936033
480,84.63019889942854,64.11259389250606,55.91446623507766,75.26429419029436,123.54178624139755,124.32963982647601,122.07852024235177,31.905120133839063,-12.95128464924285,-19.48018931775205,-12.427571902039006,12.97086789426595,14.730323086679022,48.108143228391214,28.87914998745191,90.27766471660934,89.20317442096109,111.58449603145021,92.38833215046398,53.770001825460575,73.4357185536149,101.57714175770617,109.50168906179938,120.789014156471
481,90.70112694878041,89.97297937609079,84.9449402277697,76.29476512850994,53.67013554662177,106.27907184918195,105.38572725754783,164.79042259487298,125.1687438612291,90.52672044228454,88.88993028467152,72.97358268423977,63.99822028614609,88.42808964145182,113.7852545670733,141.23727117302056,96.01843334965088,102.10481223801739,70.99703425734987,85.95925872962948,78.34919609885404,79.39146327333461,99.98292595964435,104.63156576278959
482,74.52696628490641,87.84665581172604,98.37126146453222,153.64287616938967,160.80984254173165,118.02381097797448,159.83282741463023,147.81617241400807,137.93688318838375,110.67978778392552,109.47008016771072,99.9597646708099,67.30154689979771,51.17294169903363,72.53074051252968,126.43720803370941,163.75081686660627,198.72009595733465,183.36313798118414,163.91104482796683,140.7021410031566,156.44338493882236,176.62723168713492,131.01949134300486
483,151.63209412538293,181.32382717058186,101.57284542373623,113.20939681402078,133.3969769640717,156.46734761817856,115.39127876037713,68.14281243841855,50.94402322081598,97.98588522228428,88.79018388954188,69.81300407394686,53.82533503657759,60.972882208237465,69.99115285914624,89.38284759332004,76.62163336663133,99.86446231753601,60.07011400851293,59.07613512991925,60.22442619274642,72.06962749257994,75.00439599083664,76.09037754736553
484,95.21915238926562,90.83811547692564,93.46625587027061,123.24523918082399,126.36612466669624,163.55549225160638,161.4123955716646,156.51167941746263,112.90741459576827,84.93542865001723,74.79025323544155,49.24726363824468,22.386823793719103,39.08739404262539,55.8793393246942,78.82013497133929,67.0933379651075,76.50984522532931,61.05589147608991,49.64898054275867,87.79012258351769,92.75585705941386,82.28778662075459,66.63859644963028
485,99.31883223873129,95.90783806696214,96.87252832544695,137.94156128401443,154.51069088541573,182.68729539026702,173.16244078502464,148.00206315195982,112.23184320240391,133.92699193481545,126.01795905637564,87.03326632802543,79.08721481071538,89.60568673700614,89.6500547277298,97.53302287167033,116.4399924090757,116.98827343787731,135.09703352885873,143.24249867892922,120.4459582098774,122.67532437222398,139.08649933963892,98.63305664142725
486,78.73710487892937,66.10980818747696,91.81230106252943,67.75528837981193,102.56911481084946,110.04980803076079,106.38406935991017,106.36020562008986,106.00288568260086,84.85551848397579,82.53718365037531,49.878174576991086,72.07578740690005,60.780457586395194,83.6527151844478,129.56159745724477,163.56745013643075,145.79216708633945,122.90482170927616,120.16986724715896,98.31138205923831,97.56589891406277,103.38604218955892,100.32658989456597
487,111.4690438895106,119.02814795939156,122.0130843606912,101.83675470614483,102.3192871074674,107.04683654566965,75.99123315975142,51.27461031925886,34.00101751015012,56.407677095667744,6.1899065556415565,27.638997662901907,-0.33370707272832334,30.433975894394408,54.84536977910703,113.25043184909492,121.16886838473171,88.8168690428448,90.17968227127697,105.61468750305062,109.14498207421401,123.18771643796521,112.91136646462655,125.83150721930609
488,91.15068264594488,76.52789224150841,72.77266545003226,92.96577855191275,100.37220680202623,90.9648345079056,77.27350836298397,56.12312180663177,43.86441109874152,21.458188873017463,43.64193686638171,39.03564713001891,-6.238861920312466,-2.171317486697262,54.60889609697951,104.49610925810265,139.05193676018268,121.4505236887044,78.13125519343723,40.78666521583614,10.96410228142635,48.036657062703355,51.03338074614753,46.92474298749289
489,97.43305333091186,90.19893110065205,114.68338406061228,85.31507894482846,91.29823650822877,59.92386906830861,-79.74800427278157,-44.59013705238314,-7.931002929944356,-0.034400268828989056,2.168764771370377,66.77203205122822,88.65318407296444,107.9042374256346,127.47884289270254,188.48308358353688,196.09403992014353,162.85603535472194,137.22216409310275,161.595929983762,134.1534693476196,116.24528565111832,114.81670324889978,126.79402706101317
490,89.95667373866775,75.37206451493715,74.57104063164792,76.00443459579341,91.83814502171256,117.03761861122726,106.29740219214986,97.53417875208328,71.76904568414145,57.04101361920933,18.000653059369938,2.6169515341037055,-11.31861991387094,8.474143009962035,73.71643392470762,141.6098439225756,207.622219717549,219.5743344868295,200.91532243953114,160.25207957259113,141.19861319907352,110.24031118847185,111.85216510821351,105.36058032020193
491,60.42624332656665,60.469746951835745,45.79918375163728,57.418937017157,132.23900654216385,135.30585180838776,145.165833643308,168.05199773146987,141.68524550615925,85.56290374621426,77.99288431629832,114.84251227441493,134.38938569066846,135.28063541965216,114.39402301351569,168.25233562574294,181.41533145803444,174.8265860860395,165.4020559692759,180.4008091419709,190.40217209087908,162.17387586821167,127.14676361257185,118.63917988061525
492,63.4877932138903,73.79558619007207,81.44896587282939,121.47772832931626,122.25019694632846,145.45202656074432,125.78467056716221,85.7234854788039,77.71014624706515,47.114950612512054,65.97630741127003,50.1524937962084,52.62790326693365,46.5335351477074,122.41630916099784,147.3398079027612,170.1568593921441,165.92680991116143,164.68493357242485,129.42778293291784,140.3414777766319,95.04457777852697,85.39385935000715,77.07934359437483
493,116.88603913376801,94.48858811272657,43.56382329105766,48.4007435752359,48.265287356027606,44.77020053216313,84.86838180088581,75.66654722650387,78.9705443073833,57.59864158237954,98.50344198018077,92.76793153008693,78.51324565012456,85.01130043171875,99.73532656280258,99.93520185482308,49.11446058632829,59.66028457127338,59.980880612249706,76.81291443419009,90.30955013191699,38.281239599897695,56.24679476818932,110.920562850912
494,74.11794471192611,71.84247953233236,57.80501026559878,82.53805467891505,128.1725563977604,121.72493287998475,114.52786474349811,144.35949697598264,167.73493267925772,160.23690925694387,154.67956766023391,136.0991589467402,117.48600680490698,139.87851696540804,128.2835035623445,107.07480171813972,117.434460622217,124.89773665876191,153.8980966458985,154.61251915324675,134.4266137773094,123.37753098687008,104.63537439855213,94.60772377423834
495,61.154370533083444,92.53178215094182,80.05406340359092,84.95107681707454,89.68210333931381,130.3215982842834,130.4080571860942,110.42980935786481,73.78149316714291,20.37513108429279,42.71533394313294,48.757944802649774,60.47304593618006,51.17714339155908,61.47226123982295,113.7111121101463,154.53940218441284,158.74867554062976,148.99888053094523,130.00338158427286,143.52956684519597,100.89005237775703,133.1865222151491,94.51674494382921
496,23.9555609858607,37.175986756849866,57.121788608980815,82.45429927531711,107.77767596582233,127.9611815251676,148.566716460502,133.68598601063124,108.77220767066953,76.7079684549658,55.58835271593218,63.27629229528695,66.79982872405688,75.69364665139032,113.84514904913124,142.1203038876955,125.71870036799035,122.02891066062665,122.08983045962185,130.89339143988326,98.48319994132558,103.8677824700625,122.47039473732703,105.67525559546739
497,64.6664013569341,89.95888281316661,82.3725471300282,81.1864299669734,133.7488203451663,159.39191466281056,151.76069272817614,150.99240393481378,122.97687195829522,77.57765714693807,96.98218841550853,112.96083239489867,122.5693097014865,91.28993614620867,96.59050672607069,118.8686967286142,171.0391278185801,210.09784157236277,146.33482614861455,148.35233253159504,144.1888252389749,137.52953558165132,121.89353717919484,136.37876729731852
498,52.89704079300994,50.94367486716226,25.129757130935403,39.520795379352045,58.51656727196344,89.44622261258532,47.95469694151744,49.9923182379173,21.088387515250517,37.91966018758285,44.857308090261284,26.932555586424947,29.45697761987839,60.27582462586905,75.90816550257152,91.3891017802371,90.92306034092026,82.8184844978274,63.24735446794864,59.33055197055682,82.60860891290825,114.09967825506232,122.9338167048204,94.47039669226976
499,135.56637190236142,112.4987775620853,125.67436119815169,83.75802118520674,85.57065572358725,65.44545808944878,84.11928786569072,72.53606071662854,47.46653847983917,65.56081695979586,71.22760754653933,71.75283484035188,35.196403150269525,70.3203369193985,86.92358324846114,105.03685634813769,106.23056807208717,134.80768290145286,146.98638961992023,41.700933622029055,43.461701118168506,17.461823725839366,26.658112550729953,39.96907922636748
500,150.19009256681915,146.62720030836607,112.49337868884709,94.06469550637892,101.70863432149694,100.40795183136814,98.89526938845897,119.24639634652581,122.45326487523312,54.561350657854504,38.18395001190045,46.784668012311435,43.49770936060985,40.746832971716366,85.85514677108624,79.96810885591026,79.23297508451188,63.937219570802014,85.73226291074124,50.303077191050576,23.70904066405312,24.30474800273852,55.45420951472951,115.19140945313929
501,96.76043742174734,108.80963484156695,96.33706765637874,99.8826527445736,85.95648357240277,109.88056033965088,135.98255395459458,144.52701186511592,116.22360339851147,89.18796026733075,113.42155749619553,110.77455366949852,102.80972652464379,112.70604399540473,135.06670805417843,139.4060158673324,162.57979035797314,139.82081587748905,116.38345595288844,115.3293202822404,97.91507553554776,86.57900876216355,53.424355533431026,12.274368718215015
502,91.89122358233104,81.54312370645958,74.44545322480603,91.9090253620378,147.30826169835845,164.44516208639436,156.15321573232598,124.60834815224104,110.28816888299198,87.38745331750741,128.66774375242403,46.322250053134255,33.33964951781151,44.89023932738964,53.69561314825198,117.32733971577359,137.35914496441302,169.5813253741994,119.8704973136248,144.54864682065974,96.99278110184463,53.04652924972257,69.64535894159971,16.355597342979493
503,51.392234248311716,38.36006598162845,38.75231154379541,52.22727701771765,38.41634448893679,79.40092508217903,74.83901655149339,94.14048863621571,22.399958429558602,-24.530564693403107,6.1555686966491265,44.29782790658049,41.301495991280234,34.27075243825342,30.183801307877687,82.59069737325368,83.16793844649094,94.5831889027962,50.66461162088274,8.023668340090225,21.368869817547534,36.36692872467904,19.818725980080245,24.06865877974245
504,117.28338087779434,109.453866763765,76.49365703197053,96.43895138959783,113.77567064552665,108.65916473047369,144.8132586964722,141.1704730558058,118.04591676275749,86.09204890798277,68.28176431112298,85.70533887724761,70.65699500826248,63.29698095587837,78.18852588170324,117.12882955988124,143.22650155265637,141.0258003317912,132.76412107397124,105.88519660624387,136.27467117899272,97.2512759427021,61.3456129203001,91.7072779893108
505,79.4719287753015,84.07669549433008,66.82983396188939,32.146324653589836,48.894721455889325,59.95993534962468,88.95361277876262,71.78775438197562,62.21087599784043,67.83277708553886,47.69279848209998,82.45460957171446,62.13202854848583,-2.5009525431470507,58.86283235385966,94.93242965437521,149.7686142378477,129.43104652711477,125.95402885988241,128.42462548984463,122.48877965286775,104.32957541070621,101.77212737158236,93.96079171726254
506,50.81630337441305,64.75525932401024,54.64236983275322,60.052569657414566,73.80616414689025,123.65019194493672,119.85031675394976,110.20733628864794,105.30364463501596,91.53245799085849,102.6031343693439,98.69410485305181,50.38381032980467,77.10030298602175,112.4818893702188,161.4150010293888,168.55125660033914,130.0057131957539,106.77666895591634,34.1268041932877,25.106602867397925,28.529390231486943,0.8800411132093302,42.602736773839894
507,91.18130749022419,72.3868395048787,44.644190826254956,42.3321914017168,56.57282901327388,98.50689785911165,71.74574816807879,49.8465792555356,36.95654201528204,30.932663418042004,40.32551769214351,58.36481241625259,80.14114833424651,86.6541614440854,135.45025443686475,190.28813409115807,167.87472536534514,193.38467031537152,151.11323607714792,139.93969820652305,128.4643381490009,111.0768984576319,91.7313817163619,103.20302348538179
508,80.01799695749565,84.84165443675198,90.98430505906732,127.57536028310054,147.2835401451972,176.10255376785065,177.03878349542921,123.28097707519413,100.76963374976896,73.31835199357567,54.41169838507925,51.189410814292216,30.428842404338795,70.88648462735057,94.87443445781415,105.30859909554579,144.27444937161988,173.0733971323676,142.77970344569698,109.3099886976691,99.50465124530378,93.86661057814591,81.71816350190107,104.94186047922315
509,3.3358751804779416,9.501227105107247,10.196226351062265,60.261630851551104,39.61993081958221,80.3225249918734,73.2783573989839,45.75470559184785,50.82423971877503,62.53162809291669,58.778888078993155,57.34894321006084,25.309502056509068,41.80892865483446,73.8388966037253,128.36679398040133,147.22953248298984,133.28621212270434,85.46712728767139,94.27918855402669,88.09503651047476,100.10853378034679,116.7801477962903,73.0595743124436
510,143.94961060229826,103.51795415682753,72.1398018009022,65.06549618657954,79.34681592450482,94.1903202183877,83.53210076691461,70.59678752968931,69.25498462801076,95.24406805016702,82.62843484769802,76.14487593896946,52.05985129897898,72.3482526997629,127.52198932315437,150.4851583172867,187.73348202796433,140.83257759324033,110.25729325010299,101.64565831153904,122.71281131582677,126.38132302713504,105.12692371217015,81.71403509671836
511,53.81508326989395,66.05233028771137,48.13650801665344,83.78065363443699,113.22673456347427,129.79413638408087,120.08195022666695,68.36525180179802,52.74982172702699,18.791510732252235,17.40445475498739,-31.972092779943793,-65.29571661706103,-32.74959698093434,34.73337797904202,63.889501507380004,101.05836894983753,131.62640550845776,142.69045116699158,116.91853213166141,89.14061421110353,63.97323332295656,102.25714237516527,87.7369084461253
512,103.19063228433778,88.7344994889945,101.83671338029387,56.740714232277625,87.29935190338279,110.75240389860379,110.81929268724552,93.10669474685689,93.85387569375217,102.55012342985188,114.67960633000088,74.86862542536608,96.91497789826215,62.51516292867275,119.59570249645218,131.27834821974903,99.92632350362598,130.48324819474246,97.32276346979799,105.72539207866102,109.7543306945936,144.70556145396932,114.93822396943698,95.08785215573448
513,94.40787601210461,116.89555362771407,115.54596675651769,105.3511837535012,105.05835606868965,108.45001189751672,95.35349183438072,97.65600342222984,42.531793189027226,29.745750511682758,25.047530488160092,-7.098392753108868,-10.73038016426053,40.75766652030731,90.99743580909342,163.87521772762042,183.27532601960243,189.05413394408424,186.8121448581075,140.16213428212404,118.31947247263689,101.78892114844587,126.30203627330273,100.57495420246622
514,124.27065060974616,122.44528275849459,170.90261194276619,166.19813534740945,164.71244892486123,163.4832870635459,145.50736996668758,115.04175537397953,104.63423420631325,93.22189718117215,121.12140178759424,89.16186100347761,77.84008627048571,122.7066481406871,170.44713103446333,155.23793268209255,175.6733861841836,131.9652031573384,109.84614851768164,72.67027964673585,49.65513604001181,81.82027620760539,58.23396983635899,54.670792785552194
515,21.346331375528152,22.513716272958902,11.567089708501527,6.3410048447211835,68.56039996499939,55.733056576666556,87.8982920268748,104.59298379468358,90.76586318226799,74.29772765232481,75.13421350939545,66.69208407737379,37.109305482714525,89.17857418676752,87.09994192012681,73.1721663044695,84.56537001513666,110.9653086668591,79.94107060524169,62.38888656237231,59.16486224092771,64.70283226770566,97.13716637374446,60.93670588723169
516,70.83437102376269,65.55856985120681,122.5477443123344,128.15083494336156,105.30207683729685,138.95359825597166,117.82001300449615,103.41122507269151,73.23233769539232,46.6915047991191,28.20701062471744,10.820076167289585,28.29423966377589,67.77661120276261,144.8908920824344,147.93967478624336,150.26380007306537,166.7818381923968,184.47486228826358,125.15627174004972,113.45282547181411,129.82966866995957,70.3476222054075,59.2242869201624
517,40.68812432903547,68.73882920953201,99.23431479652876,131.59319367273525,131.5564438444008,138.46258815129943,115.82332981075155,111.16822842676946,81.00015232455989,73.6290708135694,70.55000991572199,67.81661473707477,58.78530125245606,105.02029723146936,107.25926285383918,151.86085816465987,185.31716027429525,204.33409021637374,155.34811143910764,143.1340465188013,113.37921174959416,104.15671673800412,112.99017594722082,83.86397770157853
518,105.56071354886402,131.53078751344177,140.69576600495344,141.13660686531347,145.21231495977682,138.1724358486779,144.33569127752477,100.74052152052056,99.20366173057332,121.15107631492339,128.31962396689644,137.35290426926656,97.63261186676667,118.6409900381492,131.9409835668822,126.279986601773,136.36745473413305,129.04536488754107,146.28915843297335,128.01934828516562,140.56401492554807,134.51491038102185,121.15967431325349,108.98214411915612
519,58.56733241106746,78.70966072110431,91.74779290035715,85.89892717725937,84.35264918371794,109.32334093170903,125.94183230650489,115.40514588327629,91.84218956391206,98.93560752346076,86.16812609098676,105.4993439650043,95.1621549010122,130.52278733632656,172.8760446335155,156.61280941292733,167.6947493029806,150.79084745765965,149.316744007984,125.51051755542025,120.45808603215895,104.23994640621704,138.4649321401023,131.08458501406346
520,101.07184910107898,92.01946545696276,107.07650575392637,89.62173113514605,110.73569798324262,91.14438672518514,68.1722262922138,39.4884538316454,-11.908009693221203,6.981187896442734,-22.772526622140163,6.6248996125807125,5.754779247775154,47.246926758907584,53.55318074184383,48.780351892595235,88.54263064644684,127.10944741597537,102.5435315147971,77.59852985043591,50.22606768838037,63.83706522172549,103.50035389813458,97.55805630431303
521,105.73637645360037,119.290800007385,95.32833672052368,131.2862979353285,129.99367086263712,150.8409773707853,172.21516436564522,119.69957958275148,104.56437287244432,87.41545869395314,50.75647220547514,64.10269159688391,30.64445668070237,25.748340855069102,39.39769431947724,83.5524783683899,89.60136371742814,87.6414734172014,101.12432377435094,104.26364580745367,91.44245635961482,98.22408857044917,92.38854863296376,74.48439208324264
522,112.844947476523,78.35596811671242,97.74219290837189,94.1128665725383,112.73423526256722,114.92956909881083,117.00781574588234,103.26588117987532,89.85986301628778,108.4421442487362,99.32280997185077,106.07155779866964,106.28167962834657,113.45416111145411,132.83497220600617,230.7107964267842,236.27763211486243,226.5906877634879,200.997569943916,173.51422459168464,140.94820272293128,161.15090958983797,156.78033452490806,134.86673068039144
523,84.31098116335241,62.737117000316225,61.35240626624921,61.7656611303738,82.94757087192622,160.98061861508432,107.60531754570428,118.74849822467651,127.6578542669054,69.15264767589844,47.66945019656659,45.39589719166496,49.13685748416695,65.09094322322716,114.89166700049478,148.46228897393928,131.40751023401324,114.38185908248303,55.089258962470026,60.25451247254855,89.09595666250443,119.3848989142477,146.57960089011115,133.34722780435135
524,97.9311385521401,99.92660653003156,98.19650807629583,109.6880651791129,112.27241132536764,104.90007923595599,131.80489701811044,120.70043687074488,100.42918032349498,74.62276347905335,77.88581138644537,44.57892811286888,0.04013145020475406,5.324303177296088,11.534695807569648,52.503163511026116,82.10724618812205,77.0511423594208,83.16233143419589,61.57830050924319,63.85776615929553,85.20597134626534,64.38753756766573,58.63597543209483
525,60.73406321720975,66.810172730924,34.254799182397164,27.294940413114226,-3.3806945883956843,17.825315316063183,1.8150596185178074,20.43846999858087,51.63168397009339,108.57120619045136,69.6117496064058,20.210984811328352,9.686697574341629,18.91435511488362,49.32720076474863,109.84714446679388,112.99261112481342,127.47241427998,102.00260749626847,55.11370849528342,58.623562908486505,72.22919922886723,83.63806117211628,63.54402890826889
526,61.55066432886123,83.11826309468398,121.97228893618824,106.48074649751989,130.92782485911837,180.1124286950135,169.70661504537247,181.1465204338243,175.12681536070687,165.63517523992368,149.19489462018538,172.9044022518346,156.52525908218868,144.05096352000112,169.18920041955388,179.54843921319787,184.7207612803363,174.10799007775714,139.80593298957618,104.40494489708456,95.58723055435547,82.62893348971534,68.5747700855868,30.652240505499208
527,-24.199012442996136,13.407886868651858,-9.922275730566227,35.93377278648516,32.71699653804225,83.76218885280245,86.84556992435517,63.40698226861636,64.15740463731284,62.64441813192784,63.020078623914664,32.07366377967439,23.808227028748078,67.0752700843193,131.84191391208736,130.63001964678372,152.46880296164917,151.50231666489492,127.22150027397939,116.02954699455155,123.38520364248353,113.14410643838335,127.37060008059618,107.65856014003052
528,89.20618179813127,94.09023916384187,65.74502431543974,61.596767736063114,85.9522737145058,145.16058257609174,98.52374582227361,94.67807630117905,114.71132056436049,154.11201248257294,145.11837610507717,115.99802682153637,92.88448216820035,113.43145057461665,132.65050876127668,163.76354032742674,195.8811674166574,180.66872799819453,157.5873797686102,177.9132315487989,146.36525344803104,92.09281986919687,95.95721185086036,45.15419897268419
529,108.19935625199716,97.28379292041512,85.97554903822763,71.6634987030949,116.02712704298962,130.8663240243012,107.32843255144797,91.64819599798112,109.27832946576785,92.2727280879119,74.10169475144106,73.65511963180346,99.69974119638026,107.4456398615227,83.55720305011855,136.3544423519031,155.32315019413784,149.19085025245482,156.78832914623348,139.7454351413308,143.9212007271104,136.9084125593716,172.74005745891117,162.17013997268668
530,69.02547376835724,92.14692824766985,81.77068410844637,110.46993587521291,153.2573586082362,164.39608538779095,189.12797915375324,131.33287663412085,129.09916818326784,141.950328550812,124.98510818730136,86.10240333207648,60.21294790510753,36.73295193077721,78.88966798118317,119.12896871236894,114.42917864938484,133.85148750408763,100.7887243601144,110.0480835921451,83.1434250441105,50.969464158902866,47.10749925625821,23.0409365172211
531,97.00340596825984,92.00323467717371,72.57032631489793,83.22875162990445,114.86201586385555,95.66035266299443,67.7834894125145,60.34934215278833,49.72610067316259,47.99341873757726,50.901611925179594,54.94675448142109,73.73530844812522,103.00634207394816,123.27920191867929,119.83307542643315,165.22777724875027,188.4378865883794,146.96312675621368,112.93995624266383,107.16230923500417,78.60713368142876,61.74678339572983,90.86940681467347
532,87.5236411938122,124.04838567689552,102.25767688348958,112.93130394448679,142.56164398749155,175.43021671191718,149.2348653928607,146.8694233049985,118.3332021671556,89.54768934207824,82.86142889012355,64.76975590626284,48.57455288456448,74.73178932390509,117.47550627369314,188.98544419836634,179.7860826781221,170.70694839474936,147.55455881062622,133.33450134831492,110.45257014626468,129.86637363179503,158.64277294986763,122.60895790151415
533,98.86144193970489,73.06194941997128,56.12378892944743,51.916390216069416,54.178665771332945,93.7811806313711,94.95159999048732,77.78550322200995,105.24358315979666,70.54861797037066,64.77065141963713,70.34819145689478,74.46971487361891,65.30663013140013,114.4836173647355,147.95534647578955,173.23739671728185,168.67762473638123,155.3063520510322,108.37506069411884,105.33632602950225,118.66242485825742,92.32027715254918,78.89460869356812
534,66.7642226331424,99.25654747953202,87.05605595442371,100.68699303981153,109.52630165509822,107.26831832318854,115.54221823419373,97.91858008633845,66.31974201494393,82.62647049702555,62.532562006387764,54.38291674317012,24.25307297740182,73.02821616414587,97.31517504484584,134.04099137866896,155.97929256607947,158.66430740557584,130.14352688481625,144.509632702083,127.5090408714749,108.58659138880486,114.09638670975568,153.9071873655915
535,151.82037894397615,113.22695772884683,115.66046306369216,119.64421110936908,151.2193105835495,150.69198750332677,138.63172214058275,144.06789166989927,147.4887137860889,117.63571507178763,123.08039061702097,117.00090696328927,86.70270976231564,78.44689276087054,101.19421366412624,143.45762544294098,163.09063270358513,181.65392955342983,174.51851952074554,119.30353598864849,85.3786392464078,68.40567240459798,48.02570890905938,72.20201242114385
536,102.90861515239067,85.95010226760155,81.71743354130388,69.33288484987989,94.00408111678387,109.81750486544573,131.459162660979,129.8784857488777,81.16416400440397,68.55123941404011,88.20692648137877,44.386020503857246,21.072726258380378,26.86712576421288,76.33517680506483,118.21899702739671,87.84902283291731,70.47408048536218,-130.2528619430884,-75.30134916821982,-228.7251740681529,-181.14044287876834,-131.2020580975066,-140.3504965409614
537,65.14288565953451,96.66471487008168,61.17477900802824,54.942336148695546,67.92918543512101,107.47296172613053,143.003735494327,104.92962460363447,88.51794713496278,60.59513341097352,74.60628782964088,64.95392934493074,45.6054342220194,53.297597299379255,36.89993019232978,96.98025549236988,134.69026968039302,126.62116034671524,97.75722448226814,97.43671088260835,66.11911781889563,59.26411881178884,47.32715324998223,31.45539712736784
538,25.690055366701287,36.945793764815846,19.961712011202522,3.165174690370705,34.997507526076774,31.00760569851947,45.203238107982585,45.75482450682306,42.34829621558779,2.5226040505519904,4.741068600204045,-10.576063896818269,36.22291005754855,36.42748021578878,31.819109458926363,20.40379987220365,45.579185414983456,89.54594461161845,60.300233920671985,22.274959714274345,52.83235639995067,30.071759935996695,73.68977857597059,74.88414052076202
539,126.04198167747754,164.37988851465832,140.1522345693821,111.08440488030618,95.2741570794172,106.13600336924145,133.23732727220298,125.13756436949485,76.00018674760983,68.65776955966712,108.1737594236325,133.1340486076732,104.14871962400238,71.23941314252465,81.86174423780254,146.4416133678462,160.01415522904026,165.3977171893377,140.7844093272283,108.79867445974284,81.81004029572068,71.60137134442512,96.55957828956555,105.00320854433274
540,43.441598498507396,67.57342645632926,20.94964901142029,25.934729491536743,3.331849895610844,-4.441086023817505,40.6902047890142,42.34442831107668,39.20795043872382,57.2916769393887,75.26835081536225,80.47898414702952,111.82396037514405,119.71434128844986,158.2395224159854,169.2080497465805,170.76406169248727,194.14455552465395,134.46781598315002,113.57040024576912,93.79293949519104,64.13379950631914,118.60982505402521,80.2417762119498
541,86.92620598066469,31.50568334082263,61.16637137122579,85.30545075877998,64.03546493537925,70.67700208439234,70.36667412604307,80.03924848621519,65.6962510181152,39.248327960349854,71.57972359029024,54.07227849605162,63.338760345401525,72.13286887131585,107.70859190602934,147.53939762673255,183.06317347581341,172.17874897582035,170.1265918737122,162.98153192163073,160.636284420475,162.49767552054635,124.3359495615246,111.61072836894903
542,101.87940454196323,120.79438164727347,93.0722290141976,109.94821842977416,111.08440190576849,128.64205316382447,164.0734521172477,137.77473379040373,121.68283503624936,98.00758503084131,54.182374215885076,53.01341636736417,40.31737481873542,48.80061292598252,105.9986592683631,141.76337824227744,120.00039491543274,110.5397871589361,82.68259547787186,81.83290089938892,94.11683838195609,59.78469440864883,92.9704447705801,63.14054145757545
543,63.96466265709332,56.522324409064,57.123465531983044,63.65705882865254,44.07828279645234,83.20830024760998,102.12160737419337,74.75635393390522,59.67945308395147,86.58768375627326,54.650774361215156,62.32121855377105,34.372085273255365,88.36007363225129,125.94394063866119,138.46100114842685,156.86123822460067,159.17921672876528,156.94918520420453,88.79980563420634,88.64060558160345,117.92371332767058,109.83594344916082,89.50304562868394
544,131.5524711668637,159.43183463292536,146.29227711806357,99.32463393831627,137.48982488039042,101.52304943265564,109.13285935114187,63.061959724910814,30.32466844626949,43.4735615849702,42.76495818729513,-6.440298675701172,-18.691173905622755,12.307098286174835,53.291378113736066,48.71802862796403,88.02996116757942,119.09178064888275,64.02255144098659,57.53948954977633,42.67891420209619,50.70795789026659,78.0531819129606,48.83993168465278
545,105.07539845366651,108.4880514167863,119.87445445849468,98.4758630959304,105.77243383870334,133.96786657072266,156.1980648941073,146.45114639808094,153.07246739379133,146.86667379021316,116.88189527512402,110.66151925822294,76.61643173499608,52.03133190654451,70.97941753945268,123.11742571244366,100.84911881526043,127.92193338957338,124.30108877941626,128.35012732138483,131.55298857184266,133.20673821474887,136.15828020532837,132.9514371765218
546,85.49205664494659,90.69664223690033,93.08466338235418,91.18508672781316,101.47225097946693,104.2089325209059,140.27198075096854,111.31783527307093,119.65593368859689,128.8703191028469,98.45205032261605,103.17138522756785,71.84884511807694,34.50735894176677,85.29563081640471,106.18051245712243,172.2715965245228,147.50830457710057,154.57369552721482,148.85677084535035,189.66725852135895,166.48363647446445,121.51913495578712,147.03152379127079
547,108.48169790599347,110.42392281786404,75.7113365625861,104.00253787482299,114.48605234817981,119.41190049181438,140.4320288829205,95.62636597740487,92.61781778590571,45.89882105725947,63.770406288709225,42.45475110743853,-8.197201538014703,14.580371815760834,75.88386145852269,124.90137172003625,154.83479940417988,181.56187717482098,132.30854022970414,99.27517175125735,48.32066163413028,30.66137281211627,13.578230894678256,-15.177764902405215
548,114.25876406048414,122.65807992090947,88.02407230882017,-60.17157493778005,12.427635782011393,49.921136098964666,62.01691491561779,68.78538784304877,32.55964932850978,27.07767296127154,47.07548702030359,30.78862687672349,41.63697395701597,38.194647648991975,45.1216665403291,69.785683432278,88.26388069703955,98.17167668306382,95.33457170485237,102.65619526442933,113.69707947016491,95.4670081511873,90.19451934193295,120.25588091323215
549,80.61524807228555,43.006703497351815,58.045659712290636,74.83855355420958,97.01957067621551,109.62669374890388,127.08980233102017,83.37695835721165,41.908339255561955,7.106512206664618,4.690577590142837,-14.526366276762445,-25.249943971345907,-37.80054516143872,1.4092666651874879,51.834395870966134,81.01453301270364,111.53517715779714,106.49415922808886,107.92342892786063,100.86566599913037,76.72857263069588,111.03108220283958,137.38367476332917
550,59.744182408161066,86.88619183226525,95.91406345518571,63.778082039358026,99.00264323203417,61.341540363946265,86.97367565862473,81.53183633101116,81.41368717617355,66.47898693902192,104.93088891407072,135.62938829046107,121.57219178333247,108.50368332746447,118.5367638023183,121.42794958815261,151.57260651730823,171.96080915575538,118.4994008611472,105.69001768270621,107.05952971991361,110.01588199181792,153.01378170645467,145.66359043902966
551,57.71823441677274,53.906980471818855,46.31392212150304,56.90024294223693,102.68134420058126,153.50150483404795,156.43735031536906,121.08776047126568,90.89908236814281,100.08282727628593,112.08674930313269,139.371751348818,110.45221234709788,122.502484195224,161.09641231000512,169.93621482177792,187.12493102176273,187.97873497562043,205.20798669136835,133.49309704196622,125.64046235326495,112.50052010332463,87.75241752674924,82.31605589760488
552,155.64118339906935,119.14113750414712,154.3674655905078,140.00593154035832,187.4345872722351,209.69659414466247,173.24248336678994,184.25261384604565,172.4363108985759,138.58355238235578,120.47877912206215,119.43024497556857,124.36501578776938,112.07524481349522,142.09808578821236,167.19863745572627,171.34197995827859,155.14328274832798,163.29458797116405,149.79363719185142,131.50114243531104,139.87882591951492,143.42485170445036,164.24859310074748
553,109.09518415435481,129.45067103243213,151.66846756966308,154.9239569291978,148.10592769582965,164.87361339805636,158.76783646102749,122.67340911514508,106.04464410834608,84.91876233044671,51.2985275829736,80.51503587960104,83.00801385157887,59.09200030956981,107.64940628752855,117.40997745420916,168.11987546108674,168.59571127126944,129.92865489851096,137.12719677817293,110.87109085794945,125.0454450705952,133.7822738380794,102.78011721119712
554,66.27908567360795,58.16240631103223,88.35157588225748,91.33254279116446,91.0293692721657,91.02076550664208,113.55615288091394,77.86724271126084,36.728886051420105,83.2710517516352,59.840961570635244,8.397907550827284,24.651536463610483,22.808947476460247,52.68478438614219,109.46380006716446,155.16481431190468,153.42674291183988,113.03891501627211,95.87588125043814,76.91999981060437,93.19750583226849,96.43571329481404,65.0911566695824
555,90.09919025702266,66.97126850834954,68.62803253416602,65.25733544763004,64.67716651978039,70.48815724725404,65.61837371962608,67.39164141864075,55.043745987247156,65.9162992879896,76.9775366957996,67.64014884540305,70.4351879893923,107.92404551018286,142.04894995909717,164.6271925430593,147.23783839765798,157.57005237578704,165.98282121586112,136.8344669139776,127.7631199467973,113.23751509174429,115.11794120408081,83.9327695792893
556,55.63193781951469,83.97536660019571,68.64141627129875,64.33297611910947,81.57321806656961,57.544095828588176,76.17597444223401,70.47872700008864,71.21274800031202,88.61493768782019,67.4692668808911,76.77738681029783,53.42322267723443,39.91168948547106,30.282401364439565,44.50308453964679,67.82599568017785,94.9468255098129,130.43626285097483,93.52302588656869,89.33139514433465,70.08635660011947,70.90228146990117,53.48069014152324
557,90.38884712064788,96.79275197814916,82.81084944717342,79.69392804492871,78.0605924243805,151.09404935149774,150.13418369273057,152.97293002455524,127.78756663416677,104.4643116125823,89.8807092412542,75.48089620936983,75.02994777970748,80.97318969366079,132.74210214571275,171.0709611992229,177.69092135644445,168.41056774791207,160.76746974566413,163.43501407891495,155.565632344111,133.3669509092989,105.28758919403174,110.99262905676623
558,135.65463368772885,145.75480930984293,116.0261779531047,111.65659062391045,108.54955049565947,150.31104319799448,149.41307601570344,162.3504628977645,132.32789882895776,124.7349278879347,114.7244646268248,95.64162487985357,98.72623535799154,67.04089796425394,105.8541699281021,138.53244816864876,129.3327167240323,144.47452471212694,134.83300704218274,112.42819066408602,161.20532471880037,136.52739520778354,122.80544981551702,138.05462478923954
559,94.9984268484715,112.04438256448798,133.892993778063,206.80256755414,230.99655890856496,219.63359584250844,208.13103290388918,221.3212220374642,156.14672842671,88.66462443311745,79.18395741679993,69.3342717569147,85.90885362159608,129.14603004830127,135.9479306001545,165.67354253431682,137.36779035332825,141.02145541846383,115.56736133126053,106.03187367110316,126.53596651308419,137.30617666465355,122.11382408448591,99.35340045980651
560,43.72505607376606,81.89492804869958,83.56277848128734,57.0390337934394,75.09722481478569,128.18620662003391,123.747878331523,107.30529999147434,72.83325861526251,33.314986052397394,33.6553007092337,1.9938070887775439,19.478803507233344,48.35655710581348,55.18713371696256,111.83757023837796,135.38258348148472,173.79232522024273,177.90729510961694,133.44117207431046,126.00668904582497,142.7432404939924,129.45763215970715,98.88339414314007
561,111.10308800365502,86.81372894359866,79.98971055828653,72.08321766071799,82.80239570696898,100.25775161927763,104.73363284242602,128.7970746441765,103.43313362847483,102.43650623995154,95.5446339430074,72.92011275409206,73.03593114907626,68.2921743955077,50.836976690489095,64.75479682874743,109.07205030441007,127.485840220955,81.22281876261172,57.7037161872382,58.95797602171849,77.49458757045181,67.84719671881001,53.15592556282376
562,141.77135477840966,125.88148890351437,154.91079752002923,137.17792053557952,140.79071583056634,116.79258028745038,160.43173163169445,181.10448265529203,148.42972526322467,137.2835431774311,140.24318606920997,129.72747465075443,129.11147170867298,119.69176038258337,186.8006155350031,174.66526924818447,184.25372277299616,187.9600534532496,193.93904834006446,146.4770726352226,121.16027234044688,107.80116729165752,98.61450563865858,82.07255590810432
563,156.74054040858363,129.42087865358974,156.02957895328007,168.1767801928038,149.59883854619753,124.69813322498095,140.37488372334573,99.18746553306924,89.22609926246841,89.13388291862661,101.90725296168642,113.4559627420402,100.86676492305716,114.93311348224627,85.3165350067571,121.8100596882274,141.97740148217227,114.67870908569668,88.89923153966198,67.52536185607022,83.47747129751909,75.58457626731384,79.00244371130061,44.617408850587616
564,85.2781546533268,67.493322232471,97.45752420294106,108.65543089913982,80.6447633698678,104.77404121293534,107.6092019689454,105.95324793670106,44.73003391706923,62.69072209076395,82.03180981006676,103.57785557766996,75.32468386623886,64.603816206614,91.55599961436145,122.9958811420578,147.31320412257932,141.77698994803924,170.05190052117547,110.91283928917801,166.18341760742223,116.64067500667193,140.18632113915447,145.1435706884055
565,70.60450995274995,79.78513089582385,106.22358304711653,84.85185055342252,111.14136692264802,89.50250110490833,114.85231220368561,73.6825949570094,61.68760178921001,66.08874124245821,54.597799021728676,48.63090421363784,97.42550982894917,75.17124867687477,72.5992952062611,86.24444842571322,166.32750055371693,194.18566319244542,180.30888559129585,148.45180813800778,149.8031339150656,152.43738204928627,126.09554196460716,85.4993364102911
566,89.66392111377445,99.96213880557245,92.64332566180234,72.70762649087915,67.53739076906885,84.64465102012029,58.64416024645049,87.43181059134302,73.46241272815567,77.24916943247213,61.574262503586056,41.469586100001656,48.05457937380319,23.97058783992332,31.80798407361297,29.26947704387679,45.6036911657103,101.70965918455352,103.38058166873105,143.69542542153576,129.3209028904181,134.36910105451625,86.22012425040029,81.97443181807559
567,-1.1651349395465047,33.68200115067025,74.22183176248038,53.82632270745548,78.86683473223182,94.97087556502579,58.72692623940798,53.6348551829351,62.227099097812086,41.56056436996239,17.168274026458953,8.715887441732924,15.682331419284218,13.286401557620167,55.97028471586171,99.69700291274773,123.93811901294296,167.42209942865668,171.56600317033792,148.9187432844409,108.53490779148854,123.67523613550546,107.98543053538803,151.95241576734549
568,161.5754349902968,151.631213245835,146.35748722335452,142.1518159291599,199.5678335056391,189.43816449050996,133.07796603539757,109.83447615420765,110.71184823051583,36.84014578418841,50.20165666295028,29.842314420739413,29.298943614335926,28.99066927498265,58.89673794282382,121.47233593617177,109.28129545982127,102.47246619858845,100.19431629683923,111.79040577710323,98.3628072191281,123.20190387899868,132.02609629387126,94.25572406234537
569,75.87949398827485,96.67425763701134,118.9655710545418,122.22625122878338,120.10097389058701,134.0579099470848,136.69403332443335,149.30983424391243,137.60619487077707,117.7389064680255,108.50023267400124,75.33322307149756,72.39118371273666,66.33873056624027,73.76769724038297,59.53867683983796,68.93995573499797,97.68666371649098,133.33225126490763,121.77762974023746,104.6752732220816,104.39966100189169,98.56269119548813,113.27504078588967
570,96.5496241195765,90.40169757340756,106.77840629772018,82.14350610232268,107.50072802213218,77.20657058459437,78.77511425325503,111.66070763453817,84.74922849080775,90.73165964945908,81.38344668300893,65.57870749923072,42.179600068084284,60.00045348423797,114.02373838424668,167.8609530994685,234.01887851755535,246.6903140318979,191.98578122061022,166.6555014087616,144.04039815974073,140.92611269595676,125.96704613540177,114.53482773476657
571,0.02360516403847157,31.435953052938565,45.05686915200019,75.46181657532188,86.27723392474094,117.99384096386952,164.73196662594492,152.82291754834586,120.55437483435809,94.68141905158494,61.54362619284012,67.25442641146095,25.366655986765778,-16.664073847168623,36.84884031224463,47.49083303277075,97.24734243957056,100.22781373862404,-18.03586786953042,5.057457710601653,23.30168204175783,45.72347555712038,91.56377665698298,112.85077652445257
572,52.55793899356798,47.872495418421295,71.5654775049151,38.363957839438754,92.63758821802702,97.93479396403924,92.22290850465554,123.70796144815827,91.67384538767001,93.15788369210186,74.01402392553088,42.535256645710824,54.629499901848334,76.27218466770759,120.41222687831807,165.18441316489344,163.42999576631274,158.35842714131658,145.16124738366867,128.42902126389382,121.63778422832223,109.54692426141136,122.91849091644511,80.12240802162225
573,-18.57973035904547,-38.30367422428519,-17.183069370187553,-29.180731051377805,3.937676316330325,24.750538743542364,21.3117226490547,2.2697181304290126,-45.7672999631622,-22.306960359568052,-4.325427403409265,23.032915729478447,-4.368217853534752,5.216209150878235,67.35267748205752,70.60931614643499,93.5248113999629,97.24131370076027,60.49380588432825,76.34794961094187,74.67762277828291,90.79190012216172,94.97102643829089,137.28394016759947
574,65.9443479470194,45.96769451641691,43.64071516828239,44.11576035020199,67.98777327420703,118.81629823617699,95.21345020621055,101.89019020837647,60.889789702758776,89.1444375510369,66.1630362908987,96.46161341753059,102.05847283772394,102.05500615208642,100.45461956582844,94.74051790079253,115.3630219990235,89.50315695081419,54.556080321761755,54.64386478780922,92.24317601925327,85.87378723035599,92.86394542209743,78.67342919620108
575,81.60209768387183,83.99882760540505,89.18580838447421,129.04642156678375,159.034533091868,200.70533670638434,191.13515722650774,146.35808587687433,87.62754326920847,58.25734718362869,52.26947553425091,19.560411658703117,15.705078952735043,57.07910636191846,72.62018180877597,82.35862323588267,120.08838825126422,136.91276868672492,108.56160467416052,118.85129129938909,96.46319126593154,129.6423073138733,124.87250815182188,85.58185485733169
576,63.57945317427672,51.91210134092279,69.68270025557678,86.46074807285099,93.59741668557838,120.61169575413516,117.84537846024237,84.27795580776284,65.19703604352529,78.66577729252872,99.20981642834825,80.4307373710703,32.171690663251646,72.51790301331565,108.87473358688635,157.9757519477663,171.1817441317952,188.8309498723112,140.76170587841892,122.23412142930192,123.27024169045077,106.7251149058721,71.16768248787142,100.48633682349126
577,74.30328525007442,77.67239004565864,104.88196943398196,82.40203972743434,73.06518913006315,101.863596581996,96.70407760839932,65.50995136106668,67.7081397387503,91.2927903570471,81.28692493925496,107.78402203832478,108.92679196373314,94.55299539370375,77.69878770557918,133.0312703535858,176.97371161839388,194.11862463664153,130.95973181651038,129.96130068941633,133.37093677113143,71.36934534159008,74.96284184043192,98.82722941262442
578,98.12405655398668,64.74676383096703,58.34856555309462,37.15621293777317,53.0573009794122,53.49999333727256,49.856847455402445,51.252992648973,46.99916290227642,57.34643840080149,24.976748038590607,8.274472800097925,26.277782144982183,37.67102387135007,78.734774134616,95.69165835940066,126.00003053430626,133.79301222416228,122.46922800851605,113.21742508921612,128.41515780125013,102.82580917344845,120.84885242632885,139.72640492765905
579,105.44885360932955,94.81517833428141,87.53319963951785,75.31647404503907,84.7123546590532,110.72174443215022,125.83372182305182,117.5754484627785,125.13548506773189,107.83146507710416,97.71825606477024,84.84658162694592,88.69574122623976,66.0422340746553,-12.309777974724838,37.16090066139613,63.97793843154949,75.58517750883338,82.92346397156342,59.34158374616917,76.2102431048428,82.5425127045443,82.55940730300009,89.24807018007039
580,164.17420521129668,154.76526428453147,135.9673952149718,119.69416958433189,124.56653654119833,107.75234445435596,164.74402670315658,180.90636839828713,190.70125145632392,174.30772131887207,148.23731101038902,111.72871046215047,129.3352896659265,158.9347693237615,181.18667990996425,179.98931824322304,166.22157718687444,140.26744138099397,129.0007717306077,129.887238364035,142.5355679754173,143.43616594431705,158.2910486714857,142.94044796779815
581,104.33102104938264,141.05501863980948,108.06072265803498,125.57424029042409,122.36056001255108,151.1022802631597,151.8917937835272,130.62327188488158,91.12315702063091,94.27297769213071,72.87049444163135,51.369111532867294,38.82798307647327,76.74162812562804,135.22077311804958,113.53369492483162,135.09851605176618,159.04363695040905,96.38043071394527,86.84327339721372,104.71396959549048,97.80775171067232,114.62820432958887,91.1163271892363
582,70.15373938027437,54.05364309364393,75.02151646357748,151.22463149667544,140.27600795571902,148.86114577340882,154.80356824439238,164.92412336430016,159.04127250315756,118.03096872507277,138.31766160926213,126.22444626214491,99.90542439902455,105.60676505966694,116.62367804992587,135.45422828575272,157.11444430903066,149.17326368433297,141.36669509777113,99.3107540700184,113.97195810856068,89.04926615387383,81.52150752572986,105.822131519869
583,94.36077316956826,98.03528588348004,105.29066497890298,82.08148645983101,93.96439431875947,98.8572647994188,112.04405259024854,109.67717327623112,80.10012539979111,53.54158007171826,87.63300670499615,78.82243451049361,41.15868314897486,38.02334067180849,93.14700279880799,116.64824011983414,128.63328279298662,152.82220102126843,147.25611102850357,161.0546099545001,140.4434782381498,117.81221700583416,119.6374608986417,144.8057440870027
584,97.10191045890798,66.38426331114164,56.409797215053345,51.47673809909999,58.96268510903966,56.67512532705566,100.48906167550767,81.97378057997288,67.99889246506372,68.09263823697174,73.74407800388617,46.94277108076305,71.50583907378231,46.530188259548865,76.08147131256061,106.35017432774674,116.1521863434096,139.09491051991913,109.60896041702694,74.23676302255238,76.31188746083396,41.60271695821793,57.5310641311974,32.62707960811244
585,126.06110522437423,121.730028685755,84.1240632931665,52.32968379451324,76.05910899170817,128.11701318295064,123.82055743475952,88.7005073950438,70.81067442044557,72.96162651946992,52.51027769974699,49.95044079244872,26.455006418536804,-2.2038273759379194,25.90590568709561,16.715848102926245,56.04017179267494,70.91408302587418,70.08706418028412,99.3424592562623,59.79558041663521,70.93201082091895,58.73193191927068,99.62572578173177
586,130.55605069649903,82.076810589693,75.55312869107352,79.61154916172602,62.12008226301727,122.47786042331074,138.8799956214046,128.97750705285875,66.91036588011332,66.48544611330007,47.40418550463784,33.296152745558786,30.455881705942694,81.55856676780118,135.92903655761359,150.2039911625197,162.48841949078678,145.29219403811382,120.83568216373843,115.9530003085713,98.10733567367447,100.7173608573899,86.63916758682002,89.2150470255144
587,89.80240910263153,86.74342844056207,101.27133016103869,69.81584234457183,89.5545918468593,101.32241186504613,133.21587643809957,128.7599412143163,101.25166878674541,116.35811068283077,112.80329902764318,119.75427109156989,72.56611543358869,114.76500568803868,136.16946218107458,180.74794650776593,184.83006164401942,143.7374987726957,127.74085276216111,126.01596699546589,122.2594910009303,121.83887291452587,104.37575764368538,98.15195453799635
588,73.78294839459855,69.18144256717272,68.39370229758279,84.11258981655318,89.07196608179092,145.50061589226934,149.63902056405504,168.72592438622766,126.07046061701213,-111.68265561308007,-83.23080244623998,-67.5055279255649,-52.23755465423472,-19.12632433204574,33.307477804834086,43.03273911247524,86.70663796934736,41.90442161178822,62.37215532710189,55.90195768293306,87.22032326202256,52.94408998023048,50.962127497712686,25.19218079912551
589,126.6030019037687,118.99232796548867,110.97553110594265,124.8645641736842,124.0112108419357,110.99107278421033,128.8118187119378,110.2036342185523,85.11004219135107,81.83654727530899,112.03359095218212,100.2189603341883,98.12231609571663,92.7023541843447,95.48142637303187,170.4234297035426,214.26864448877055,241.96607446766816,209.01792508121167,191.5893929016874,181.31063101217313,158.19230041402506,145.87009136018526,155.7746915738158
590,81.24569629172365,83.14470034687344,93.86830641699208,85.40718278931979,71.41472752352132,99.30919750044426,102.66296144824754,118.68160538408002,50.49098551886118,46.932370212273554,76.5570005881089,49.40741260485801,24.187079326695702,72.0468251339282,117.85798634743306,144.23867476255054,177.84618088473454,184.57047270836586,125.67067593222458,103.24043427609239,97.98535516919195,75.48356694642148,61.11866355843769,65.29012915705937
591,107.0681112385475,102.25456709726338,92.79710813998706,77.65353197029887,81.60811901203176,86.46932970489873,119.27036979734018,121.44036257204498,116.86478595808873,115.97812926028061,98.83600465517219,106.2616667179034,107.48037121315485,84.72208385776251,107.72428372913635,140.48489089388616,138.14377454728844,124.49038862120969,119.5824159680323,111.80986187944177,127.22340230968543,85.09052912589019,44.08803054700246,60.3356800466138
592,56.847572429271366,47.382290328575365,50.255474214497056,31.937898731154235,57.43177435622396,68.61478511483656,73.00930316601725,75.3303235205602,38.522810311632,54.12769796294945,82.80170760428766,97.40550299721917,78.2861845431512,85.81304714084892,81.17582689164325,79.45031216183149,106.51988590336947,128.33799223121895,111.6027508339715,73.14965275162382,84.18032986645005,68.29558728621848,60.08453974057367,24.809791235904186
593,52.82769514852895,71.40549628938572,10.40829397062069,72.17419848306052,105.76749519524842,94.89215608808342,74.17723769120431,51.83084458998765,72.58156986151782,70.97189186225631,42.83863573375701,40.24012893938365,37.4995360978627,56.0898344001297,96.92215289263801,140.91095543221792,165.71190015930253,165.1569269358421,142.77638872834743,122.82443131549726,106.80490761378539,103.5709991007369,120.26428376714597,116.19084521074984
594,134.43946375458685,137.7902443770357,122.99855491025991,141.90059679664637,144.494458187028,144.43321509433503,146.12792700017278,108.13353778789805,82.80273259459914,80.00515733204452,56.03424004431153,55.738752321382584,63.33093374338582,48.68831815931128,97.88222167323498,118.81026571148777,137.1469308789265,104.78623182258096,104.09352114975124,117.94551254857741,72.63014924576314,96.70421404071736,104.51234362067447,108.79895647557734
595,103.47369543706988,99.14930716748637,105.62820127986836,86.99767337606976,51.49984278145187,115.4034694165436,141.92436248787902,108.71004221331518,60.27575911865713,89.59422234725814,60.09228796317697,71.19082931630584,60.8419474952224,67.30974883750284,151.7575020873419,178.69027929805347,177.16862654987497,186.39321198554833,175.98208242672104,154.89645703409013,194.2269032914603,218.81749371119395,169.14723920138078,165.71944532616217
596,128.05012025743855,121.24625484463445,120.62128791851634,154.37638529510122,212.30609301532212,154.23895409925376,158.17346463752878,109.09277706477923,76.07969430844209,101.54170595015492,75.75105703783072,89.97748049912813,81.07222804612164,103.2852628242925,107.40443992547014,120.69146859282739,105.08163468361391,134.30204711978408,101.97880774402788,55.63212693864584,43.29288878243073,54.127489972495304,67.29642012109034,29.596788937339333
597,70.73976006026183,58.55250711613226,83.05151474270608,54.70510670434612,89.0138545130158,68.37433929385078,71.1169048901431,56.483388195907985,85.98472980872182,39.3018077058644,28.861536958684212,60.27171312758406,64.0389689209079,35.02346149943711,84.43872984403465,115.17707091516493,134.21420558734394,133.04627097724367,113.46752872015611,68.9054532115675,83.94636169339645,86.53259342955802,115.91770856913126,72.00797436298764
598,184.2511934381406,216.30020010772512,181.04425500198425,220.54565101995212,196.78481155940665,177.0173032882142,144.83335124678655,111.98037277452646,104.9798197497196,97.23150868863125,110.9742264579985,73.243578289834,75.6311583960772,113.6064056250832,133.50210230216328,156.10997720537674,149.82926897040684,144.89139349498942,143.1549356886982,108.76831649913811,109.27058559835368,65.75879132373066,39.697507970301515,51.732185494193075
599,57.65095590047184,73.94602472876463,77.2450530199778,85.61544149863539,91.90768752729103,81.22795696918087,55.45484792434307,63.52710932974687,40.994190260289116,36.5381010953665,31.577042282097707,27.790264932769986,18.38486647736776,21.766965279511325,59.01725900400167,59.15717120458676,57.291889452061724,106.7211533484721,83.89952940550072,66.68058378407508,60.32637848394897,42.56532395066276,59.643693929347684,35.31651993710865
600,42.651949286882484,63.66627298041461,101.69759950883031,87.01981924723655,71.57852186509334,73.04479691872064,93.85845631864669,96.37194759013833,69.52606182550342,53.06276979311896,78.85107539211674,50.77471085906413,28.661031491917804,56.77336258226105,82.8510291719104,105.306704268417,113.40915081672613,112.99026529100048,122.6300013451404,135.95386385919034,137.9134339604566,115.56831704000582,139.2652886582669,104.12891394059616
601,120.80352156345388,101.74281557279245,105.08362471605489,87.73060575886096,127.69471895868166,152.74198284964368,165.7914084600361,168.4964315412695,110.78221022167901,113.07840100455915,158.7101542978343,129.01948054838277,101.60365183781289,108.31381477480684,130.7331304646401,132.2535281652836,150.74820613934511,176.77928190916293,152.63610285680014,139.47215371206278,136.58645788474456,113.73832899335044,101.83787437620758,104.5938588449229
602,92.08298095205078,60.50674695365437,36.71403692749578,36.90906980912659,45.21319901952894,80.77187199777242,100.51770533539027,89.12618207638776,66.62126362620575,75.72215230301919,86.00089643402795,102.92126689007543,74.27473075834887,72.79859661505334,82.21502913242948,135.6192496803171,138.15806671084636,139.57701306978683,127.34197519581704,112.75002256216634,64.4594161804072,25.605936016813473,35.3956270615206,58.38781639200182
603,19.347418325517367,-59.01717382003862,-37.85684820855562,-1.934909107349398,24.458651825538524,25.477691523636793,73.99363067222444,46.210475616436746,37.23539916866957,27.493001054888246,20.967163253075,39.5622658823615,55.10385505321125,7.64232618176208,68.58201018837089,104.81687404837777,127.17201148718344,134.96443347286697,104.22795690390387,85.37504208899401,98.72114316466019,77.68054200758633,-42.969472203730106,-39.48690275524078
604,66.88178422524842,106.84451121816906,91.92359719268796,72.8280484390673,78.21881323210451,128.24440338078497,136.45321168213735,137.01180964782276,117.7311249608303,115.52632096773769,126.46802164134557,97.90790106827681,54.657266336042845,52.834216163308625,116.6572734584408,154.1110137728282,182.02638110292708,181.20918815478868,214.92496388567014,192.26619592366512,153.81049684324694,125.11165513146315,134.51524582219773,96.35898627022827
605,2.153069127221883,45.030890553795324,73.43125381763002,67.32754454752131,82.99635456352564,108.73206353185167,117.46668412340834,142.5082937872728,111.14682319817202,113.26786942199229,90.00896823831918,66.76458335400369,60.47776263238639,54.06951939259247,85.22080585383483,106.19653999606204,103.23500624795898,109.71587562667884,135.35268229172084,129.89055956138253,135.73547136731884,163.93818804357198,174.55900165886914,145.5457196598162
606,86.93708842568006,98.33360410141988,112.97257767082259,113.02424344463229,137.9187413869132,117.96079649673584,153.32443732583556,169.6782954796264,133.9310586651905,106.67032111974981,97.79278899236223,61.971996339419036,41.91129934470391,48.614816435245736,68.04716947334889,86.32414663329018,128.57032721380875,153.3749249615339,142.1430804220492,109.47153563495442,120.41807228116845,72.17668426763342,92.66520164826372,98.8448990833855
607,24.034827762441623,55.41330115981626,37.41513153881549,44.606397083607355,71.01233712110141,97.9705401072865,115.12239717684082,127.03016556989363,139.4798189917226,126.19834785000995,81.81330019087136,56.890510338579546,59.24395260808582,50.9104915201032,118.99756283399702,163.48414034359195,153.01693802737603,159.430198421963,147.1772005541613,126.67302213738617,119.13953267754789,139.05476636363466,125.18146406100436,88.54090254626549
608,117.90896854568744,143.68781451284207,108.11122954805407,90.26565793175087,125.32664622592227,135.04834644427095,144.01347231680995,107.86062173123798,92.18820015192185,88.78445943218057,47.981779988396326,22.96714317741001,1.0555730083927912,-13.402576714501066,-0.17174916393754813,75.99015007228004,83.67570083610562,139.90743052853838,109.50343092647762,91.16313133515835,94.68879353741688,78.73864644212783,79.37568984765707,115.69548351958892
609,40.298266364510944,90.70730337790394,81.6541804775894,89.96249729726155,109.19420338764866,149.01615910510222,138.56481794139447,103.21649959277853,100.85891580572897,106.5445429778105,102.05118501927683,85.42563189417454,97.09909186387273,82.17723350096556,94.80511758101666,103.53551819781653,132.70505728486563,133.52580333961785,143.93452959381065,99.87570762791655,77.02221695136578,63.2955208106076,107.08735222004262,77.23878681465602
610,47.66961673186474,19.50090437025905,13.991240491863195,30.702919998511014,69.6486648116486,67.59075064597896,80.96221496645363,106.88924728221481,74.78416092507632,75.06241930918931,64.5725012056798,80.69604747985032,91.35667119863773,122.31580745879208,122.26037067202576,112.77308515572616,116.07141991184339,192.15177594728368,156.14044384393975,159.5880666006221,124.59540791745776,190.93964588500359,95.0863690672303,83.97241912845747
611,97.16004345598732,115.22684795400998,98.27727816600866,79.37930915576817,112.50699783140396,113.9565371697416,99.88165731889956,57.58790122684914,28.029672371735657,39.190214107250355,19.756492270726447,-1.1330540391200117,8.028187488838071,28.42906442023061,97.89613661571293,86.57331217049514,117.06181799331941,109.58487891897167,123.96184551977476,137.87899155505374,151.431904163035,114.04697901952636,104.45927845031402,91.32798328135061
612,95.17222413914124,123.42398301560777,142.84173258530635,135.33556196652557,122.14998231539634,114.8340433533555,108.49633890634041,126.86640379192333,89.94602545451184,84.25436263998216,89.63609662315426,63.0808187590438,33.38316791231875,8.775200939592885,49.80992020537313,42.15950731586628,56.02232095211761,110.33608740073413,73.16507532497963,91.3904422142418,101.79984439344614,117.51283449207466,149.89968836491255,150.21706472109048
613,98.52817756921125,76.03467381088377,78.72669015003976,94.45479979105305,111.21030095349157,130.15253536846996,112.04626098512365,94.61162026822127,65.36598938374672,41.2605289905649,55.24621887796634,14.02608084376456,15.032214138356267,13.884462502507532,21.616680607736868,45.377954168958354,120.22158725580054,108.21164947505957,104.02994282949776,41.604799498151436,54.60496456562806,62.908778117559116,59.59575014642908,82.51692584186289
614,103.37687497111388,68.14802517154695,63.34080539206547,88.34832115680936,83.49978116128106,76.95498149247229,103.81028193411896,103.70113088604525,41.347109221431324,37.574056902176665,46.81681913117987,26.952325661406505,83.8616896215879,51.61656567372566,73.74170974965392,125.16865062529021,122.6636284822751,132.33373165862892,140.52288213596165,146.1285902640368,128.38009598050593,127.18402213844,115.39480037212978,91.63994141345334
615,138.02112902238042,112.48161189287103,121.24025623351814,147.29131827717123,146.33004126060433,157.87286219461473,142.5840448747177,130.1027821775106,124.12635945845832,162.96838452407266,146.28476624362517,109.1714536818333,98.01779539725587,115.78083692925415,151.40179081360174,170.31361749170998,194.08815519851876,158.00209498531868,122.3300533293625,131.75545327894383,109.74471332895459,132.7354710921941,94.28142459613903,66.75714195790472
616,49.75450868131337,69.92787464323771,40.03514187374556,51.84826357283512,54.92651997771418,51.438567024883056,87.97266071035655,80.23660922067808,41.68156169577084,50.647368489881686,44.90393405467245,67.47969158624265,85.00197976414734,104.70847259453008,86.4434645878834,57.198756074829674,98.7099813700339,96.15851613306992,57.32728843878567,60.31607051078469,72.3084903408654,83.41951958166972,105.38525544587901,91.54098726290395
617,127.38787589858526,91.3137649508928,100.56134343261408,105.01645424220145,146.40907893675032,162.75739482384824,140.32543833257998,105.88101267230988,67.12501722060756,71.73189602250065,51.19250816984969,11.678805408815428,-3.334290826637165,16.129929300153428,87.81900235483553,94.5810655884292,119.29086958591367,138.98416513754086,106.65549294624378,93.73698935264918,95.89465259353851,118.05649937744035,116.56847541017045,104.06340936176528
618,57.017775140976774,44.93513896672664,30.645768617385244,59.98145858775435,74.85587644559088,75.73838368415251,77.7274515284166,57.17257153422725,58.231814247275835,36.47078457043338,77.78114544874677,86.43473890984917,67.83976165834302,49.17604077421775,92.97753861060956,101.64274121888222,108.22551622573692,151.75523211970096,145.90086649733232,195.79553281794176,172.6160391740201,149.02483622479815,105.2708526319621,93.22215691295224
619,78.08789341998379,74.95222914517323,63.8005847517994,97.46402228957157,126.64700274184848,133.34940763002433,111.48141860808816,97.82716372820052,83.53150628644275,59.144827272965586,68.90912393420142,112.52984954985769,142.33043765495077,138.57692598606752,143.39904112631817,195.01949371259497,195.4892972581481,186.25069673817245,150.24950193779074,121.17273515362388,100.55836846512304,76.07330095069982,80.73715003246498,87.68402757304256
620,37.732187699814965,33.13774111055976,34.6302599432797,80.31489350977321,115.88660328760942,118.35006028324626,162.97954765357144,156.7533074061661,117.6663967819426,109.86464880072208,96.58926054653045,79.0618900267111,79.27788867312206,57.67476122136498,95.58066616579731,110.62206276268729,158.9700215944811,146.2036514559863,110.61915084661577,119.64798936282983,133.67879045296488,119.93460380888705,113.72982090819599,80.33307965276087
621,61.022483052002414,20.398302883547316,26.223875027700828,63.85348098294085,94.90864952282689,97.53899796598253,101.37116821600716,121.92178487435282,49.07698731383526,64.36555830153998,34.08988598494077,2.4392197407547798,17.755353317745538,63.241435525762,50.2429336536364,86.06825848113175,103.81806570886367,165.36727474197878,171.30993160118595,117.9015354653169,54.6384440162997,10.269026011455352,25.066705682299656,52.064147306945785
622,76.26058810871066,43.87680948558627,70.9315235184752,102.21580584350835,108.21777429097442,111.057837676717,110.21948345957061,126.04658308312676,75.92264628740631,67.13590458811966,62.084356756280535,56.053860714066126,29.32191977382265,41.6172682894897,95.76396908521332,118.86703948568852,150.73473525077026,110.06181978243234,96.8948788147003,95.75305513850093,84.89593342057601,55.21095221819661,17.789865878380596,36.915634907786
623,116.20545981821867,83.30375529693347,90.13239628432376,93.74164845882727,88.98405199167692,140.0464222708274,151.4605701733527,148.7282710773874,102.16875508839142,70.29128199165989,55.48298959236703,79.1856519400585,112.86264448352648,84.34331492334408,101.39200602674714,113.85452873177749,137.29519053886062,149.04121715187918,143.1201764893072,117.94714417192706,84.27999918221933,69.35919252754107,112.6121579127591,112.33530073600038
624,99.44720459203438,114.63610402627253,88.12400323465167,80.64200574092149,46.47377831493037,67.80855382066383,100.52805727012006,101.00712271651638,76.71348152613993,74.51107888973793,96.72178772695764,42.44810823260556,25.334951937075836,37.74051093726785,22.232326569089594,58.62076979258477,73.76398735232858,99.62387581687955,101.94136422909497,66.61811714916387,100.24438737860861,124.84066293549446,128.01783968920466,77.85782613406474
625,135.03767825033614,157.19075292580035,114.13857205434537,127.26833929019246,154.68658133207128,136.36896327331223,151.24295340479057,143.34156758584584,130.99817689593354,130.07213547135126,159.90138649024428,171.5741186795815,145.63116863812886,125.35829995366748,167.34521139627475,182.58550632775024,156.27620838181582,146.85469422604265,120.5828828075127,115.45861453315436,147.62201816752597,124.7952482104877,113.5438990462067,103.7407916876347
626,83.52994193569864,81.96211696565078,109.98200947309536,107.28528951976888,108.56641103368824,130.05400058392598,146.43501474160388,117.79674469091132,88.95499413314998,101.59679895800735,101.55270673510643,275.4004195264172,226.17661371192224,192.89744082193334,215.98985466897378,234.36657918648405,230.2544340342046,212.40511892549168,175.0130234082295,141.37640361248071,110.85964154198328,86.48775056002317,113.18508122880876,100.34519112829733
627,150.78335974423322,120.7670163842513,91.43447596087603,90.29985994959507,139.04021140926096,132.32591458998934,151.303257641438,131.24686848213716,106.79209468567998,84.00067639439018,98.91334730349698,94.45327518559228,66.88466265547835,103.02585114083087,145.26920525814091,175.31845199446343,157.92634320829796,176.1363379043334,147.47747650486943,102.33406773890525,82.42111245394982,84.95994780568915,52.31304902328563,64.73422300531487
628,144.9282253737982,126.5270397482104,102.22454764124222,114.50123768992084,105.25587744789635,106.83538809649484,96.56726532413037,99.87935611980497,100.73491022911888,78.72209963168723,64.62082339783014,33.074527376398656,7.131137507317256,9.72088292795874,38.144540344859486,102.93449034708772,137.20706935790122,158.99669619020088,128.19428581282705,122.51695234245497,130.63107479226784,82.22453709902922,120.66589818913572,111.71160077755135
629,95.8252617387566,110.27602183473704,90.3673861488011,71.22641699934351,72.32212307099704,80.85918506156065,75.48571859732677,105.09923268931976,106.2961366952938,114.0031489458553,122.08007145902641,94.18411570259576,64.02350933924286,26.171647936011027,62.915990706211694,98.84448410973276,142.1629703056075,186.86805805501058,161.86557715879204,141.88734183487253,118.05204996819454,104.46106755452885,140.25847836306662,126.72533686756606
630,39.22047034869119,39.06816574958646,51.40725890877011,68.92246746552183,79.71608650369346,56.33309474175161,56.15123091814419,26.16379800174279,21.915641240933077,40.09366643200233,90.60990107551437,68.87169245952133,45.75257117126447,58.09323561651152,69.95745961063459,109.17234886410576,123.02329201748034,158.7107866884078,150.54795973713163,132.6568311473544,133.18922153256167,116.22605162063994,114.69653974488818,83.8924145011979
631,91.46811719012602,88.23474882511165,87.20655834679943,65.91753789146347,68.09552554524998,83.51894540745077,70.50405113024394,95.71246913086694,57.96762089809985,85.8409794293326,87.44352244442139,105.39648142500988,102.63961990053645,107.82668251781895,128.09148719039757,133.29602784141667,149.45853862795028,170.46950292418134,147.32146894924767,67.78622388933279,64.17991976748968,95.98841019035684,90.03480283801055,110.79247801759618
632,148.04045095589063,148.46461757577399,99.64093257847694,96.01577370414748,123.47576563883638,109.75247461134568,138.83254539544262,132.51043114818094,117.87615258934517,120.65499860786805,107.67515960186563,73.56508385633921,61.105462884423524,78.41290722342703,125.24126470508767,109.34269693687713,112.72634594399378,109.58582860035483,107.18780841546973,108.39994690073132,100.61872991240833,70.71077442634311,109.72306880443848,127.67511028092281
633,105.86194300770768,139.922905150325,136.74199868959178,124.65122910676449,127.3756894178791,122.74791752600225,112.76096007021756,82.44610777113489,75.60743611149735,57.35709587863978,69.11841771453463,40.50903152858355,29.61652573334596,75.01446211247739,102.21183725561664,94.3104422351202,115.23016536657195,120.73417286306127,106.44920542306956,90.56158613789142,115.80768576972592,107.19705484915508,127.23138901604003,130.4253640046075
634,-18.64254617260802,5.083506618198342,23.09135797110426,15.216526452760618,12.805139893099579,39.659685159183226,57.61661895290567,41.90078874152683,14.880970849894553,27.613803990883476,25.2991534958347,36.53828337557365,25.454611776407795,-27.222646023034017,29.987556193314234,36.31709194754626,69.83324635522712,74.31451287462986,88.03238416804936,81.67071134837373,78.97788527564222,61.00345130015944,87.05472462037662,92.81104719478546
635,98.20638987113448,166.35403567968012,128.51273986131835,146.20136676389563,153.87912724472562,141.5939651207346,127.29671597813497,108.36466232755515,66.9882271323549,85.94080527179861,61.03061426867349,71.47285649441133,64.00612817431846,95.7354180951765,141.8657951875051,179.8299384447442,205.4468238710622,223.8623003808869,207.68059353039956,155.18434215546148,156.84489196324185,140.72256797730412,132.27424080288563,137.7735488793128
636,111.14275409870004,114.61302118328975,92.4204213347178,76.1105027178495,123.67853411910691,145.92278494046428,132.382019524468,108.64961610586566,54.3484921325398,27.20060029121599,43.9686917514751,21.097114814427215,41.8810094600591,48.87535894429752,33.948610022116924,78.88012127366443,117.73752064121285,122.59244877962898,103.57046820886103,92.48709495544534,70.90457228021401,70.89864736334958,61.11948834905451,76.4703897952072
637,105.80699403237713,112.33066370333114,126.68055908096963,145.6596862467445,164.30164051453335,177.9216870807464,181.34236528532875,159.92422838363404,115.85836407426162,68.90212780223094,36.018094285415096,16.46174399018264,-9.275666167581868,10.643453301958559,70.86639491441159,101.70182393456318,101.23066509111352,98.99519486819506,97.36147786875472,62.14323033756492,80.94411927699275,63.10570914475096,93.5580303874268,52.511662883341
638,84.96999674054237,85.14134031885592,48.2800311596798,66.08032870827356,69.62417534979839,58.30908097778715,73.34048078197337,73.85377982683897,65.13857847904765,48.86966317017687,62.585881795101244,66.37020215395843,45.058981068893935,28.895101293450686,65.24532545498285,59.32714541731819,98.83457455501275,90.91613384568572,86.23147129310527,59.842322937470755,28.044402972600665,49.59369805202927,30.9761789954418,29.631635449884207
639,88.45082060798113,129.59529607171058,90.64495911460726,100.04122165731556,158.2841527508659,134.56482598634523,122.62149726012794,86.7354758202597,121.20427326630556,110.72185072678951,61.13263979593874,75.47871630746576,86.69125422919421,105.99759643467387,110.1695968876641,96.65568051283577,101.11262238850655,76.32162326152631,104.98983478913027,81.96710532588088,53.85063414330845,53.80024043557668,69.20096905229782,105.54602188006986
640,163.06206087935186,157.22421371752895,168.2355851520276,200.93282613531463,208.94431634357892,229.5260683768318,207.44210917863091,194.13000831187736,196.5416009948675,215.29016702656966,216.27127872297547,174.61015689775255,173.48346390060965,153.74124688846018,151.84752441227494,176.8444051328412,230.79933790286597,210.66753230085288,193.96050279510644,173.28267849588303,139.59266679866914,146.97675087317964,129.9438771279884,120.00857834048486
641,124.47014748401095,101.36849872518958,82.99707284241293,110.484086533735,108.18467423625643,121.83173544553111,110.15928584344914,106.74724901587857,71.87762928267496,42.47515445718157,73.22942088806717,71.70053975930034,61.3954470832532,31.931076414005084,51.21806492567755,80.86689154456268,107.56471663278195,90.43974286505417,81.01424580103114,63.477954690807984,59.83325540664315,64.24688385682441,64.59352250668843,14.080059177424516
642,93.00904015797236,92.05065420517845,88.3894778214269,78.79488222007376,151.6290833039102,163.71091706329867,143.19760475003366,154.82147663348562,120.1355682087829,90.55745708084142,131.6108367835512,115.16365930871363,94.62155629082525,119.89115630429693,111.52255017287192,92.12845775426803,138.92727740597758,140.08960670291052,152.5414171788877,131.75475155979933,131.99926874382743,131.61235669303235,126.10284479434688,112.49253485902184
643,58.00951365071797,69.55831637531396,72.84007650417811,92.11320502270618,104.2919015414672,130.6353040686066,135.47517538394987,84.80535664462614,63.54211051257227,36.30772372036775,64.37453662361746,58.36580669315802,57.47697100309499,99.37244241815496,137.82283330647317,103.08744871145505,108.98417920927957,124.07953261505642,92.92366779822851,65.5126742376071,89.6196982891263,134.55571323840434,118.96250526722721,69.31407957561291
644,118.40832856563739,137.47301743608554,112.00256671526442,88.54996625311898,119.8362569517514,121.91280865212929,107.15278053850975,90.60902310613622,61.626126106352494,78.89616493682617,80.47347342799833,107.44481678157581,114.12687893866175,82.67413167861034,123.24521827963264,137.3794591505503,166.92730725639163,164.28039257164363,154.45750055336984,93.10575180378918,58.876256552753944,43.45986472397077,74.3643641609507,36.50294437469353
645,57.56418480728642,94.00781623029089,82.57335924882474,85.98944550626959,83.40316223228022,128.31726339811368,112.78316327910053,106.55709870334233,153.09810557712265,110.2465289848134,86.2409493166779,74.95127585736951,67.93401487408681,60.85591121339552,75.87273639419907,86.42214541153012,112.36369814131348,142.37248673097454,119.29903442637473,72.22121366936247,90.42494183483409,87.67252201213628,87.79477617891136,88.55250259536302
646,97.00332842610733,83.72053635399516,112.42357386587238,130.94792721571085,118.93544424733273,115.85082780450718,83.07035860867992,89.69600946749563,92.1453459586074,12.855540267759281,6.642765709968643,9.439961706012241,16.18304140479634,58.17498912402763,74.24196781212126,137.74830039757035,158.37812416440232,155.02797858146738,118.88997287626792,115.62290152313507,89.71824455908268,96.91149407641782,106.07012204342195,108.73931090051866
647,79.30308677381888,125.2664746154714,101.33388413901112,73.86807678407374,133.27736403707956,85.2782677216583,117.33016841659311,98.76336172819089,97.9682315214558,130.82325767694408,147.19368650136482,117.97936254158344,109.98068993811992,105.3759288885236,119.21970242501601,192.79630702071046,179.2568656165416,206.18132449472364,149.0085170783423,95.42401380283287,63.48851062269502,72.01048223285491,64.07078965894937,69.12017609860588
648,53.2680670095255,83.74769929989078,103.51221694554266,103.56712009749168,136.38738082689213,121.68617913810286,105.7584445741952,109.6880648584499,90.47567736155452,78.13824450623078,67.7913855862514,44.658482703306014,73.49475515339412,71.35859474808392,123.79820050049959,157.2217519735931,192.03966429178567,212.45440658897917,216.0204085002959,156.08677979394278,158.70376780306395,121.53860593312541,125.74556824065358,96.22030975967103
649,38.43915136301803,64.53731946973498,-14.369615616681344,32.70738669196648,44.766987096045796,36.92577561747434,24.842077192823083,5.425616761572002,28.07578572945922,36.063466719949574,-11.63206969366179,-5.8241314652957215,-45.29528597411129,-19.74211489395981,52.86067688279455,124.33699088980273,148.06590181138338,179.74426965404015,169.26809568164137,157.396731113491,125.26317417890036,124.24901517050704,107.34807973517945,85.38635670393161
650,78.51359138549378,114.05720754256032,112.81865450967248,111.81583721693971,113.3974652394661,99.67041725941333,118.43128328428845,105.69127870846889,73.02579864399206,86.71674990693259,93.92655007176722,52.78997858959467,35.40841677527335,11.59353099812138,73.50755285468279,105.47324333906542,106.64876600604147,94.39415410708062,78.31646345705373,28.211171729033822,33.69908964507843,26.007799779222424,53.075449043002486,73.31568435120593
651,75.09775985692775,78.99078720875326,75.7077711044065,47.39945340292064,77.63616227225921,85.58192121413423,114.32774250869849,138.7804746452586,73.80741299525468,83.49855520703366,95.42285804354992,90.30590537827082,69.24758752625411,86.57059500147,129.6884636592679,147.7759973290984,143.66733455990877,147.3766062096559,94.61677143890563,75.74426193651547,106.36978190140205,99.9898942426633,96.86243612158763,70.6906881080794
652,97.04246717111891,107.19331007684444,105.13099053507703,113.8618084384851,111.6347743041039,95.31125987651578,108.80617347255979,72.82504654303933,84.5864757944737,80.04658443275413,114.51001513561464,85.68985965138552,93.07790847813223,125.02729520380674,134.70952581509925,144.03342989284775,157.99767314486593,133.4819232387462,155.14448728467977,132.46154694825526,144.6558716588359,132.38609334757663,107.26755358226252,93.06061900530231
653,111.25719484797807,78.85127554263288,90.58092407543978,46.61187288523842,67.43525558161214,116.04249923357277,94.18734911663167,88.44566625271075,94.91210443077378,127.74325504176468,157.01362006286163,134.70756652163163,97.14863664041474,105.49279536092902,157.8024984724314,190.8278864333049,179.6358141700166,226.76273867683875,238.256380214741,196.2442182634578,197.82368134990782,192.4533473035052,179.00783800565858,200.56738308716209
654,89.42874855435376,73.24848786086072,39.622697135270556,21.53596272293727,73.17909157183495,74.79297305902273,114.80856029952425,95.0413343847701,84.94072544416045,90.20339717374225,55.22560017853213,33.97508813033342,70.49354381724568,87.8065646936802,73.80539159704612,129.56736394864765,166.35718605311797,148.47874415197506,133.39785447360126,138.94596981339805,148.21580938422,150.94910581187008,133.02903878828394,133.0131247736002
655,26.524502784152517,-1.8698613011038532,26.160839727055205,4.272126180159773,25.819862777892723,39.692214307161464,45.55870045245727,52.56980353022318,73.43953440929207,76.5529253406958,72.53301642939884,43.729028015938596,5.925941060440287,9.87310416132052,35.341635656538436,59.254915703363345,39.02706870783862,63.39122643765248,67.67130645314113,38.226773289549186,19.406194949812374,18.511232817135152,40.61417595720378,11.946599866863863
656,56.4964508871542,10.83416359585479,4.914835559181995,11.318005601026485,52.04461364370499,50.983503744775625,71.78405984880618,93.07267368924518,49.02808547188752,3.9853329431671796,56.33333693794661,50.680745158499874,60.22253992632103,51.612535289602356,63.463242020154375,114.75846374014728,87.76673094766224,128.10334584606147,99.2022408277362,99.25755178275443,119.95560366298683,112.64753061762792,97.16197768727136,101.85842389481007
657,131.96158572099992,140.34481527491621,148.819487466527,173.21921573533956,144.37327504288288,185.1301042547954,199.212704367979,145.64092644235572,127.30684536645965,110.54150806061338,111.1264913389621,90.22738807167202,64.80603549844598,72.35201274721103,90.3057388649693,107.49462327813082,173.65927579241082,180.12978442444899,175.01787615141507,131.5231692333469,95.92821793696432,75.29285946823045,75.70803371408456,73.33140770938195
658,133.87176476307667,163.58383547916213,141.3451276297594,160.68903946363832,167.04818909180733,135.54312163897868,156.24005276733564,139.03473291268142,110.47607076075973,99.00217037681038,116.63491396771418,91.46499539410982,98.45926643513934,133.85887667669684,193.49625042233163,217.5772431729148,211.75050753887336,268.7868309594444,250.9706107344923,212.73605621080816,198.99551170529816,140.43922214492522,179.13679944843457,160.64207784817188
659,103.13204370863718,103.97202011478811,78.51541776726958,97.24490902099075,106.51279788818049,94.65769840176601,94.39880673060297,103.77326746885174,71.77694746042857,96.64603816349992,100.46179105777173,67.99789050669885,83.88632951691336,77.85477637178725,108.78950737430935,145.01476716472354,129.68170239714595,126.25452911282599,73.2996050299299,11.01616057678595,24.971743779117517,27.711129236732944,20.290698327035074,13.934637615114724
660,134.55662582344732,127.02971114990669,153.0903262375091,178.5933436917544,140.4896104807771,150.65236523999138,154.09418384777626,140.0649816231774,88.27776997715635,87.0410307067238,82.12922242184146,77.55698309107697,77.76514467032919,107.2127102072257,141.00901558363753,132.71481449688378,163.62960890306587,152.26108037490513,128.784873019092,149.47197356819748,127.96987365855458,140.56426881725417,113.64112708045414,123.99968126352334
661,62.173342646853634,84.38543399807466,117.23970425848638,114.94551387146018,78.19092202134406,66.72080429802949,61.9163491105447,63.51817498790518,64.03692884458165,70.49840668899304,59.28406125691608,70.09326860560567,36.458576411876024,82.79262184349453,105.65462468278606,132.00797145081378,126.38582631483746,138.30828592739638,111.51346424273301,77.00489498223044,92.66287803181177,66.90466164440667,67.52485983200032,46.54974573069326
662,143.4788238923366,136.69235093680498,114.71970299010677,112.03948586264224,151.7719052414244,155.97181373464085,132.18532131470096,133.50764113255264,137.32193443392958,111.42403361793662,83.30854349136048,60.1970103714443,73.94919605401951,35.295370438932,73.03974732383827,109.93019502054338,174.85049959910748,193.74320192391139,165.48309860938753,145.8257834801596,151.23739264684878,182.02551839607642,179.55722036211233,235.3822812998371
663,117.25721181937615,102.35809460449529,118.33493440858126,98.35422627127139,72.28454010637506,74.65124890844527,90.54519276990573,69.99302574502647,49.3022813527492,64.55316206499552,76.25632508657966,59.367368125421805,57.1847899572651,86.31622432770817,110.19027727637724,158.14423405789108,168.85159476432156,202.78307837512577,174.31330849826134,170.5848918541655,144.75741895463125,89.20986195218092,102.81041236584353,134.77903732842637
664,92.66959704277654,106.70387112811666,74.71247249929263,43.983663660851825,79.7994810474555,80.12841399019085,114.2876439059261,90.69776469459558,57.818297837046266,86.37563339668245,77.47332955116337,81.17327416558004,74.7666973400557,76.01102442094782,55.914500885875434,96.39356186406674,130.39559644189166,132.30338205721736,106.14351441986605,69.88664279449112,68.0543594055414,40.81843494461321,15.74113625793467,-2.5036601429896166
665,115.7928810122877,105.68094846455128,83.5167532005718,98.00072696051805,146.0318493635467,166.69732928570565,186.3501851650824,151.8046782822705,124.50297692465347,59.1274764462114,61.3023095322692,47.3626426136735,3.9740042606441577,16.694115870154356,82.11770177544686,85.59051435187712,154.86565741298125,151.68337478463283,161.9605218418189,109.97313560847374,127.26498271707479,129.24513522919415,189.65707232975052,179.550404909219
666,125.5062367501273,152.9646900689766,135.03705359496973,118.35775804937322,166.42185534394235,193.62913854178532,164.63143690170844,146.78441028006387,112.22719618599287,119.43417287275453,91.77472864651742,75.66776373197825,67.56296695422024,87.26369994556202,76.83531651649237,128.7512381060568,148.65788009734203,184.62430997438346,202.19413152522625,190.9987275395691,162.60338095293713,148.20126016296933,135.51149110167523,96.28354298559466
667,98.36154565246561,157.02195051169883,185.1200636503885,170.53173440621464,154.0717681257713,171.06297689003242,203.42830596292072,168.82865097358797,154.49889212326877,172.57248408838342,159.81123995180323,169.05637233349162,151.15129861015652,107.25956706995838,89.46845573445124,110.47866472409424,139.08787665152937,159.6739455402622,163.28635341676687,160.68968666779224,130.75981927696006,139.28763958799289,129.09207837698924,92.40588207716227
668,-5.674442443828255,45.51187283363673,36.657436433331185,32.755680212402055,59.62248820291258,77.51207924271674,41.76409931001831,60.33839282286889,65.74528289636494,57.45649557602096,70.17653058935885,67.86587429494938,12.853899913052409,58.41308510589841,59.1286925376308,120.72964538159933,100.64729555473107,112.38472965657041,54.855791888495546,60.22358863122032,39.32136578531649,63.71086347759268,59.349203837640545,65.80880960930091
669,68.84403980757342,49.045526271908024,71.9356935182157,44.62837460261291,91.82062001366093,102.78392450686069,27.193132163742675,61.61420350531051,37.74245828796255,18.03013091246207,32.09124164759342,15.144996266349736,0.38217460012231896,31.889974771780018,97.5207776754255,164.3958300475883,162.38939607025404,187.3604836255723,160.17122292230698,141.49035723250083,119.17715711100486,71.34330894942659,46.55137126119209,40.872442382261475
670,148.33657054289125,134.86960901065703,134.7938095292939,100.14669571005629,87.9356793815524,112.06363114931818,153.17580202260993,124.75666189889961,100.94130558667263,64.38709323784647,33.09721766561712,92.35124932110256,59.21989300401688,57.59430732539044,82.54449662543044,118.40951968814053,85.40273266083386,108.97561101678849,96.19481242298451,94.76210073774452,118.99700251745637,111.42610627848336,89.69250085505048,89.30664541330273
671,123.5088522670596,126.17977704285059,128.70246441474265,78.62680334213024,64.09840150414735,123.57073275017444,134.07658647157916,168.56185404373167,157.731589535512,185.8979494983779,137.53917724451728,124.16472787143213,118.17635074835302,112.18585377036649,112.88201507932395,129.18451641961167,179.27683521832694,215.75666413061046,180.4886591939829,149.81730255169242,125.29094099389062,96.22457781825486,91.9304745406821,115.06564601833672
672,71.75335366127847,82.16118719927181,77.12665264918908,78.86235502005886,98.26071715322907,163.81680308580968,175.3259137091536,177.59610657364487,119.25415448356443,98.38483976182765,51.37994974985358,47.39999042460181,32.813625052216246,59.03971225778921,102.65767897902975,177.00165128857282,178.95079844132465,178.05157422766177,164.66550962685938,153.5732306946665,154.20697272912844,127.95450997147091,148.35284545637558,146.14215934288416
673,158.11665637800454,128.60992274546328,63.619072708814144,65.72655734885375,127.11535971404669,122.96061922044572,133.69907738403947,122.50710727109517,81.6101693464369,112.29164584101147,96.49024655626266,124.97198846008084,120.81712750819182,117.66221169537476,144.7213575406209,197.10235033473174,179.23109455515453,162.08272048841968,170.51117878254865,150.91570095366154,118.91670883920591,99.42357694339687,119.20649399373339,78.2255540940962
674,32.105872390502654,84.20311061746033,83.27865815053887,87.9476389640198,81.36635339264366,63.78008781558161,84.05024996475834,79.68668327032397,50.7939895355807,47.13736119399227,29.200208902487617,43.26025723589383,42.082300822239404,37.65108979442648,110.09963950770174,106.29292275694831,103.40601908466155,135.68401328550587,91.41328720716385,95.80858153331798,102.22083082670216,111.6629582257406,126.75085751691874,143.46414502899523
675,77.67658855969668,72.22454181180794,61.478689513564206,59.785671437793525,88.89151526407119,143.84708880479712,126.27789471826416,117.80517208202915,102.70330829045135,100.94341133159553,107.95425702413522,117.13619889026558,82.21725904872729,122.04216765471755,187.49816151434322,192.07473182004028,208.09004544206283,206.37461681197902,193.07900087507664,143.394637876582,121.49155022119888,123.65289820757188,127.93248873453852,114.20623809778827
676,74.04689580839775,64.85221351752992,73.22528239879543,61.677808766143066,73.8612468201994,60.93905502876425,100.94498749624978,82.85396981058476,96.16689468989989,52.03966848482412,8.997782335564068,34.635612534224386,32.113048288027194,65.0854026360867,88.08341819606274,135.0940864696508,136.9439870998029,133.3495187208325,116.38889561993622,96.26195994679716,101.59761608313016,133.42511699493693,100.82699210666891,89.46189614365402
677,75.81088951943256,103.63081054944892,106.51994064262007,71.59090500259354,81.12563874232865,70.3930751472274,77.5111941644029,82.8019834956408,78.346905207014,80.90244718125945,124.5963987622909,124.60503486570886,115.28449670428031,122.4594004740201,140.4409104942457,104.1372313915088,144.20466902923374,141.38571578206358,143.3480172559107,139.95277484400543,88.97124412715375,82.01620477286778,85.14548844025967,76.2680449232921
678,113.98270234274325,112.03800197277155,112.48972582041155,79.43188562011491,94.34970849147325,102.27882820371548,113.54202593932588,73.80985424110747,60.59450479411991,65.2351688091604,80.51410276885832,83.33033351113163,21.94382662137921,27.67093552933187,30.939715985954365,89.01321658636266,116.77222912421074,127.15965915807408,141.13017280102724,128.36120961066646,108.87761568573393,113.36493954918849,122.47383316641523,130.57499216435087
679,99.62084453101463,89.7672496567754,94.85064010407922,76.3968559246373,73.09581410630364,90.35286392356501,99.9976185062357,79.17373419353191,75.23957047931046,63.06745765168541,47.07246889536723,50.52841636430311,60.98478544595875,72.63437115993128,92.3475200208047,123.53754044700818,128.93887537614657,148.80632595223943,131.48450296546093,114.57712417894633,95.28186694946577,95.75356876476022,69.0717748598507,56.540629851586615
680,129.78029750558582,92.2808538466589,74.78147821611334,82.71785967569633,142.77426736914398,149.09130761189505,127.99738475668507,118.57393386481708,87.22132644823081,91.19517131835862,151.23637258841467,136.77685258584347,117.90298695972388,119.99766652370647,135.65064178617416,147.23616326402095,135.92172409514092,152.03171863688783,117.36335718341785,161.33210927518627,165.4423930487703,137.5059037876459,104.40358642207016,56.09683160293113
681,98.59472479878997,68.0647601791143,51.55723545548935,51.048915085992405,99.5033200727547,138.51549135184447,136.43823324694,123.98208458065186,100.87371092165009,114.93388672183818,110.97839019355676,103.80636300373203,113.44245016601178,97.58320506860278,106.31727937675896,139.72325465743376,155.55436824269677,156.61449120575733,177.03669793208795,169.89285595025564,172.02753343693792,125.68778435940133,133.75066982064848,96.52832040971506
682,127.86227736559408,85.13247748568915,127.74387805401858,120.00994689176366,147.23070027451234,155.56135843979152,148.68681294396316,92.57795103420818,113.0288721055998,112.93313191147332,76.19588453437396,77.57180272336876,82.31641883426256,77.28124947351907,91.5650752389802,103.7709378143114,119.61718173634085,114.32577187040042,95.10341280372072,87.4197883990119,82.07290406849873,51.425279762323996,76.05031166991307,33.83577927939017
683,98.91558353917894,133.68432746052633,106.55600587615498,81.67086216221597,114.82648400691161,125.68242395773365,95.56486756616532,99.54968330307995,98.32980637428665,78.63209708805446,94.3911292653814,71.4192108706196,24.588795169493153,68.38219797586962,50.71233609221479,95.49415078266861,107.4527468395778,124.62472026259654,80.60345485650825,93.8726588911241,49.110792722234336,57.87079315278193,96.355392989597,126.19740003367335
684,137.86996085970594,118.6047017745613,111.70784669995119,68.77111809086676,74.90927156260523,75.3552314691077,76.08455803269271,55.19228543257494,46.940300806715065,40.607703580671114,19.604785601673868,5.233135936994273,21.226377394751644,-1.6418499415667895,20.92506069724344,78.89565313331809,132.9713689098764,107.60353540466448,92.96900723377144,51.14801298452102,56.0857711180032,31.986181424948057,51.7035642852705,69.10352897228216
685,125.03503517503209,104.02155986883724,114.70503422867672,140.47488229833195,181.6709067173736,153.46790215889257,201.52537293855423,180.0713876307882,142.57361284266526,139.3121324756564,123.5690396699431,89.6515649343095,94.9869414346824,124.51883197454323,180.92777148263133,183.63608879280622,194.27460701253395,201.97780141092284,168.92189032319607,164.7832317019367,133.05935354246446,104.626008891928,98.65762980675936,91.95801880981452
686,179.9956728699982,146.1100579731377,104.04366770770876,124.21375488436217,145.25217231203874,131.59026474183258,133.97911222142415,99.42470937934488,108.54117379921595,102.84349829614945,71.2772478749117,96.20277165515898,79.68372688503023,107.66967141508886,100.53834735604687,143.56825702811994,148.37369067855153,147.73622878362852,122.87288579612486,137.89444914512688,101.97979443292078,67.84896582177359,116.13951248734327,130.49143049908398
687,129.47011983880762,143.59176085343975,143.35483636064012,140.32588586770632,124.58812462170386,115.79710992146717,131.79764118471778,79.5122862182371,49.26672885676281,67.43565082842095,44.157579996688426,18.848807469925603,12.676548441560662,40.08386892250033,63.164170968370904,70.74226485219934,96.95666634970232,105.96507353061745,88.34248174711911,82.17802984185366,119.14133217548918,151.80518386333583,125.66996275780824,100.83109254882064
688,74.57821827255037,85.90491384998295,86.252186573334,100.95233056136493,107.72885095063023,111.70395520917401,95.50048469229121,66.64899046508168,12.611234272465595,16.060795998585434,38.76123435131401,72.47937347033199,60.55851483881553,86.51129383113216,131.88851299123073,133.00660762060414,139.3758224358912,146.28323879814417,143.15996658032546,123.09956298550637,92.70811493783681,111.54829304380917,109.18491076928973,124.95863207565249
689,-22.792615949047757,-12.393531570587783,13.895433643087415,33.05832559480379,33.026342526366264,48.31822183034426,55.10622712939827,44.646281612103365,44.478483991098045,70.03682334263722,63.519357733264115,49.694253556577245,74.03224551753102,49.5788237549572,60.83436945286911,89.07546933591568,103.72485959181498,105.76641926550656,84.29624664539999,48.43980297169739,74.49212296892185,106.38625134789831,86.65338695264654,71.68887902812386
690,106.56388105812646,90.53494711454775,106.29650643758787,120.75257734612727,111.04053541876067,134.58061909070247,151.0876487098932,148.52945568931818,113.61076553590456,111.35423753969009,103.32134039861052,108.63479847222717,66.79547368838932,101.8795611023744,120.2650846449144,140.9128909877833,156.9223144641707,157.53830199235077,157.24003752740947,164.88204909209634,176.35212260918297,150.72726362939426,114.930826663492,101.14925474600834
691,39.034205186515216,23.72612324934927,44.592703498261855,80.73427843758408,90.2375629653255,99.10513557089966,126.59211723305582,121.59501661871585,96.50031640883957,109.3927195294765,106.32728657912791,102.99939349010003,61.57736442014137,72.05771261773042,144.06562925843778,165.1445354578486,183.91553661652935,177.08148212887622,139.1389019438906,116.94530491397121,111.41685415490372,85.72452303343941,103.72295198334591,87.64448959059501
692,14.001323858375613,-12.260901064093147,36.08652724127302,27.007235427412837,60.98543833055611,78.21638330685715,118.00159721758713,118.12788281974554,95.36960167748077,77.51987671022165,87.84414398023316,84.38523635415999,126.73255277336904,109.10993679167612,125.94376541833367,172.7135804025208,156.7940761083002,146.33223595910007,97.8821495945791,106.91195618609594,102.71234240888512,86.83806707308392,106.4200054249517,62.54933238105056
693,49.81246061008721,51.16784862324411,35.428290761358184,28.92827519858359,58.163812979848004,101.73798751194172,106.21017278941505,122.65077203973911,88.50163788950569,61.20680101713299,91.13466670849796,52.337481791149685,4.8043647395579825,-17.007004526856534,28.00747554332328,39.7708762390009,68.63576338693635,122.76071427392584,98.37906294450599,104.0696539866437,79.41042226030716,45.198746380465394,27.485602801218462,21.172719423318952
694,116.9272400458531,115.8649925862388,104.21582873501002,94.32667883594078,103.99685253468076,141.53257360198,145.38075450709144,135.10942204026307,103.46743901735027,117.16324261113435,121.19946492771794,121.98910443079797,128.12815290462203,95.77568204699438,107.31275051150493,61.74452180857402,87.54826209628519,105.56628658011867,73.52829457014536,84.26388730233637,79.93306136452686,79.88539483993029,96.69918895768238,92.03819756294422
695,85.75489965740286,121.52097012290778,95.64207499479699,78.71025651597074,90.8529593411046,93.55910467222387,102.45819895244904,115.71001961001237,75.0118579475725,55.224286507212526,53.11467864341926,33.83377007008147,70.96379671382033,80.83170074313396,96.86974780621513,117.84634112511763,110.11585443996873,136.84989431776012,125.40889929549006,114.20607967193997,134.1216330162457,138.65454057239745,130.92333696887022,118.7775751509376
696,121.7538478792844,96.09079329754621,81.70332681414394,87.05933351521797,115.6577418469586,121.96631884859084,133.42579631159307,121.03389722723622,69.36888722510871,20.74169341830259,80.097713162536,56.88486088472172,69.19976548589484,95.30570722609852,132.45507465472923,204.10203007438488,196.61305112441187,203.53679316727454,137.5846220232475,115.86599400002576,102.35550784540862,140.94686523653195,127.63921269972056,83.8280308781247
697,106.42245751835861,87.48722368154776,107.04512075331446,123.63720619401865,147.6678749726625,129.08479936202093,198.99893706620344,185.1045138045235,163.156517932569,173.54372241579347,141.65935956656585,130.35068915888496,103.27065637093784,94.0279946417078,92.4655418736364,124.3448517670368,137.50274326716766,168.21001977712484,139.53077983494657,100.51196103613316,98.80339896659534,79.76511921908215,87.80993426795803,86.04853582567682
698,121.58435308904114,112.25302451595542,87.42588792830902,41.43683922962879,39.91647458891263,90.40867389512294,133.87008145693486,146.9084605164968,123.5221360328599,107.46646007740219,107.41778265891259,90.34775178112395,80.96194507690706,78.54128005530646,95.46351768619753,94.0792300412963,118.87087311445066,149.74638279388031,128.1721836703357,84.36345229409578,106.44042443374892,75.29245824904885,31.15477378747954,70.18870526360773
699,110.24577829854307,134.76652064647098,153.68990904782066,124.2994028926337,132.38751427620423,112.5135171980252,99.83434376480685,89.61652695511569,78.13430225798542,79.41219503520507,58.16407332997619,20.84788590485789,24.4521519717469,80.47263445480463,116.67793826318,113.08728230026745,115.52667870954102,121.32445423473813,119.12568670493884,96.15388394859797,106.00155639383834,116.11341294298128,88.11925641406764,69.16372732894638
700,135.98242615101796,117.94022696050112,109.88213726328435,133.0236620481688,113.50170392888536,112.07287385237353,134.37030150407477,74.84919748866727,46.14766078336774,16.82627096655068,28.348333326630765,19.984696537242442,30.109571261815262,63.467368976097724,52.18424241455782,76.49744649687821,68.19177036630091,71.56736126654411,69.99654512714474,54.52791710508902,30.549232894668563,56.34348546009018,46.17417141644738,45.556417921023055
701,104.07227527085348,62.1161275902633,92.84304883913704,96.72367666891377,107.77319317455817,108.62969738999885,161.26774357443378,184.6317557380406,152.71463078593874,163.57400483237686,161.85003741691636,75.77940356987094,26.623285945682817,33.46606858039253,87.08952094903557,135.04283794291845,143.41639550003265,161.9965611991354,131.35453370870943,130.1860607122116,92.29138107058483,88.51329653786111,73.04891332313377,53.510269463082075
702,75.29004853343294,76.22960884948581,63.902247017942116,47.630768371517405,52.76403580158116,63.7278320869323,70.56638192875523,91.24769176694551,26.37018221394294,31.510765597568025,8.980003611392064,32.63873971055687,50.25230968771322,83.88925721351433,126.475006745713,136.9949617619026,167.42265109408342,150.28034132676237,136.63193289936933,125.0876046962353,97.75397611144902,71.03912576796182,75.34050231206301,62.564541052761186
703,79.82711471808008,79.265709032676,95.14465223785608,92.72903955335649,107.77786413170168,132.9252231432918,112.01302592220652,69.15727784022823,70.03753793105767,47.00702523786238,67.30974876256538,85.9446000743792,107.91461295657543,103.65468756007803,158.01778422222714,168.5524844035341,202.81626963187898,191.03021272753514,100.18988476627635,86.2917924287489,91.4297814483363,63.32412495333433,56.265359498027976,37.92605393891886
704,80.44540543557912,70.80425485284529,56.40824947484583,78.22310643841125,131.16999329181854,159.7138229081635,165.42246849058523,140.1671579207091,102.55877839650944,96.50494281209897,63.303436526721605,47.181014043125515,77.31145122214402,72.07225712378929,88.27395491922509,99.53621533391451,114.56469448076582,119.67180567459046,149.95192041723436,121.89087685870618,120.97655572720927,110.95120176688069,121.07608746197259,131.37562608932177
705,81.87604925658131,86.4045859338846,84.17004292423587,57.01899437574857,89.26109104129621,127.20708352529066,142.98822471813932,116.52705605560163,109.17339057299993,113.78272629272347,92.18494141352981,111.8189166552233,78.26949249346308,68.373050873923,90.60504134105118,111.84794535878405,140.2225941833096,155.92391987354787,153.27426051952833,120.57862732032197,92.08224119249812,62.93264753360748,45.36912229034094,26.572202748361576
706,106.20385485723291,73.03019289410277,61.99328684455597,116.50306970964115,103.13345694724583,93.90245074465828,121.49941353720558,118.12359085924862,51.47763984338033,47.567801252687985,58.84141915156002,52.76489056197636,58.1192984589827,82.73210841434678,110.10417225215808,121.89171346298025,137.83952692861837,141.20354702778317,121.15124370650744,97.27257459091248,84.85975701433424,80.13421293367023,46.5028505109686,87.81157596038653
707,116.58995177445755,152.62093012112774,171.23523685965347,177.0304526267588,181.74144524850544,207.44645879470966,179.7891110921755,171.52939323542284,114.21259644766437,100.6929914587482,76.92018899691061,53.658721704442634,6.7622330242458375,1.0547126093833015,37.20551681170428,69.25283981506465,100.05568294547389,115.96145855760342,84.42812070724557,39.42525519998841,69.17034138195152,45.98262038993482,61.732895459266736,53.1319637648604
708,84.64124626102394,76.13417078167629,51.18376980446909,95.74751005193065,127.2997474746283,150.88453401146302,186.01526648747307,162.1536094611922,115.67319327854125,116.59610565217699,101.52458773469002,137.27504081069014,82.50129131168805,69.30292571419606,132.3095060428309,151.3642241697687,143.0275694552955,132.42210687513926,112.16788623796084,104.31875066181055,99.81036894935434,85.57644296726754,85.89731599101694,112.4610748003229
709,56.82866500868458,62.122809789018746,95.05205249119962,91.19603668398963,101.843222573147,93.80068045458808,75.11948185718045,89.72300276013644,50.30753511739604,42.669016575114284,54.1062674065911,81.78761509519411,49.44678869228594,55.84043809585142,120.38697862759449,154.49504736533095,160.7155498278971,160.56769533955915,132.5875312251761,141.95772135136988,138.75491431294384,158.43236039531863,165.57414544699407,159.9158906819871
710,70.74284859147133,73.6269706975254,49.46321730344995,63.45852491886608,90.90718109493295,80.31074606731866,58.712777751743275,60.80032622057708,107.07466488781753,124.31632108340068,83.38903264512064,27.939609247615053,38.41323729186884,11.2688512768732,69.65568805781638,115.07109745843573,148.75248381949712,167.78093013006395,174.45889448372083,142.7112069489872,128.63526835608278,139.48489661306346,116.7215951921146,83.7485864120329
711,86.04559834689461,114.18579271930616,88.89057244084748,79.6880403860556,114.76623263956273,115.78985693032624,129.41105575922208,135.76857701758485,91.22027993977403,52.780465541773836,42.56956712939165,15.469099921844965,2.3955142603259887,14.423972884557159,32.70417527314443,104.55039279129602,100.81440543735626,118.6231011849975,82.76229343699549,71.75462769872225,25.25804874168651,39.35182393953911,48.30012067626192,65.91628365411326
712,121.03527936950795,123.29715587697953,141.7798909480595,160.37440401742992,159.01320527724846,162.67941594092986,176.10681313846138,130.69044939963072,102.5475472985617,108.98991334680406,120.3638091269568,91.28499313231362,54.70165046256423,47.50876252403199,87.26421465637237,139.40298824697174,167.08214158951776,140.51606047828867,145.71753289069582,121.57316057907939,104.35712435894324,74.10519046884731,96.22778937172946,82.76950077379797
713,116.87064693390091,93.685475216568,104.32884916742861,119.93130310452833,71.23933108989279,50.21023855519462,92.07076722520105,113.94751904629945,70.22735713769497,79.40574134721614,87.06774959875285,98.02201855829423,113.78427831571125,103.75723344613166,123.26976560086564,126.27673230662816,144.32724376836737,136.4213372163138,137.18671423088756,121.85914714813,140.10695264031625,125.63781602189866,102.7374539569497,101.98263530220291
714,57.40158396153815,101.19281834491696,117.62184757963097,103.42317564703907,82.21963638355126,90.59418987772952,114.41887585919531,73.121894152671,80.53641996511664,105.80446210705628,107.6035311628159,106.4537512257908,70.26625175921414,76.43109371330104,108.25571413976581,141.0231219778066,150.34120018637955,157.20952796647137,148.54815301082127,70.9879181323063,104.57260909487889,104.66076805838686,139.80724120736454,149.49898835705787
715,122.92366738502932,83.85118171707424,115.49977114563157,105.41210560451121,138.08693086388035,131.90549658931536,123.08927348887526,119.64141533276407,87.99616734497054,100.90400284176725,44.62676656613336,40.03626573570945,54.88530335947754,94.9714014373744,115.62835004835179,138.14710307893262,199.79833168478575,197.9619341960285,195.17915276812693,171.00590011569557,153.61968472732363,158.99980316957956,167.4341939108972,132.59205893744152
716,168.1731127520867,159.99897792172544,183.11949854094277,170.17901089165787,201.92004228145692,168.36672428513526,190.08983211948612,168.55189958766,99.14650082555269,100.09116582624156,118.51846381504983,162.37135508183877,159.05806175358535,133.98290085908437,149.62883120536424,171.6588475635878,181.85866271799065,210.91327647087138,143.90736631740046,146.45742181886578,158.230748902056,108.3409173922258,108.61017544848085,110.04609768463419
717,26.528073021262458,60.187339981514924,41.347616072359244,36.08884992168759,70.33150836706677,74.03879353392585,42.53548034156546,66.50994483172634,27.982490140797367,48.912915529547234,45.38530648346235,43.59789494129972,24.519358913811004,32.46238204812145,86.95695494697162,108.16484604940683,68.56929317890793,66.54721459692621,79.44279666311047,49.84027222813813,28.074046893422903,35.35962259546406,4.711276006884077,26.62784561540967
718,90.8010991722053,109.43734165201076,82.58008309185621,105.07781137133126,123.52007648118649,151.1796585688358,146.9551017779226,136.47933200851847,132.17008453179295,112.7698290532581,63.70172352696859,90.54499581035101,92.33910379034339,101.33256295598224,146.29216588831383,195.1102725347601,168.9586748359628,152.94389591971017,139.948535686345,116.16950349858571,108.45982172486706,88.19552987433836,72.01705834772824,74.66290375207315
719,125.28673957167243,120.66529411180787,109.32082940409909,82.91012988052424,73.44365686187763,92.47724679500342,92.61600934752313,72.13808828821618,62.626104281578236,49.77214796797733,44.204867290526416,24.317255744219295,-34.90227897905333,-7.9737405713118505,7.901194556541839,78.57957631177972,87.67927288853951,116.01742649970242,78.6423814027948,89.46802241858995,79.31535648137721,89.95612639630154,103.35384166675232,85.69772353374945
720,116.04650220823619,132.2088109745053,120.4932147160382,129.46752266408163,102.80253154669043,112.08692073999416,137.32904660749875,94.0156960927995,147.56592180555742,123.50836873893846,98.88748365379611,81.4548811544663,76.16416888906146,93.11095126847957,116.03323410115753,145.3115532244633,160.76658652311838,167.8379431504583,157.94339851256117,145.48442358584978,135.64905118063038,168.35130373725582,124.15968478353278,107.98721266221654
721,89.08523298485761,86.02505193499219,99.85102042964427,107.91611946563475,95.39501859430855,130.6175625427001,154.54292741682355,184.91801564415354,125.61708597136881,114.0532736856388,87.08435495799236,103.07131259858622,73.49377441740388,83.85149261710737,97.11062819806538,174.1054256239601,167.62712186328514,192.28257732633955,175.3624074663592,136.78359051928362,116.63672722589794,87.55515684815794,80.1085083687291,71.31354931672485
722,45.25837750964928,41.69459124449042,49.54584158588621,46.8281327873611,81.85769150590457,76.40440491699196,76.53673276485765,77.35562391373404,39.042776289433384,32.21575761198547,25.13630574764909,26.322070270734265,44.75053574429272,47.50303738484548,89.52433490836162,125.7732083525995,151.37721918034285,156.450935907783,157.80272462420027,142.7926162773914,118.98700705232737,108.00209579495662,135.52598678146092,95.78154532143273
723,80.5287835382579,75.60444506010778,30.828178092966233,72.160765388053,120.19197487249383,141.22307969826397,150.61764780467217,143.76252011472639,138.13349334245942,106.22294131760756,92.46727585232557,80.63843025579493,63.04975242810008,36.988849488426624,89.60485332512968,131.3440687630363,165.50038628487033,164.76544054456605,126.9857236626937,107.46766343537067,92.17983693414034,82.79979059409266,113.52375642316726,93.88269132298666
724,69.534547700757,89.36043698559705,77.52983689061385,91.62059010387743,120.5445058247416,115.75661954291205,102.0987241317291,58.7107269807806,40.19863192592449,31.591554501944692,52.23572696560582,0.7809982382105431,8.65521263979209,74.37777838717109,119.8463956129504,184.01926141643963,204.9512593261654,238.92188494163128,227.60680968311976,194.63752224100722,212.69082953134478,173.52765320279912,164.31686048652756,177.24102758122223
725,111.09400585399771,127.09549218868304,119.31890624713469,108.16107582851058,131.43023333798118,143.01035790319247,134.60621798168384,125.14860708051603,99.02035632698218,100.5573990645563,95.22095457272076,88.53057042071799,115.97077011130065,126.6480272588248,142.7610392804137,198.23308247898197,195.64843738325158,183.70827145342764,124.63138354992726,148.479275330859,119.83793128602169,148.49487579162292,125.54263812853922,86.37661843138801
726,65.20295245006122,86.90751713860217,98.41052945941028,140.5872696189226,168.3411594318483,160.4282904680458,147.9328590553827,126.4346866520459,119.36913979894128,108.34954658936005,128.9270768372279,103.24036023414115,75.87342593024948,97.12530997456048,76.4811344772641,109.45823385311934,150.98794325772147,119.36519898133889,93.01974096214548,86.10395812900471,77.98891283090569,51.759526072678625,62.88668621799159,87.3403842936496
727,55.855042948158044,36.96438917178709,60.926349714545964,75.56218027175757,144.49494645914262,149.37433836266413,90.83929917460415,94.25150776886329,40.473571216525144,31.334067479808937,58.79888661431311,87.88642840485977,110.50788563526228,106.23576464007151,95.02944857916428,150.99571285957632,169.04170196543768,120.31670183177819,88.93086045146548,89.73457999697725,83.94491244486584,82.06127488763218,47.88233330725373,32.09718410423894
728,84.14537416738017,84.1761116662104,79.55237369708874,95.3049193387952,119.62922736387955,138.32564113327837,133.45275694224708,129.38802263834793,123.09496155139168,140.33782664675655,120.48286589311184,136.20433331618872,132.30319019993405,115.54391766989248,135.087892529085,178.80039279104244,154.19304883063478,172.86927234726846,163.8315142090228,164.07939875238588,140.11916163999376,131.86328778310298,105.36026054688823,131.88754301568474
729,79.12384005979212,120.6393459160368,109.7089578791716,100.14831313282627,103.43653311500046,74.16638399703601,61.492492178634464,55.07006143460767,47.00772406234694,23.9551167203297,52.59158780234125,16.153537661986604,6.969694163440074,77.81360629651246,70.68009165369078,91.2453013618966,91.78350934139021,83.45871336159576,94.40849747045854,71.79119906282467,104.47562603630645,135.60130652842315,138.9367274904703,130.11534184174923
730,48.166112459883536,27.14501825138538,46.69446614183286,29.995576655071382,21.348895944486756,50.804839520813196,89.1771736339754,52.36063037912196,37.24536404855697,64.36224587285463,133.13732983740607,130.61495015139684,101.98551964071757,97.50534445092435,109.52128887711282,143.438673660483,147.55275385887342,205.56573685187655,193.38706688934818,144.98703951801593,124.05986568976384,104.67946806282174,64.20824450730657,51.38120767988463
731,129.15076357377626,93.38140428166658,88.57391070102892,49.08588413131501,83.51558593597628,101.83516201931626,97.28442941943104,82.19303096934141,111.17168194268655,91.26182535737934,66.91975845146817,91.7462776728247,60.07572804989958,64.32138965242207,104.16357752784258,159.89473243517375,157.59798986724283,188.5436493581156,165.42858671298742,174.1888115167337,136.86766985318087,164.6168314061009,101.0150137649102,60.27161499373779
732,232.0540980718675,218.2139033841849,202.07710575012408,186.2446782896824,210.66393611810895,234.14979545818434,194.33073571933326,145.5660609602794,117.00797897769829,119.00554481136169,95.63760956126544,110.97745863951893,88.76811246395715,111.23934695885816,108.80372736744188,117.6697689206234,231.72833682907145,271.0455818579451,223.12158116320737,226.41797649464843,207.3669722150172,205.82428286014198,198.96527950451403,182.7680344394053
733,84.39417428892934,66.39267017328315,80.42632637725399,84.07430356841456,70.07670305380626,66.30253693874948,116.88116528407681,109.51311707860054,104.05354372231405,77.30497502111986,68.24133090099085,45.026487008213465,25.383373710940525,29.691602794460543,73.69892663821943,124.19309158342247,140.64377917491893,168.0915369684703,154.23582819047638,101.28010625091588,78.3153715129208,63.39519053320984,74.92021385088667,70.50030466263907
734,121.72428550615766,93.6995769162024,70.92960509749577,60.348909829054186,103.52582529660272,100.79856715317145,101.14943082798584,93.50701982880146,58.11852875791452,33.952175081793705,67.973291212418,60.58936686780919,65.02847072320913,66.85336438311704,82.11706766113804,146.78285719040622,149.94953471334313,145.00358733570533,119.06654249643097,74.0629415768261,76.03392622564907,67.2819640076029,68.78297288472162,93.31842881551904
735,150.29889339723658,166.8418796817595,130.81386451980833,137.3177066705117,133.90227678860876,142.57200675445154,132.67324888622167,106.76654399825705,60.426263088370774,41.428796941177644,47.566662758241904,64.13490786089521,25.2727163712306,43.754652048484004,115.9586440298778,129.59704900480466,163.815827430855,174.66612023878034,139.63096255078764,136.56326309873427,126.10703479908854,103.43689973970771,126.09744478967797,73.81747149674729
736,81.16748032990219,60.611374889842786,87.62138188985176,61.2507086439914,92.45696788988326,73.02808007702876,75.30372972480538,66.91944019467499,71.82225501903044,61.06693381572674,37.34431461591846,-4.796020930760278,62.53982218273644,63.22793132056071,117.19639374615804,154.13379932119247,163.73223852024137,110.89373394092104,109.68199964034685,119.25139856739003,109.1657573236915,94.24114283676812,92.27533902233472,62.22556423340139
737,127.42260305969067,150.86445994554828,154.81412425394916,113.2048388586492,126.57719448003441,171.6383516814571,169.72248646154208,147.80477545902517,131.85974183807699,133.56919989587962,128.9645597595493,114.937246849995,108.7967682845451,106.15040382298326,139.61551265512924,177.088980851185,173.91221928485123,209.36818021171268,189.96584899282823,146.97066856174033,147.36527618331388,154.2791736992054,137.70175763111374,145.71973967865927
738,126.69478316551056,163.2262469215798,94.62240163543984,103.55921809166104,103.7010571495463,107.28734120493995,128.0668994316743,73.53073849475562,99.60235643122509,80.75496133702923,97.40571348021207,73.71365121763469,44.841716925416186,25.737622845600598,55.95553129209364,103.22253774796971,138.87612843824934,127.31557514241142,117.04965983207497,127.77604400330154,102.15343367069482,94.52332063830501,120.98730644035015,115.4378364579116
739,108.56505414551086,94.31868986209571,105.12200017269387,135.2067666874506,118.78870480140287,109.6755798471243,93.30929640869823,64.71184805113836,81.87496424362325,100.21965914571149,127.5720194455091,163.19131824546247,116.44155100295717,103.1262196503931,92.597690498855,75.78098194798886,134.9014281566812,170.9321071113306,159.76502179095542,145.74864884891673,129.87808346796103,165.12805096857124,137.43925819002718,110.05984144202756
740,99.90009765556543,115.26913412279691,127.22183671073313,139.6818023208716,151.98161650387806,137.73021259793467,173.79580702577647,143.43659288467882,155.9779666617602,133.99457866487955,99.29942921585254,32.41798932006819,35.400445135379854,15.524489579624742,79.22208824577677,101.62707952858585,157.32526926594286,155.12880397733403,149.45060455816173,122.71438985724245,124.40423665902011,108.70480711621526,104.11052623991672,104.48430511314879
741,85.12558994407921,51.97390499242211,56.601520891511115,68.18680260795911,98.40211068545862,78.23269195576577,127.73842500700184,137.99017178766604,117.27664959455078,153.28735736855958,147.43317722773367,147.06518123090794,103.94230993097581,112.19667770654536,139.7509776946643,179.388784306177,162.95532698349774,79.61344454989865,93.86132049633471,95.08876200088588,101.16209467630743,89.87563877715218,91.2935024073318,75.86910559828465
742,82.98386855801435,98.39971769377419,102.44277702017784,127.32721470330138,116.37728417568462,149.84841264825437,187.87077459031707,163.01483522251812,117.64780954363113,110.79115676023852,102.83844304953561,96.45412923899073,54.29742439725703,63.958164332300505,86.78475061500131,88.08279910974755,137.8706606708686,175.527823833056,138.0863792001805,109.53970451990838,73.25258022791635,85.14820495958388,91.16636753872768,102.74524020119067
743,41.741593338788505,47.88687608307648,49.569982885221506,25.665118359955038,47.850917343023035,64.9767137386448,65.56893263218618,78.55184489399856,76.81198591757712,110.9236034024722,100.3150563610839,112.27619883150146,131.03246001477012,141.7873232583829,136.12138141244367,143.97786169907084,56.98763462265282,111.54901509885346,99.41581644440232,85.55578755084214,83.63040029559771,54.628550623942786,73.63172477923209,53.44114371808948
744,120.4209489575846,127.16088428855858,93.87601625108792,47.51410166955879,50.94133833412356,51.62642942108764,76.70994496738584,59.94484901338154,34.74143590352557,11.058931135542196,42.429850138463365,-10.633933055220908,23.608401644821065,31.286556895710973,76.4631869645506,69.06738660435053,117.28773475725279,167.7415385041724,164.56924306513972,128.54188554157253,116.9204256318842,137.78655571101035,102.92497537613731,74.9031570378918
745,48.333519637757384,45.89221900337918,65.49394077557594,36.77748465025284,38.59958975215012,71.83656706748332,95.09753362074882,123.21470669746715,83.13667027297083,94.649267001306,83.80378254577099,50.0324843906058,32.9018787962338,24.78845834374455,65.53071935909728,127.1347990294677,118.6573111485857,107.35769586583964,105.09305269813262,100.79085642971967,81.21732287663221,116.00664827652105,53.454923089823836,26.86782904656782
746,132.1465335419547,161.62844969659437,185.61840459722873,127.68278240948466,128.4957101912432,131.42787665473358,120.44461260449786,101.44422309635218,83.42464795413225,80.59049134958218,91.72467686345287,64.73510630107324,40.55726058566562,24.849867427793754,97.4326576515316,118.38758648064577,112.22462650037527,141.04375951256725,138.0523633641341,139.5886639370351,99.02617639020005,72.67709742036455,13.571252988337932,35.01100953276
747,148.39924926540328,113.46787121106605,99.7475545780971,48.54832217093975,59.59951852624698,56.008292152290544,75.71563359335815,131.24296823426243,151.8780826784565,136.5026223839556,116.20330144162291,90.02224994424897,84.10898387044764,67.622555544443,61.12368613859237,104.03025025634113,127.57914348443936,134.66594850976304,153.86384319703348,109.8845732232507,120.02116889155263,138.72164896928962,152.38275798247165,145.3734610700438
748,113.92293165099653,106.25711463884483,91.3854766245029,105.5913663511814,124.1700507419057,107.7256935309353,112.1217956908296,126.02805550903565,80.23630796162936,63.02317383992117,86.75857445741919,60.65589324879084,80.9288106739535,97.20198758649063,122.31214653667831,159.7290151403112,179.1214137144069,191.66234416263183,163.65486282063424,167.03162925805276,155.82227020734564,122.43641308377106,114.75835714242962,117.3463498336377
749,122.55103777132842,133.73062348701126,118.61712166732578,114.32214077742537,141.86623844912845,130.72728115786038,119.52207789433182,134.22028503704806,108.80159310941497,85.89365563564692,109.49391344212466,70.80719633166075,57.65826076918358,100.22550290075054,135.78021163833748,131.07318829171467,130.7809064708005,165.8199885761683,109.35924207608397,103.51731232021717,68.71007692526095,62.5941063242561,91.38437596616471,101.2312216250063
750,103.0087901167569,119.09206572892475,85.1373918041156,127.93559976105578,137.15822889986433,146.89820155018324,116.02138970754491,126.03405762776923,78.7011288991439,76.47974129164261,86.70864818492547,103.35888994437286,108.86510512488053,108.59088640239199,96.19079333492509,120.66384677465344,124.8099475126094,138.2406645653336,112.2884003092351,134.240823975392,108.87443150863386,80.78451841293892,89.87268969736486,136.7448885912757
751,86.7392218399485,88.3394004627091,94.18458637074961,63.72236283583949,67.80483692403584,110.7884514464009,126.14286827861488,100.97203143786965,57.87166718045252,52.37512565078374,50.01187752363933,19.094302279165944,18.13568323371306,-6.998851187006778,39.13168114820408,70.267803021178,48.73979819296851,63.0186805542797,72.3410301999408,62.37332399283697,70.20455611931591,73.93665565358094,64.89555058555968,92.0873688417608
752,132.22712527187792,114.84529644937308,114.2328663119576,105.51289796721858,141.79735464790593,142.98582976401582,121.47758008394584,115.22413313893756,78.23677048901841,76.55021866700689,50.449631185387894,49.843864988955886,44.816577546584014,64.08559546273716,73.31475993888286,144.58944931885978,162.61751408256066,174.21632170657458,192.03102335065802,175.34692620400676,143.5445058447536,109.09166882315058,92.32763028754707,102.71277965550843
753,68.10781325519804,87.61597196955793,80.29346734636519,82.08361471188516,92.88140920947966,59.00688729427237,32.41651387613351,61.42489251188156,7.8359524318234435,20.51797951025828,25.05671915121937,5.444725535289024,26.563071542628286,33.934443046447235,51.008539405168186,51.71588074893839,86.20676877212918,123.23533901365295,103.15381944982923,112.160590665049,92.82425156706182,71.21652560398783,75.46931479243106,69.56269498726928
754,56.939589244446864,64.10569525001809,104.94138220514917,124.27900285871672,106.10302971734299,138.89147913475693,98.53919462147422,100.83676577398127,111.16061836901719,68.24756875907308,107.58292350432555,102.37131746837431,78.86085618552863,108.0486273775779,135.86820038175296,133.47687264177102,133.39924624743162,161.38193207191165,175.37227347391254,169.73777047063786,192.724989331495,181.5048530152617,167.42597565315896,120.69571152215902
755,44.496366348013865,53.02565405931371,59.209537095780426,64.19609954946141,63.268788068797875,108.81386430145174,95.26007146010463,88.06841416651817,66.7059094878525,108.12175079879287,101.57740772900483,124.38032437203725,114.97039381082938,138.2104304042919,194.24296300626455,201.22962370940053,219.8989643059271,240.72480405085818,192.86296537414765,162.19943271754417,144.5763207787378,113.40905242216408,89.4199599822668,108.67215192026676
756,91.43198152673693,95.89207949193907,126.59951119477688,132.46620338713484,145.5789138164947,137.47226480652853,126.90216730858886,117.90569858973936,94.36972340802542,71.47220177463582,102.21111484442808,86.10394505538358,48.11303326533178,51.89413959635273,59.417795742932675,138.16907948760252,134.58489337595137,163.1780240356357,150.2790939827331,79.99599952006142,66.56600343491007,80.79193252496648,93.52087794010882,67.7059512706507
757,105.42659654443773,122.76047886844331,100.29632046621136,126.53405350277738,123.5269336929853,136.47217638433557,115.06998667229588,89.0466173441165,98.7655784981925,73.6278771393491,85.86910738589076,55.82454879088861,64.3235695611132,48.8774717498128,64.82012415942746,105.25559732100291,103.54881158747887,114.39670948702418,105.42110825651257,104.05645418971831,110.64538575537962,90.81741232653542,49.63181949287416,11.63585133076144
758,182.88323547901933,232.16295894666922,218.25531068572388,187.55372551772663,161.335537206045,143.27873335130104,161.21440258145944,149.94998321315938,111.39473317769185,65.97459338366089,78.23977678242801,69.18724888070041,86.02071731998839,125.25472819093144,110.39773499200795,98.03940850040775,149.01667530027987,175.01646767851395,129.43076573551375,118.37428020365634,70.85941482736091,59.520518669456344,112.27717854383383,63.14848898202025
759,51.84284718332762,57.50805912645341,56.281235235926175,78.011912638602,74.89649612508968,75.47615728244965,91.80647927690777,88.00199529353701,63.869391698040886,58.74253113541376,92.32981124200516,76.99184776793071,80.4206876587818,93.49392976406307,114.31469410086352,153.22466029257856,163.9501755479635,168.87447694869553,155.32038574111215,146.40451682204653,113.58412631610662,111.0975248967188,104.39862787222447,74.93177148957238
760,55.27053270263725,69.06136900885775,75.08645279703512,87.99633317493547,95.0385652946688,133.25241039714786,61.07987732933077,52.81993726065931,40.91302098300055,72.08812756313579,65.0131685276625,61.35936068240671,61.6664935012029,72.1664197451154,113.47132201460056,165.4994855622794,170.95541099089195,182.4684102882882,138.4680255062193,145.5210711104101,116.47563807892695,74.94325272606868,47.796997410094605,41.18810765294197
761,102.04205829725169,79.44537129055547,122.1944975922857,136.32354451617053,174.8095663737081,191.20359574182368,168.8227703699843,131.88142121589405,87.8496513680463,121.43496114191922,122.15622050441692,101.18818084214035,89.36746139903435,85.10344997850672,133.601235989995,124.03506016773575,136.0845568492887,160.75821925279416,189.1278232732411,185.4009561992616,185.75505284395413,180.56124094200982,172.74549296624645,148.74555799660965
762,156.1439236098008,171.78484244166683,182.9019704159018,151.13748889085997,130.21811585350903,128.99983271226924,141.99921635841977,107.80350453653047,109.86836710428722,61.23436450599036,50.75612588153976,13.62438856047163,6.052021338835573,38.972914457271884,45.352798024854096,100.1466509453431,133.49257323683406,152.0181638020994,129.4142039926664,124.26131793408591,133.4606838266987,115.41864051553486,102.1745792949658,115.38439134912252
763,114.75522936787624,148.80269945516676,151.81689683198684,161.81545239191345,222.78083538841665,205.82171354427874,213.50991806420348,161.93345798335233,158.3219480685208,144.7264432825995,165.96106859441102,158.73371613951693,120.78634363681971,141.60236047695858,164.3409734850499,202.66088756559958,202.78980092380766,222.1122888125018,175.87293825469175,179.88107376422272,154.96523112847368,149.0033480213147,107.0137823887234,93.0555325992786
764,42.24568581282074,-6.315948435442252,26.09978168722469,38.79860805573816,67.697925898238,101.6301471521512,70.55742348230811,84.7084452173409,71.90594413305216,88.04804084168391,120.65448611224093,135.722835025721,86.79791937574812,94.68495210259343,83.13580132270197,77.93267392181862,129.88660044304194,153.29159983517812,120.8260598491835,97.3856578006643,91.2964566804621,79.55442605788309,64.66824384468708,47.36258796057973
765,154.43268939934117,136.25498410253783,158.26459442040817,128.03329879105098,128.23502549822038,141.9661618091217,134.70075116417337,86.14704685637177,73.46496675755142,47.54350975192684,79.95653812255128,54.044745223311125,34.337899509933436,41.91635464516287,60.89801795144718,98.70328361620224,143.8872727452629,164.21985409956042,163.5527458378026,158.84853882905009,149.10463661341825,120.50578071892858,118.90273509829487,115.33860776814642
766,121.40528216406909,124.64476118550348,79.16293010761086,70.87248215948549,109.65183123578326,139.7575123323536,125.8204370492067,94.93759790642183,98.41589132488659,121.93651567132426,82.3258286237467,41.77738167439438,60.121845670602156,53.15841867054022,89.99396697407005,96.43705554913934,106.95738400093474,120.09858700562222,110.194719440729,132.1769631860897,131.9878797089365,97.67546503338716,82.8314469715761,66.86220556489675
767,85.13888786845119,93.21549007377088,99.99550938577262,106.27974803488053,138.0946205173122,121.96824649300044,139.12611146176295,146.5182049949131,128.0673693901074,85.75006621022249,91.2731637311327,67.89463364644402,77.94048519920199,87.84578185251125,129.73134757111455,164.23568578264627,187.24752920200328,178.13045005905394,158.93277299846858,125.63020102111987,105.95957946389574,82.59602470488886,100.72864488007578,106.2010762932155
768,99.89359506401473,69.64752267478738,79.40624964555326,82.2523147679895,98.7912973328118,117.63172429408412,229.70852168932797,196.46434021310665,158.67164100484936,147.10767151954826,147.1896177053457,127.12953166978637,99.55600122178524,123.03736895339016,137.8069038419737,148.3426138336782,143.31836333517128,121.27450746209075,90.2606111764633,73.9886892332855,71.66216452527244,117.59799093233526,141.40743103257438,116.21403306524499
769,29.43470809974793,46.79711729588277,46.12216479966286,39.11640063675898,43.209398458157786,67.71109187905884,71.69129715145488,78.20548786195741,42.684232002808876,55.56947516079342,15.127585625996417,14.033976263846505,31.72399119145676,82.43598287475369,117.3813746981955,124.68595169103189,123.09076846172928,123.1842945513719,110.74460867992742,69.40252772816216,29.905466065776537,77.75754411324101,67.08850060936604,77.68087778922641
770,20.810043182297292,25.420212921488556,34.3075082137331,32.641993545409186,57.27295361883371,97.76173918743157,96.25812594591754,106.3760185721471,119.7428136812114,108.29139503420215,99.53193164828343,87.8318295713189,97.35370698466934,110.83638879567947,139.38192812920425,162.0095928974849,136.2151583715761,146.92479255126867,115.14062925314376,115.22240350196816,85.56185024429585,94.32977377017262,87.98666318802947,75.6846202599468
771,118.88045465994732,117.52438965688165,146.27184991676236,170.39212802882892,180.83099855566556,196.64452091144426,182.53228486055883,164.67253867877463,142.31313647295494,150.62602615781555,124.09842523544806,124.12429993681396,113.09671340579052,123.62981600174714,130.31621310233353,163.29108897640242,154.0218782986194,159.44556272545023,166.11764948421134,105.08855968461197,57.04379560424798,83.25913169510308,108.29709106459944,80.86179783311312
772,53.24677959841455,68.0296339150602,96.29129813426091,140.41452456939672,167.21651850076813,189.48602893309905,166.37764534255643,171.9005805861158,116.70800634492646,144.09051187670536,139.27306664985798,107.3586613585723,108.76687921815329,78.6367119572704,127.25203761578236,176.34229257102356,184.69993049718283,212.89535867956192,198.4200790689741,166.82837803967155,131.2347035594501,151.15968363665564,117.70726901515813,89.17427907330192
773,129.9760317014552,128.63754109545627,122.73403138206082,132.4054228746467,150.41522513562626,127.59806331039887,119.83507285236206,114.48728167194658,111.41295277446764,114.72863071797698,124.33147531429414,102.0211393461825,58.71619663341942,73.72108290030195,141.23393108854725,178.5134355202599,185.59378080796415,193.26443873348313,174.59916548945924,169.41906872189887,151.5321150622741,142.789928357677,170.8308964697383,150.66440826771935
774,110.82849599404153,78.35795821338692,82.07513577352901,68.85491789591921,127.90776996299806,156.08234593596723,187.71067004643237,150.8848505234002,138.64193315874934,110.88027760094671,94.58584138193355,81.99600788267948,56.95238934231162,82.70708873813818,129.0172416497437,178.9819049520914,172.0678971709018,203.91300551732826,211.5294135131765,203.61079872688276,179.55909778179526,130.9085334590295,127.43335233397298,74.92503380556016
775,76.45321399569774,108.74662810170501,104.85399502993356,74.95768636920121,80.14865014247661,100.86884678441906,76.92741327384238,88.86716451502343,99.64968729259937,69.91335920384246,101.27118802034705,84.16379484581203,63.145024491443856,37.53611951908751,81.32945640772931,111.19392142016275,144.34651163227056,144.44922003546515,131.72996989748012,123.27967372607537,111.08251296170508,90.72923803267496,72.29475809744892,53.97497778547989
776,58.73356357613862,66.30179855135242,41.323842917392724,53.66568258320302,81.97363826926752,144.36646602912683,147.21755494539516,151.64076402202778,120.93720351928768,101.24952511878325,91.22134425881679,82.45512257978275,80.04461624689951,117.56145691557992,160.39480217459723,158.67153497710473,189.4996775517178,200.87338585445542,146.90683191478053,136.24011536700215,167.56854404344978,135.42131587174137,111.01340452148523,105.54812853157871
777,94.05769774565987,102.6756702790746,111.01587991690081,114.40455189507361,129.95441701946928,169.68698718859736,162.289685645421,113.21636039133139,123.42668071737094,128.7017068306087,93.60527528322211,84.675284138432,54.16636236653808,40.17604893080249,71.38635170937101,127.46990342564732,143.32939950351783,156.3837893590341,92.37654605705569,111.80996724275919,85.2079501258041,76.17874382318286,64.44281174428927,86.34858052203334
778,73.48273411905936,95.72984162254528,99.17514602897522,85.44569570679703,112.12504276524996,142.69424247548466,144.8158418774142,128.53946076700146,99.39559355093995,78.14695946933563,81.66189606676296,64.07482392155481,28.672991939478784,43.34135544222156,57.60093088800335,84.91318450423836,117.79023181391108,151.68908957295952,124.19816507490181,141.18264759270264,159.00904315358991,101.06654552733852,86.63305560361776,105.88847511547516
779,102.10833585242129,118.03330833617007,136.12329449036852,130.43295329493313,145.7381289593979,120.25726868076259,126.56888016946763,103.61261772501332,53.32588279499734,64.75127114472788,71.15234681735292,87.90213844131326,53.15466022093197,91.302265604835,94.78520191109146,130.92722409068918,127.77789240003179,138.03588805956224,112.05449714757515,99.0059233917857,71.73476586115036,87.5374030864146,105.95500306656295,113.17694905196245
780,65.60292353601082,56.3778386678073,60.13006620147663,76.59005908773767,84.37746393915477,81.36963808235984,67.85605854129635,64.38164172461062,82.4800274565914,70.10003761974929,79.79932829701355,64.81844826464831,79.92795074297163,90.65267615453817,138.16421299402506,142.04052295196033,177.07021638807367,160.62917984336502,130.26643768848785,140.54285523161946,143.03113508547636,116.25994053525459,102.3866438018431,98.43034579728933
781,169.97634368156008,125.17764258478216,129.89851265681847,140.80053780623598,168.14618188108489,174.74356470788274,160.87846973280975,156.02407681598493,136.6568917435821,136.66077768082843,92.11265085625448,74.26177743947682,57.575148285480296,54.066138249382675,101.854349628464,125.49167072300263,120.64592363892558,152.0786463850318,133.64656033712615,117.27988398199938,133.2677563075753,79.3733287865793,64.15602585161128,33.90986904691633
782,95.39340173623043,90.40957935435856,115.45895949199553,109.36353958059937,118.9711532764131,119.15418386355603,67.29445697781128,88.53661650935122,81.89593215010363,112.56890633354989,90.5340780641659,84.27703030457766,93.80450400596467,93.19764931128502,122.07088723210846,137.82508211465338,152.22691407091375,173.3572529702607,169.0795538909628,131.27313473934308,145.9743020503093,145.7981181517365,133.11751312562077,129.51718615572395
783,81.42854584091961,58.906987720003094,33.08964506110793,82.94474634676885,127.4872055271741,143.55134655559192,149.1476517794568,174.36950561911647,158.24523604979652,86.81005266979263,76.03467737381379,65.09948173178755,26.10780378037518,45.5853356063164,103.46839597009357,111.46440721162065,139.72160857556452,129.65446123003858,128.88719599048696,107.48087691726252,85.96277378511306,43.395888408408354,50.09009219594866,51.76613017296463
784,76.84372996741384,89.69660577278813,35.23918065309151,72.87701417506527,122.68059011310883,120.81389051738616,104.29443897392997,95.86345392925129,45.996052636405295,19.931781253664354,77.88223231417086,82.80227564899718,51.06894430967741,36.011557801207886,59.74132954773468,69.9002358468698,81.62597045753657,105.29476118466404,96.33447761126186,69.58669497164163,85.66394505043436,82.84774695231643,102.42413557565796,95.81493193900725
785,97.49729302757125,82.47995395027674,65.69377627672154,102.28741766374368,121.81198701134036,127.83026028121375,101.08081615298701,87.93522399500625,80.07829814005126,90.09230055174689,94.38456468971123,76.77822082329175,30.588031050216692,43.80761808073399,78.15902394996462,150.38821661817494,206.23526434911193,193.89297648215444,181.41750946078784,139.3658505768312,119.88455803339444,133.71853667953388,123.2214835617836,74.25680811611316
786,86.59908818897986,67.86485897507929,42.001123618837,18.60406262028566,89.34501315948026,131.72910736209008,116.1313679948648,129.00083775375543,131.93440693208407,128.33185050845623,148.83339529881843,127.27000296687564,123.91508179912485,128.25101299555794,125.60865064408239,163.8172452482383,187.06648572997648,189.56669605223345,157.15779945887667,124.47771235791821,95.62376111554701,105.23076697770964,89.11378404785708,67.16430220638554
787,90.31644356953673,65.85577849537201,36.09363399344172,30.54149108719882,11.988200912101973,40.93861853875666,-91.07281946709523,-46.24438402957864,-23.329989894280786,-41.532465306977116,-44.83117014215428,-44.77919300359994,-65.76208588434744,0.8017909051876302,5.211014396434791,68.02818711719041,111.94854377684445,105.93982651769049,98.64188679409897,74.96804484829352,69.08483386363667,100.15292209721545,112.28225172829225,90.2179791752951
788,85.19306340185105,89.26171854704066,68.35343526603958,51.58125391570677,94.4741817022239,135.07237628468695,126.22685820765332,117.83568189026393,98.27789267478389,63.724110974529246,74.96680542471816,30.245829616577204,22.94060677034941,14.697078412598735,55.02128323585309,130.15509309810912,134.12388170470783,149.18420138469807,141.56619686812337,140.06608471696754,119.12773622313374,130.5020679059007,102.17704573018584,52.13053614622785
789,48.27132541837827,15.016679818301284,9.10035221770869,37.18786194675687,86.92289709346281,92.18187805336855,126.8589015216752,121.00181472927859,90.86597393538506,97.12089646008266,94.65612925804692,61.10173595473339,66.70028510483235,117.79548857707184,156.38748317375916,213.0504779065951,199.32780229581797,221.4176844100332,179.02668285194244,147.53147819667703,128.36807949479876,86.12546585438926,81.97305934557414,45.56125127320965
790,71.59023914177077,78.62781311062737,80.77354107965617,104.47668702623474,119.6382350355166,111.83638914466107,122.50606857293415,89.8335795863376,54.96597667157313,46.70421345955234,48.82016896704347,46.56073153180786,-0.5210966578284584,-18.143699708026645,-19.643163198198366,41.92122445941611,82.54291499194561,84.51948059564144,68.87562135604394,70.07540983605865,55.17101494885074,46.348230862743534,69.56451911871659,85.2003940686482
791,104.78077490937463,81.86183900578894,110.98441131864394,115.49988515639988,121.17227078179273,104.32768067555031,103.55436731127378,60.69904551010186,74.60830690842924,101.30047968271958,87.56412261834345,65.71271428933468,58.82797592516804,91.86880087075988,152.7173125778785,159.62725295549757,169.3948278768664,202.40141683901246,127.27492433311939,140.00635225207583,100.3006678451388,116.57136843191662,98.69771408321176,110.40906172571061
792,-43.34716527758469,-48.30599877705659,-45.80431147803981,17.265905290496136,63.14952527436703,76.04294147485834,72.30268280081461,41.815427339669796,53.53469066101877,78.0871400167388,61.687381595418685,48.33158938550473,0.856202689330992,59.422601444350576,86.1912586273703,97.79327124555348,145.08075153853144,177.59182542331965,157.90278558014694,134.99165141893215,145.00706825568182,138.4675704486218,88.65047785972497,49.43959647136733
793,95.17520058688913,95.68961972445202,71.44650314852078,46.300694774110674,87.24933903613962,139.66536107497768,177.58205236755416,88.98409911944526,68.5425397651252,71.5574421570917,51.987100722499925,14.158177249380671,-10.357840572744287,13.872370975797928,54.39318065291817,70.37542719763793,96.99288639757023,130.05796270122715,110.09952537813183,98.56504102522133,98.81780628276093,105.29403953117614,110.62539238645388,106.31321748819359
794,62.51047649710455,104.40162179555097,101.95224769705975,88.00884033426414,113.28034948305012,90.94298078477708,106.3575908033437,118.64149334836634,75.97908501557175,63.36249588376907,43.919364220478016,39.14148033402477,49.247980436424996,74.07241035881364,102.56970901449861,109.36516465756937,107.76881323471162,119.2406095729844,104.48172815687354,103.63403959490753,106.02343114086273,113.15995027315151,96.13536791322032,106.60339686782027
795,73.2220738270677,76.1857268788075,64.79001283933742,87.94536615381395,92.57665161545926,57.23270991965236,73.63692231482186,88.53121457732375,98.93557414326803,68.25834034074711,77.32147729196166,71.37118210243337,90.18278628336003,119.02237547865741,191.12938509033447,180.86729864651275,226.14308536127618,224.4138922165344,192.73785909083102,161.63246255838837,151.8785502250695,147.8455411291332,180.0238452035934,155.37240202628675
796,83.44221734250404,63.52891957057949,72.02185089250978,83.98432533039731,120.02152446667841,143.15915249564884,150.52819407368838,158.2196549131155,140.42885695729834,128.68337500317895,111.95187232971179,105.49634426862237,107.78802120505802,129.2276733877044,147.196293717898,125.78783509212028,168.2304147734225,156.79108685018352,181.14749500164277,125.96238995326246,148.5127425101045,175.67896367770643,171.2219138372546,156.2248941345904
797,77.16869490275835,55.93265882809161,63.62731045497308,106.51624269202676,135.5034948840264,119.8498941503214,58.85831512677838,41.633914380983065,13.200328679345517,-33.94376626287169,-41.77405389224634,-43.04077231272298,-4.475584997093598,16.163938471381137,75.06102214736525,61.793742401729205,60.83255343223121,73.79636595284117,92.59460184947258,71.38192233069371,66.14500603623694,49.68891098824459,40.36530748360386,60.53816344157451
798,77.78971746735101,97.26362162716075,80.57253248906919,126.17179205359334,122.24021434121292,126.72305072995732,149.39584879434892,167.7445315146229,110.54361562141342,104.86820144808087,46.80230020287113,65.97587831887155,95.86938045604012,109.65219295884555,135.9416574494465,169.8617610630113,171.040938904185,189.6460755570435,158.13869392956906,100.19139161001597,96.04698875573206,82.44266154831529,134.43527130023534,123.62218647976611
799,55.43439760673348,38.69166479788014,36.702137095287206,31.7986301911603,27.95552044119904,51.64944426089076,70.67379199302798,85.43214424881862,29.830390695616693,22.091197684842726,36.45013162842787,27.8541635115118,26.70792705504048,26.90644313328258,72.16807267244418,98.47465175648006,164.42084971088144,168.1968672046187,171.67205155347574,165.94994349723777,140.72375377790962,115.59757261232511,104.63611538935172,110.10439433379048
800,9.511503200035975,12.047973778516123,40.42159330425375,12.352129056872641,66.23605132549706,84.7013294907224,124.34085947307551,109.10990327434618,79.29768796848583,91.93650765822193,66.69032569535626,93.42594568111267,72.96899429593118,115.46525708302264,107.14787586789144,160.1526534281096,165.68146068496569,159.3290691795915,160.18893255780313,126.23489822740864,127.68754983169372,105.37334906624801,96.556544589929,98.82921176645202
801,80.20820129527638,50.37569315705026,39.82087919299197,47.039994851438614,58.74184002065334,114.2915572292911,104.56227203765785,85.68235049179091,48.12201358832836,52.74974048707064,110.63242502881407,97.18295240524412,65.74877738698707,95.43050560395677,121.75128152819802,144.66164022762007,127.83154771462688,156.35522752796933,179.8759590077671,169.6051249844108,161.16313702656956,167.51168346565635,173.96134322031938,161.30888035156607
802,62.91954238005631,111.60366629153707,109.9051778791656,98.37959048496201,145.38700798115724,143.04496368944643,145.44649220925092,115.15818884639239,95.8044429438512,62.131688756194876,49.334425500870175,86.05064923661092,72.4676588918801,64.71403389869712,45.10005065820268,115.520949363255,152.82733052958676,154.61936757425627,154.20316209277485,101.59253933352964,27.93040287532739,10.747922854849762,5.397652412907206,26.313112490395
803,48.8076277982046,45.29774755883415,26.86034449777658,49.07387958201312,99.76238786866838,108.21355656465845,136.3283852747798,120.75954550281199,73.69315740940242,94.48789295303973,73.11751891115595,56.266084322125906,34.26740383613189,86.74421808728891,107.23851395875735,153.61750657013732,143.48509196136013,143.65229304132055,136.57566414874722,86.52677367862785,61.392836810368735,59.62537891200894,38.22112016074561,4.17520681015651
804,97.7493244230257,117.48253674391219,127.73790556996491,120.53622566623783,147.67234916910758,144.8727209095816,147.0065921016789,108.00167629943675,61.860763940899155,44.15163887381702,65.57330857619671,74.21401429504039,50.55061848004095,76.81827067625152,112.79277481595864,127.67717533397595,165.67358168197535,163.3472367551053,117.13811629268535,87.31144692541645,70.68411607717181,57.19755986140342,41.96786098966855,59.875869104951185
805,11.349040177797136,15.973217682096475,64.74197671617831,114.71919128957555,133.58471214698548,165.024325221107,196.27442279107888,184.64370954793787,86.4281372734105,87.2230783583892,84.52863681374555,98.88723800561228,115.24736255868854,99.53099977151503,124.24933637471669,137.53454319819198,157.36445503762513,173.96202844036998,189.21800163318986,136.41668533909163,137.42010955979575,123.97728863543396,92.81818434892247,56.0112385878509
806,70.86857921879474,24.94254796937345,41.69311084688261,42.71025526598105,83.14770399571725,109.58083518356722,141.25546907553246,90.43974382784438,49.0447616356871,66.15792918054174,52.73514150125864,36.51358015578593,10.542075753056132,9.820312005601423,66.29701732945468,98.90186878655217,151.59497838451145,174.93984290302143,142.1188545164886,115.89842847814583,81.88149698942662,87.10504087074297,91.54854197067112,57.79730315620821
807,106.56471924804701,130.54575551010964,102.991333238193,131.87177104162862,121.01515809898864,140.53590871202846,123.53589163730551,85.77671881495564,29.924068285225033,12.033387569716666,5.334916047526704,1.0290711881179107,64.71788977899996,40.149068876189645,48.625287387201084,105.77851895645658,82.17138790291278,107.8245905728634,98.81415708870347,120.14901555753119,106.71932604095304,88.47433064459773,54.94790572466098,93.36287087168986
808,53.33102800689067,72.49643704860802,81.92334902785558,51.97379169818802,61.33739723467801,56.77037155962907,87.09643170621042,72.0573419948727,29.128849760800847,19.664973987428617,61.366500337309134,36.67096984218844,33.78850108122625,82.61446606666269,143.87040813698977,163.40640078456101,152.1807915517914,152.89650702315674,144.59713378935731,127.65810321546851,103.57950373131025,65.80502916730453,85.65549795104515,81.06091952891003
809,65.53052280347069,71.08818856149503,90.4767257033749,100.12502586856704,128.0169127060911,148.17804738803673,178.58208004267618,170.04869686630144,121.91988055683757,118.11058295295273,83.63666407971952,74.238212436055,38.92268650304149,20.31562522813742,80.5809960360507,114.11472339604647,187.60228078003573,179.82543858305837,159.03136012092648,144.15614487842058,137.7820072647696,141.5659963245798,121.11180401353757,109.75264423937985
810,87.1388665614338,62.60248304066246,56.013646777700544,69.84255010182109,101.71901253427146,96.20816083127013,103.97934557813143,71.87977234212079,37.88999439676469,36.4107863693843,54.75522286338169,53.826279312669556,43.0669272544682,61.08359218904345,100.75223885597434,128.86275041836566,164.26119442971316,160.2009784263697,173.14274342961573,119.70561058078741,65.20944288010432,68.99166150811324,73.78994893294814,49.76270264498399
811,125.18794333451737,109.14799463466323,104.64628738232703,126.73538372703615,145.3650877870515,160.46291919291494,110.16183137601475,92.52886978364879,81.9566785657272,77.03184757580169,54.7847762180629,66.70312139089597,34.34408411145833,29.42712252461807,70.75327017330876,108.85673340151905,148.7660636074191,153.22291611829118,193.9389423638449,159.47436674484922,170.15825876628338,157.96341401701739,127.5727384324735,156.39919078563855
812,91.25121238333807,123.47613000412508,100.9349588417084,60.927900457648605,101.99332903424019,136.5074334261347,144.45280254881794,82.42678048271179,63.50724709155322,45.96522093478018,67.00986797754705,66.72464396350911,64.07214337801312,83.6227031206894,77.44515417927481,113.41290872853664,89.11701623029137,141.12731172972508,117.24854380582437,128.15095506475203,108.64522547620288,119.39239779389766,86.5754864835477,70.60063024783045
813,45.95233899320129,48.953833127020665,32.094512362877964,57.54941349623019,50.59385948231143,114.38675339628455,94.42210498992306,68.92875513027104,41.6898527949224,4.774147931496657,-8.83693688735002,-4.501145659298629,-21.389167952980465,-43.429446577840295,-15.01928860582683,5.867860342669758,36.53804429432148,40.12501259850541,71.37188048094686,72.67947931283396,70.42955713803039,87.3647873195623,97.34959263954941,95.3615651567192
814,28.36192111311979,54.79656673135008,54.348449546849324,32.36107142196544,103.09438549376934,123.60840332035244,99.0372779558008,94.00254605486765,98.57542113496353,54.90346003226735,65.7491012637759,77.8787373795871,65.98746529082233,25.709769630631392,83.43376904828551,117.22107520061994,112.30784670379899,164.16554470462935,152.10510216271302,133.85554605569357,160.10782415433567,142.98492770012132,120.36555277855473,128.6789432252565
815,131.1376509048569,104.4048585907716,86.60833407157953,105.69513654766196,93.3315227896206,117.16326428721916,82.498931970462,64.3552416596778,20.522244915213513,61.78580146635742,80.81317913496791,69.59799112298464,63.649918649506965,48.29205268003306,103.34695769793056,145.38992758181195,128.57471836729042,180.2651154530803,145.36342523463202,147.6976961375053,121.98080283653098,114.22615455681812,118.13869200372106,105.4840279777671
816,141.52138304260419,137.862387007202,111.19806550592143,129.81507971144737,122.57851790623852,126.05319409118792,131.88817757454677,94.5209962576719,91.42089882167085,56.392348071527174,41.060830737383796,48.98519735291339,35.137393311349115,57.79978961157438,97.62930019338683,86.43043556451133,97.18258369310338,105.243216033923,94.10683022344514,-16.6135483983891,-29.15753779502515,2.642245448834558,-14.334018206812374,40.927985747781726
817,52.21047440219928,20.76658687674997,-28.469775102517502,-40.477239221152175,43.933618373462906,64.0835554992479,74.20872209542227,45.18006000137006,17.55196451471683,28.116784401784678,5.901104886960667,7.396742021589574,12.483758997262768,29.58855407589278,71.62995494601759,108.18160936641615,133.83413500117874,164.94133008536568,162.62966307267078,147.66620023319837,119.1643419275728,123.16425025204458,112.30846277230383,-54.24417251164641
818,120.05383716613011,102.96036709773747,85.8863498014693,68.62913559218035,65.30999919415255,102.23015279840119,116.1864351026286,98.1142101481299,43.54959709276136,36.856223403985545,53.82898650440114,48.10731600318101,54.95492846255692,74.66995002017751,48.87578895416729,86.23282701876767,108.80826242893946,112.30857603743243,141.0873297177945,101.23634400254508,73.78519930228683,87.92842954040633,152.91479485410068,136.99179589580345
819,33.66190994925678,34.39166283708679,12.03349155189359,52.984271681125435,58.4384580758517,55.29826407172447,48.15152747750432,29.722971061911053,1.4622944742974937,30.464107783272198,39.47382753282882,11.624041074646641,11.722236098973198,60.075201928715956,102.88966410359458,101.99595928769327,91.4719193917091,115.44333831234536,87.09055628306949,39.722649224954694,31.501084301989152,32.98362721329289,65.04321525448412,38.364528085778915
820,103.7882678143112,103.45820201511825,109.50660017607456,101.74872059313682,70.1288780248929,103.71487802205641,126.15207546474642,97.61553886437926,76.83037172049706,93.15803288442164,105.92390897869724,71.41163174304353,35.50740367833482,30.089740869427224,72.65379790175538,101.30063856593799,136.28076164427603,163.89358859325847,160.71318426341256,153.50885765035042,168.07167778933427,161.58055338616703,146.35617932857667,158.18466735426904
821,75.50256225031953,72.84535992607208,91.91979512392356,91.22852011052433,108.53043725475258,139.00076240270903,239.62787221340523,217.4647349642874,158.24969209787395,136.11331192824704,104.65209757639755,73.46625921137885,55.70567485553648,65.36606808581227,125.69075309778368,122.94027155833011,155.7151256606989,185.91586121325668,172.64038241015828,115.23736357043458,135.72925621041782,158.38347080776668,169.01977305807634,169.09713744482158
822,16.870060421926823,67.64898634054333,80.07903736693221,61.60367345916138,44.71218386033478,95.63988947438021,115.45636593757615,83.45314696517502,83.21835670287827,73.46371001693899,41.51411969543902,60.48310444693514,55.80626685733306,51.45998877843705,53.40689337999451,99.4041145521554,134.05844054146556,163.06427093043447,122.58243494641182,134.74628573270962,114.15652107561162,59.53966661498792,75.46229863333947,64.01210791993054
823,81.02438195503622,69.5972729108567,41.90411703140073,63.79616936330498,96.95978500678612,117.6229702798758,156.66544836313415,144.2186878133367,117.25773202486857,96.89151080681594,93.03810055832028,104.03217127325942,50.566040509928214,45.79285202929529,76.28171056330083,105.75858171218523,124.81374020097842,87.22606570777802,82.86649928525213,54.82115554251661,83.95997376624545,98.78521211586741,81.49161413053687,77.16676117507274
824,78.71877909424423,66.39693932070205,69.64782012674075,91.41242132779807,77.9428148083298,90.23054934396805,101.61122301203169,46.71866817328636,58.230785065883,72.39834923336542,80.56435486834894,64.9556007006016,61.3658132014754,59.24713251902106,91.37460161982004,70.7391946490186,62.93272180304592,95.29789182434423,61.71188766044628,106.91792516682261,96.00126914804612,92.57166545100324,71.67062633696887,60.52887977146753
825,59.259747725227,57.07823568854013,56.64679237399827,50.35087176494756,84.97273789052159,81.75982025821995,72.43386078373449,69.04563398403545,65.49168783428237,67.437421289681,91.61913863779932,65.55018219184352,68.94271624492204,87.44470573812612,122.00740039697324,120.86488294893104,128.55110721316876,109.68986616467961,117.69806293257285,116.25965584487037,134.26550496468076,90.27506573054353,107.37026250165167,113.79336098108848
826,54.313962703939154,24.576513087336636,34.88314949121011,63.20665725445909,117.93145600120775,133.3000567531842,151.61722729620396,109.05422885497823,90.47076881084898,85.0759029003342,82.08996736408925,49.65773784345684,7.1093923018231635,-228.78592150053595,-165.4125149898324,-72.755592272075,-34.23332291339287,39.034664346109935,59.08528084934807,24.198777336181593,31.196313138183683,49.747765024252175,85.84639701626058,85.61652735102535
827,75.47729976914216,73.37478912742462,61.63685359263881,69.8038773373836,85.05748894004796,114.66295843191311,120.45074450509965,87.6343527214975,43.964619193942625,85.71611617112168,96.66656285879091,86.74958116028462,47.17600957953239,58.53873314343657,103.11539350547977,135.669666779155,117.50939717858918,105.46630465243192,156.60736503133492,97.51461138598903,132.37724826850402,70.92989207582349,74.00045594231581,85.09180411710456
828,131.54007366787368,159.0029122751443,162.76897985754158,143.15079947243981,209.40903151359112,225.5643434578271,172.1725092709372,127.26266427197035,95.64893611959933,87.61414677587202,65.91243106804747,76.23062909601141,88.95179086297335,57.40134471591537,72.97270823908467,81.04274788721847,95.89277771230974,143.62509605812045,157.72702721607524,132.78674675572185,128.42419360953954,120.48950995834659,137.85885430821997,107.97090820967163
829,128.24027892133864,121.32840553410594,131.5900549368888,115.69027739889802,123.80049170893118,156.69622440710538,134.3775141303252,130.69536432350625,77.50376623911495,49.87662220985446,31.74084224966787,-11.903258910952232,-15.129015860719086,47.23844107294474,84.99896860011894,88.95915787039185,136.41796029750003,164.41818617374008,126.51556408893605,110.49506368870887,110.9738074368679,132.9393157044875,112.43910520214345,91.65640808593338
830,92.21842111940735,59.35428773106334,50.418991931301086,57.43097467138774,62.50485774055325,81.55473150692627,86.60572620233475,62.77419104077001,2.3727329115746443,46.60980146880376,93.86630088154561,82.83167258349799,75.0538006343303,94.88060209989953,130.16020533318567,148.08888792601127,185.6374433380413,191.85864421153548,172.03451778204726,167.68365190397657,122.38867645901017,100.38450898973629,99.96986002752395,89.61948104206778
831,81.02511670222121,93.15587390740698,61.80915138411759,93.06620891095059,110.47894206419241,140.7484670243081,143.5121385770495,139.0599248213317,115.00913379863866,152.2052332607396,145.57708398505093,64.47301156682687,62.284612992954365,42.697943312304595,58.54653024091989,39.3843954408928,94.22869015606716,47.962117551753295,76.24665385098322,96.12053085680412,72.84435109396603,47.18773303298384,46.731208462428945,90.35895102824293
832,105.43102420583807,124.32066951812573,108.28225542023472,143.98126719926807,106.78338333257403,133.62321069151574,139.55349205392739,146.7786863836988,121.97256263970321,86.22005040917125,109.30865586837184,79.75564557438695,59.83920350765577,77.74818066536206,93.92175547420189,145.10610805190828,167.14335996688078,163.28989288804618,145.71326545749116,130.14116259530357,87.47083358010276,75.74460791493593,109.42467875562836,111.68459409595395
833,98.75187634527975,83.23085351293517,46.919259874863684,38.95645949629268,51.0271615783523,86.88272833096097,70.48476663855455,78.80815201047533,47.48688670928601,45.91517800002728,24.700689478994263,10.487293977186141,6.747744516260752,10.656058252203934,38.68223685789242,84.70458065170064,62.98716275703714,71.3569352752813,73.27650448279802,46.79249809077457,55.02966093903114,77.66728314774105,93.83408911226475,142.02990946490468
834,76.60136573687663,74.16067883240736,90.50510868433307,91.61000948865981,110.9123420969072,130.05625984838656,108.12697736439108,69.4081700152928,50.490382391395265,19.609758613634185,38.85234537405507,53.080837744737906,9.716008876843581,22.341318495682103,30.233389062114142,58.644040568466295,79.61447718709057,122.00856094572778,150.93902959760658,179.65842507300619,126.61384384099298,159.4442719378218,177.65553310751002,164.89632570553334
835,52.20013993572471,21.174870290390544,37.12010716706061,30.259633514549712,89.62211319173673,87.87710040058118,80.39542046880518,56.40164734006631,38.25268070184009,44.65649105010572,25.113058054183924,10.422029995272538,-4.848949386323859,48.027022245565675,73.59697475213143,94.29786123660404,112.29812505982049,134.48851998563316,114.29081870048421,55.05848547286476,69.89683940831671,44.12251721095609,47.42615764839465,44.173941472098754
836,78.95345070984524,72.39104760899534,61.0832807170025,85.79925452266598,83.33237625723498,127.55095607951971,130.10072135661312,137.31797824430024,118.51390990121378,119.44462798418014,80.37521060478866,24.901562913175106,-8.296627647652905,-8.285501529242595,15.565866359693302,36.78806320593077,48.39908444595467,53.13309510143377,68.2885488631439,7.303210751316996,-0.9744905341130732,-222.7047920909048,-178.09256280568428,-114.99331561156455
837,122.41852209167591,109.55906658468953,96.07432500391423,95.28224584061982,84.69184234311138,63.93148597879749,90.81270267600826,60.89785165113008,27.679113694021247,30.96714702366883,31.275214678717518,21.688593911621645,16.976507852325497,51.88921792270126,58.51318503820406,128.0009366132872,148.55873354799527,150.12510409841363,145.48416300432666,148.53868618637398,104.20800558821303,86.39399524761063,67.94168655354733,59.62336244868618
838,80.4282917746452,106.39040420746414,119.96646698230424,131.37789746450667,77.84837335519245,86.39409554626452,120.69112311820591,105.43023931722763,83.24638719598158,75.65896354926018,82.63760784244558,125.96442322627472,123.91257251515205,128.69306100563355,139.6500420566494,147.6473386711886,164.97154447834558,188.07270308708092,172.37389840043636,145.76973418626278,147.39001272281723,134.48835826991436,148.44255034256412,105.12421712771886
839,60.35480675630426,8.122966510828931,44.130155341514666,68.59117474809435,99.64812348124194,105.56458060077715,80.87160910264836,72.71240330063529,40.97685327716971,28.64160690995581,5.526304143511538,-1.0087597019667953,36.42957979043884,26.274025865686767,54.833387413765095,105.66391445968785,162.25361058093895,187.13058884139116,180.17808243028347,159.81064329467722,147.43861180804242,121.51682334741886,79.02267680824843,106.33576569558792
840,105.679009107203,117.74036989274514,126.34489511340348,112.39189866208865,112.37895108749584,111.28136515445745,123.62117530960819,88.07096823791896,84.69891401504522,68.83966290738296,58.11813250420026,71.44218510981746,46.409555230202066,96.94112710321197,87.11573764366881,129.23006460966957,149.78152639633407,155.48069695243638,187.75049948740912,164.94150409247652,171.82694099539322,164.76566295652697,111.24433957202118,102.67273328937185
841,141.94597688391616,127.58962238175664,116.39229641837709,134.12729561113684,129.49776214249016,133.26226734628702,109.58869521532556,97.15672815683783,58.877378216246754,84.02840180497384,80.65510218661865,67.40618052923342,6.341158107635913,55.90916994640179,86.60121434565971,110.21412378422245,101.85991728608526,145.58788978131332,155.63115671869195,141.03133798757725,145.90485100293958,132.84854300962192,113.20230246190012,109.18487207596567
842,71.61263388534898,80.42864520490227,93.0853669070153,144.3509767678627,152.75420394015748,189.48846994272907,201.0528472632966,147.09646011376984,122.40241458998128,128.97873134888727,116.11927311876518,106.30270229666306,114.29010022046862,51.129311032154064,59.25236222916704,92.22035043399177,99.67340202353522,115.62469455459012,74.04858320442858,54.90058975246053,67.98931589365152,77.35668808071642,92.70712404464096,81.77471833515709
843,57.4758276824079,75.60249648968528,74.44708869491778,75.2215189444584,110.35050194380268,81.32472441637212,68.57100254966288,81.55533614061432,95.23526422736131,101.15135647018917,77.59789360375021,88.34835275622743,82.2351822428555,88.0446056966847,104.243071004612,107.27671487839842,116.18143772425556,170.93108999923135,140.1719358317549,125.0608817899068,97.74858361963548,120.07051065582664,146.08279699103616,152.91062540942616
844,98.06873994944765,59.360804686702735,49.58440970548695,49.696095829657,75.22848321927053,100.95151747927942,104.5374336153875,86.82544878770648,92.19559417679385,98.24434631734321,107.23257493965467,103.97532350361867,65.45681928986241,50.87488128889895,73.89768809247721,96.17299889477249,102.67398609504544,117.00729363933716,109.20705268673994,108.21253128628103,112.31662584366187,106.4073815288285,108.28336048897145,73.46030214569265
845,71.1040766944661,88.99500598957583,103.1155960471821,79.35396828530389,106.04409996077531,126.7900806288163,126.53617524371415,138.83669220857468,125.6078946766812,178.57449370135356,159.69841266050747,140.61413219624976,159.92995151235863,128.08805746467843,153.37962566239446,179.90706368403445,171.1849656257341,210.3816122915547,189.14153823969195,186.38756735457315,148.04050864593046,153.77422479709765,166.1715023490879,138.23381094019027
846,96.71015409454138,96.55442603070418,86.19590759883401,86.50297471551512,106.66127488829352,157.99434531070082,147.78633206072942,107.94792693586393,104.85175719267998,71.91214292703911,83.67623459585677,97.63001972018581,91.2335469119367,89.17542275041978,150.822591218067,179.65273685175305,161.44427536244115,174.1742895002013,121.34267004270959,105.68296768750677,130.83811961699834,80.4225740073,66.58196993995071,111.1016351444926
847,55.76752809147768,98.52175629529054,83.41537701203502,62.635166942524236,87.71558405456678,62.02133898814036,45.60862612364433,53.14204489743409,54.50058133397391,35.49555825205004,33.66058340304955,50.103525968277566,38.4458189763063,58.63927791872749,70.48989593906676,94.31877833211706,134.9575128772976,119.58243983991701,129.00798389766905,144.1667174291163,130.89689632662368,108.71971566123666,121.58358260753731,95.14430644893858
848,60.21828403825304,89.54459047259743,78.82238296956739,110.12886296630354,107.47064543127324,128.6013228840739,92.75322705651689,43.21954440278788,37.234577958691055,29.838911854042408,59.068440640749365,60.47926640425635,27.135665988391565,6.745859110228864,29.72854123945021,96.95961040169958,132.61210801343898,145.76511197921562,102.04299291981388,88.44223949800201,79.98416852887703,92.5883143284064,112.55906315582085,50.3033969898215
849,137.57154237978835,141.360746522126,132.04849786191033,159.77552447478553,140.97851073729828,140.76759878159606,149.52498149096817,124.79704571059796,89.33837276254452,83.6220376364036,97.39203619933305,101.34866762069933,91.16794196416951,89.57924917887989,158.86049228299882,166.31259025620017,162.00614939653698,175.6017007785674,139.2185702577474,139.5329354450652,166.25520917312204,132.33342347076558,97.04386870091898,120.38888326614341
850,115.1283699169684,150.63304373174927,154.4844892213985,184.90430652975874,151.93036076654033,127.06987741861681,134.83551575883436,110.07989822021592,72.90169917162432,61.33485027313482,70.62510596971987,25.010857476528457,-8.195902832160563,41.77815473049361,91.76052609660266,108.16275615594586,98.54415090095594,115.25710562024159,147.39985255485095,139.3152837673935,148.82547568834974,137.74819683604326,136.92093419884108,111.77448295469158
851,131.6054290630516,118.61591774632055,86.77736396257743,75.36653567336795,117.21498154957558,136.59294923005658,137.81402353035912,128.59565821644037,96.4050216030787,101.1287045884713,94.92081037537562,44.10861584815894,68.67233093841418,64.72327001830591,107.4524945004285,165.886287363315,156.7668913499007,149.28329044355712,117.5734687548083,147.9060983957993,144.41882093400676,85.53253238767047,41.53670074696385,64.55730203769693
852,71.71647208969384,39.810772062752484,14.549570247211363,48.781218324030164,89.9026250295817,98.6653329991865,74.20970595004056,64.8549137813272,27.457298408608267,28.815207039861185,18.90044455184119,20.777780952949875,63.32104867653336,113.00017415435961,153.1216562898419,146.79459165558515,129.60556637895112,138.2626053492989,119.86445432077161,102.14146162020654,131.417085722109,108.33650171943381,79.71031378714898,44.06988096113612
853,81.61907280383801,72.63274992710566,46.18932979073194,107.4759628686826,141.484514605453,114.40200645261369,122.52632711935777,137.16344451236142,129.9953239704887,112.94947144485504,93.1334153295933,95.16484233917541,80.63622672044242,77.72503735667448,70.58845138872488,108.93360458375547,76.91544477183025,86.05123160740334,115.98830041676604,113.87911979104601,112.83738013158948,132.0783440468103,139.12888630579954,136.7450187919618
854,118.32963070591889,112.91705822497046,75.78288297645709,74.2731872346682,88.71889949249467,138.4812500282451,130.62573009126453,149.86333605494687,123.6177917308545,119.33924967496795,111.78613882092081,109.54374648515972,112.40135837632042,106.24906513078359,99.1661233748262,104.3440307028283,101.8681768813288,148.03524742523467,111.8877534007415,141.59259645945232,153.93538605693203,117.6715883100593,68.60392225306474,60.93308876843867
855,53.38864590109599,55.499152385291644,114.25581883634995,97.02436538529317,107.86403727296101,87.40008642033945,120.84871719062009,118.60811675123469,116.73754516646366,117.70673146473501,129.9593130527258,123.45247184431369,112.85430099181269,81.24482326159203,109.05606658655365,130.45539947674786,174.28424960548705,181.48608010456746,158.2721347213218,155.41162740616346,113.38550389703215,118.62742277127106,115.23235228217696,123.54306404812161
856,150.98075146603992,133.90764610749423,152.7661189481563,148.87790256557273,181.30148734359994,154.54046578984767,133.78423893182418,118.40461360262236,93.10929691148954,88.69078190489869,108.102022459242,108.32878640351707,71.93057867082831,58.34357807952047,84.37702196945537,110.72368857667865,149.8792870615362,152.09746738486953,138.3631693490415,112.69802232275438,102.36493543927494,86.94612801655377,61.71129537103471,83.86732611731588
857,83.75160874100514,42.76810566421509,56.26660853702125,67.73206026735934,86.406575666442,110.40849115272653,129.8559554114087,120.23259830369376,86.85371751340396,80.74052750569324,66.2452145741134,86.17899198475365,65.17395448103724,47.22099179964895,33.54143124032275,75.3535404297877,50.63151361107259,81.38573235215127,146.74074149472943,140.82720814800462,111.67384296523169,104.64129743118087,108.98270316292113,117.13097052871422
858,101.53793641869004,127.04327445066187,126.09740942874922,114.65026918657608,104.46217543415017,108.09942886662168,126.1654090572925,127.66795263112982,82.56485341706602,77.51324503844171,60.88894376523355,36.987107114725156,52.39840521240862,56.834604404760896,90.87224244986561,121.30769726331047,142.79633944649717,149.810098671002,124.42021664983362,128.12211746823647,93.92498210727294,88.83475316401552,80.20857568015862,73.79358024447251
859,95.86304177287634,75.24999661843403,62.11185048959079,65.28647995992067,108.67320358123303,85.1775697879529,83.21595186578669,68.43512664537035,44.88911504870839,79.50053143610117,71.8961124719538,87.34784429605214,82.23901109634208,55.71820056604461,109.56655933966803,137.12196110313607,150.7291920576611,157.69499545574732,172.93127489959096,149.01437222368565,134.72624792102576,86.46024864253644,114.09874080260522,108.64747229104367
860,71.8151430396789,87.49338379016844,53.05108491759626,32.06552579813561,62.175402898141115,59.94936795843361,60.97485837204907,54.083834191659406,45.33916574889535,21.931529809816055,44.58751921714276,51.29423417204309,60.41942388370392,53.142600373369454,86.74136887271537,151.74681800493627,193.76684326135685,252.59804729990427,239.04840114790738,207.65496943018562,193.6555193251023,181.31559182675008,185.93192916968388,180.93306217409233
861,131.37695113532644,155.87000978747773,162.78816396128886,104.53837892531402,112.31142314544059,156.42837722314425,181.87231145353013,151.44729671975432,126.65594827493521,88.50769627709917,85.49985722393828,104.08030721318305,73.96301108154579,115.67807836178963,95.54918822005124,135.17070813676486,114.37419416743626,173.7834196818664,159.66712984681897,134.23307615524766,95.32333737357938,84.035311428434,71.93047451937122,87.8058473275944
862,74.19740819475079,64.6607294106758,65.21192627778527,77.742525973272,89.47920961662999,86.16737699261971,111.56549623956357,110.01764655872796,119.48394077206632,86.84569213596896,146.40588246955917,113.84203418158376,70.80395313787365,87.47176296947387,127.04955526258513,150.35587340386226,131.58198249051082,178.62954053316932,132.68360464754446,143.63058243714153,103.40548629257246,92.75800390569938,56.44034157590645,22.797370911263812
863,93.57222940044083,57.558549238080616,80.47394787862349,69.44535372355341,90.51573374369283,96.42467268137183,89.17630962424732,62.330985747518724,34.392658045806,71.80956910102068,86.1569201736759,81.71539868741395,61.4568971297316,74.82075475788606,121.67742632939598,160.10676254737527,142.4345087091192,148.1218399271097,155.947194262805,105.44210432412831,84.67885535447255,63.408075319686205,78.71948717015285,62.84863651232581
864,48.52159095140152,33.57424603810562,30.051454333663536,28.425992783925018,75.80447998015056,74.69301087822998,81.4651806587346,106.96837212776923,77.14288861534925,37.74385074563345,8.36558042979992,-31.007863826830288,-28.137612401072197,14.10874156845361,41.31140572431635,84.840295429701,100.25645424410723,96.17541885570196,86.58147956779945,67.84666478541266,47.479025512750624,58.68776188328299,39.928503585292376,56.88304068361613
865,-7.6796412610789275,-10.522469040444676,-6.631930171343811,9.26973475652413,45.907826620366464,90.25686874931013,100.08809200574692,75.92738285857052,39.85729849561555,29.75226651865482,45.115240113595625,21.474359043887773,24.59057723231078,89.58691136337171,111.59567531154198,89.6614849291976,107.61550602975034,74.9614927019399,67.64291568283963,33.47584386245305,23.206137184996805,37.75884480675917,28.32334239534633,11.788237747618695
866,68.08021515535552,94.8188299599307,63.87535042466452,76.55278647947766,81.13371297153645,107.13985277652779,94.79977696935634,104.75995061888064,70.95269061440365,35.04556580049329,68.57261127563233,75.09480096032586,90.4700806493112,90.84860658212526,145.9447806407708,110.45110114198346,78.14535873575818,92.76674940812163,106.40141793921015,79.42680764964885,93.189357090955,69.67105218616929,115.94553867089988,65.35102832065498
867,114.42338360393023,120.6493998026543,100.8182165422967,75.14631007910047,92.15386403839231,92.51675881797067,119.94795483114149,107.53005628150434,84.95155599149629,32.360982842782654,7.124630080216903,15.6449726901401,1.3296641460760767,19.15181383504408,49.13972210481107,116.06602588316956,142.46836935517516,135.0730571449417,124.26889135458204,127.18682784950326,107.72718587841251,65.385392983272,71.27778554089238,63.283397802220485
868,107.15802299537752,139.422450490974,104.78139224981483,94.57503018991795,95.07811277489544,77.89064752342773,95.81952589854697,57.12334681885915,34.47138072210559,-24.28409307159052,35.13652647654994,-10.366030945512946,-14.051002839518553,4.172093781075702,55.10164550976282,89.05928825177817,139.24141095914456,127.81042499895526,135.6392195937548,116.57397768287616,67.2149785292352,77.11317219870534,91.9106192573641,70.1251826427532
869,92.16272366092312,126.23769543252945,113.2907172784427,127.38333486502397,112.18306586091704,109.91505679781218,106.30194729178928,120.20702034550607,129.36371615230806,140.89459719083433,123.5858671305441,105.04086343430944,78.9888952116286,62.8708247132498,113.46119005758081,127.08541582339973,140.14587442443155,160.46830676378104,157.094126017918,137.9124840000612,131.72469090490128,140.7495638759446,137.34433180971547,118.76625559258858
870,45.70109894887076,62.518735392582855,43.41719414906389,56.463503102432014,61.60581565680246,74.77540309859549,66.95547296837704,82.14047753010404,65.1147846415648,50.824196119839584,71.69678087247252,62.467656962108876,33.17947514528367,24.73166817562172,87.3513445667064,75.9660501831998,121.71498756545526,147.62293338755728,117.36202693685232,95.0652856395725,122.82141049454424,121.47792653060421,109.36138714417494,124.042055784637
871,108.44970973633,86.91954712951072,55.63845569045013,96.37815406429803,127.66190202057928,122.57798078213868,157.62924990691405,129.87502223633348,59.54597807343475,36.6768444654722,30.239619937782386,54.81092253256624,81.53259550277821,78.32175034599544,60.17158745405564,94.26258094754188,107.11694239486621,120.6770851999795,97.21718469880548,103.41138280363523,58.29301651902635,60.138470090550015,86.32199413013913,72.01135662813422
872,107.90629799835206,95.3803424714307,73.91781096024691,90.90463317956599,102.28641443484946,91.90159630074467,135.4112547594933,91.99799691523657,67.73970730512326,82.15576333286471,80.16883246288016,89.08837568304325,93.5830901017381,80.53132368119599,126.19401106252059,150.58417914146813,141.81950023123704,134.9925895647212,93.11896684826274,98.72434139406445,102.60440057313625,87.25348348804658,91.8077749883165,59.50579215686164
873,124.26769452751222,134.33730062829034,101.08090818443476,117.69751688462377,120.18528002095155,161.48491566180323,158.49250491434614,161.0203936692352,124.87007806222587,114.47735228015212,109.04067284864544,121.88334080080263,110.68916399520145,120.14857606750661,82.44834104393311,121.7678786019606,142.22509509527268,144.41476709080484,120.84054286985766,87.11811981039514,78.3335538735142,110.3456194769846,130.28410016643443,90.99630100842305
874,79.83971742732561,50.696087871911374,75.51835495040412,36.41114662132284,64.66043396631807,81.49892251971,59.1532495094759,104.68442955905307,78.3798253626219,108.94721580477817,89.24644772354529,61.89096609846982,68.28881337022189,93.10125417070475,122.89011414522518,191.88227231578142,180.45161079785828,193.420911144804,152.33021573315574,118.66199467315472,92.12862544137033,113.87956817507947,103.77796152822714,88.78812136573417
875,119.25998868009769,98.45584512374359,61.80659057334215,67.93387734076495,90.21661920578276,123.46907534986954,154.42317367729476,177.77240753596163,164.85215922131383,111.1211298498653,81.13253078805938,74.83175352007048,95.30803808220205,102.86707143584546,138.76437802751462,164.98222039717174,138.9733276417744,134.37501425994176,147.2380406010064,103.43858476541797,95.25725465017848,72.2271894505671,76.6337653923267,38.373320113435085
876,110.47638484470434,91.92058678786528,115.506951397319,112.90116727482021,154.58076442136002,156.9927798188162,134.86779893056357,133.3285194624464,113.4394772336445,71.89386146015686,53.6081662799439,25.476101714727804,30.438687775941027,46.54552174851591,76.96096604771887,91.55277327035321,125.66893315861046,118.23636598498207,70.61887135876876,64.88939471052093,41.771508750940605,41.51075088465974,71.27088761570273,56.96771169980904
877,125.58494120894044,70.03522938795199,84.76630449625253,95.4604930031498,96.36330064278586,136.10483099326723,110.60400001041326,106.2335055827052,72.18565157004382,104.36405730835112,136.5342668292671,109.37679593635077,85.11833129463562,94.04532104581023,99.96067451074542,182.11340358968926,214.47168568614296,237.85436651840268,193.1896160446468,155.75761917335024,160.0986464007476,151.05763532629015,97.28843371987375,65.56273401135486
878,79.51101391652472,95.49454888087149,121.63308838049407,109.76646708241995,96.09873853157619,89.4733340815265,96.1021867629436,119.98210792260015,107.13124224330294,108.47791740123444,101.90545540242124,90.05102370936609,66.350778161972,60.37197860020898,92.65366629201503,105.90538623730802,84.57472874218713,117.34934422534025,121.30081142604809,63.779573383847875,77.70355979995357,65.76598882267336,30.688273791891092,33.9594586668919
879,54.21424503822027,56.27387811820634,49.54861558330264,65.32427237063655,77.4049359245599,78.2309072405201,90.03894346127336,80.52754332161344,41.87759606017705,55.33836437267355,52.45237125552313,18.87898042514943,0.9270401564899444,39.89052691921533,83.35489871100731,128.42062646967184,118.04664283036286,119.85863952522095,117.83319589015026,121.51854614842686,93.61650910453383,97.09029114050149,128.23616780362852,123.95427398071482
880,70.86818730839795,50.875477796696835,63.2653739246218,115.18172711088518,89.3590768177075,116.74037312707297,110.30817880709881,83.55828439185703,68.37120700042075,27.285554531504438,5.913422919513906,-16.959296906370724,-59.87292785934513,-4.724285062234074,28.499730602200998,107.15762095886929,124.79610836016658,115.60075156808782,85.5141110503813,46.374156324527135,89.66276801827621,73.86992780355986,104.71596729028715,114.91235529320106
881,31.450419840565615,58.004289700614905,70.30624902603614,45.209545486663394,51.38440215842547,59.14093732670848,82.06972293990455,48.167175247185384,44.968310691602376,60.45719738010837,66.52877721019291,45.05271696754617,66.76000801428245,61.63897540598212,150.1347606382027,163.30656566990882,192.09424386987385,189.91807501052864,171.75898462178583,150.29246392524212,151.88802669691424,116.55919997136016,127.15648636142906,117.57438723351656
882,9.655682649301198,40.33356085332666,3.226695459997643,71.35722515965168,73.82729029593685,102.56721830343669,103.709355124123,89.9643997618574,92.02525410996952,100.42378047692955,95.20602127995016,86.16822994700163,77.200795450268,99.84912813830064,110.00597914729596,94.43880909418127,160.7505338496715,171.29995663795256,155.28979195990786,164.19975926991268,185.08516732266853,151.06374628673942,149.9620601411434,121.5171745188356
883,74.70274082404408,95.39389897533314,112.88946552102938,141.54858562591295,149.75272919235755,154.89746129364238,154.52159223184955,138.03115970451455,123.08205778505594,120.8429853046363,71.8605203140137,63.784725712147655,67.89792341394366,35.33961259094113,76.06875696525057,47.76195924887601,122.94547782201823,122.95068746459356,100.11771695798325,66.9827456797735,59.623114554437116,54.880748309733,109.45928506044814,94.41954647574474
884,100.42366616818815,109.97690071354444,128.5284817250619,120.17005083339575,120.16405110125896,156.28279056996882,136.35754086924982,124.11671751054716,98.54816635257984,75.17064954318326,105.54762017027778,106.9377033164965,81.82383798693327,81.7814086789829,123.79636763861035,144.11980008054698,125.98685045870815,171.87850092649185,175.49331030078713,163.787711964934,120.90339550609318,129.61570018585243,117.35476957697222,93.66950650741826
885,117.02516202848975,99.21212210115034,76.6367490392052,67.51448712916645,108.88072325397411,100.5421111759635,129.6577838435269,121.37553823485591,108.26582063739238,91.24765439857002,120.44943295543862,115.25331707406548,107.12952790576111,97.60766588067274,113.28693108374272,114.88942893489023,131.69601545507817,169.24444272847725,187.24657051658124,133.18045500400467,119.93505973491712,105.7453452648262,83.36420146564761,55.773383168815656
886,44.419145112459844,11.212878942969326,5.669298423632796,22.947035523777885,93.3381706464723,106.14010342484255,99.40381280542532,66.32949548880946,107.18585938162438,107.54158909498513,148.46161388006595,91.54074042295609,79.83087085410304,78.83401720114392,163.86550512683056,167.94057272794566,173.4889296359373,174.09972400317264,159.72545180200834,98.91158656607513,140.40012205373722,143.57958563177937,131.7611115620132,110.84734705263529
887,69.29099417093516,80.56313798270907,96.62707552058697,112.59937106999477,134.3582540496058,135.3587967371297,126.9382468414599,120.30369256935515,92.38691751097215,69.65485281586635,95.90936591623617,116.7863041898042,61.38524830696638,58.58568290601356,94.2639538734708,90.44834592817999,135.16688071874788,140.08659610295004,138.06846538669566,125.34983134740563,153.85115877784355,145.48095953368366,144.4707872078563,136.08376106887192
888,60.67627176817899,55.90163479832418,85.51941292490228,116.5030933251866,124.44194164328984,110.81413012441695,116.8830372179861,146.66166759722682,132.50936560655128,114.33551998760623,109.83820645141563,123.99358681282116,140.8213425484846,123.79147486034836,143.74374927384693,126.63460603795502,200.22059476694605,175.96548259762255,181.97979522518978,141.3753610238652,132.82675603727526,148.61563833331164,164.26840464939113,141.51273970707982
889,117.00542055374314,77.11516063947528,120.9282766065243,122.92162879879334,157.18543995631399,210.64210669939388,199.39325514789374,179.2384429668858,135.5474169894408,131.20894193473794,110.10687952142314,114.50647045620278,92.10072034009742,82.12365952186255,115.95553823439697,158.51261661040144,163.5046165703341,163.56267124250644,142.2724928864362,121.04261789195873,122.63309531645595,113.24073285978685,82.44602135763199,78.8417891902083
890,131.0513641742238,115.22418008787619,109.79215614183506,105.70558934474685,93.83404738933508,81.18144454579894,88.33197135933177,53.52030856665877,45.683823784516875,49.18897276886865,57.136907331018705,56.7552330166469,61.74910288857191,89.05043771784831,79.74288690181552,98.43730536459013,112.85407897559493,120.26604941385744,129.75401809482184,97.65755267045736,105.98236502282784,99.62675820140048,117.73716630709764,146.05797266527696
891,152.18212730592336,112.34730857060704,112.11189936879747,93.35027706670277,101.56846695913563,153.9908111810829,99.03827178858876,103.58038093552074,133.21851935520763,108.35076465648413,102.16010872914924,89.23833106833135,103.77665865612,89.70130066878284,130.81604754722872,155.27647404011842,174.86982502008317,193.2573253621352,152.34412030879346,109.25756642180617,102.0873491145926,72.4790730264067,94.07024957436076,60.619027269357126
892,84.36687148684142,90.2863552322035,68.00997142155009,80.62125738737606,84.05269493240299,136.46132911833686,116.67599436843345,102.59814451194897,70.80309339861655,75.78271571520114,69.15950423183193,23.540762161475016,13.669475920498165,18.338023153291125,54.09422481950077,114.22493084629134,105.06416552052517,119.37859393644396,86.9999664289139,108.13762128977828,91.47470143576246,65.54985871373003,87.96187430843943,97.60967653710533
893,86.8747095686463,66.31169659195264,69.17084907109461,78.71982734126408,87.37962385740302,118.66469112590168,159.98412539771678,152.0023274705996,110.55082541186945,97.89949067197453,54.40529986921348,33.57073953879922,53.72745567369171,58.7889256684383,108.11241786776696,120.47305447036035,94.41608630115738,90.86786467868306,111.68273350394668,92.74928951995693,98.1769007946558,157.91080055744752,144.65996386374633,142.78172308945852
894,95.57000377308266,57.78917799857104,37.04069037330362,55.83968416277126,91.66091479420363,139.81729108479385,142.07129190605988,140.04488717717916,96.89331322196271,43.948682375966435,52.79826253978271,49.48432577520575,18.265339524676286,25.588000086636683,86.94829946608084,130.55267308670577,141.2634321162865,133.0147542981527,114.03214225132243,110.27645953049431,102.63658432641776,81.47712523192153,90.5060982485225,72.02977946813263
895,46.10356555862336,19.640569552874936,16.4088063337083,34.731579848411265,39.17902173557861,87.10530991113332,122.7390013626833,205.39823867478268,154.88420686180206,148.6908569055918,128.68628391502114,120.01850783356355,69.10382372523854,44.117755684414234,84.65618490896115,125.36949988628919,122.18594620200103,164.17374284542606,130.60267550279764,94.95372520675136,78.56748396895621,122.23395053297551,163.64634026192806,137.93781417374618
896,84.05807997445604,89.343998069722,64.0019711244173,59.9346348296634,132.22476810052578,139.23796644643366,164.89070271081562,170.44114912117914,136.78869696587873,112.17344130373485,196.56168466953767,149.67989545789243,98.4432367246298,89.41337637715786,80.05868189628056,73.18071167516983,86.40609769582576,128.01545917896615,86.37817050238218,66.2188515390767,41.057055197215846,14.003344170033486,49.85659846565631,40.970689403609384
897,111.6330128139484,93.93234903255816,96.30742783389027,90.3457808313204,117.43232356924155,113.88924790907487,108.5987981691213,105.10809636808158,134.5559134978963,136.3666614977417,116.13248710061336,111.81686504805238,111.27847409146491,122.4886402539166,174.2219970861681,176.61470916474588,205.90232486088024,210.1103107253773,233.65201842532412,189.10170255448799,157.70110958946452,144.61980854314416,147.41929089672288,142.19684306755732
898,152.304891435105,194.48539975555508,152.61824478506577,164.07191644090074,150.89403930727696,137.98965911941826,125.99908261294034,116.29302154299697,71.26127524593662,58.66358240013473,80.83535067087101,57.365807793044254,68.43902304104455,87.8199891343644,111.24465500809251,90.77129519218357,113.18704206750454,124.92899252386081,110.03158058665076,96.61063027796321,113.52392466586323,91.56834541782413,96.15812744367986,97.30404709650315
899,139.63019734169853,123.89356619754412,118.93387781385296,149.24960862945113,140.36725779660264,191.5069681134773,160.78221370178488,154.33019237536857,148.82062438742201,111.46046579813964,120.36357858032798,95.16288476959514,93.05531191944826,89.05967981409678,116.46099461553095,150.5619517298038,163.0619042822774,180.69033537857106,186.69508609993323,219.512615888595,156.25999401841761,123.7138181999729,145.6282100424163,138.85441831737273
900,88.79508143024225,72.1824340352088,60.72177302109924,73.46499492437569,124.11198410789106,128.4393691645049,142.70901064020043,122.76612466859784,87.18124983263989,79.17638418369174,81.9514280900834,72.18704983852659,77.20644308314701,102.31750782426441,147.18595728484465,168.6311014530925,142.10288952313158,198.88044500051524,123.52364346682631,91.86114916537264,112.26260890583825,135.30426723536237,134.49403255106955,106.4094954461798
901,98.23488688493983,64.73830725474252,38.45026950008929,35.2525483750629,30.534369775233102,16.198344343709394,89.22018038072642,126.02745241108009,92.5088826904986,66.1109624758921,83.07515542012823,56.59376424593127,-5.989052275720887,12.598861963242157,71.34766556844323,111.81694320792175,102.44643460734017,117.81140352741241,144.19836263002446,129.1298859147287,147.3847137546147,146.75196905605625,145.44150752477964,153.83776404330658
902,58.17638522578676,42.81161077468256,72.59364818831142,67.27963612138721,98.63641727596897,120.65496724890727,118.8740421733112,130.01164643791998,77.96749725048895,56.10934010068716,54.93573086367128,21.64487763248834,20.023820742157525,34.67925203430229,48.63749741915765,66.99913412631207,82.18896399763017,44.38971999267207,55.63811850879942,38.73220819778025,79.4790635035883,84.21452589348303,111.48356069455279,103.53260989654486
903,70.95200495247985,59.43061454087416,24.527697740581658,37.81977931723995,86.79518295922486,90.7149343576466,96.36168486979277,87.54951726347625,96.44060705896653,89.98830364881799,73.6891058117835,57.06865200892089,55.689368845416496,37.74992475146004,82.0629203169442,102.47279311314256,155.69695940867882,164.1876996876647,151.189170182413,117.95903297182927,129.6744706513571,156.95574813042595,147.32900690873197,134.73224552061438
904,70.73559929756216,54.89364306530156,41.58456910232205,72.87189888125248,116.90337748192164,127.23262046043304,105.59412413347131,103.00136112033908,89.3603092417642,71.8617444826402,31.29843287817954,40.59707398634507,-8.042972055641137,27.723381904248157,61.53658261380021,54.087454490080376,72.1865875141322,118.0647226987613,127.64243157572598,95.46781487288717,96.15742049329978,114.56519371459538,130.68667528236494,95.99180136730976
905,90.97204533605723,109.30723007640394,86.08836886185604,70.24272527209592,56.03322068354997,97.63537565858607,86.310687034284,101.68370308426279,58.13159887431253,96.68302193718446,91.55660579081257,-45.43583028151072,-9.41379136954297,39.214038012640614,74.32406423268868,111.19410375605375,119.12767686495377,133.87702002298914,140.50648270371732,120.15380307362716,99.36934333213824,74.09586858418301,122.43547478312402,111.09766218813796
906,86.00818733129212,111.19308050289362,58.352589275808675,61.91379844881293,94.1727366598178,110.90048076757364,116.68389000079218,132.4608287424138,88.83653100485029,65.93162350576578,79.0428720283732,73.22674729505668,35.815484543661654,65.66783022003699,95.751527806515,145.19297805724807,197.67016866253508,204.64041167861228,175.5317571031999,122.40952592854792,116.49323127855294,117.75868283699016,132.93895705784183,101.96858281502102
907,49.57112527900266,61.30786596271669,119.5744863903231,136.69675138828427,100.84280522451614,98.29019917669596,99.55943116615647,116.20496304011073,132.8630272467757,117.25285032066611,140.2863986516416,112.98825448121303,92.51915653168314,103.12664929923884,127.4995543835974,111.33861322785675,144.74376741919448,152.36545818396664,190.68435980396754,184.48575234450604,165.10803721850743,156.83904789592927,155.787118966319,159.18484954167394
908,59.61278829064772,56.287691695706265,29.563149952874767,7.00758973827935,68.86550350448847,100.03098242652084,102.77324311921562,84.69190374408862,60.11341210515518,95.16868330412169,96.9704033656019,85.34623228879153,77.53382881139629,26.967818320371293,88.19858218992556,104.45543732232792,112.19865540332157,115.38441359808611,84.06788119986264,63.09944460184413,70.48089018553549,86.31804175195789,67.83181346916355,64.69002446736158
909,65.93375935020983,89.2767239525735,102.54911336082242,111.16217874313338,134.22632244411022,102.5826587078784,97.28535276263642,105.05968699057506,92.97363297735902,61.636872892550315,48.40795076710796,55.46210655713506,94.00354791254938,113.88578454368115,147.1215745769066,142.63250741915897,158.87301847456325,152.5361509671501,115.1150614989416,123.62495128559524,137.28870605711597,108.01247675419717,81.73766087197706,88.21314699908953
910,111.73508760276704,145.88966037352796,151.5664840738976,151.20364498282183,211.40561596866073,187.6623066018074,201.25845820722026,168.62972376221728,123.53073314424275,114.773861757039,110.79969997301922,88.10591560558112,81.90514724405784,116.92237633093413,151.1134436230158,155.6936498341943,183.45556494477404,191.37557626637474,195.54641926450557,188.20011406079374,183.7517582094909,102.24672622979425,99.448193773513,89.144058517984
911,88.6587817874017,87.25782622588396,107.67708200488501,112.3257375634037,106.29663221650212,63.6474906754764,86.92546144210827,98.94206817909676,96.53616180953131,49.95848481593842,52.023191206215536,26.606799963187726,-13.756968676909061,-27.08912045690434,-16.155888207465722,49.884802999112395,88.74853458104087,108.85976598427453,96.58426625308077,128.37914905103736,129.17216790191378,119.10297546078843,103.02398453043395,84.18480914390811
912,69.48228267941688,59.73028257946959,76.12581450657046,89.02209608876707,109.82007394530446,134.14985179586515,101.43307433683395,101.7482492622907,63.85137675242794,28.73509411566112,22.520311499039103,64.88723948082506,112.89137565909834,112.82916732519016,166.76891485267848,185.19825289722604,194.05900594460172,225.35207995509464,182.55558687156017,158.61827805990401,140.61717127027939,123.01372937786942,133.46449004115516,101.09333388473775
913,36.5447111546555,36.982502255097096,43.83457255510099,35.835358267308905,40.79712383406029,79.40303494656789,48.81360626720701,13.314923332342758,28.220478489395816,43.742093693317166,69.37889443036497,44.47240744189839,87.32566699039037,41.816696411210536,77.21177000495435,56.899524723357004,64.52316500373149,96.56145967326881,75.20321080461319,52.18386447456762,-33.53120510893356,39.34705147654144,38.78421029429131,81.34022605232656
914,123.93641327415904,133.05844669443286,131.10327214686404,100.33374431534315,104.18965688171964,141.91382496416418,152.62219300800672,162.10381572009913,99.54204157731554,89.6862775821177,59.90332655711401,26.787874017598035,22.30160143895494,40.23850128612011,74.9386277922372,66.41444409116176,104.9561994706863,111.43938483722938,87.10274689499226,92.43260996420958,97.23101870414501,79.32017840888747,96.6013350997631,76.90114053248381
915,72.5278795666392,88.9633501910616,48.800582883954654,47.973069947409556,75.23298126303622,103.61646823826709,86.34808263088946,114.57256999365693,100.70012354376632,82.57021491041799,91.64619590799445,71.88421053930394,46.764987921865654,51.543638928479254,86.17056617953338,108.91203907606928,114.90978625378874,126.42378194007385,111.24553428056277,90.57957411245636,43.73851795877463,34.92490666661881,42.817165763279284,38.45882390918315
916,72.91503418028962,81.78785127136449,82.3733702642958,71.23264296095597,103.33300506128818,128.58575085825578,105.93011429976589,97.10124479371892,100.39853938343504,67.56475421084363,96.41197573690994,78.10137611399898,31.935145978959,48.37513374061908,55.716797041167226,136.77400541893897,184.75321420173418,184.76548878772076,152.798483681792,105.67593326676561,94.78441792984857,100.0803746318897,92.51630315711436,86.33982195042559
917,29.120784455660882,52.001822586782616,66.2536581364494,66.51391524738295,114.68621677704913,136.43610290702728,112.55526501204946,132.0295924095604,122.96275674409429,112.71236964382945,70.64273878354985,46.28015180498252,31.919805993120868,56.358902234162144,69.08000615800353,107.75829269516203,155.3493698587928,183.15536895046552,137.1766447041866,114.77362778476594,101.27756167761731,86.39392710958863,60.49720524034527,99.97085169257572
918,114.6907434116126,124.46348878790506,91.5687018782921,78.75851759951865,101.18198138878307,115.9992013527887,133.16517694506032,132.8590119203683,93.03976448113394,76.09706690100963,69.69606206114032,75.29886912013333,41.24965686028329,40.574920800211515,73.86517285915767,97.80218937407808,105.81165287596043,91.61999276936936,99.78665765654988,73.2033317254255,93.73956585321766,94.25191090719503,95.77343504855357,107.55456930977974
919,94.09347038366815,131.61702542136723,109.43173098468374,118.52483121723452,132.8278394151307,148.14182518049626,161.78988676835422,111.8131959423983,74.05578469509285,81.6618009696663,116.62879909355618,77.72030869564583,38.0633921003105,48.46408739384614,81.11867862088006,143.8475428405505,153.86208559434573,162.93123616506315,140.2411202167384,115.3086033118107,124.14275001452316,131.1100473028621,148.45561893613325,133.35578460202825
920,134.33488474651443,94.2874771043007,61.42638624896192,85.64255397676314,82.08553992413992,61.102205977527106,23.962690304646117,16.83977468294681,11.237438818217953,16.286961159219963,49.27345920210748,31.451216654512933,31.713073580153477,11.357230114892552,57.76668590463366,103.20903854771149,117.36290004339445,113.12387718211855,77.75490133963851,92.82183773131337,65.18921105727472,85.47582230504833,117.29980706423089,129.8532638325667
921,122.85196624853192,120.3405244092009,112.55972012416865,107.80496766757503,128.97594948038915,100.22793527737757,67.97547819740996,55.85027491448437,23.613903452942964,-3.93262957895584,33.997322770920555,50.071801526230416,68.73840174157596,57.39646884369085,104.99475344443502,121.26535686708742,139.02127651490193,156.00561390166988,149.13877051114247,142.12749057731685,115.75832676053903,161.47073109058783,161.49850412397745,139.53429317680042
922,36.58138901874501,28.054416901601215,55.62267800032065,43.77503262313232,76.87312817435495,112.52867126310836,96.59544802796722,92.95925242651795,43.339557468047275,36.6460711179242,39.66238865332446,53.107370223146596,50.31169993214516,100.79813913389785,136.32098615158353,188.27545209653135,215.07142088012804,232.7894540772144,203.69114850064403,190.65685786824525,156.12199270705707,146.2173977930315,111.63138709489715,122.52552704085912
923,129.30479544078332,100.34400775479126,64.38477723410995,57.72160492105267,65.83835683655728,102.41180378901768,124.6207727088051,97.96576643034184,88.81032235692797,50.13810177779882,47.74070315110649,37.193366955966184,16.73901642604367,44.83659834547679,55.58249991595136,66.93875863954773,110.80958730601188,132.08149021393254,110.84681875345898,148.4121404528978,154.93353005839788,133.4667567518963,144.25978126616425,104.82877461913553
924,55.46695800364397,37.887648785344425,27.39095327073251,81.7489377706122,88.95277285440926,102.82082989524031,112.8286342882279,122.18304394120973,121.76896768746334,139.58868202963998,168.87815065531123,162.41570084450478,116.04693659354916,79.0312024695988,123.8670378710776,124.97981850203425,168.97992262250273,200.91202700877207,128.2777695434208,100.85162296056012,66.66424102438478,85.67784641247852,100.47947558005107,95.94630861642159
925,103.29070474401003,71.47685995689864,109.71349130297638,128.80066440388904,199.77286401728512,195.29281954716288,168.7723472512866,153.2599410715016,150.3488441155544,120.71984195728669,105.41103588227816,134.04231393918934,81.76025207995622,105.99076753853639,109.64377190755673,130.12666429482024,135.1675906830007,122.85470505640555,94.09646430013949,74.46832920753565,65.32591426660497,68.73296892341087,69.43228371730021,83.85348076688469
926,76.07855739384772,96.41945025500873,82.10406838500431,130.26240108760985,126.01727454060378,154.99673472602882,132.8632578434574,102.10058678499705,94.534816855574,112.04303419195364,106.3181323365551,76.76590621099189,55.85470958542057,117.90646404966273,112.82656728505616,113.21384000508931,149.47511240714252,141.70543590207257,104.71037634194391,101.85537292235954,76.59519057766944,72.73499656786902,42.24672437021718,43.51125497232105
927,49.97394758415875,66.08841673998418,40.83376192617999,-36.66439049849734,10.857394072798883,43.42006398675258,84.57098906840278,67.00556412194831,71.43516983529842,71.22172730282253,82.82264660630466,97.45324335997516,85.80292448226498,75.11774619106309,90.15890737487457,98.1250399333465,137.0699301184702,175.8406820846464,128.80647870349407,125.62571280425163,115.8786153997204,116.92031982923326,119.43225909391451,105.95718212804424
928,48.30607263230892,27.707252974251375,36.36177446656343,56.178751629243095,65.39766302556777,93.77016785676415,92.43673505943283,98.692563805869,56.39581315836119,105.72102232199059,126.12895704303298,88.86710209266136,60.52148988444028,110.68162322460208,101.41643061027933,133.45769306527808,187.10071107080756,163.2867856535135,172.62337909661602,202.9561216993572,170.18498928520708,172.915178164739,161.85168750138772,169.9975428022962
929,36.21345361144783,52.71781983601126,64.4854172166368,86.7100773479306,73.46081000390143,92.98832732558411,118.29221571788965,115.04787193429438,139.74180805169271,155.15782760484552,157.24676606297075,113.95572153278054,120.73744555783543,94.87519957055775,117.30026639362991,110.13717485649113,95.56186343183661,115.86625795422393,131.9990377466331,91.13405481493082,95.5049828188157,102.08563339184639,102.27354968046899,98.03591126411982
930,112.84739095482418,112.38484462316643,115.80786824231713,101.7201524645651,112.52827851651092,145.8901673229747,125.04763685090826,130.13382160590731,107.5299065805851,70.72861636740842,83.7836411085051,86.45875371288695,72.51323071047344,114.46407592994439,119.4860275562003,140.99613391598882,142.84170518647136,152.0844800886735,114.32063207951424,83.4278595412141,70.23894254576712,101.32610661945063,99.44333965987947,65.26091041522739
931,76.71131727980561,112.94943645193607,96.03891286682385,91.76971042653187,81.11481746537848,130.42394320219503,149.29302621946874,142.5571141279314,91.40388516687715,131.89466995251803,88.15767511664109,38.475742976062314,52.78746926155312,50.969175409645494,49.24270342414351,95.47654019306385,108.27734705615995,120.15896552658288,102.47889509674177,167.9233367439696,136.9054781157694,102.58667681720542,96.84103733152145,27.741408068243196
932,126.7428677852711,127.70382520546144,92.95828831455576,134.1206247253332,146.46833811669197,136.87793329403135,141.4784069088247,143.61040411412407,120.75024992125894,124.56315259618883,127.64513090170168,86.65962599465882,75.43029150600745,71.13841495029664,111.88886316161786,113.08191414145995,156.98757148202546,149.2342914330476,125.19834179793385,91.66796867588832,86.12219388845482,80.0609948115744,57.270483423064704,33.650388717107944
933,68.3235668738361,46.46630816209206,31.956683727336397,43.51729309784478,17.93586354486986,48.10076603732213,58.44157976513155,65.83957924952065,37.5088473494579,31.248727093038895,46.56419856995193,25.219143943708886,38.940663699815474,47.308951673799825,68.26893714246246,94.30010001181151,77.16840474413635,106.43105778503238,57.989082730982375,67.79676227095192,91.43372725644889,95.28853897233121,107.65750705734749,123.28366114282153
934,133.1699608702779,140.5822197094047,123.93242310568094,126.58645150301399,120.39712135909566,157.3898123320625,143.04475193360167,129.32811168564385,111.49090429413994,124.38367046773847,119.09226789084988,79.13425766595465,18.004611917611776,-20.467417409041985,14.67876220757421,66.39001970402225,28.95221587121401,91.13189354977378,102.58381335959163,44.07196386180752,52.619883150517886,15.554465696357113,18.337683861018448,9.938955763669597
935,161.46827013868045,106.01847284201082,99.06780943458521,135.14782675124655,116.49200743672804,77.23004984744128,106.16178183737736,120.68218149513001,144.68791096047818,144.68215241572696,135.93298989220094,126.11734342336982,107.24146474504877,109.40703885876813,91.94987766403763,95.28294951515124,106.20863665843271,152.58447900310807,122.81315704035828,126.68055689261382,135.4164446796299,78.46663703995345,48.108232927287574,56.02456296257408
936,95.84609913158312,87.87179183540361,98.238001464312,117.92584858396421,110.98988985213411,125.81800876072718,134.45887241280138,145.59636981093962,130.49793658141567,121.66887097026441,120.93944959039051,133.12176234825006,125.61139833014792,113.52812582284362,86.49083589646688,108.14349406450587,121.1148769674299,149.677280310667,146.86181620021068,136.60932201464863,100.42731873614893,138.15467932768178,150.64316798311043,126.21429516613071
937,41.001225108245066,70.07452321292753,86.27629314340187,82.1015629026949,101.36670962369557,90.14244649367203,115.92903161474014,93.75242878736813,97.76187286001573,91.59509325518128,83.66862633861676,92.3141400999597,121.70712184999908,110.2739860843171,134.03526514136902,171.21250560354073,190.12891620737153,159.67791488449956,127.07070675157638,95.91195722396223,71.21906133223925,83.03113213145231,93.72762397510373,65.90239134359642
938,168.96103272830135,166.43097923745523,136.07866349279485,92.2438641961827,114.32516715220272,116.39986642582264,126.42271848061905,119.2891933615187,118.68569639108452,137.03515069635995,141.18139861606073,147.94392506002285,127.5764904395217,130.65960214266,142.71717868899663,164.03065567489648,166.46149056709433,179.11386826539893,166.31811085829986,180.61290480375516,154.23889487406967,143.64968234778408,117.29573712675767,110.52953511831535
939,117.89612496078276,114.06671015077364,82.20734066542376,80.9012524084331,53.91103496585512,74.39240351232013,98.65560935615824,99.08065937466358,77.34645511206116,60.959678821708735,85.75522359926599,81.03423295862302,99.49174276331942,143.22920463278513,172.71472980575334,181.63456424313463,150.28655584539388,194.02254210752636,155.1112787340479,127.26809404323097,117.77463645752336,78.38952492654968,83.88406616425812,100.95189033710807
940,84.78789180371832,99.12217418171518,94.15042005541878,98.3034247897548,89.39798840824946,97.01317377865794,107.8603741207653,129.4406084008125,75.3297370375506,116.11176199061337,109.13682530224307,82.98762356619608,75.03906505293668,87.42871224573804,139.50931715880074,152.6721759053715,173.8035015967958,160.6469566370426,143.00115551027392,124.64698779400477,116.80275130531919,101.27231563955779,88.60204492109646,103.71461534876053
941,120.71432878115866,129.1238722442049,135.84895574791489,95.60241001744708,128.89038268997362,159.80041215969146,142.5636493850415,161.63386042493636,94.55631102616167,86.19148595887691,90.47089203209823,99.07750496323565,72.60569854724626,105.22611838659012,119.3652619583942,130.07164459772093,101.05432650856264,110.15259782964421,102.61057318350723,105.80608103725771,115.78248886720704,104.72550526290811,118.13101562395705,95.58674353525905
942,120.17099558183313,101.65210470829672,96.43737532096036,67.31890641291156,76.17892443186227,125.95977698780999,150.19479519886994,83.03835913625947,23.693846842403886,35.549106207934635,45.3187652361198,19.401999253742446,18.732594221443243,16.86915555698586,79.708036856305,109.11695988998741,124.75986256546977,122.84821758017148,146.01419873568727,104.92562103952022,83.01495836446074,141.90110855912323,124.23952707917587,143.8096281244244
943,94.71425224990293,76.76072976237464,67.8653301420084,74.99670662944688,111.66082047438161,142.8878684515566,163.82779379814394,161.3558760043215,125.35903527253836,147.59215973400416,158.05506712410389,118.4942050595451,104.38501783478159,132.58856962782443,150.5104924881486,160.69064558509282,200.15067612045596,222.97046443066913,160.98060357098836,168.38757911617148,155.21536299880566,123.60057636096249,140.89771046186007,132.0652670446417
944,50.306513847673564,49.48501433797525,74.16945733934415,107.24505864213504,128.743139797768,139.91627453793762,113.82787193652324,81.00725266866306,59.363921201611916,72.36959113619362,78.78696744610279,45.7307423737584,33.81856350887907,51.13620930782397,77.77689923846779,95.10426676410947,102.90296076171879,116.64937610280073,103.28268944966912,83.22133914058139,69.68746693912124,66.1555000461986,43.04428921119068,43.51992791500665
945,-3.1255248054937823,-13.873968933582702,12.263661525406818,-8.373695582343075,32.09129535782361,52.47437676772834,49.733484560296304,51.775422641767086,74.41093792788483,90.35728671141385,44.149859334367946,63.01494679219485,37.68335057937654,58.3577201414427,133.00864987031747,134.4935616475621,136.95589177459584,146.25224770044787,136.4371993679172,132.98281012692075,148.0323287571562,138.04001330469373,146.06506377715215,131.57140825747138
946,72.49617710684609,85.21932170869388,81.99937981999382,107.15655439375453,121.55355981303768,105.77372208998592,38.516091889353916,52.265174587291135,34.55709111520808,30.102117660712167,84.95638804844947,136.16556164472416,94.34890089499947,67.24144758647414,102.64752627017842,137.74255831451967,148.64458116968908,117.37661039321551,114.82121382168138,101.3784004452403,81.79182282022174,55.988126968315456,55.85779424376642,66.51682755148954
947,165.23015997852707,207.76424329203917,182.24299287937785,130.69201973607417,138.04595440826031,139.5534530428203,162.07878294502268,154.2017420553054,116.3192095679517,131.9355228735589,134.00404731291155,91.32660137283736,37.718773807082094,83.30883414483273,115.29616005837408,114.56922561305339,141.75601600297753,134.5782015065504,115.39255918141112,64.96317060509426,59.04176065389975,91.88358892242984,98.08101917121705,91.7155833286779
948,113.07802397938357,67.07553784321621,84.27831546131627,83.38184747266116,116.73883710038606,117.50574357092353,148.92459478181354,138.07989827176874,107.85504974285753,56.13691949068784,67.3058739535274,26.71835604606433,32.08704962845343,10.179872474900748,25.759887786093515,40.632578591487245,66.49804290225566,66.01732722646845,69.9141031820219,61.573469153622405,42.23404469083339,36.918079294809885,55.9099016232426,78.7638153528729
949,98.40746919400264,129.24616936250246,103.37005174584802,124.20178615344992,138.93846470365224,130.27321844438438,123.76358462950567,119.21431339026057,55.8834097034681,35.29988245895172,84.73365648865035,60.416326371924626,52.61028292541214,71.53184331045131,72.49903265865596,68.61057485287992,92.13156749446034,134.00934604929716,99.4748727665027,76.93794775448467,73.95576413764772,89.19289052073059,95.84864047344972,107.81285639923632
950,108.37967023305343,90.71726355105484,95.7501025663665,128.34133226033376,138.72321131509307,113.30447665229165,107.958067080541,77.3341450945577,69.85180038468914,76.24686292332986,51.48387534380513,37.29207120680955,64.23380792657431,35.69028946499248,73.3017804613562,92.76574800547561,123.92512281860864,117.44119093043231,155.11686054248165,149.54721306829077,139.38055180644852,134.6292206042504,142.79247492794275,116.05319155014288
951,102.90840872932083,87.65421861798407,48.59408053696352,65.83528844646412,95.18742144056428,72.7895342652064,93.64791761992458,122.76494885128947,120.19984443679435,107.92784606676382,166.69096625611212,182.94146321866972,160.10692596341366,139.42545544075182,131.36014982652824,137.67405420278143,200.78407220812977,195.3337089124467,152.5104937196328,126.60422821967047,118.2378105037003,68.2583451544348,73.50435306850737,53.21496222795922
952,161.910985129961,163.5030619210084,141.83337677337238,89.4782072011044,74.99504907191739,72.41569232471048,48.56329966258181,17.74871068743404,28.89707317951374,38.0610190119961,28.402356188211428,28.890150789312806,41.61334810785099,68.78938783819473,84.73111814180409,117.98058418777352,147.74887701624095,208.2930184617359,221.7060496044515,192.55256594013343,178.92262492564785,142.1651320939635,114.60786085835393,48.12631452318387
953,66.1090523920179,33.30755494788807,3.8596362370149393,18.175350323234554,26.821426736786492,34.62521731065803,34.3712745371962,50.00335210328855,54.288740741362794,75.15433950423848,96.15043438296979,111.48436992503943,97.53304225195063,73.08918750058524,90.41862382605126,138.72788677897347,128.9673300138065,145.41535528115918,140.09207220580282,112.48479579052436,74.75689188363263,96.62418303127043,94.14046086275555,70.74062981840731
954,121.78231448599323,88.06624536199521,62.68872429662564,108.33146418092312,148.2129397535329,151.79481799702938,190.55530135472105,168.07322421252798,149.38100914092226,148.15775134726715,141.8951886093156,117.21647475684584,89.71526156595239,102.67897958687335,141.10967627883008,142.03430733347872,147.9763820719455,178.86447879224744,186.82675777540584,137.53410572958313,164.72767050418332,154.085187723932,148.59235929318191,128.2684920681101
955,114.7683882502749,142.7851095217563,112.09176101034416,114.49782189429936,117.76414921510253,122.2120563690582,102.15277653771705,71.61270307898187,53.89541726740205,61.27007450342318,87.70497161326287,91.31806156470935,90.04636286311138,85.43122087972164,128.9160833742579,121.73628401433271,137.05420672960733,104.725387825938,107.16941788156421,76.38503758227661,84.17512752145667,61.57242808056921,83.57564889331704,83.0559499434951
956,72.69647409612685,83.58510613619485,66.33420931212072,71.62775235329948,117.75748002225876,163.70732514498275,123.45307848726924,136.16797894133518,106.09162197029109,89.85824655957215,109.64887785057988,87.09281363591305,65.36384778354582,51.101219531908384,117.16105479022211,141.6312516114031,23.282454934036977,46.999886090091394,34.85931146647357,42.089669046527746,65.70836348517591,74.74153971380679,89.15183267114838,74.94225951161722
957,106.79211693011129,110.20991371875084,96.02696424221563,77.40872846544283,72.72466163564604,117.86399930248827,117.73527002892989,75.20508844002862,46.01286825470049,73.20428720984793,78.92591431721573,53.77428824001025,53.89482597288062,75.12098049020807,90.83558199438917,104.51950460518947,120.54960714631864,141.5851940950169,117.0562637689233,124.3345579804475,117.69799193968925,118.17257543808041,121.07519354851058,128.92775531730356
958,52.0787661814576,96.75676763841533,122.65380554131286,120.93276820994598,166.61265867996863,170.45781140390972,181.23840048243608,176.22132680230754,174.4865157793363,169.2887797588748,174.538731742158,155.8948200838242,132.65947971244537,129.81831343718142,157.11424757471377,196.1841499732239,202.34636143913139,203.88121234761047,169.58503312639505,108.74101993199031,106.34954635612439,75.65398199448997,64.72053147069076,54.97140796434056
959,102.83260810212258,135.85350186893882,83.71690147614946,123.04241187362602,98.1830976908131,92.3111750582516,136.1998831768571,105.60745459498631,69.67270585535782,59.28622942886182,48.11415603534208,34.13055377536598,28.20440380221207,58.71823243389966,60.495845424581354,101.18718451548536,90.71467405024154,98.39524839362333,60.069286961576225,3.485628825305355,-16.2108456807577,-11.003360484622192,19.736661594526737,16.98208871703875
960,146.99977706401376,109.91255535969516,126.4682010485756,-31.367050607196504,0.8186154799194156,42.107749938938525,44.43295046578771,42.8767111846641,22.77260070051232,61.4374494343178,55.050643769790085,61.38860205280913,67.7944000136284,91.12364926050935,98.83330796114939,116.42980185765464,152.35873683512528,153.35778431124768,140.7858753244472,122.04935748751424,105.38403523419359,106.32287537456267,58.04198545271503,50.10419274972179
961,112.86068829065363,114.66581522222745,-25.840015339419523,8.783081031076918,25.877559985798,71.23919420561268,74.83439023539958,80.41389086358842,71.15114257624258,47.011360687980236,66.5957326689276,37.171060686952,24.298568732763435,58.975466694357166,88.97836925495723,126.72018213498883,120.13429067796997,183.48751364242062,120.14882360807917,111.92012942143253,161.94967231724291,154.9529572049558,182.0833792031827,120.67207718166343
962,131.7767079517874,168.66808915112625,203.40341199875573,138.4048590572287,163.44470770121376,183.05771037024232,157.72991537349884,163.34235803575703,123.80615340361146,105.38727060848936,90.16771517787512,45.78162473017287,40.515128165609866,36.58786708540525,72.38722931948263,112.91095718461774,119.35893903839533,122.30285957780033,90.03165280342876,87.39759379809902,67.43107198807843,72.07480143141522,51.85541779623499,63.001432746222704
963,87.15344621673239,107.97507897369316,94.28295616905987,87.73150460100648,106.71706567783974,110.42953414265283,114.19378261320757,112.7871255053887,56.27846715407848,64.89686807360516,66.23159656348804,23.64688096927445,5.3191030795306276,39.30379660882038,82.64268980564565,110.98747257587183,145.41682345724988,141.09878218027168,127.60735189368715,121.36227495746394,161.77087145942255,137.09308000062282,129.89560141473686,126.2641389773094
964,74.23432407903623,57.02286311667815,63.492473824989446,95.54304387649215,117.1516781102018,126.65745007109597,148.0892873730416,158.66189798646778,116.80284906484016,90.95519825177212,78.0318419306265,66.75462472973386,60.210416688581034,46.56107656781144,94.28206297137733,140.97252986011313,158.99073707726274,159.94790015256598,125.61699521942438,153.8879674747584,134.6403150884752,133.97591824691682,125.12476539536753,138.22422748274292
965,130.25654365646088,85.0922650292751,90.91887548225472,98.677240462142,126.83406662800652,162.19346177501257,191.48602258740777,174.8231829350227,158.81289570530137,164.0138729330481,163.05219872528068,134.9576249226896,117.45560008654307,135.55162908635174,149.3084234679234,172.5760360786077,194.74390442554008,185.63320416905356,147.7381570694424,111.98738372361461,112.92911477215705,117.43077242239522,72.71595040623114,78.4755581603814
966,116.26796921255918,99.24376423576479,107.40023199987729,96.39189882905411,110.67312673097227,103.1205293555263,108.64467835461828,135.17584126595878,106.23890568280224,80.5096467680953,108.23152786940604,69.76509244379096,50.66344546192984,64.45650508023886,74.38418463303671,100.68014628707627,105.65847756873754,85.65043226040157,76.56642370436187,88.10493845600503,45.972550231623806,71.92596193942808,95.09925871298294,108.99811100119219
967,69.11365715057482,64.04222923096465,95.56286402274667,102.64655292073472,125.6064449240658,133.65009872428962,95.53406663722286,97.76142361283264,37.89416391016987,59.010393425903544,42.43468440906647,51.77416478697211,60.33186234831602,85.398981152265,112.00624903896917,163.47794298932575,165.66971699428808,218.1418121863122,180.72727451056988,163.25730837349653,169.90616109800385,155.71651115230972,161.4422607865763,148.057110003689
968,155.8648500439797,122.90023633112885,112.38835766120832,89.68178337302555,98.81102967783954,85.67633641493495,130.55066595843005,111.70726040476646,100.87600929394911,94.5353093579333,68.39935757360932,13.849181890477801,53.38756204388866,88.1916827990328,96.29997297994,108.95843971462897,144.48673947060905,160.00133906827028,171.50695540453438,145.31887569631547,148.65137342688016,142.86625478147855,141.83152225544137,150.33476766242276
969,46.30704716348504,57.45899467976049,77.63866222205105,73.60874351698102,104.45294520514346,131.78141480068825,93.56553922853709,101.82038277121461,70.65827564906509,52.36813655457919,59.835985203588166,59.61619452393515,51.20448964950728,73.61951471392806,83.20648492331783,125.29556909370977,133.8740298626577,123.85859795517068,151.33594413975436,116.3890010763933,118.55709838234377,81.15356881669808,72.43855714175956,73.00423521705667
970,65.50085747358646,86.16730259152189,84.14798536035735,76.65606134137093,70.74393694018582,110.11743294611452,102.80204664286508,86.67589007958586,49.376778316521055,29.77078124321585,57.098232192958385,31.965115237598894,59.00575246860298,111.57745417199477,154.7043905263443,137.11453744570235,129.18904001237684,149.82319237360002,133.59594326604866,84.48457325580961,95.35479288380671,131.2248245434233,113.72047111511058,65.59256748458657
971,31.344060700805393,44.84522842837774,55.490523149178046,83.59330228508114,115.35196570150377,148.90370163517298,121.4803535823559,57.17110344744619,47.274068405159,46.13863502438411,72.44721123817489,92.23689783498739,63.233146856967196,39.252877083094575,54.459241575008015,83.40824743108084,84.82370064650146,122.71961419661692,99.43649508889649,67.36779602858668,113.30816889795985,90.7510197116224,102.99599361257397,104.45327674574766
972,139.82978171083155,151.7699009785779,114.52157473639147,102.7696062095969,102.54191394502158,135.30851540524986,134.6710455728475,108.20480202780222,103.19007468602993,109.87981347802668,110.22089193116055,121.01881009830078,88.33336327960822,96.87896101254128,116.58850757402418,132.64564939659275,176.80865739504344,190.83124917673663,172.93944410098243,161.66049325312306,150.76015242246635,125.13619070945359,113.86832219115786,96.38789696547379
973,120.0257823235322,84.36015615644914,56.83661874340964,60.918266423680876,115.41415893062195,118.5068809421587,142.91337695564883,120.00405804890195,84.88613735792653,98.60506494698072,76.64112355285926,121.13992217606737,115.53973301565847,99.52201250272489,123.47547213016239,136.75504438183123,139.35130426506927,161.21930692088085,114.66051474434573,115.94250372382906,128.5946677973646,141.53339031685806,124.57824866410354,147.3111457042331
974,135.52214866371747,139.3936474362167,143.84126388637705,149.7255211111575,158.66720297639313,185.2483287567249,155.99136186556163,165.9279270773106,113.3950315407284,162.14231397497647,161.58267903720025,150.50016184887974,122.25185248141966,79.59276517434822,119.37454284342208,152.1596663807135,182.97155283017514,154.45984202425788,133.30327474699703,142.7086147575303,122.95279516383621,115.35550506693879,131.1591976399777,119.52247758910583
975,57.89881137023026,48.06183621282157,73.94638676943829,71.44676283324625,85.13138499643668,96.38357178025845,113.87865636037742,118.03733627260816,96.26647583097393,74.83941305581304,53.81560701065182,42.16954569389765,24.501673899715925,-8.614573902109186,49.5966542948304,91.63202249036033,95.73119760210638,97.73216095088804,60.69304507875205,69.85350360353343,40.62724637359483,21.38039007269306,6.57992027844962,53.852526151943046
976,16.487448571610557,12.385536801518796,-14.817713406938068,-2.47601265246783,16.815003288170075,49.176065597243664,52.37683995632596,14.031348735832395,12.069878811262441,20.384961617786608,39.43702503978865,13.081366764261503,-44.89867628577276,-49.84329682092718,11.240124298030565,74.94821686198259,102.73161077014858,128.26853188609752,129.570012973373,124.99802226016878,71.2044023028774,64.80467877059891,85.47730980067634,73.14877234078718
977,88.60107033531465,117.38768621857494,141.83798774282724,131.89658818818748,127.5211646056822,148.07307853758812,150.56452035757502,146.37664338598086,105.36617441479825,73.31325537082927,38.33874777451661,32.54617582236475,25.303486186827463,23.52968481201834,71.18864419870708,96.36086888896271,134.02172394147914,156.63884900686264,159.98108297193158,164.27352755312393,165.6759369173516,159.22562211852392,153.43685878704724,130.4885945981108
978,65.78374419342398,65.01254015236448,70.82941457509942,87.14528133135937,88.27925274228247,112.54369182408989,88.3592447901757,99.17316360643163,97.1267205990563,107.96730417256248,99.14959844009866,81.4214550614361,107.1348352750177,127.00379244174373,203.69335818571946,193.89594792912362,182.3506030090545,221.4344065601812,153.11434013898352,118.81782342778544,131.04097821444157,134.40300156069873,101.53260108413411,100.90856083446465
979,72.22386308171296,87.74594402684446,121.7622864842981,159.6378628417882,147.93517925640066,170.4809915343311,169.545560101639,110.79386175003872,92.34789160690704,92.24019797369947,36.30049069467387,16.098587433937844,-10.829993577764718,39.61627811000292,38.19586201793247,73.71796648864589,62.02160510791305,79.06816078596324,93.32529486252187,100.21205309324372,121.55210621286284,123.98675016517186,72.43907705511047,70.85690133274545
980,59.71942328703728,41.25707803543447,25.88407451120733,56.780535837010646,55.74782569648511,102.40279332690507,124.01124268423797,61.73664490574338,23.727313888750302,43.42475328186281,26.206108210131283,61.09439500971969,58.19493252206193,48.50462597058102,111.56994630279756,131.88211556630156,137.88245880743452,157.5541252335766,122.72053813326231,123.45873369770791,147.73839757738443,149.24825218740438,121.77663691514422,147.1048642425542
981,56.05449219653916,44.03385660739333,48.15529531737428,66.00190614501882,69.28519846498713,101.09625313672467,89.89273861014257,68.62044899035584,51.965987540642914,35.454304255377224,40.045993740302116,32.77705629267874,-0.5715627020754823,12.863153551400728,17.178947058701027,53.99586133310619,110.72815963611843,111.30708316235547,112.97700577041152,76.06318745366643,96.0796259130355,102.46004660909045,98.20951548405861,78.80941473458037
982,42.07287449969376,52.6845347484119,75.28225056549846,53.31915766804697,93.61142895776058,137.06946813139984,133.0612592559403,125.42479809715992,104.46154188704499,97.74739344330536,89.31372925432194,74.17363343022102,51.2684691004181,38.35463773901986,47.90772415719474,84.61337693173117,108.63758222647107,112.43901095694838,62.5976215109703,43.94959238627477,39.797636794774505,66.85615220942111,72.32825284393465,78.57908798180274
983,75.95476959221591,84.92715861611637,65.15463403836712,40.6333539485715,62.87563099638383,109.48679772959804,92.99971287840376,80.7231684523095,57.28622371606174,93.27259976319405,58.796491074654384,36.292271696623516,58.61164073331657,66.57085757713068,99.13646904227994,160.39996745513497,171.6477916319555,148.9753423261737,141.1136862664589,152.11367064767137,124.79300259097647,72.25352679574397,44.607101224621516,42.54952330221194
984,78.6488370320498,119.20715702720602,112.2677329065087,125.43233619021265,87.31867701129269,84.09657362703892,75.96158746222979,86.1700768059834,51.15544022902777,63.57559364118403,79.21373333687532,60.342981923727,23.75259684974612,54.210490864225505,46.0807136276583,86.37601609826098,90.67620383291438,100.5460994645858,79.19597585919338,79.42529456720678,49.56502673519514,86.09783045461813,88.12492230800876,99.08380345783249
985,132.26563707849112,124.4695251507336,135.00696001963286,150.41090029830715,138.7249641608146,152.38877306575148,148.03848234862144,142.01951265058892,136.99235528068016,160.27606029069506,134.91780293178397,124.80065554253406,90.79150073245242,91.22990345269673,28.860296074580674,60.4975170451237,90.4013528000361,108.26055478070145,74.04162237119806,70.60094599397686,50.18715586910258,28.389330261282765,22.625919460578146,52.20779690461409
986,57.46257006026784,77.88408857042309,124.33082057394445,117.71648482866932,124.08403764038158,116.55032492405397,64.69199365445812,79.92866846292696,75.89432998256913,95.0441786296308,77.98255294318498,78.3563048098808,55.97683382327173,92.368433171741,145.06742055587728,162.1503460816745,138.7564026807754,130.34855399056136,134.2090612510978,105.32327961008808,91.2528156501094,79.38343275125004,83.15554268576686,57.74094126110722
987,102.80760002747502,115.39063864656305,100.14578742152217,72.51235553306762,88.37334177735343,126.25246350060577,163.90416941452554,180.57178679669343,118.2672429545237,70.00881353897849,68.712382329155,28.713997564794354,-0.5690617423980697,37.72167186030953,61.74892779806517,107.4118322520292,140.85911649517513,185.5396809757517,154.1164968562391,160.74603360007364,151.27797828895368,121.63146888265469,94.54933860824653,66.30341755379044
988,61.598097507131584,101.47576228406065,98.20745632243431,96.58716213080379,98.19746856535164,107.23095812541939,122.5236617554876,119.40265414339048,34.59462409117634,40.89396923650226,34.90641395044641,11.214197000447612,33.60062463519726,29.031185440044574,73.44178545606395,153.86013092482827,148.88641088429983,169.53832136814177,100.12387049348388,98.58766497774565,110.49150782240474,151.36160465648692,182.46584060153003,138.64399899136336
989,80.1220964264617,96.23702153233259,95.62811168470894,90.74082823263785,94.48811664429033,122.69771476446891,132.60073286783785,122.39671470527979,79.87867716381797,102.25511265472548,88.0066585333845,74.68429041926119,21.798640497677873,39.81066833037784,55.41723055900398,108.28729295654662,122.94659486398757,92.16914382146436,96.13777008021057,94.31766063867869,72.89105763252648,64.02652084273049,57.31106368388929,49.57782106107262
990,113.71645839317526,142.48032096270248,109.3620474224756,112.25147782860687,126.2312112326288,91.20919603364754,102.11302673083446,98.3914328382116,96.41450164536445,92.1665643813439,87.26700058220459,88.4182743839404,95.33455787957419,96.94381843337207,114.39587651499228,115.05152237581947,99.96307342699504,74.87448082694249,82.80065458617445,59.29443884153321,65.25706227312398,80.65650581075857,89.20057343729877,77.13651154913846
991,121.261344530043,92.28701696192736,93.98674112984257,96.50981919899075,163.66844042677235,135.82906136024724,114.50896261753239,92.81848891649794,55.65697275332233,17.43803081469993,34.32725934100448,53.441500971348205,72.86398278433147,99.13556791024806,111.42738216008976,101.3729916682384,110.65566435701969,122.59598223331973,98.018602663409,40.06912481959425,69.21200735189578,73.2823441832079,57.62976345684653,69.59694004419254
992,89.7405428336008,83.60305812989724,83.57472789437047,83.6876473425276,75.315583740999,87.33201669773257,123.1772331144739,80.37882278181124,57.79857715511716,76.21506074115486,92.22233472023115,90.34473642571035,70.33734309277098,71.76325158499147,81.66572411879056,96.68039140622543,59.92185919592359,86.71275426522283,65.88372661109312,68.83679899125906,36.0276285366981,28.417546351221517,40.66066448325315,75.55442328307363
993,114.70050838218742,88.96988793140409,75.69415730613132,79.35923768862193,76.69032645116123,142.10373740919738,151.81052838837036,115.2548873122368,117.3041278005239,92.26962780965454,101.66128512507647,125.41652541162412,85.84842412793148,77.40143463609728,94.8628492487257,101.11517163372062,110.21070860560611,109.7196114783517,88.38702219594585,50.180936005380104,33.74408432251137,33.290990183828285,40.2696035092104,52.82060582582167
994,158.24684299811526,141.2784280317793,132.68610178448677,149.21963437786277,149.82453046554576,141.65545412285064,181.29759812367416,167.77616402501673,159.15609717638048,128.36984519174564,148.1390132393126,138.09380636357514,119.49870221170883,138.24091371717373,200.36665329596843,204.62704245989164,184.44794522455192,160.8114777748987,162.35857743856047,143.0340396298076,156.6357640637629,157.62197743960627,175.80613315083633,171.26077012436522
995,57.74090745723356,90.49769064375299,99.34007809114694,90.97134659995955,119.73286942367915,112.86860479140691,81.1682102567497,41.853509123057044,12.507497264671684,-4.509362844754023,4.383538221116751,-34.43737262546631,-15.477838528794187,-2.8245111567280787,53.181974620232445,89.34459076300251,105.29077824425194,121.56543662774934,105.55418129454279,69.09548184632007,64.3285874535848,71.06542355407802,88.62715663284386,99.80798528057828
996,91.79788058006613,101.88413265153889,107.68504883179975,87.04134767480308,94.23258335008457,109.92801669497808,129.79319914248705,80.28453357178313,61.2719391550968,69.50428747343652,91.36575201056971,57.218978341920874,75.46960922538906,86.7119539573095,88.99874442721452,158.5866139348803,172.70037483193465,196.8332548289788,193.03208784185637,142.34619998127835,155.50339414239258,99.6429391371777,96.57934246807686,90.53224343981886
997,107.7154495075525,113.12451811209317,80.01321594243963,71.17237590089168,18.94172718858917,44.41860821032341,66.76203749044457,90.73668662330317,81.13901798376267,77.5455293784122,93.10974403294253,105.54899580704055,88.53639568300673,68.4789941610308,112.68038245686206,111.35084537567977,142.94071427746968,159.74946712258907,101.5326492869796,106.21732737648988,103.28347557013696,133.03026663316786,146.39256939175675,122.60935121877284
998,106.69365794809268,152.4020071175876,157.0208108681243,138.83683242100562,183.17008463502162,175.251891751959,167.11312347956076,142.83700617631465,138.77302937900345,141.33859712931127,123.75231634431444,176.54058801334153,156.30213174785683,140.48780975617092,122.56184363803285,150.5681641864326,165.26229476909103,171.65392106602744,141.2257297292385,110.40824276241872,92.68365189740653,100.9811470922279,104.49035124260662,87.71794045103228
999,71.25162806025118,39.75627796080285,62.295509762593476,24.549034873196135,-10.524273314964717,2.1292929759615618,14.280724907190034,29.320409609830747,67.79971819661714,29.43132608034935,35.10567688545473,57.24301586591567,79.46096084533343,84.61150023902258,99.73396412027047,109.79273422677336,131.15888264703875,144.92699337106814,123.38913958279275,105.37903076643782,91.19328335857745,89.07333104425086,79.77708485602449,83.61914822680268
